hcp_id,norm_email_delivered,norm_email_open_rate,norm_email_click_rate,norm_email_ctor,norm_email_recency,norm_web_content_views,norm_web_download_rate,norm_video_completion_rate,norm_avg_session_duration,norm_web_recency,norm_completed_interactions,norm_veeva_completion_rate,norm_veeva_duration,norm_veeva_recency,norm_event_attendance,norm_event_attendance_rate,norm_event_duration,norm_event_questions,norm_event_polls,norm_event_recency
HCP0001,0.2432432432432432,0.74166979,0.45163097,0.51507253,0.991735537190,0.2380952380952381,0.31820000,0E-8,0.5633219096198295,1.000000000000,0.7692307692307692,0.909091,0.2559264634736333,0.995555555556,0.2000000000000000,1.00000000,0.27631578947368424,0.05555555555555555,0.1,0.805429864253
HCP0002,0.8918918918918919,0.28715837,0.22903542,0.53683137,1.000000000000,0.1428571428571429,0.35715000,1.00000000,0.5241491990117161,0.861111111111,0.3846153846153846,1.000000,0.2097242380261248,0.857777777778,0.3000000000000000,1.00000000,0.39184210526315794,0.16666666666666666,0.1,0.710407239819
HCP0003,0.8918918918918919,0.65019344,0.33095338,0.42089755,0.950413223140,0.3809523809523810,0.23530000,1.00000000,0.8515581413883797,0.902777777778,0.1538461538461538,0.500000,0.46371552975326563,0.826666666667,0.2000000000000000,0.50000000,0.3815789473684211,0.0,0.0,0.936651583710
HCP0004,0.7837837837837838,0.68800699,0.35685286,0.43336355,0.983471074380,0.2857142857142857,0.23075000,1.00000000,0.30569060333147363,0.993055555556,0.3846153846153846,0.833333,0.5684567005321722,0.888888888889,0.2000000000000000,1.00000000,0.4780701754385965,0.0,0.0,0.968325791855
HCP0005,0.3783783783783784,0.58392612,0.23337533,0.32377607,0.983471074380,0.1190476190476190,0.25000000,0E-8,0.2949310592173428,0.937500000000,0.2307692307692308,0.750000,0.409288824383164,0.364444444444,0E-16,0E-8,0.0,0.0,0.0,0E-12
HCP0006,0.3783783783783784,0.44527643,0.31107378,0.53331822,1.000000000000,0.2619047619047619,0.20835000,0.50000000,0.42563959512233995,0.944444444444,0.5384615384615385,1.000000,0.8006773101112723,0.888888888889,0.1000000000000000,0.50000000,0.5614035087719298,0.1111111111111111,0.0,0.968325791855
HCP0007,0.4324324324324324,0.54561338,0.11045779,0.16194470,1.000000000000,0.2380952380952381,0.27275000,0E-8,0.5482983980234318,0.777777777778,0.1538461538461538,1.000000,0.4879051765844219,0.333333333333,0.4000000000000000,0.50000000,0.4276315789473684,0.16666666666666666,0.2,0.868778280543
HCP0008,0.7297297297297297,0.54361662,0.34285314,0.50362647,0.925619834711,0.5000000000000000,0.18180000,0.25000000,0.5264605084880849,0.937500000000,0.3076923076923077,1.000000,0.6390904692791485,0.960000000000,0.4000000000000000,0.80000000,0.4144736842105263,0.1111111111111111,0.1,0.936651583710
HCP0009,0.7567567567567568,0.25533508,0.08399832,0.21248867,0.909090909091,0.2619047619047619,0.08335000,0E-8,0.3959113732366303,0.965277777778,0.3076923076923077,1.000000,0.5786163522012578,0.613333333333,0.2000000000000000,1.00000000,0.5175438596491229,0.0,0.0,0.452488687783
HCP0010,0.2972972972972973,0.42318732,0.25451491,0.45330916,0.685950413223,0.4761904761904762,0.21430000,0.60000000,0.3749900374591536,0.923611111111,0.3846153846153846,1.000000,0.5145137880986937,0.928888888889,0.1000000000000000,1.00000000,0.21929824561403508,0.1111111111111111,0.2,0.868778280543
HCP0011,0.7567567567567568,0.67964558,0.50398992,0.61820036,0.966942148760,0.4047619047619048,0.25000000,0.75000000,0.3996174384314976,0.986111111111,0.6923076923076923,0.900000,0.5,0.693333333333,0.5000000000000000,0.83330000,0.39649122807017545,0.2777777777777778,0.3,1.000000000000
HCP0012,0.8378378378378378,0.25633346,0.18493630,0.46668178,0.950413223140,0.1666666666666667,0.12500000,0E-8,0.6056029329720253,0.888888888889,0.6153846153846154,0.888889,0.3655055636187712,0.982222222222,0E-16,0E-8,0.0,0.0,0.0,0E-12
HCP0013,0.5135135135135135,0.28216648,0.13663727,0.32377607,0.975206611570,0.3809523809523810,0.23530000,0E-8,0.2866023750697378,0.993055555556,0.3076923076923077,0.800000,0.6257861635220127,0.755555555556,0.2000000000000000,0.66670000,0.39035087719298245,0.0,0.05,0.805429864253
HCP0014,0.5675675675675676,0.52352427,0.26039479,0.39415231,0.933884297521,0.1190476190476190,0.41665000,1.00000000,0.43026221407507775,0.597222222222,0.6923076923076923,0.750000,0.40735365263667156,0.884444444444,0.1000000000000000,0.50000000,0.3157894736842105,0.0,0.0,0.805429864253
HCP0015,0.2432432432432432,0.74166979,0.58714826,0.66965095,1.000000000000,0.4761904761904762,0.33335000,0.66670000,0.4629791982147127,0.979166666667,0.8461538461538462,0.916667,0.32656023222060954,0.897777777778,0.3000000000000000,1.00000000,0.3976315789473684,0.0,0.3,0.610859728507
HCP0016,0.9189189189189189,0.59141395,0.32493350,0.44639619,0.991735537190,0.1904761904761905,0.22220000,0E-8,0.2082171036901252,0.708333333333,0.3076923076923077,0.800000,0.49032414126753754,0.924444444444,0.2000000000000000,0.66670000,0.5263157894736842,0.16666666666666666,0.0,0.710407239819
HCP0017,0.7837837837837838,0.73692749,0.41173177,0.47223481,1.000000000000,0.5000000000000000,0.25000000,0.33330000,0.7199729018888978,0.888888888889,0.4615384615384615,0.750000,0.7027092404450895,0.706666666667,0.5000000000000000,1.00000000,0.32456140350877194,0.3888888888888889,0.2,0.873303167421
HCP0018,0.2972972972972973,0.46100087,0.33935321,0.56663645,1.000000000000,0.1904761904761905,0.44445000,1.00000000,0.6684466406312266,0.861111111111,0.6153846153846154,0.800000,0.434687953555878,1.000000000000,0.2000000000000000,0.40000000,0.5789473684210527,0.1111111111111111,0.0,0.710407239819
HCP0019,0.8378378378378378,0.56233620,0.39619208,0.56663645,1.000000000000,0.6904761904761905,0.25000000,0.75000000,0.5076910815334342,0.972222222222,0.1538461538461538,0.500000,0.4879051765844219,0.737777777778,0.1000000000000000,0.50000000,0.3157894736842105,0.1111111111111111,0.2,0.773755656109
HCP0020,0.3783783783783784,0.72257581,0.31107378,0.36264733,0.884297520661,0.3095238095238095,0.21430000,0.50000000,0.4481947875986292,0.958333333333,0.7692307692307692,1.000000,0.5774068698597001,0.964444444444,0.1000000000000000,1.00000000,0.37719298245614036,0.0,0.0,0.547511312217
HCP0021,0.2702702702702703,0.40197180,0.26249475,0.48572076,0.809917355372,0.2619047619047619,0.25000000,0E-8,0.5676655774288674,0.972222222222,0.4615384615384615,0.666667,0.3575229801644896,0.946666666667,0.3000000000000000,0.50000000,0.44447368421052635,0.0,0.2,0.936651583710
HCP0022,0.8378378378378378,0.51528766,0.39619208,0.60709429,0.892561983471,0.4047619047619048,0.16665000,0.25000000,0.5636008607635291,0.798611111111,0.9230769230769231,1.000000,0.5544267053701016,0.924444444444,0.1000000000000000,0.50000000,0.43859649122807015,0.16666666666666666,0.0,0.936651583710
HCP0023,0.5405405405405405,0.45026831,0.33333333,0.56663645,0.983471074380,0.7142857142857143,0.29030000,0.50000000,0.68351000239101,0.944444444444,0.3076923076923077,0.800000,0.29680696661828737,0.964444444444,0.2000000000000000,0.66670000,0.2807017543859649,0.05555555555555555,0.2,1.000000000000
HCP0024,0.6756756756756757,0.65256458,0.44673107,0.56663645,0.884297520661,0.3809523809523810,0.44120000,0.80000000,0.6182354347652828,1.000000000000,0.4615384615384615,0.750000,0.4729075955491049,0.893333333333,0.4000000000000000,1.00000000,0.48903508771929827,0.16666666666666666,0.05,1.000000000000
HCP0025,0.3513513513513514,0.71171846,0.63992720,0.75555304,1.000000000000,0.4047619047619048,0.52780000,1.00000000,0.5113572965649159,0.993055555556,0.8461538461538462,0.846154,0.54644412191582,0.960000000000,0.3000000000000000,0.50000000,0.4971052631578948,0.0,0.35,0.968325791855
HCP0026,0.6216216216216216,0.21652315,0.03107938,0.08714869,0.917355371901,0.2857142857142857,0.30770000,0.25000000,0.33498047341994097,0.923611111111,0.5384615384615385,1.000000,0.5,0.951111111111,0.1000000000000000,1.00000000,0.49122807017543857,0.05555555555555555,0.0,0.126696832579
HCP0027,0.1081081081081081,0.57593910,0.32311354,0.45330916,0.859504132231,0.0714285714285714,0E-8,0E-8,0.47114848170877505,0.944444444444,0.3076923076923077,1.000000,0.6028059990324142,0.933333333333,0.1000000000000000,0.50000000,0.39473684210526316,0.0,0.0,0.805429864253
HCP0028,0.5405405405405405,0.62847872,0.36665267,0.47948776,0.983471074380,0.6666666666666667,0.34485000,0.25000000,0.4351239340081295,0.958333333333,0.6153846153846154,1.000000,0.2762457668118045,0.973333333333,0.4000000000000000,0.57140000,0.45614035087719296,0.0,0.35,0.936651583710
HCP0029,0.7567567567567568,0.40509173,0.33599328,0.61820036,0.933884297521,0.3095238095238095,0.21430000,0E-8,0.15979915517653626,0.986111111111,0.6923076923076923,0.818182,0.45815191098209956,0.835555555556,0.4000000000000000,1.00000000,0.46710526315789475,0.16666666666666666,0.0,0.968325791855
HCP0030,0.6216216216216216,0.38287782,0.18661627,0.35788758,0.867768595041,0.4285714285714286,0.18420000,1.00000000,0.3922451582051486,0.930555555556,0.3076923076923077,1.000000,0.5604741170778906,0.826666666667,0.3000000000000000,0.75000000,0.6023684210526316,0.1111111111111111,0.1,0.968325791855
HCP0031,0.3513513513513514,0.35517284,0.07993840,0.16194470,0.917355371901,0.1428571428571429,0.07145000,0E-8,0.2748465768709652,0.784722222222,0.2307692307692308,1.000000,0.6047411707789065,0.782222222222,0.1000000000000000,0.50000000,0.5526315789473685,0.16666666666666666,0.05,0.936651583710
HCP0032,0.8378378378378378,0.53887433,0.23771525,0.35165458,1.000000000000,0.3333333333333333,0.33335000,0E-8,0.33510002391009797,0.972222222222,0.6923076923076923,1.000000,0.41678761490082233,0.982222222222,0.3000000000000000,0.75000000,0.523421052631579,0.05555555555555555,0.25,0.710407239819
HCP0033,0.5135135135135135,0.64732310,0.37561249,0.47948776,1.000000000000,0.1666666666666667,0.37500000,1.00000000,0.5971148481708777,0.888888888889,0.6153846153846154,0.888889,0.5699080793420416,0.986666666667,0.2000000000000000,0.66670000,0.2149122807017544,0.0,0.15,0.384615384615
HCP0034,0.1891891891891892,0.54449020,0.24135517,0.35414778,1.000000000000,0.1428571428571429,0.07145000,0E-8,0.2906272415716904,0.534722222222,0.1538461538461538,0.666667,0.7339138848572812,0.848888888889,0.2000000000000000,0.50000000,0.6052631578947368,0.0,0.0,0.452488687783
HCP0035,0.6486486486486486,0.61562461,0.36525269,0.48572076,0.958677685950,0.4523809523809524,0.32500000,0E-8,0.5892643659839005,1.000000000000,0.4615384615384615,0.857143,0.46540880503144655,0.928888888889,0E-16,0E-8,0.0,0.0,0.0,0E-12
HCP0036,0.3243243243243243,0.33320854,0.16463671,0.34870807,0.966942148760,0.1666666666666667,0.12500000,0E-8,0.03100342711405117,0.875000000000,0.2307692307692308,1.000000,0.03241412675374939,0.604444444444,0.3000000000000000,0.75000000,0.6052631578947368,0.2222222222222222,0.0,0.484162895928
HCP0037,0.9189189189189189,0.34631224,0.07503850,0.15457842,0.727272727273,0.1904761904761905,0.22220000,0E-8,0.5588188411572488,0.944444444444,0.2307692307692308,0.750000,0.6149008224479923,0.671111111111,0.3000000000000000,0.75000000,0.20763157894736844,0.0,0.25,0.868778280543
HCP0038,0.7837837837837838,0.76138774,0.46661067,0.52073889,1.000000000000,0.4761904761904762,0.42855000,0.57140000,0.39324141228979037,0.965277777778,0.8461538461538462,0.916667,0.5222544750846638,0.995555555556,0.4000000000000000,1.00000000,0.5482456140350878,0.05555555555555555,0.1,0.968325791855
HCP0039,0.2702702702702703,0.36303507,0.13131737,0.26155938,0.834710743802,0.5476190476190476,0.41665000,0E-8,0.6954650514067109,0.715277777778,0.2307692307692308,1.000000,0.3628447024673439,0.208888888889,0.2000000000000000,0.66670000,0.5043859649122807,0.0,0.1,0.968325791855
HCP0040,0.6486486486486486,0.75127917,0.60870783,0.68687670,0.983471074380,0.2380952380952381,0.40910000,0.50000000,0.49286682075396504,0.986111111111,0.5384615384615385,0.583333,0.5442670537010159,0.955555555556,0.2000000000000000,0.40000000,0.45614035087719296,0.16666666666666666,0.0,0.900452488688
HCP0041,0.4324324324324324,0.90690129,0.55256895,0.53127833,1.000000000000,0.3095238095238095,0.35715000,0.33330000,0.4773252570335539,0.993055555556,0.2307692307692308,0.750000,0.3790517658442186,0.991111111111,0.1000000000000000,0.50000000,0.6052631578947368,0.16666666666666666,0.0,0.515837104072
HCP0042,0.7837837837837838,0.71246724,0.46661067,0.55043064,0.966942148760,0.4761904761904762,0.26190000,0.80000000,0.4031242528094366,0.972222222222,0.4615384615384615,0.857143,0.18892114175133043,0.902222222222,0.2000000000000000,0.50000000,0.5263157894736842,0.0,0.0,0.257918552036
HCP0043,0.5405405405405405,0.62847872,0.30001400,0.39233908,0.950413223140,0.3095238095238095,0.35715000,0.75000000,0.5339523392045907,0.965277777778,0.8461538461538462,0.916667,0.43347847121432026,0.973333333333,0.1000000000000000,0.50000000,0.38596491228070173,0.0,0.0,0.647058823529
HCP0044,0.8108108108108108,0.21602396,0.02687946,0.07558930,0.983471074380,0.1190476190476190,0.16665000,1.00000000,0.338248186817566,0.895833333333,0.3076923076923077,1.000000,0.35486211901306236,0.795555555556,0.1000000000000000,1.00000000,0.42105263157894735,0.0,0.15,0.257918552036
HCP0045,0.2702702702702703,0.79196306,0.48131037,0.51937897,0.958677685950,0.3809523809523810,0.32355000,0E-8,0.44811508727185784,0.819444444444,0.4615384615384615,1.000000,0.2864054184808902,0.853333333333,0.3000000000000000,1.00000000,0.46201754385964916,0.0,0.2,0.968325791855
HCP0046,0.7027027027027027,0.45401223,0.23337533,0.39415231,1.000000000000,0.3809523809523810,0.47060000,0.25000000,0.28779787997130796,0.972222222222,0.3076923076923077,1.000000,0.29438800193517173,0.746666666667,0.3000000000000000,0.75000000,0.49412280701754385,0.1111111111111111,0.15,0.837104072398
HCP0047,0.5675675675675676,0.66866342,0.42321154,0.52617860,1.000000000000,0.6428571428571429,0.32145000,0.66670000,0.3974655296086714,0.937500000000,0.3846153846153846,0.833333,0.7740686985970004,0.857777777778,0.6000000000000000,0.85710000,0.41228070175438597,0.3333333333333333,0.0,0.710407239819
HCP0048,0.3783783783783784,0.37601398,0.15553689,0.30224388,0.975206611570,0.2380952380952381,0.22725000,0E-8,0.18797322069020483,0.951388888889,0.6923076923076923,1.000000,0.41678761490082233,0.991111111111,0.2000000000000000,0.66670000,0.35964912280701755,0.0,0.05,0.868778280543
HCP0049,0.1891891891891892,0.32933982,0.09659807,0.20602901,0.768595041322,0.0952380952380952,0.10000000,0E-8,0.3174862516936319,0.715277777778,0.1538461538461538,0.666667,0.41944847605224966,0.648888888889,0.1000000000000000,1.00000000,0.5789473684210527,0.1111111111111111,0.1,0.805429864253
HCP0050,0.5675675675675676,0.29127668,0.32563349,0.75555304,0.752066115702,0.1666666666666667,0.18750000,0E-8,0.5443930820116363,0.854166666667,0.3076923076923077,1.000000,0.16134494436381228,0.786666666667,0.1000000000000000,1.00000000,0.43859649122807015,0.0,0.2,0.063348416290
HCP0051,0.2972972972972973,0.23411956,0.16967661,0.45330916,0.743801652893,0.2142857142857143,0.40000000,0.50000000,0.2903084402646051,0.986111111111,0.2307692307692308,0.750000,0.7600387034349299,0.777777777778,0.1000000000000000,0.33330000,0.17543859649122806,0.0,0.0,0.384615384615
HCP0052,0.5675675675675676,0.49444652,0.42321154,0.66965095,0.892561983471,0.0714285714285714,0.75000000,0E-8,0.33095560691798837,0.909722222222,0.6153846153846154,1.000000,0.6995645863570392,0.742222222222,0.3000000000000000,1.00000000,0.32745614035087717,0.2777777777777778,0.35,0.742081447964
HCP0053,0.5675675675675676,0.32035442,0.22791544,0.49580689,0.867768595041,0.3333333333333333,0.16665000,0E-8,0.28142185382960067,0.756944444444,0.3846153846153846,1.000000,0.31132075471698106,0.933333333333,0.2000000000000000,0.50000000,0.42543859649122806,0.0,0.2,1.000000000000
HCP0054,0.4054054054054054,0.59802820,0.22707546,0.30904352,1.000000000000,0.1666666666666667,0.25000000,0.75000000,0.19371164421774129,0.937500000000,0.3846153846153846,0.833333,0.7339138848572812,0.831111111111,0.3000000000000000,0.75000000,0.47657894736842105,0.16666666666666666,0.05,0.936651583710
HCP0055,0.2972972972972973,0.42318732,0.29693406,0.52889846,0.975206611570,0.2380952380952381,0.13635000,1.00000000,0.3356579261974974,0.958333333333,0.7692307692307692,1.000000,0.45162070633768747,0.888888888889,0.5000000000000000,0.83330000,0.4473684210526316,0.2222222222222222,0.2,0.904977375566
HCP0056,0.2162162162162162,0.27193311,0E-8,0E-8,0.859504132231,0.3571428571428571,0.28125000,1.00000000,0.5508886586435005,0.979166666667,0.3846153846153846,0.833333,0.33865505563618764,0.644444444444,0.3000000000000000,0.75000000,0.4006140350877193,0.1111111111111111,0.0,0.805429864253
HCP0057,0.5945945945945946,0.53675278,0.34999300,0.51937897,1.000000000000,0.2142857142857143,0.45000000,0E-8,0.36610345102414915,0.979166666667,0.2307692307692308,1.000000,0.40324141267537494,0.560000000000,0.4000000000000000,0.80000000,0.4232456140350877,0.2222222222222222,0.15,1.000000000000
HCP0058,0.1891891891891892,0.28628479,0.14475710,0.33998187,0.752066115702,0.3809523809523810,0.17645000,1.00000000,0.3498445843627959,0.993055555556,0.4615384615384615,0.750000,0.40324141267537494,0.791111111111,0.4000000000000000,0.57140000,0.33771929824561403,0.0,0.35,0.805429864253
HCP0059,0.0540540540540541,0.47997005,0.29161417,0.47223481,0.933884297521,0.1428571428571429,0.21430000,1.00000000,0.3419144018490476,0.944444444444,0.3846153846153846,0.714286,0.45500725689404936,0.982222222222,0.4000000000000000,1.00000000,0.31798245614035087,0.16666666666666666,0.3,0.805429864253
HCP0060,0.4324324324324324,0.54561338,0.47893042,0.70149592,0.842975206612,0.0952380952380952,0.20000000,0.33330000,0.6266836694030445,0.916666666667,0.1538461538461538,0.500000,0.5302370585389453,0.875555555556,0.1000000000000000,0.50000000,0.6052631578947368,0.16666666666666666,0.05,0.904977375566
HCP0061,0.2432432432432432,0.70136029,0.67744645,0.80949683,1.000000000000,0.5952380952380952,0.42310000,1.00000000,0.7189367976408705,0.972222222222,0.6923076923076923,0.818182,0.5527334300919207,0.946666666667,0.2000000000000000,0.50000000,0.5394736842105263,0.1111111111111111,0.0,0.904977375566
HCP0062,0.4054054054054054,0.69923874,0.56754865,0.67996374,0.950413223140,0.5000000000000000,0.31820000,0E-8,0.6628676177572329,0.944444444444,0.4615384615384615,0.750000,0.7177068214804063,0.915555555556,0.2000000000000000,1.00000000,0.5657894736842105,0.2222222222222222,0.0,0.968325791855
HCP0063,0.4594594594594595,0.46399601,0.32311354,0.53683137,0.942148760331,0.2380952380952381,0.45455000,0E-8,0.25763130628835573,0.979166666667,0.5384615384615385,0.777778,0.5887760038703436,0.973333333333,0.3000000000000000,1.00000000,0.37719298245614036,0.2777777777777778,0.1,0.904977375566
HCP0064,0.0810810810810811,0.25533508,0.05599888,0.14165911,0.900826446281,0.1904761904761905,0.22220000,0.50000000,0.06639037220052607,0.979166666667,0.2307692307692308,1.000000,0.3226898887276246,0.871111111111,0.3000000000000000,1.00000000,0.40938596491228074,0.0,0.15,0.868778280543
HCP0065,0.0540540540540541,0.42792961,0.29161417,0.51507253,0.570247933884,0.0714285714285714,0.12500000,0E-8,0.22810233521957438,0.708333333333,0.6153846153846154,1.000000,0.39429124334784704,0.977777777778,0.2000000000000000,0.40000000,0.4692982456140351,0.0,0.0,0.579185520362
HCP0066,0.8648648648648649,0.50305753,0.23337533,0.36423391,0.966942148760,0.2619047619047619,0.08335000,0E-8,0.23854307802661992,0.513888888889,0.6153846153846154,0.888889,0.14247701983551037,0.782222222222,0.1000000000000000,1.00000000,0.2631578947368421,0.0,0.05,0.547511312217
HCP0067,0.9459459459459459,0.57843504,0.36847263,0.51507253,0.958677685950,0.1428571428571429,0.07145000,0E-8,0.24922292181397945,0.930555555556,0.2307692307692308,1.000000,0.9274310595065313,0.653333333333,0.5000000000000000,0.83330000,0.4824561403508772,0.05555555555555555,0.15,0.805429864253
HCP0068,0.6756756756756757,0.54636216,0.44673107,0.65378513,0.975206611570,0.2857142857142857,0.34615000,0.66670000,0.7012831752610187,0.972222222222,0.3076923076923077,0.666667,0.6371552975326561,0.951111111111,0.1000000000000000,0.50000000,0.5526315789473685,0.0,0.0,0.642533936652
HCP0069,0.6216216216216216,0.63247223,0.31107378,0.40469175,1.000000000000,0.1190476190476190,0.41665000,0E-8,0.26340957997927794,0.972222222222,0.3076923076923077,0.666667,0.38316400580551524,0.848888888889,0.1000000000000000,0.33330000,0.2631578947368421,0.0,0.15,0.384615384615
HCP0070,0.7567567567567568,0.25533508,0.16799664,0.42497733,0.719008264463,0.0714285714285714,0.12500000,0.50000000,0.4073483701283176,0.888888888889,0.3076923076923077,1.000000,0.5544267053701016,0.604444444444,0.1000000000000000,0.50000000,0.2631578947368421,0.0,0.0,0.352941176471
HCP0071,0.5405405405405405,0.47997005,0.23337533,0.37771985,0.991735537190,0.2857142857142857,0.34615000,0.50000000,0.6546186339363993,0.986111111111,0.6153846153846154,0.888889,0.459603289791969,0.897777777778,0.1000000000000000,1.00000000,0.49122807017543857,0.0,0.0,0.647058823529
HCP0072,0E-16,0.76363409,0.63628727,0.70829556,0.702479338843,0.1904761904761905,0.27780000,0E-8,0.6990515661114212,0.826388888889,0.7692307692307692,0.909091,0.6364296081277213,0.982222222222,0.3000000000000000,0.50000000,0.35964912280701755,0.2777777777777778,0.2,0.773755656109
HCP0073,0.3513513513513514,0.46212405,0.39997200,0.66659112,0.900826446281,0.2857142857142857,0.23075000,0.33330000,0.7045907388220292,0.972222222222,0.1538461538461538,0.666667,0.40324141267537494,0.671111111111,0.2000000000000000,0.50000000,0.32456140350877194,0.0,0.05,0.773755656109
HCP0074,0.8378378378378378,0.58592288,0.44911102,0.62148685,1.000000000000,0.5000000000000000,0.27275000,0.33330000,0.5949629393480513,0.958333333333,0.3076923076923077,0.800000,0.3451862602805999,0.893333333333,0.4000000000000000,0.66670000,0.4276315789473684,0.3333333333333333,0.0,0.352941176471
HCP0075,0.8378378378378378,0.60950955,0.34341313,0.46044878,0.950413223140,0.6666666666666667,0.18965000,0.50000000,0.37216067585877105,0.958333333333,0.4615384615384615,1.000000,0.5483792936623125,0.768888888889,0.5000000000000000,0.71430000,0.4,0.0,0.45,0.837104072398
HCP0076,0.2702702702702703,0.59702983,0.48131037,0.65605168,1.000000000000,0.3333333333333333,0.30000000,0.50000000,0.34566031720730056,0.972222222222,0.3076923076923077,1.000000,0.49395258829221095,1.000000000000,0.2000000000000000,1.00000000,0.5307017543859649,0.2222222222222222,0.3,0.484162895928
HCP0077,0.7027027027027027,0.37601398,0.14587708,0.28331822,0.892561983471,0.1428571428571429,0.35715000,1.00000000,0.3823224675221169,0.881944444444,0.4615384615384615,0.857143,0.4929850024189647,0.982222222222,0.2000000000000000,0.50000000,0.4342105263157895,0.2222222222222222,0.2,0.515837104072
HCP0078,0.9459459459459459,0.68800699,0.44211116,0.53683137,0.983471074380,0.3333333333333333,0.50000000,1.00000000,0.5568263329879654,0.895833333333,0.4615384615384615,1.000000,0.641025641025641,0.888888888889,0.4000000000000000,0.80000000,0.5767543859649122,0.2777777777777778,0.0,0.710407239819
HCP0079,0.3513513513513514,0.81866966,0.32003360,0.33578876,0.983471074380,0.4761904761904762,0.33335000,0E-8,0.7187773969873277,0.909722222222,0.3846153846153846,0.625000,0.38509917755200773,0.960000000000,0.2000000000000000,1.00000000,0.37719298245614036,0.0,0.15,0.873303167421
HCP0080,0.8378378378378378,0.46823911,0.15847683,0.26155938,0.942148760331,0.4285714285714286,0.21055000,0.50000000,0.35275364628994976,0.993055555556,0.4615384615384615,0.857143,0.517174649250121,0.968888888889,0.2000000000000000,0.50000000,0.5964912280701754,0.0,0.0,0.837104072398
HCP0081,0.8648648648648649,0.61861974,0.28517430,0.37771985,1.000000000000,0.4047619047619048,0.05555000,0.66670000,0.5756754602693872,0.993055555556,0.2307692307692308,0.600000,0.7564102564102564,0.542222222222,0E-16,0E-8,0.0,0.0,0.0,0E-12
HCP0082,0.8918918918918919,0.40059903,0.20369593,0.37771985,0.950413223140,0.5714285714285714,0.30000000,0E-8,0.3825217183390452,0.951388888889,0.4615384615384615,0.857143,0.7522980164489598,0.946666666667,0.2000000000000000,0.66670000,0.3508771929824561,0.0,0.2,0.936651583710
HCP0083,0.3783783783783784,0.54935729,0.34999300,0.50997280,1.000000000000,0.1428571428571429,0.50000000,0E-8,0.6424244839403843,0.944444444444,0.6923076923076923,0.900000,0.35728108369617806,0.982222222222,0.1000000000000000,0.25000000,0.38596491228070173,0.05555555555555555,0.0,0.095022624434
HCP0084,0.1351351351351351,0.68800699,0.31107378,0.37771985,0.801652892562,0.3571428571428571,0.37500000,0.40000000,0.24499880449509845,0.576388888889,0.3846153846153846,1.000000,0.61611030478955,0.942222222222,0.3000000000000000,1.00000000,0.6432456140350877,0.16666666666666666,0.05,0.900452488688
HCP0085,0.4324324324324324,0.64420317,0.40529189,0.51937897,0.917355371901,0.5476190476190476,0.20835000,0E-8,0.6287160277357139,0.958333333333,0.3846153846153846,0.833333,0.4436381228834059,0.773333333333,0.1000000000000000,0.25000000,0.5701754385964912,0.16666666666666666,0.15,0.837104072398
HCP0086,0.3243243243243243,0.66354674,0.41173177,0.51507253,1.000000000000,0.2142857142857143,0.40000000,0E-8,0.40993863074838605,0.965277777778,0.3846153846153846,0.833333,0.6168359941944848,0.955555555556,0.4000000000000000,1.00000000,0.43201754385964913,0.2222222222222222,0.2,0.742081447964
HCP0087,0.1621621621621622,0.52452265,0.09995800,0.15106528,0.983471074380,0.3809523809523810,0.11765000,0.50000000,0.3328684147605006,0.583333333333,0.2307692307692308,1.000000,0.4436381228834059,0.768888888889,0.2000000000000000,0.66670000,0.44298245614035087,0.0,0.15,0.773755656109
HCP0088,0.8108108108108108,0.57593910,0.32311354,0.45330916,0.909090909091,0.1190476190476190,0E-8,0E-8,0.6059217342791106,0.923611111111,0.4615384615384615,1.000000,0.7218190614417029,0.955555555556,0.5000000000000000,0.71430000,0.4228070175438597,0.05555555555555555,0.35,0.615384615385
HCP0089,0.8648648648648649,0.15637090,0.02589948,0.08714869,0.975206611570,0.2857142857142857,0.19230000,0E-8,0.2326452538455408,0.979166666667,0.2307692307692308,0.750000,0.4818577648766328,0.635555555556,0.1000000000000000,0.50000000,0.43859649122807015,0.0,0.05,0.904977375566
HCP0090,0.3243243243243243,0.62673156,0.32941341,0.43177697,0.933884297521,0.3333333333333333,0.40000000,0.50000000,0.4920698174862517,0.993055555556,0.2307692307692308,0.750000,0.6269956458635704,0.715555555556,0.2000000000000000,1.00000000,0.4956140350877193,0.1111111111111111,0.05,0.904977375566
HCP0091,0.1081081081081081,0.71995507,0.53842923,0.62964642,0.909090909091,0.4047619047619048,0.22220000,1.00000000,0.49462022794293453,0.888888888889,0.7692307692307692,0.769231,0.6190130624092889,0.760000000000,0.3000000000000000,1.00000000,0.47368421052631576,0.0,0.0,0.710407239819
HCP0092,0.2972972972972973,0.34756021,0.25451491,0.52300544,0.958677685950,0.3333333333333333,0.30000000,0E-8,0.3714433729178289,0.888888888889,0.3846153846153846,1.000000,0.38872762457668114,0.746666666667,0.2000000000000000,1.00000000,0.4824561403508772,0.1111111111111111,0.15,0.678733031674
HCP0093,0.5405405405405405,0.74741046,0.56670867,0.64222575,1.000000000000,0.4761904761904762,0.26190000,0.75000000,0.6595202040328365,0.840277777778,0.7692307692307692,0.833333,0.2883405902273827,0.960000000000,0.5000000000000000,0.71430000,0.49473684210526314,0.3888888888888889,0.1,0.868778280543
HCP0094,0.7027027027027027,0.53201048,0.29161417,0.43585675,1.000000000000,0.5476190476190476,0.35415000,0.60000000,0.5081692834940623,0.916666666667,0.3076923076923077,1.000000,0.7116594097726173,0.986666666667,0.5000000000000000,1.00000000,0.4157894736842105,0.3333333333333333,0.25,1.000000000000
HCP0095,0.6216216216216216,0.60476725,0.43553129,0.58760199,0.917355371901,0.3095238095238095,0.32145000,1.00000000,0.4819478759862916,0.972222222222,0.3076923076923077,0.800000,0.5387034349298501,0.755555555556,0E-16,0E-8,0.0,0.0,0.0,0E-12
HCP0096,0.1621621621621622,0.79196306,0.44995100,0.48572076,0.933884297521,0.7619047619047619,0.36365000,0.80000000,0.7122021200286922,0.965277777778,0.4615384615384615,0.750000,0.3580067731011127,0.915555555556,0.4000000000000000,0.80000000,0.35964912280701755,0.0,0.25,0.678733031674
HCP0097,0.8648648648648649,0.66479471,0.46661067,0.58284225,0.933884297521,0.2619047619047619,0.20835000,0.50000000,0.7395393321112618,0.944444444444,0.5384615384615385,0.700000,0.31615868408321235,0.911111111111,0.1000000000000000,0.33330000,0.543859649122807,0.05555555555555555,0.2,0.515837104072
HCP0098,0.0810810810810811,0.75452390,0.22399552,0.25181324,0.991735537190,0.1666666666666667,0.31250000,0E-8,0.3988204351637842,0.979166666667,0.3846153846153846,1.000000,0.5193517174649249,0.791111111111,0.2000000000000000,1.00000000,0.3157894736842105,0.1111111111111111,0.25,0.579185520362
HCP0099,0.5135135135135135,0.43429427,0.30729385,0.53683137,0.942148760331,0.2380952380952381,0.22725000,1.00000000,0.1266039690762732,0.812500000000,0.2307692307692308,1.000000,0.5321722302854378,0.844444444444,0.3000000000000000,0.60000000,0.30412280701754385,0.2222222222222222,0.15,0.868778280543
HCP0100,0.6486486486486486,0.50705104,0.48691026,0.75555304,0.884297520661,0.2619047619047619,0.33335000,0E-8,0.3497648840360245,0.944444444444,0.7692307692307692,0.833333,0.47992259313014035,0.995555555556,0.1000000000000000,0.33330000,0.6052631578947368,0.0,0.0,0.579185520362
HCP0101,0.4594594594594595,0.59191314,0.39493210,0.54204442,0.950413223140,0.2857142857142857,0.19230000,1.00000000,0.5890651151669721,0.993055555556,0.6923076923076923,1.000000,0.5832123850991775,0.862222222222,0.3000000000000000,0.42860000,0.6403508771929824,0.0,0.15,0.968325791855
HCP0102,0.8378378378378378,0.46823911,0.26417472,0.43585675,0.966942148760,0.1904761904761905,0.27780000,1.00000000,0.5265800589782418,0.965277777778,0.1538461538461538,0.666667,0.5967585873246251,0.422222222222,0.2000000000000000,1.00000000,0.34210526315789475,0.16666666666666666,0.25,0.837104072398
HCP0103,0.3783783783783784,0.23736428,0.07783844,0.20602901,0.966942148760,0.1666666666666667,0.12500000,1.00000000,0.3365346297919822,0.687500000000,0.6153846153846154,1.000000,0.5817610062893083,0.995555555556,0.1000000000000000,0.33330000,0.7894736842105263,0.0,0.0,0.158371040724
HCP0104,0.7837837837837838,0.39435917,0.13719726,0.25759293,0.892561983471,0.1666666666666667,0.37500000,1.00000000,0.45939268351000245,0.673611111111,0.6923076923076923,1.000000,0.47581035316884374,0.955555555556,0.2000000000000000,0.66670000,0.5526315789473685,0.1111111111111111,0.05,0.647058823529
HCP0105,0.8918918918918919,0.65019344,0.43273135,0.55043064,0.801652892562,0.8571428571428571,0.35135000,0.50000000,0.6503945166175182,0.993055555556,0.9230769230769231,1.000000,0.5745041122399612,0.875555555556,0.5000000000000000,0.83330000,0.37017543859649127,0.16666666666666666,0.5,1.000000000000
HCP0106,0.4864864864864865,0.47997005,0.34999300,0.56663645,0.859504132231,0.3095238095238095,0.46430000,1.00000000,0.5184107754841794,0.895833333333,0.1538461538461538,0.666667,0.5887760038703436,0.897777777778,0.2000000000000000,0.66670000,0.6008771929824561,0.0,0.2,0.647058823529
HCP0107,0.6486486486486486,0.50705104,0.36525269,0.56663645,0.851239669421,0.5952380952380952,0.23075000,0.66670000,0.36618315135092055,0.972222222222,0.6153846153846154,1.000000,0.3306724721819061,0.848888888889,0.2000000000000000,0.33330000,0.5921052631578947,0.1111111111111111,0.25,0.484162895928
HCP0108,0.0810810810810811,0.65468614,0.67198656,0.84995467,1.000000000000,0.2857142857142857,0.42310000,0.50000000,0.4313780186498765,0.923611111111,0.2307692307692308,1.000000,0.9675858732462506,0.737777777778,0.3000000000000000,0.75000000,0.3333333333333333,0.1111111111111111,0.25,0.452488687783
HCP0109,0.9459459459459459,0.57843504,0.46661067,0.65253853,0.991735537190,0.2380952380952381,0.18180000,0E-8,0.508089583167291,0.986111111111,0.3846153846153846,1.000000,0.35486211901306236,0.822222222222,0.2000000000000000,1.00000000,0.5131578947368421,0.05555555555555555,0.0,0.837104072398
HCP0110,0.5675675675675676,0.72669412,0.55340893,0.64222575,0.942148760331,0.3333333333333333,0.20000000,0.50000000,0.5892643659839005,0.993055555556,0.8461538461538462,1.000000,0.6935171746492501,0.982222222222,0.4000000000000000,0.66670000,0.38596491228070173,0.1111111111111111,0.1,0.742081447964
HCP0111,0.2162162162162162,0.56320978,0.09337813,0.13327289,0.768595041322,0.3809523809523810,0.23530000,0.66670000,0.3752689886028533,0.833333333333,0.3846153846153846,0.833333,0.2138364779874214,0.991111111111,0.2000000000000000,1.00000000,0.43859649122807015,0.1111111111111111,0.0,1.000000000000
HCP0112,0.5135135135135135,0.55609634,0.30729385,0.44344968,0.966942148760,0.5714285714285714,0.32000000,0.33330000,0.49011715948035384,0.930555555556,0.3846153846153846,0.833333,0.3628447024673439,0.960000000000,0.1000000000000000,1.00000000,0.7456140350877193,0.0,0.0,0.904977375566
HCP0113,0.9459459459459459,0.46898789,0.24555509,0.40469175,0.958677685950,0.4285714285714286,0.23685000,1.00000000,0.5123535506495577,0.909722222222,0.3846153846153846,1.000000,0.4854862119013062,0.880000000000,0.2000000000000000,0.40000000,0.631578947368421,0.05555555555555555,0.2,0.515837104072
HCP0114,0.8108108108108108,0.52801697,0.34999300,0.52617860,0.958677685950,0.2619047619047619,0.37500000,1.00000000,0.32382242767195346,0.875000000000,0.3846153846153846,1.000000,0.49032414126753754,0.960000000000,0E-16,0E-8,0.0,0.0,0.0,0E-12
HCP0115,0.6486486486486486,0.64270560,0.48691026,0.62522665,0.859504132231,0.1190476190476190,0.50000000,0.33330000,0.7123615206822348,0.555555555556,0.6923076923076923,0.900000,0.46129656507014993,0.946666666667,0E-16,0E-8,0.0,0.0,0.0,0E-12
HCP0116,0.7567567567567568,0.67964558,0.41999160,0.51507253,0.958677685950,0.8333333333333333,0.30555000,0.57140000,0.7877978799713079,0.993055555556,0.6923076923076923,0.818182,0.6318335752298017,0.986666666667,0.5000000000000000,1.00000000,0.49473684210526314,0.2222222222222222,0.4,0.968325791855
HCP0117,0.1621621621621622,0.65830525,0.55004900,0.69254306,0.892561983471,0.3571428571428571,0.34375000,0E-8,0.4540527616163227,0.979166666667,0.6153846153846154,1.000000,0.5302370585389453,0.960000000000,0.3000000000000000,1.00000000,0.35964912280701755,0.05555555555555555,0.0,0.610859728507
HCP0118,0.8378378378378378,0.68014476,0.60758785,0.74467362,0.958677685950,0.2619047619047619,0.25000000,0E-8,0.42340798597274254,0.756944444444,0.3846153846153846,0.833333,0.5283018867924528,0.462222222222,0.2000000000000000,1.00000000,0.4824561403508772,0.2777777777777778,0.35,0.837104072398
HCP0119,0.6756756756756757,0.57294397,0.35741285,0.50362647,0.983471074380,0.1428571428571429,0.28570000,0E-8,0.34482346377620154,0.784722222222,0.3846153846153846,1.000000,0.6064344460570875,0.906666666667,0.5000000000000000,1.00000000,0.3912280701754386,0.2777777777777778,0.2,0.805429864253
HCP0120,0.8378378378378378,0.58592288,0.31695366,0.43868994,0.950413223140,0.1904761904761905,0.16665000,0.66670000,0.27361122180600944,1.000000000000,0.4615384615384615,0.750000,0.6451378809869376,0.831111111111,0.1000000000000000,1.00000000,0.4298245614035088,0.05555555555555555,0.0,0.194570135747
HCP0121,0.2432432432432432,0.45987770,0.18059639,0.30224388,0.950413223140,0.2380952380952381,0.36365000,0.50000000,0.36136128158125447,0.993055555556,0.5384615384615385,1.000000,0.23730043541364296,0.897777777778,0.5000000000000000,1.00000000,0.3298245614035088,0.0,0.15,0.936651583710
HCP0122,0.5135135135135135,0.28216648,0.13663727,0.32377607,0.785123966942,0.1428571428571429,0.14285000,0E-8,0.1346935522435642,0.763888888889,0.3846153846153846,1.000000,0.5483792936623125,0.800000000000,0E-16,0E-8,0.0,0.0,0.0,0E-12
HCP0123,0.3513513513513514,0.42643205,0.07993840,0.14165911,1.000000000000,0.2857142857142857,0.38460000,0E-8,0.425878696102654,0.909722222222,0.1538461538461538,0.666667,0.38703434929850017,0.862222222222,0.2000000000000000,0.66670000,0.5570175438596491,0.0,0.1,0.968325791855
HCP0124,0.7567567567567568,0.45501061,0.30799384,0.51937897,0.917355371901,0.2619047619047619,0.29165000,1.00000000,0.20670279748146964,0.972222222222,0.6153846153846154,1.000000,0.5878084179970973,0.702222222222,0.5000000000000000,0.71430000,0.4,0.2222222222222222,0.2,0.900452488688
HCP0125,0.6216216216216216,0.10557844,0.06215876,0.25181324,0.859504132231,0.0714285714285714,0.62500000,0E-8,0.11843468558221094,0.979166666667,0.3076923076923077,1.000000,0.5665215287856797,0.613333333333,0.2000000000000000,0.50000000,0.49122807017543857,0.0,0.0,0.515837104072
HCP0126,0.3513513513513514,0.67602646,0.48005040,0.59122847,0.925619834711,0.2380952380952381,0.31820000,0.66670000,0.4891209053957121,0.944444444444,0.6153846153846154,0.888889,0.36018384131591674,0.911111111111,0.6000000000000000,0.85710000,0.4517543859649123,0.3333333333333333,0.65,0.904977375566
HCP0127,0.2972972972972973,0.49893922,0.42419152,0.66659112,0.958677685950,0.1428571428571429,0.42855000,0.50000000,0.41133338646688455,0.958333333333,0.7692307692307692,1.000000,0.6112723754233188,0.702222222222,0.4000000000000000,1.00000000,0.3684210526315789,0.16666666666666666,0.15,0.868778280543
HCP0128,0.8648648648648649,0.38749532,0.23337533,0.44344968,0.991735537190,0.0952380952380952,0.40000000,0E-8,0.19136048457798677,0.826388888889,0.4615384615384615,0.750000,0.4153362360909531,0.955555555556,0.2000000000000000,0.66670000,0.41228070175438597,0.05555555555555555,0.0,0.579185520362
HCP0129,0.8108108108108108,0.38400100,0.16155677,0.30904352,0.900826446281,0.2142857142857143,0.15000000,0E-8,0.26340957997927794,0.958333333333,0.2307692307692308,0.750000,0.6935171746492501,0.804444444444,0.2000000000000000,1.00000000,0.3026315789473684,0.05555555555555555,0.0,0.610859728507
HCP0130,0.4864864864864865,0.66716586,0.55998880,0.69741614,0.942148760331,0.6666666666666667,0.27585000,1.00000000,0.420698174862517,0.944444444444,0.8461538461538462,1.000000,0.4625060474117077,0.964444444444,0.5000000000000000,1.00000000,0.32105263157894737,0.0,0.4,0.742081447964
HCP0131,0.9459459459459459,0.68800699,0.44211116,0.53683137,1.000000000000,0.2619047619047619,0.25000000,0E-8,0.30429584761297523,0.958333333333,0.9230769230769231,1.000000,0.540396710208031,0.955555555556,0.3000000000000000,0.75000000,0.37429824561403513,0.16666666666666666,0.2,0.873303167421
HCP0132,0.0810810810810811,0.30525396,0.27999440,0.62964642,0.404958677686,0.2142857142857143,0.35000000,0.50000000,0.18582131186737869,0.895833333333,0.3076923076923077,1.000000,0.3790517658442186,0.666666666667,0.4000000000000000,1.00000000,0.45394736842105265,0.1111111111111111,0.0,0.610859728507
HCP0133,0.0810810810810811,0.50492949,0.50398992,0.78456482,0.876033057851,0.4047619047619048,0.33335000,0.25000000,0.5765521638638719,1.000000000000,0.8461538461538462,0.846154,0.42549588776003877,0.973333333333,0.1000000000000000,1.00000000,0.5263157894736842,0.0,0.0,0.158371040724
HCP0134,0.5945945945945946,0.59341071,0.41369173,0.56663645,0.876033057851,0.5238095238095238,0.23915000,0.33330000,0.379891607555591,0.847222222222,0.3846153846153846,0.625000,0.7177068214804063,0.684444444444,0.3000000000000000,0.75000000,0.3304385964912281,0.16666666666666666,0.0,0.742081447964
HCP0135,0.8648648648648649,0.66479471,0.41481170,0.51801904,0.975206611570,0.2619047619047619,0.33335000,0.16670000,0.561090300470232,0.979166666667,0.3076923076923077,0.800000,0.558055152394775,0.617777777778,0.3000000000000000,1.00000000,0.32166666666666666,0.16666666666666666,0.25,0.384615384615
HCP0136,0.3783783783783784,0.89591913,0.54444911,0.52889846,0.991735537190,0.5714285714285714,0.30000000,0E-8,0.5378178050530006,0.951388888889,0.6153846153846154,1.000000,0.7813255926463474,0.920000000000,0.3000000000000000,1.00000000,0.45614035087719296,0.1111111111111111,0.25,0.678733031674
HCP0137,0.5675675675675676,0.63958567,0.48831023,0.62964642,0.966942148760,0.6428571428571429,0.32145000,0.60000000,0.5246672511357298,0.916666666667,0.4615384615384615,0.545455,0.7000483792936624,0.937777777778,0.1000000000000000,1.00000000,0.35964912280701755,0.0,0.0,0.416289592760
HCP0138,0.5135135135135135,0.46474479,0.37561249,0.62330009,0.768595041322,0.4047619047619048,0.27780000,0.33330000,0.4966924364389894,0.972222222222,0.6153846153846154,0.888889,0.45428156748911463,0.777777777778,0E-16,0E-8,0.0,0.0,0.0,0E-12
HCP0139,0.4324324324324324,0.44714838,0.18423632,0.31482321,0.983471074380,0.1904761904761905,0.44445000,0E-8,0.5631226588029011,0.854166666667,0.6153846153846154,0.888889,0.3575229801644896,1.000000000000,0.2000000000000000,1.00000000,0.6359649122807017,0.0,0.2,0.936651583710
HCP0140,0.1081081081081081,0.28803195,0.16155677,0.37771985,0.867768595041,0.1428571428571429,0.35715000,1.00000000,0.18239419781621102,0.986111111111,0.5384615384615385,1.000000,0.3720367682631833,0.991111111111,0.2000000000000000,0.66670000,0.2850877192982456,0.0,0.2,0.615384615385
HCP0141,0.4054054054054054,0.53051292,0.18913622,0.28331822,0.892561983471,0.4761904761904762,0.30950000,0.33330000,0.5282936160038256,0.895833333333,0.2307692307692308,1.000000,0.4436381228834059,0.684444444444,0.2000000000000000,1.00000000,0.23684210526315788,0.0,0.2,0.547511312217
HCP0142,0.1891891891891892,0.50143517,0.28965421,0.45330916,0.917355371901,0.1904761904761905,0E-8,0E-8,0.20251853032597436,0.791666666667,0.8461538461538462,1.000000,0.3505079825834543,0.595555555556,0.2000000000000000,0.66670000,0.6403508771929824,0.0,0.0,0.162895927602
HCP0143,0.3243243243243243,0.59004118,0.32941341,0.45330916,0.834710743802,0.4047619047619048,0.19445000,0.33330000,0.35590180919741765,0.951388888889,0.4615384615384615,0.750000,0.6693275278180938,0.955555555556,0.3000000000000000,0.42860000,0.3800877192982456,0.2777777777777778,0.15,0.742081447964
HCP0144,0.2972972972972973,0.61237988,0.38177236,0.50997280,0.842975206612,0.2142857142857143,0.40000000,0.50000000,0.2987566749023672,0.868055555556,0.3846153846153846,1.000000,0.2726173197871311,0.684444444444,0.2000000000000000,0.50000000,0.49122807017543857,0.1111111111111111,0.0,0.194570135747
HCP0145,0.1351351351351351,0.27193311,0.15553689,0.37771985,0.950413223140,0.3333333333333333,0.16665000,0E-8,0.30074918307165066,0.923611111111,0.4615384615384615,1.000000,0.5162070633768747,0.706666666667,0.2000000000000000,0.66670000,0.45614035087719296,0.0,0.0,0.742081447964
HCP0146,0.7567567567567568,0.30525396,0.16799664,0.37771985,0.826446280992,0.1428571428571429,0.14285000,0.50000000,0.4314577189766478,0.909722222222,0.6153846153846154,0.888889,0.7418964683115626,0.986666666667,0.2000000000000000,1.00000000,0.43859649122807015,0.0,0.0,0.515837104072
HCP0147,0.6216216216216216,0.46611756,0.34215316,0.56663645,0.958677685950,0.2619047619047619,0.08335000,0E-8,0.24998007491830718,0.722222222222,0.3846153846153846,1.000000,0.5822447992259313,0.893333333333,0.2000000000000000,0.40000000,0.2675438596491228,0.0,0.2,1.000000000000
HCP0148,0.5135135135135135,0.40384375,0.23897522,0.44072983,0.942148760331,0.3333333333333333,0.23335000,0.50000000,0.3704471188331872,0.937500000000,0.6153846153846154,0.800000,0.4201741654571842,0.893333333333,0.2000000000000000,0.40000000,0.3333333333333333,0.0,0.05,0.547511312217
HCP0149,0.7027027027027027,0.92200175,0.75836483,0.71860834,0.834710743802,0.2142857142857143,0.45000000,0.50000000,0.4240057384235275,0.840277777778,0.3846153846153846,0.833333,0.5079825834542815,0.804444444444,0.3000000000000000,0.60000000,0.6052631578947368,0.0,0.15,0.837104072398
HCP0150,0.0540540540540541,0.79196306,0.52498950,0.56663645,0.958677685950,0.2142857142857143,0.25000000,0.80000000,0.4028453016657368,0.798611111111,0.3076923076923077,0.571429,0.45162070633768747,0.960000000000,0.3000000000000000,0.50000000,0.6081578947368421,0.16666666666666666,0.05,1.000000000000
HCP0151,0.6216216216216216,0.35517284,0.09337813,0.18891659,0.900826446281,0.2857142857142857,0.30770000,0.50000000,0.3618394835418825,0.694444444444,0.5384615384615385,1.000000,0.5759554910498307,0.888888888889,0.1000000000000000,0.33330000,0.5526315789473685,0.0,0.0,0.773755656109
HCP0152,0.9729729729729730,0.50143517,0.31373373,0.49104714,0.991735537190,0.2142857142857143,0.25000000,0E-8,0.7510560293297204,0.979166666667,0.3846153846153846,1.000000,0.5725689404934687,0.644444444444,0.2000000000000000,0.66670000,0.5745614035087719,0.0,0.4,0.968325791855
HCP0153,0.5945945945945946,0.45164108,0.22273555,0.37771985,0.867768595041,0.0952380952380952,0.50000000,0.50000000,0.6569299434127681,0.659722222222,0.2307692307692308,1.000000,0.5645863570391872,0.977777777778,0.2000000000000000,0.50000000,0.45614035087719296,0.0,0.05,0.515837104072
HCP0154,0.1621621621621622,0.70285786,0.39997200,0.47722121,0.702479338843,0.6904761904761905,0.26665000,0.28570000,0.6216226986530645,1.000000000000,0.5384615384615385,1.000000,0.4308176100628931,0.977777777778,0.2000000000000000,0.50000000,0.793859649122807,0.0,0.0,0.968325791855
HCP0155,0.1081081081081081,0.52801697,0.43077138,0.64755213,0.793388429752,0.2380952380952381,0.36365000,0.25000000,0.2518928827608193,0.861111111111,0.7692307692307692,1.000000,0.49516207063376866,0.920000000000,0.2000000000000000,0.50000000,0.5526315789473685,0.1111111111111111,0.0,0.647058823529
HCP0156,0.4864864864864865,0.57356795,0.27999440,0.39415231,1.000000000000,0.5714285714285714,0.16000000,0.40000000,0.39890013549055553,0.958333333333,0.6153846153846154,0.800000,0.3330914368650218,0.773333333333,0.2000000000000000,0.33330000,0.5263157894736842,0.05555555555555555,0.0,0.579185520362
HCP0157,0.8648648648648649,0.45688257,0.07783844,0.13077969,0.991735537190,0.1904761904761905,0.27780000,0E-8,0.2783135410855184,0.902777777778,0.3076923076923077,1.000000,0.42138364779874216,0.320000000000,0.1000000000000000,0.33330000,0.6491228070175439,0.0,0.05,0.321266968326
HCP0158,0.2432432432432432,0.45987770,0.13551729,0.22665458,0.842975206612,0.2857142857142857,0.34615000,0.66670000,0.35745596556945886,0.965277777778,0.1538461538461538,0.666667,0.5321722302854378,0.804444444444,0E-16,0E-8,0.0,0.0,0.0,0E-12
HCP0159,0E-16,0.76363409,0.63628727,0.70829556,0.983471074380,0.5238095238095238,0.17390000,0E-8,0.37534868892962464,0.979166666667,0.4615384615384615,0.750000,0.5273343009192066,0.880000000000,0.3000000000000000,1.00000000,0.5409649122807018,0.0,0.3,0.742081447964
HCP0160,0.3783783783783784,0.47997005,0.27215456,0.44072983,0.958677685950,0.1666666666666667,0.12500000,0E-8,0.1557344385111979,0.979166666667,0.1538461538461538,0.666667,0.9274310595065313,0.275555555556,0.4000000000000000,1.00000000,0.42543859649122806,0.16666666666666666,0.35,0.904977375566
HCP0161,0.6216216216216216,0.21652315,0.12445751,0.34870807,0.719008264463,0.1904761904761905,0.16665000,0.50000000,0.1753008687335618,0.868055555556,0.4615384615384615,0.857143,0.3790517658442186,0.688888888889,0.2000000000000000,0.66670000,0.37719298245614036,0.1111111111111111,0.0,0.868778280543
HCP0162,0.5675675675675676,0.55247722,0.19529609,0.28331822,0.975206611570,0.0952380952380952,0.30000000,1.00000000,0.346815971945485,0.784722222222,0.4615384615384615,0.857143,0.5208030962747944,0.906666666667,0.3000000000000000,1.00000000,0.41228070175438597,0.0,0.2,0.610859728507
HCP0163,0.5405405405405405,0.56907525,0.33333333,0.47223481,1.000000000000,0.4047619047619048,0.11110000,1.00000000,0.5250259026062007,0.979166666667,0.1538461538461538,0.666667,0.4436381228834059,0.617777777778,0E-16,0E-8,0.0,0.0,0.0,0E-12
HCP0164,0.3783783783783784,0.75726944,0.58336833,0.65378513,0.983471074380,0.2619047619047619,0.29165000,0.60000000,0.34462421295927315,0.937500000000,0.5384615384615385,0.700000,0.7902757619738752,0.977777777778,0.2000000000000000,1.00000000,0.32894736842105265,0.2222222222222222,0.0,0.610859728507
HCP0165,0.7567567567567568,0.67964558,0.55998880,0.68687670,0.942148760331,0.6904761904761905,0.30000000,0.75000000,0.4903562604606679,0.972222222222,0.3846153846153846,1.000000,0.558055152394775,0.928888888889,0.3000000000000000,0.60000000,0.5087719298245614,0.1111111111111111,0.15,0.904977375566
HCP0166,0.1081081081081081,0.28803195,0.10765785,0.25181324,0.942148760331,0.3333333333333333,0.20000000,0E-8,0.23005499322547224,0.965277777778,0.6153846153846154,0.888889,0.7014997581035316,0.715555555556,0.1000000000000000,0.50000000,0.8157894736842105,0.0,0.0,0.710407239819
HCP0167,0.2432432432432432,0.62086609,0.45163097,0.59644152,0.958677685950,0.3809523809523810,0.35295000,0.33330000,0.5420817725352676,0.958333333333,0.3076923076923077,0.800000,0.6064344460570875,0.684444444444,0.2000000000000000,1.00000000,0.6008771929824561,0.0,0.4,0.710407239819
HCP0168,0.0810810810810811,0.35517284,0.22399552,0.45330916,0.809917355372,0.4761904761904762,0.21430000,1.00000000,0.4595520841635451,1.000000000000,0.3076923076923077,0.666667,0.5645863570391872,0.617777777778,0.3000000000000000,0.50000000,0.4151754385964912,0.1111111111111111,0.4,0.936651583710
HCP0169,0.6756756756756757,0.44015974,0.11913762,0.20602901,0.917355371901,0.5238095238095238,0.17390000,0.60000000,0.4474376344943015,0.986111111111,0.5384615384615385,1.000000,0.40324141267537494,1.000000000000,0.2000000000000000,0.66670000,0.4298245614035088,0.0,0.0,0.873303167421
HCP0170,0.5405405405405405,0.47997005,0.26669467,0.43177697,0.884297520661,0.5952380952380952,0.30770000,0.40000000,0.46899657288594887,0.861111111111,0.4615384615384615,0.857143,0.503386550556362,0.871111111111,0.2000000000000000,1.00000000,0.5789473684210527,0.0,0.15,0.678733031674
HCP0171,0.6486486486486486,0.23574192,0.12179756,0.32377607,0.867768595041,0.1666666666666667,0.06250000,0E-8,0.14190643181637044,0.673611111111,0.6153846153846154,0.888889,0.4085631349782293,0.888888888889,0.2000000000000000,0.50000000,0.5701754385964912,0.0,0.0,0.678733031674
HCP0172,0.8378378378378378,0.30338200,0.07923842,0.17894379,0.958677685950,0.3333333333333333,0.20000000,1.00000000,0.2782736909221328,0.958333333333,0.7692307692307692,0.909091,0.5834542815674891,0.968888888889,0.3000000000000000,1.00000000,0.5642982456140351,0.16666666666666666,0.2,0.936651583710
HCP0173,0.4324324324324324,0.61138151,0.29469411,0.39415231,0.834710743802,0.3571428571428571,0.12500000,0.25000000,0.4766876544193831,0.916666666667,0.4615384615384615,0.857143,0.334059022738268,0.831111111111,0.5000000000000000,0.83330000,0.33157894736842103,0.0,0.4,0.773755656109
HCP0174,0.4594594594594595,0.59191314,0.35895282,0.49274705,0.942148760331,0.2857142857142857,0.50000000,0.50000000,0.5476209452458756,0.965277777778,0.2307692307692308,0.600000,0.38872762457668114,0.826666666667,0.3000000000000000,0.75000000,0.5116666666666666,0.0,0.2,0.805429864253
HCP0175,0.3513513513513514,0.81866966,0.39997200,0.41976428,0.983471074380,0.4047619047619048,0.41665000,0.50000000,0.4868095959193433,0.972222222222,0.7692307692307692,1.000000,0.5628930817610063,0.888888888889,0.2000000000000000,1.00000000,0.3815789473684211,0.16666666666666666,0.1,0.742081447964
HCP0176,0.8648648648648649,0.41058280,0.23337533,0.42497733,1.000000000000,0.2857142857142857,0.19230000,1.00000000,0.36542599824659283,0.986111111111,0.1538461538461538,0.666667,1.0,0.764444444444,0.1000000000000000,1.00000000,0.3157894736842105,0.0,0.1,0.805429864253
HCP0177,0.6756756756756757,0.41357794,0.35741285,0.64755213,1.000000000000,0.4047619047619048,0.25000000,0.50000000,0.26811189925878703,1.000000000000,0.3076923076923077,0.666667,0.5926463473633284,0.831111111111,0.2000000000000000,0.66670000,0.45614035087719296,0.0,0.0,1.000000000000
HCP0178,0.5135135135135135,0.67777362,0.47809044,0.58760199,1.000000000000,0.4523809523809524,0.30000000,1.00000000,0.7962062644456843,0.958333333333,0.8461538461538462,0.916667,0.39114658925979684,0.902222222222,0.4000000000000000,1.00000000,0.42543859649122806,0.16666666666666666,0.5,0.452488687783
HCP0179,0.6756756756756757,0.36053912,0.11913762,0.23855394,0.958677685950,0.5714285714285714,0.24000000,0.66670000,0.5064158763050929,0.868055555556,0.5384615384615385,0.875000,0.40324141267537494,0.902222222222,0.2000000000000000,1.00000000,0.4166666666666667,0.0,0.2,0.837104072398
HCP0180,0.2432432432432432,0.25857981,0.04521910,0.11332729,0.454545454545,0.1904761904761905,0.33335000,0E-8,0.1474456045269786,1.000000000000,0.4615384615384615,0.857143,0.5379777455249153,0.671111111111,0.4000000000000000,0.80000000,0.581140350877193,0.1111111111111111,0.35,0.904977375566
HCP0181,0.0540540540540541,0.53201048,0.29161417,0.43585675,0.892561983471,0.5714285714285714,0.36000000,0.40000000,0.4580776281182753,0.958333333333,0.6923076923076923,0.900000,0.3476052249637155,0.902222222222,0.3000000000000000,1.00000000,0.6929824561403509,0.2777777777777778,0.0,0.904977375566
HCP0182,0.5405405405405405,0.53937352,0.30001400,0.44344968,0.958677685950,0.2380952380952381,0.13635000,1.00000000,0.47361919183868656,0.972222222222,0.3846153846153846,1.000000,0.5822447992259313,0.911111111111,0.2000000000000000,0.66670000,0.35964912280701755,0.05555555555555555,0.0,0.968325791855
HCP0183,0.4594594594594595,0.23998502,0.07181856,0.18891659,0.942148760331,0.1666666666666667,0E-8,0E-8,0.2447198533513988,0.666666666667,0.1538461538461538,1.000000,0.39114658925979684,0.884444444444,0E-16,0E-8,0.0,0.0,0.0,0E-12
HCP0184,0.4054054054054054,0.22700612,0.03779924,0.10301451,0.793388429752,0.2619047619047619,0.16665000,0E-8,0.08456204670439155,0.895833333333,0.5384615384615385,0.875000,0.4184808901790033,0.995555555556,0.2000000000000000,0.33330000,0.7192982456140351,0.0,0.0,0.710407239819
HCP0185,0.5675675675675676,0.52352427,0.22791544,0.34485494,0.826446280992,0.1904761904761905,0.22220000,0E-8,0.3062086554554873,0.916666666667,0.2307692307692308,1.000000,0.8548621190130624,0.942222222222,0.1000000000000000,0.33330000,0.21929824561403508,0.05555555555555555,0.0,0.742081447964
HCP0186,0.2972972972972973,0.80144765,0.72126557,0.77062557,0.892561983471,0.2857142857142857,0.26925000,0.66670000,0.517374671236152,0.972222222222,0.6153846153846154,1.000000,0.8205128205128205,0.960000000000,0E-16,0E-8,0.0,0.0,0.0,0E-12
HCP0187,0.8648648648648649,0.71109447,0.36301274,0.42883046,0.958677685950,0.1190476190476190,0.33335000,0E-8,0.24324539730612899,0.875000000000,0.4615384615384615,0.857143,0.30309627479438794,0.782222222222,0.2000000000000000,1.00000000,0.39473684210526316,0.05555555555555555,0.2,0.968325791855
HCP0188,0.2972972972972973,0.49893922,0.46661067,0.73334089,1.000000000000,0.6190476190476190,0.37035000,0.62500000,0.5121941499960151,0.986111111111,0.5384615384615385,1.000000,0.40324141267537494,0.662222222222,0.6000000000000000,0.85710000,0.4357017543859649,0.2777777777777778,0.3,0.742081447964
HCP0189,0.2162162162162162,0.52152752,0.23337533,0.35414778,1.000000000000,0.4047619047619048,0.19445000,1.00000000,0.3976647804255998,0.986111111111,0.4615384615384615,0.750000,0.5967585873246251,0.982222222222,0.2000000000000000,1.00000000,0.3684210526315789,0.1111111111111111,0.15,0.610859728507
HCP0190,0.3243243243243243,0.66354674,0.41173177,0.51507253,0.942148760331,0.3809523809523810,0.20590000,0.50000000,0.4179485135889058,0.965277777778,0.2307692307692308,1.000000,0.3952588292210934,1.000000000000,0.3000000000000000,0.60000000,0.5,0.0,0.0,0.773755656109
HCP0191,0.4594594594594595,0.62398602,0.39493210,0.51937897,0.983471074380,0.2857142857142857,0.30770000,1.00000000,0.3529927472702638,0.958333333333,0.4615384615384615,1.000000,0.7339138848572812,0.662222222222,0.2000000000000000,0.66670000,0.4692982456140351,0.0,0.05,0.484162895928
HCP0192,0.8648648648648649,0.17958318,0.07783844,0.24286038,0.975206611570,0.3095238095238095,0.07145000,0E-8,0.13329879652506577,0.875000000000,0.3846153846153846,1.000000,0.5387034349298501,1.000000000000,0.1000000000000000,0.50000000,0.3333333333333333,0.0,0.05,0.126696832579
HCP0193,0.7027027027027027,0.79196306,0.72910542,0.78694470,0.900826446281,0.4047619047619048,0.30555000,0.25000000,0.45174145213995376,1.000000000000,0.3076923076923077,1.000000,0.1915820029027576,0.577777777778,0.3000000000000000,1.00000000,0.5935964912280702,0.2222222222222222,0.3,0.968325791855
HCP0194,0.8108108108108108,0.47997005,0.13467731,0.21792838,0.958677685950,0.1904761904761905,0.27780000,0E-8,0.3711644217741293,0.958333333333,0.6153846153846154,0.800000,0.46855345911949675,0.866666666667,0.1000000000000000,0.25000000,0.41228070175438597,0.1111111111111111,0.0,0.610859728507
HCP0195,0.2432432432432432,0.58055660,0.45163097,0.62964642,0.909090909091,0.5238095238095238,0.43480000,0.75000000,0.45401291145293693,0.916666666667,0.9230769230769231,0.857143,0.43251088534107407,0.902222222222,0.4000000000000000,0.80000000,0.32456140350877194,0.5,0.05,0.742081447964
HCP0196,0.3783783783783784,0.61861974,0.42783144,0.56663645,0.966942148760,0.7619047619047619,0.30305000,0.66670000,0.5038654658484101,0.986111111111,0.7692307692307692,0.909091,0.33502660861151423,0.915555555556,0.8000000000000000,0.80000000,0.5055263157894737,0.3333333333333333,0.35,0.936651583710
HCP0197,0.5945945945945946,0.39485836,0.22273555,0.41749773,0.950413223140,0.4047619047619048,0.19445000,0.33330000,0.3931617119630191,0.993055555556,0.6153846153846154,1.000000,0.36090953072085147,0.768888888889,0.3000000000000000,0.50000000,0.3830701754385965,0.0,0.2,0.873303167421
HCP0198,0.4594594594594595,0.68800699,0.57440851,0.69741614,0.991735537190,0.4523809523809524,0.47500000,0E-8,0.4187455168566191,1.000000000000,0.3846153846153846,1.000000,0.4709724238026124,0.893333333333,0.3000000000000000,0.75000000,0.47956140350877197,0.16666666666666666,0.0,1.000000000000
HCP0199,0.4324324324324324,0.67702483,0.66316674,0.81595648,0.975206611570,0.3333333333333333,0.33335000,0E-8,0.524986052442815,0.701388888889,0.5384615384615385,0.875000,0.5120948234155781,0.928888888889,0.1000000000000000,1.00000000,0.4824561403508772,0.0,0.0,0.257918552036
HCP0200,0.7567567567567568,0.55484837,0.47599048,0.68800997,0.983471074380,0.8095238095238095,0.27145000,0.66670000,0.5800191280784252,0.958333333333,0.7692307692307692,0.833333,0.38509917755200773,0.746666666667,0.3000000000000000,0.75000000,0.45324561403508773,0.2777777777777778,0.0,0.904977375566
HCP0201,0.0540540540540541,0.63596655,0.29161417,0.37771985,0.842975206612,0.3333333333333333,0.10000000,0E-8,0.22336016577667966,0.993055555556,0.2307692307692308,0.750000,0.5665215287856797,0.484444444444,0.4000000000000000,0.66670000,0.3881578947368421,0.1111111111111111,0.25,0.610859728507
HCP0202,0.1081081081081081,0.28803195,0.21531569,0.50362647,0.900826446281,0.1428571428571429,0.35715000,0E-8,0.3425121542998326,0.972222222222,0.3076923076923077,0.800000,0.5193517174649249,0.808888888889,0.3000000000000000,1.00000000,0.5848245614035088,0.0,0.2,0.968325791855
HCP0203,0.4054054054054054,0.63172345,0.34047319,0.44344968,0.950413223140,0.5238095238095238,0.26085000,1.00000000,0.5577428867458356,0.993055555556,0.7692307692307692,0.833333,0.5948234155781326,0.995555555556,0.5000000000000000,1.00000000,0.5192982456140351,0.3888888888888889,0.6,0.968325791855
HCP0204,1.0000000000000000,0.40596531,0.28475430,0.52300544,0.933884297521,0.4761904761904762,0.28570000,0.50000000,0.3685343109906751,0.986111111111,0.3076923076923077,0.666667,0.5645863570391872,0.582222222222,0.1000000000000000,0.33330000,0.4824561403508772,0.0,0.05,0.837104072398
HCP0205,0.2432432432432432,0.78185449,0.54192916,0.59122847,0.991735537190,0.5714285714285714,0.36000000,1.00000000,0.46485215589383916,0.958333333333,0.6153846153846154,1.000000,0.3156748911465892,0.897777777778,0.3000000000000000,0.50000000,0.5058771929824561,0.1111111111111111,0.05,0.868778280543
HCP0206,0.8918918918918919,0.60476725,0.27999440,0.37771985,0.991735537190,0.3809523809523810,0.29410000,1.00000000,0.3433888578943174,1.000000000000,0.2307692307692308,0.500000,0.3790517658442186,0.457777777778,0.2000000000000000,1.00000000,0.5877192982456141,0.0,0.0,0.452488687783
HCP0207,0.7567567567567568,0.35517284,0.36399272,0.73662738,1.000000000000,0.4047619047619048,0.19445000,0E-8,0.4607874392285009,0.972222222222,0.6923076923076923,1.000000,0.39259796806966607,0.977777777778,0.2000000000000000,1.00000000,0.5833333333333334,0.1111111111111111,0.2,0.452488687783
HCP0208,0.2972972972972973,0.34756021,0.25451491,0.52300544,0.975206611570,0.2857142857142857,0.23075000,0.50000000,0.42444409022076995,0.888888888889,0.3076923076923077,0.666667,0.40324141267537494,0.946666666667,0.5000000000000000,1.00000000,0.37894736842105264,0.2777777777777778,0.4,0.773755656109
HCP0209,0.6216216216216216,0.52152752,0.37337253,0.56663645,0.966942148760,0.3333333333333333,0.26665000,0E-8,0.33107515740814536,0.965277777778,0.4615384615384615,1.000000,0.12094823415578132,0.933333333333,0.4000000000000000,1.00000000,0.5350877192982456,0.05555555555555555,0.2,0.936651583710
HCP0210,0.4324324324324324,0.11868214,0.07363853,0.28331822,0.900826446281,0.0714285714285714,0.12500000,0E-8,0.3347812226030127,0.951388888889,0.3846153846153846,1.000000,0.5725689404934687,0.977777777778,0.1000000000000000,1.00000000,0.3157894736842105,0.0,0.0,0.321266968326
HCP0211,0.2702702702702703,0.59702983,0.56880862,0.77538531,0.942148760331,0.3095238095238095,0.32145000,0.50000000,0.6128955128716028,0.972222222222,0.4615384615384615,0.857143,0.4862119013062409,0.955555555556,0.2000000000000000,1.00000000,0.42105263157894735,0.0,0.1,0.868778280543
HCP0212,0.8378378378378378,0.46823911,0.26417472,0.43585675,0.958677685950,0.3333333333333333,0.36665000,0.60000000,0.42858850721287955,0.965277777778,0.7692307692307692,1.000000,0.558055152394775,0.942222222222,0.1000000000000000,0.50000000,0.6929824561403509,0.0,0.15,0.321266968326
HCP0213,0.8108108108108108,0.74391614,0.51154977,0.58193563,0.975206611570,0.2857142857142857,0.26925000,0.50000000,0.5749183071650595,0.979166666667,0.6923076923076923,0.900000,0.4201741654571842,0.973333333333,0.2000000000000000,0.50000000,0.35526315789473684,0.0,0.0,0.773755656109
HCP0214,0.5675675675675676,0.78472482,0.55340893,0.60210789,0.975206611570,0.4285714285714286,0.28945000,0E-8,0.6707579501075954,0.979166666667,0.6153846153846154,0.888889,0.48113207547169806,0.946666666667,0.2000000000000000,0.50000000,0.3333333333333333,0.1111111111111111,0.1,0.678733031674
HCP0215,0.7297297297297297,0.49269936,0.28573429,0.45330916,0.867768595041,0.1904761904761905,0.38890000,0E-8,0.3951940702956882,0.979166666667,0.1538461538461538,0.666667,0.3628447024673439,0.937777777778,0.1000000000000000,0.50000000,0.39473684210526316,0.0,0.0,0.194570135747
HCP0216,0.2702702702702703,0.55796830,0.34999300,0.50362647,0.826446280992,0.0476190476190476,0.66665000,0E-8,0.4295847612975213,0.534722222222,0.2307692307692308,0.500000,0.641025641025641,0.377777777778,0.2000000000000000,1.00000000,0.631578947368421,0.05555555555555555,0.05,0.968325791855
HCP0217,0.5945945945945946,0.73518033,0.47725045,0.54839075,0.909090909091,0.8095238095238095,0.22855000,0.62500000,0.45644377141946285,0.986111111111,0.9230769230769231,1.000000,0.5786163522012578,0.853333333333,0.1000000000000000,0.50000000,0.5087719298245614,0.16666666666666666,0.1,0.352941176471
HCP0218,0.8108108108108108,0.57593910,0.43077138,0.60437443,0.983471074380,0.4761904761904762,0.38095000,0.25000000,0.39638957519725837,0.951388888889,0.2307692307692308,1.000000,0.4837929366231253,0.737777777778,0E-16,0E-8,0.0,0.0,0.0,0E-12
HCP0219,0.2972972972972973,0.80144765,0.67870643,0.72529465,1.000000000000,0.5476190476190476,0.29165000,1.00000000,0.6094285486570495,0.930555555556,0.5384615384615385,1.000000,0.37566521528785674,0.924444444444,0.8000000000000000,0.88890000,0.3278947368421053,0.3888888888888889,0.6,1.000000000000
HCP0220,0.3783783783783784,0.58392612,0.23337533,0.32377607,1.000000000000,0.4047619047619048,0.19445000,1.00000000,0.37188172471507136,0.854166666667,0.6153846153846154,0.888889,0.5295113691340106,0.822222222222,0.1000000000000000,0.50000000,0.8508771929824561,0.0,0.0,0.158371040724
HCP0221,0.1081081081081081,0.71995507,0.59232815,0.69254306,0.975206611570,0.5238095238095238,0.26085000,0.33330000,0.6688451422650834,0.972222222222,0.3076923076923077,1.000000,0.35486211901306236,0.986666666667,0.4000000000000000,0.66670000,0.34868421052631576,0.2222222222222222,0.15,1.000000000000
HCP0222,0.3513513513513514,0.71171846,0.63992720,0.75555304,1.000000000000,0.2380952380952381,0.27275000,0E-8,0.264605084880848,0.923611111111,0.1538461538461538,0.666667,0.5887760038703436,0.151111111111,0.1000000000000000,0.50000000,0.4824561403508772,0.0,0.2,0.190045248869
HCP0223,0.7837837837837838,0.63908648,0.38429231,0.49580689,0.950413223140,0.1666666666666667,0.50000000,1.00000000,0.5210807364310194,0.631944444444,0.4615384615384615,1.000000,0.4678277697145622,0.897777777778,0.3000000000000000,1.00000000,0.3830701754385965,0.16666666666666666,0.15,0.579185520362
HCP0224,0.0540540540540541,0.94795957,0.87498250,0.80949683,0.917355371901,0.7142857142857143,0.32260000,0.83330000,0.6969793576153663,1.000000000000,0.4615384615384615,0.857143,0.39622641509433965,0.640000000000,0.4000000000000000,0.80000000,0.5986842105263158,0.2777777777777778,0.35,0.968325791855
HCP0225,0.3513513513513514,0.56907525,0.48005040,0.67996374,0.991735537190,0.4285714285714286,0.28945000,0E-8,0.5767115645174147,1.000000000000,0.2307692307692308,1.000000,0.5079825834542815,0.986666666667,0.2000000000000000,0.66670000,0.6447368421052632,0.1111111111111111,0.05,0.515837104072
HCP0226,0.6486486486486486,0.34431549,0.21307574,0.44072983,0.909090909091,0.3333333333333333,0.10000000,0.66670000,0.26508328684147603,0.902777777778,0.2307692307692308,0.600000,0.8193033381712628,0.960000000000,0.2000000000000000,0.66670000,0.4824561403508772,0.16666666666666666,0.1,0.904977375566
HCP0227,0.2162162162162162,0.68800699,0.60660787,0.73662738,0.950413223140,0.2857142857142857,0.11540000,0.50000000,0.4102972822188571,0.986111111111,0.9230769230769231,0.923077,0.4218674407353652,1.000000000000,0.6000000000000000,0.75000000,0.5321929824561403,0.1111111111111111,0.25,1.000000000000
HCP0228,0.1891891891891892,0.50143517,0.38625227,0.60437443,0.851239669421,0.1666666666666667,0.06250000,0E-8,0.3068861082330438,0.687500000000,0.3846153846153846,0.833333,0.4879051765844219,0.635555555556,0.2000000000000000,0.40000000,0.29385964912280704,0.1111111111111111,0.3,0.742081447964
HCP0229,0.5405405405405405,0.50967178,0.23337533,0.36060743,0.793388429752,0.2857142857142857,0.23075000,0.66670000,0.43711644217741297,0.736111111111,0.6923076923076923,0.818182,0.6165940977261732,0.973333333333,0.1000000000000000,0.33330000,0.45614035087719296,0.1111111111111111,0.0,0.063348416290
HCP0230,0.0810810810810811,0.75452390,0.55998880,0.62964642,0.867768595041,0.5000000000000000,0.27275000,1.00000000,0.7126803219893203,1.000000000000,0.9230769230769231,1.000000,0.556361877116594,0.995555555556,0.3000000000000000,1.00000000,0.5028947368421053,0.1111111111111111,0.3,0.515837104072
HCP0231,0.2702702702702703,0.44103332,0.21881562,0.37771985,0.991735537190,0.3571428571428571,0.31250000,0.50000000,0.36367259105762334,0.888888888889,0.3846153846153846,0.833333,0.6371552975326561,0.680000000000,0.1000000000000000,1.00000000,0.39473684210526316,0.0,0.0,0.416289592760
HCP0232,0.4054054054054054,0.73293398,0.49195016,0.56663645,0.925619834711,0.3333333333333333,0.16665000,0.50000000,0.44046385590180925,0.979166666667,0.5384615384615385,1.000000,0.5312046444121915,0.875555555556,0.3000000000000000,0.60000000,0.520438596491228,0.16666666666666666,0.35,0.904977375566
HCP0233,0.3243243243243243,0.70023711,0.49405012,0.59122847,0.950413223140,0.4047619047619048,0.30555000,0E-8,0.672750458276879,0.944444444444,0.5384615384615385,0.875000,0.44267053701015957,0.906666666667,0.5000000000000000,0.83330000,0.4,0.5555555555555556,0.15,0.805429864253
HCP0234,0.7837837837837838,0.73692749,0.46661067,0.53513146,0.867768595041,0.1904761904761905,0.16665000,0E-8,0.3388060891049653,0.715277777778,0.3076923076923077,1.000000,0.3367198838896952,0.711111111111,0.5000000000000000,0.71430000,0.5824561403508772,0.0,0.0,0.710407239819
HCP0235,0.5135135135135135,0.37339324,0E-8,0E-8,0.917355371901,0.3095238095238095,0.28570000,0.20000000,0.21730294094205793,0.930555555556,0.3846153846153846,1.000000,0.558055152394775,0.933333333333,0.1000000000000000,0.20000000,0.5087719298245614,0.0,0.2,0.289592760181
HCP0236,0.1621621621621622,0.52452265,0.25003500,0.37771985,0.958677685950,0.1666666666666667,0.37500000,0E-8,0.4727823384075875,0.770833333333,0.5384615384615385,0.875000,0.7177068214804063,0.933333333333,0.1000000000000000,0.50000000,0.23684210526315788,0.0,0.05,0.226244343891
HCP0237,0.5945945945945946,0.70685137,0.60450791,0.71770172,0.950413223140,0.2619047619047619,0.20835000,0.66670000,0.6864190643181637,0.972222222222,0.8461538461538462,0.916667,0.6976294146105467,0.977777777778,0.3000000000000000,0.75000000,0.6199122807017544,0.1111111111111111,0.15,0.936651583710
HCP0238,0.7297297297297297,0.72195183,0.51420972,0.59995467,0.933884297521,0.2380952380952381,0.09090000,0E-8,0.5081294333306767,0.930555555556,0.6923076923076923,0.818182,0.46492501209482334,0.848888888889,0.6000000000000000,1.00000000,0.44008771929824564,0.05555555555555555,0.5,1.000000000000
HCP0239,0.2432432432432432,0.50006240,0.27089458,0.42497733,0.950413223140,0.5000000000000000,0.27275000,1.00000000,0.508448234637762,0.972222222222,0.6153846153846154,0.888889,0.4274310595065312,0.982222222222,0.5000000000000000,0.83330000,0.4105263157894737,0.2777777777777778,0.05,0.968325791855
HCP0240,0.4054054054054054,0.49681767,0.22707546,0.35788758,1.000000000000,0.4761904761904762,0.16665000,0E-8,0.5227942934566032,0.993055555556,0.1538461538461538,0.666667,0.3952588292210934,0.848888888889,0.2000000000000000,0.66670000,0.5087719298245614,0.05555555555555555,0.1,0.805429864253
HCP0241,0.8108108108108108,0.62398602,0.51154977,0.67293744,0.876033057851,0.3809523809523810,0.29410000,0.57140000,0.30318004303817647,0.979166666667,0.6923076923076923,0.750000,0.5827285921625545,0.986666666667,0.3000000000000000,0.60000000,0.5379824561403509,0.1111111111111111,0.0,0.642533936652
HCP0242,0.0810810810810811,0.60476725,0.72798544,0.98220762,0.867768595041,0.8809523809523810,0.19735000,0.77780000,0.6443372917828963,0.972222222222,0.3846153846153846,0.833333,0.6008708272859217,0.911111111111,0.5000000000000000,0.83330000,0.4894736842105263,0.05555555555555555,0.35,0.968325791855
HCP0243,0.0540540540540541,0.32397354,0.05837883,0.12590662,0.925619834711,0.3809523809523810,0.38235000,0.60000000,0.45202040328365345,0.791666666667,0.3846153846153846,1.000000,0.3984034833091436,0.648888888889,0.2000000000000000,1.00000000,0.2631578947368421,0.16666666666666666,0.2,0.289592760181
HCP0244,0.4864864864864865,0.57356795,0.34999300,0.49274705,0.966942148760,0.4761904761904762,0.23810000,0.66670000,0.6634255200446323,0.993055555556,0.5384615384615385,0.777778,0.5537010159651669,0.928888888889,0.3000000000000000,1.00000000,0.3508771929824561,0.16666666666666666,0.15,0.805429864253
HCP0245,0.9189189189189189,0.63596655,0.42503150,0.55043064,0.826446280992,0.4285714285714286,0.23685000,0E-8,0.5461863393639914,0.736111111111,0.3846153846153846,1.000000,0.5338655055636188,0.720000000000,0E-16,0E-8,0.0,0.0,0.0,0E-12
HCP0246,0.0270270270270270,0.29002870,0.12179756,0.28331822,0.900826446281,0.1666666666666667,0.50000000,0.50000000,0.5916553757870409,0.986111111111,0.3846153846153846,0.714286,0.6417513304305756,0.884444444444,0.5000000000000000,0.83330000,0.3929824561403509,0.16666666666666666,0.2,0.805429864253
HCP0247,0.4054054054054054,0.05840509,0.03779924,0.18891659,0.892561983471,0.1428571428571429,0.35715000,0E-8,0.2130788236231769,0.840277777778,0.5384615384615385,0.875000,0.5120948234155781,0.728888888889,0.1000000000000000,0.50000000,0.2894736842105263,0.0,0.0,0.773755656109
HCP0248,0.1081081081081081,0.52801697,0.21531569,0.32377607,0.867768595041,0.5238095238095238,0.34785000,0E-8,0.34657687096517104,0.902777777778,0.5384615384615385,0.875000,0.5152394775036283,0.840000000000,0.3000000000000000,1.00000000,0.5935964912280702,0.05555555555555555,0.2,0.904977375566
HCP0249,0.7567567567567568,0.72956446,0.47599048,0.55043064,0.942148760331,0.4523809523809524,0.27500000,1.00000000,0.4752131983741134,0.972222222222,0.3076923076923077,0.666667,0.22980164489598445,1.000000000000,0.2000000000000000,0.66670000,0.45614035087719296,0.0,0.05,0.194570135747
HCP0250,0.8108108108108108,0.50393111,0.29609408,0.46169538,0.884297520661,0.3333333333333333,0.30000000,0.50000000,0.2431656969793576,0.937500000000,0.1538461538461538,0.666667,0.5241896468311562,0.715555555556,0.5000000000000000,0.83330000,0.5298245614035088,0.0,0.0,0.805429864253
HCP0251,0.2432432432432432,0.50006240,0.31611368,0.49580689,0.380165289256,0.3571428571428571,0.21875000,1.00000000,0.3944767673547461,0.951388888889,0.3846153846153846,0.833333,0.3628447024673439,0.622222222222,0.2000000000000000,0.66670000,0.43859649122807015,0.0,0.2,0.642533936652
HCP0252,0.5675675675675676,0.58155497,0.48831023,0.67996374,0.975206611570,0.7380952380952381,0.40625000,0.83330000,0.3816051645811748,0.986111111111,0.6153846153846154,0.888889,0.4569424286405418,0.920000000000,0.3000000000000000,1.00000000,0.5585087719298246,0.3333333333333333,0.05,0.968325791855
HCP0253,0.1621621621621622,0.70285786,0.55004900,0.65605168,0.743801652893,0.6428571428571429,0.33930000,0.66670000,0.643540288515183,0.868055555556,0.4615384615384615,0.857143,0.38945331398161587,1.000000000000,0.7000000000000000,0.87500000,0.422280701754386,0.16666666666666666,0.85,0.647058823529
HCP0254,0.9459459459459459,0.46898789,0.31933361,0.52617860,0.917355371901,0.2380952380952381,0.22725000,0E-8,0.21714354028851515,0.972222222222,0.3846153846153846,1.000000,0.7515723270440251,0.964444444444,0.4000000000000000,1.00000000,0.43859649122807015,0.1111111111111111,0.15,0.484162895928
HCP0255,0.2972972972972973,0.30974666,0.04241915,0.09440163,0.851239669421,0.0952380952380952,0.20000000,1.00000000,0.3132222842113653,0.784722222222,0.4615384615384615,1.000000,0.3952588292210934,0.933333333333,0.2000000000000000,1.00000000,0.4298245614035088,0.0,0.2,0.805429864253
HCP0256,0.7837837837837838,0.61450144,0.46661067,0.62148685,0.983471074380,0.3095238095238095,0.21430000,1.00000000,0.2876783294811509,0.993055555556,0.7692307692307692,0.909091,0.3855829704886308,0.720000000000,0.2000000000000000,0.66670000,0.6491228070175439,0.05555555555555555,0.05,0.321266968326
HCP0257,0.2162162162162162,0.52152752,0.37337253,0.56663645,0.834710743802,0.5238095238095238,0.41305000,1.00000000,0.6695624452060255,1.000000000000,0.4615384615384615,0.666667,0.7714078374455733,0.968888888889,0.3000000000000000,1.00000000,0.5526315789473685,0.0,0.05,0.710407239819
HCP0258,0.5405405405405405,0.47997005,0.26669467,0.43177697,0.958677685950,0.4047619047619048,0.30555000,0E-8,0.533792938551048,0.923611111111,0.3846153846153846,1.000000,0.4129172714078374,1.000000000000,0.3000000000000000,0.60000000,0.37429824561403513,0.0,0.0,0.936651583710
HCP0259,0.5135135135135135,0.40384375,0.17079658,0.31482321,0.801652892562,0.5476190476190476,0.27085000,0.33330000,0.4558061688052921,0.965277777778,0.5384615384615385,0.875000,0.5031446540880502,0.777777777778,0.1000000000000000,0.50000000,0.47368421052631576,0.0,0.0,1.000000000000
HCP0260,0.4594594594594595,0.46399601,0.14363713,0.23855394,0.743801652893,0.2380952380952381,0.22725000,0.33330000,0.4333306766557743,0.930555555556,0.6923076923076923,1.000000,0.43541364296081275,0.897777777778,0.3000000000000000,0.75000000,0.43859649122807015,0.1111111111111111,0.0,0.805429864253
HCP0261,1.0000000000000000,0.51166854,0.21349573,0.32898912,1.000000000000,0.2142857142857143,0.55000000,1.00000000,0.19897186578464968,0.916666666667,0.3076923076923077,1.000000,0.8628447024673439,0.942222222222,0.1000000000000000,0.50000000,0.45614035087719296,0.0,0.0,0.515837104072
HCP0262,0.5675675675675676,0.49444652,0.26039479,0.41205802,0.884297520661,0.1904761904761905,0.33335000,0E-8,0.41974177094126086,0.881944444444,0.1538461538461538,0.666667,0.5321722302854378,0.040000000000,0.3000000000000000,1.00000000,0.5321929824561403,0.2222222222222222,0.3,0.515837104072
HCP0263,0.1891891891891892,0.24322975,0.19305614,0.50362647,0.884297520661,0.5952380952380952,0.30770000,0E-8,0.4079062724157169,0.993055555556,0.4615384615384615,1.000000,0.7902757619738752,0.942222222222,0.3000000000000000,0.75000000,0.39473684210526316,0.05555555555555555,0.25,0.610859728507
HCP0264,0.0810810810810811,0.75452390,0.33599328,0.37771985,0.933884297521,0.4285714285714286,0.23685000,0.80000000,0.5360245477006456,0.944444444444,0.3076923076923077,0.800000,0.5677310111272375,0.617777777778,0.4000000000000000,1.00000000,0.3508771929824561,0.4444444444444444,0.4,0.742081447964
HCP0265,0.4324324324324324,0.54561338,0.36847263,0.53966455,0.942148760331,0.1666666666666667,0.12500000,1.00000000,0.7032358332669165,0.652777777778,0.3846153846153846,1.000000,0.21456216739235603,0.906666666667,0.2000000000000000,0.50000000,0.6622807017543859,0.0,0.15,0.968325791855
HCP0266,0.7027027027027027,0.34993136,0.17499650,0.35788758,0.958677685950,0.2142857142857143,0.15000000,0E-8,0.6160038256156852,0.986111111111,0.2307692307692308,1.000000,0.5321722302854378,0.480000000000,0.1000000000000000,0.33330000,0.4824561403508772,0.0,0.1,0.904977375566
HCP0267,0.3243243243243243,0.36989891,0.12347753,0.24286038,0.900826446281,0.0714285714285714,0.37500000,0E-8,0.5140272575117558,0.986111111111,0.3076923076923077,1.000000,0.6330430575713595,0.813333333333,0.1000000000000000,0.25000000,0.2982456140350877,0.0,0.0,0.936651583710
HCP0268,0.1081081081081081,0.28803195,0.10765785,0.25181324,0.966942148760,0.1190476190476190,0.41665000,0E-8,0.2833346616721129,0.888888888889,0.3846153846153846,1.000000,0.6741654571843252,0.675555555556,0.2000000000000000,0.40000000,0.5657894736842105,0.0,0.1,0.647058823529
HCP0269,0.5135135135135135,0.76912517,0.47809044,0.52889846,0.950413223140,0.3809523809523810,0.23530000,0.40000000,0.6829521001036104,0.951388888889,0.4615384615384615,0.857143,0.5070149975810353,0.760000000000,0.6000000000000000,1.00000000,0.49122807017543857,0.16666666666666666,0.65,0.904977375566
HCP0270,0.8378378378378378,0.46823911,0.29049419,0.47948776,0.966942148760,0.1904761904761905,0.22220000,1.00000000,0.4513828006694827,0.513888888889,0.3076923076923077,1.000000,0.39114658925979684,0.791111111111,0.3000000000000000,0.50000000,0.49412280701754385,0.2777777777777778,0.2,0.515837104072
HCP0271,0.7027027027027027,0.42792961,0.23337533,0.41205802,1.000000000000,0.2380952380952381,0.31820000,0.50000000,0.1778512791902447,1.000000000000,0.3076923076923077,0.800000,0.8967102080309627,0.955555555556,0.1000000000000000,0.50000000,0.47368421052631576,0.0,0.0,1.000000000000
HCP0272,0.7567567567567568,0.40509173,0.22399552,0.41205802,0.991735537190,0.2142857142857143,0.10000000,0.28570000,0.5895831672909858,0.888888888889,0.3076923076923077,0.800000,0.6741654571843252,0.848888888889,0.1000000000000000,1.00000000,0.7192982456140351,0.0,0.0,0.647058823529
HCP0273,0.5135135135135135,0.46474479,0.27313454,0.45330916,0.983471074380,0.5238095238095238,0.34785000,0.66670000,0.6463696501155655,1.000000000000,0.7692307692307692,1.000000,0.7056119980648282,0.853333333333,0.5000000000000000,0.83330000,0.4473684210526316,0.1111111111111111,0.4,0.610859728507
HCP0274,0.0540540540540541,0.27193311,0.11661767,0.28331822,0.661157024793,0.6190476190476190,0.16665000,0.75000000,0.4331712760022316,0.993055555556,0.4615384615384615,0.750000,0.557571359458152,0.915555555556,0.3000000000000000,0.75000000,0.47657894736842105,0.05555555555555555,0.3,0.968325791855
HCP0275,0.2972972972972973,0.57456633,0.25451491,0.35788758,0.991735537190,0.3809523809523810,0.23530000,0.20000000,0.4020482983980234,1.000000000000,0.3076923076923077,1.000000,0.2883405902273827,0.715555555556,0.1000000000000000,1.00000000,0.42105263157894735,0.0,0.1,0.352941176471
HCP0276,0.2702702702702703,0.44103332,0.21881562,0.37771985,0.950413223140,0.3095238095238095,0.17855000,1.00000000,0.3209133657447996,0.701388888889,0.2307692307692308,0.600000,0.5725689404934687,0.777777777778,0.1000000000000000,0.33330000,0.5263157894736842,0.16666666666666666,0.0,0.158371040724
HCP0277,0.7567567567567568,0.50492949,0.16799664,0.26155938,0.975206611570,0.2619047619047619,0.25000000,0E-8,0.3997768390850403,1.000000000000,0.1538461538461538,1.000000,0.8144654088050314,0.275555555556,0.4000000000000000,0.66670000,0.40350877192982454,0.2777777777777778,0.0,0.805429864253
HCP0278,0.4594594594594595,0.36802696,0.25129497,0.49580689,1.000000000000,0.1428571428571429,0.28570000,0E-8,0.17733322706623103,1.000000000000,0.3076923076923077,1.000000,0.28229317851959357,0.951111111111,0.2000000000000000,0.66670000,0.25877192982456143,0.2222222222222222,0.0,0.389140271493
HCP0279,0.8378378378378378,0.60950955,0.36987260,0.49580689,0.966942148760,0.3571428571428571,0.43750000,0.66670000,0.3930421614728621,0.923611111111,0.6153846153846154,1.000000,0.2883405902273827,0.933333333333,0.5000000000000000,1.00000000,0.30000000000000004,0.4444444444444444,0.15,0.873303167421
HCP0280,0.7027027027027027,0.40197180,0.20411592,0.37771985,0.867768595041,0.2380952380952381,0.27275000,1.00000000,0.29261974974097393,0.888888888889,0.6153846153846154,0.888889,0.1693275278180938,0.924444444444,0.3000000000000000,0.50000000,0.432719298245614,0.1111111111111111,0.2,0.904977375566
HCP0281,0.3513513513513514,0.64045925,0.35993280,0.46362194,0.966942148760,0.3333333333333333,0.23335000,0E-8,0.446521080736431,0.881944444444,0.2307692307692308,0.750000,0.43347847121432026,0.280000000000,0.4000000000000000,0.80000000,0.4100877192982456,0.1111111111111111,0.35,0.936651583710
HCP0282,0.8918918918918919,0.42318732,0.10177796,0.18132366,0.983471074380,0.4523809523809524,0.25000000,0.50000000,0.47505379772057066,0.951388888889,0.4615384615384615,0.666667,0.5135462022254474,0.888888888889,0.2000000000000000,0.40000000,0.4517543859649123,0.16666666666666666,0.0,0.190045248869
HCP0283,0.2972972972972973,0.49893922,0.46661067,0.73334089,0.983471074380,0.5000000000000000,0.20455000,0E-8,0.44221726309077874,0.875000000000,0.3846153846153846,1.000000,0.49516207063376866,0.973333333333,0.1000000000000000,1.00000000,0.40350877192982454,0.0,0.0,0.968325791855
HCP0284,0.0540540540540541,0.73992263,0.58336833,0.66659112,0.983471074380,0.2380952380952381,0.18180000,0E-8,0.5537578704072686,0.590277777778,0.6153846153846154,0.666667,0.6168359941944848,0.911111111111,0.1000000000000000,0.50000000,0.4649122807017544,0.16666666666666666,0.1,0.968325791855
HCP0285,0.4324324324324324,0.61138151,0.40529189,0.54204442,0.958677685950,0.2619047619047619,0.45835000,1.00000000,0.5668685741611541,0.736111111111,0.2307692307692308,1.000000,0.7177068214804063,0.617777777778,0.3000000000000000,0.60000000,0.4473684210526316,0.1111111111111111,0.2,0.773755656109
HCP0286,0.5675675675675676,0.75564707,0.29301414,0.32898912,0.884297520661,0.2619047619047619,0.75000000,0.33330000,0.5218777396987326,0.993055555556,0.4615384615384615,0.750000,0.47581035316884374,0.804444444444,0.5000000000000000,1.00000000,0.6052631578947368,0.2222222222222222,0.2,0.904977375566
HCP0287,0.4054054054054054,0.53051292,0.18913622,0.28331822,0.652892561983,0.4761904761904762,0.19050000,0.50000000,0.40710926914800355,1.000000000000,0.6923076923076923,0.900000,0.4443638122883405,0.933333333333,0.1000000000000000,0.50000000,0.7192982456140351,0.16666666666666666,0.0,0.805429864253
HCP0288,0.2162162162162162,0.81280419,0.55998880,0.59122847,0.983471074380,0.2619047619047619,0.29165000,0.75000000,0.8014664860125926,0.590277777778,0.6923076923076923,0.818182,0.5374939525882921,0.857777777778,0.3000000000000000,0.50000000,0.41228070175438597,0.2777777777777778,0.35,0.805429864253
HCP0289,0.4054054054054054,0.36191189,0.18913622,0.37771985,0.942148760331,0.2142857142857143,0.20000000,0E-8,0.4015700964373954,0.951388888889,0.2307692307692308,1.000000,0.15336236090953076,0.826666666667,0E-16,0E-8,0.0,0.0,0.0,0E-12
HCP0290,0.3513513513513514,0.74741046,0.60002800,0.67996374,0.809917355372,0.5000000000000000,0.27275000,0.66670000,0.40228739937833746,0.986111111111,0.6153846153846154,1.000000,0.590711175616836,0.853333333333,0.4000000000000000,0.57140000,0.3881578947368421,0.2222222222222222,0.25,0.904977375566
HCP0291,0.5945945945945946,0.73518033,0.47725045,0.54839075,0.735537190083,0.4047619047619048,0.22220000,0.66670000,0.4378735952817407,0.986111111111,0.4615384615384615,0.666667,0.3442186744073536,0.915555555556,0.1000000000000000,0.33330000,0.4298245614035088,0.0,0.0,0.742081447964
HCP0292,0.6216216216216216,0.66017721,0.46661067,0.58612874,0.983471074380,0.3333333333333333,0.36665000,1.00000000,0.3123057304534948,0.979166666667,0.3076923076923077,1.000000,0.46371552975326563,0.875555555556,0.7000000000000000,1.00000000,0.4699122807017544,0.16666666666666666,0.3,0.873303167421
HCP0293,0.7837837837837838,0.32085361,0.13719726,0.29827743,0.818181818182,0.3571428571428571,0.31250000,0.50000000,0.22515342312903489,0.979166666667,0.3076923076923077,1.000000,0.43347847121432026,0.711111111111,0E-16,0E-8,0.0,0.0,0.0,0E-12
HCP0294,0.6216216216216216,0.41058280,0.24891502,0.45330916,0.983471074380,0.3333333333333333,0.40000000,0E-8,0.4670040647166654,0.993055555556,0.3846153846153846,0.714286,0.6485244315432994,0.906666666667,0.5000000000000000,0.71430000,0.46842105263157896,0.3333333333333333,0.05,0.773755656109
HCP0295,0.4324324324324324,0.51279171,0.36847263,0.56663645,0.685950413223,0.2142857142857143,0.25000000,0E-8,0.10512473101139719,0.895833333333,0.4615384615384615,0.857143,0.3306724721819061,0.817777777778,0.1000000000000000,0.33330000,0.5350877192982456,0.0,0.1,0.936651583710
HCP0296,0.1351351351351351,0.45688257,0.10373793,0.17429737,0.842975206612,0.2857142857142857,0.26925000,0.60000000,0.2624531760580218,0.944444444444,0.6153846153846154,1.000000,0.6664247701983551,0.924444444444,0.4000000000000000,1.00000000,0.47368421052631576,0.05555555555555555,0.1,0.936651583710
HCP0297,0.6486486486486486,0.85972794,0.73036539,0.73504080,0.950413223140,0.2857142857142857,0.42310000,0.50000000,0.5476209452458756,0.951388888889,0.4615384615384615,0.857143,0.4308176100628931,0.751111111111,0.4000000000000000,1.00000000,0.37719298245614036,0.16666666666666666,0.2,0.610859728507
HCP0298,0.7567567567567568,0.77948334,0.50398992,0.55133726,0.950413223140,0.4761904761904762,0.26190000,0.50000000,0.4948593289232486,0.993055555556,0.3076923076923077,1.000000,0.2641509433962264,0.542222222222,0.2000000000000000,0.40000000,0.39473684210526316,0.16666666666666666,0.0,0.710407239819
HCP0299,0.5405405405405405,0.21252964,0.06663867,0.18891659,0.842975206612,0.3809523809523810,0.17645000,1.00000000,0.3494062325655535,0.902777777778,0.0769230769230769,0.500000,0.5362844702467344,0.200000000000,0.5000000000000000,0.83330000,0.5035087719298246,0.05555555555555555,0.25,1.000000000000
HCP0300,0.4594594594594595,0.91201797,0.61024780,0.58386219,0.983471074380,0.3333333333333333,0.50000000,0.60000000,0.6969793576153663,0.937500000000,1.0000000000000000,0.928571,0.4707305273343009,0.871111111111,0.7000000000000000,0.77780000,0.441140350877193,0.2222222222222222,0.3,0.936651583710
HCP0301,0.5135135135135135,0.58654686,0.30729385,0.42497733,0.917355371901,0.5476190476190476,0.27085000,0.33330000,0.5251056029329719,0.986111111111,0.8461538461538462,0.916667,0.32462506047411704,0.995555555556,0.3000000000000000,0.75000000,0.5087719298245614,0.0,0.0,0.904977375566
HCP0302,0.5405405405405405,0.33146138,0.20005600,0.42497733,0.933884297521,0.3571428571428571,0.37500000,0.50000000,0.5773093169681996,1.000000000000,0.3076923076923077,1.000000,0.590711175616836,0.626666666667,0.3000000000000000,1.00000000,0.5497368421052632,0.05555555555555555,0.25,0.904977375566
HCP0303,0.2702702702702703,0.28503682,0.08749825,0.20602901,0.603305785124,0.3571428571428571,0.18750000,0E-8,0.26360883079620623,0.881944444444,0.2307692307692308,0.750000,0.6632801161103048,0.982222222222,0.1000000000000000,0.50000000,0.6228070175438597,0.0,0.0,0.936651583710
HCP0304,0.5945945945945946,0.62173967,0.34999300,0.46169538,0.942148760331,0.5000000000000000,0.45455000,1.00000000,0.4766079540926118,0.993055555556,0.5384615384615385,0.777778,0.5778906627963232,0.911111111111,0.3000000000000000,1.00000000,0.47368421052631576,0.05555555555555555,0.3,0.904977375566
HCP0305,0.4594594594594595,0.75190316,0.61024780,0.68800997,0.884297520661,0.6904761904761905,0.23335000,0.66670000,0.5244680003188014,0.902777777778,0.9230769230769231,1.000000,0.5986937590711175,0.933333333333,0.5000000000000000,1.00000000,0.4719298245614035,0.16666666666666666,0.6,0.805429864253
HCP0306,0.5945945945945946,0.45164108,0.31821364,0.53966455,0.983471074380,0.4285714285714286,0.34210000,0E-8,0.5850800988284052,0.944444444444,0.3846153846153846,1.000000,0.20488630865989357,0.951111111111,0.3000000000000000,1.00000000,0.5818421052631578,0.0,0.1,0.710407239819
HCP0307,0.9189189189189189,0.43541745,0.22497550,0.39233908,0.884297520661,0.3095238095238095,0.28570000,1.00000000,0.40356260460667887,0.819444444444,0.3846153846153846,1.000000,0.7467343976777939,0.982222222222,0.1000000000000000,0.50000000,0.5964912280701754,0.0,0.1,0.515837104072
HCP0308,0.0810810810810811,0.45501061,0.44799104,0.75555304,0.991735537190,0.1666666666666667,0.31250000,1.00000000,0.4232485853191998,0.854166666667,0.5384615384615385,0.777778,0.4678277697145622,0.880000000000,0.4000000000000000,0.80000000,0.375,0.05555555555555555,0.15,0.710407239819
HCP0309,0.5675675675675676,0.26232372,0.09771805,0.24286038,0.785123966942,0.1904761904761905,0.55555000,0E-8,0.3716027735713717,0.868055555556,0.4615384615384615,0.857143,0.7348814707305273,0.964444444444,0.2000000000000000,1.00000000,0.3684210526315789,0.05555555555555555,0.0,1.000000000000
HCP0310,0.3783783783783784,0.75726944,0.34999300,0.39233908,0.925619834711,0.1428571428571429,0.42855000,1.00000000,0.41384394676018177,0.875000000000,0.6923076923076923,0.818182,0.5616835994194485,0.942222222222,0.5000000000000000,0.83330000,0.45964912280701753,0.2777777777777778,0.45,0.484162895928
HCP0311,0.5405405405405405,0.56907525,0.43329133,0.61389393,0.933884297521,0.2380952380952381,0E-8,0E-8,0.37630509285088065,0.916666666667,0.2307692307692308,1.000000,0.3226898887276246,0.991111111111,0.1000000000000000,0.33330000,0.6228070175438597,0.16666666666666666,0.0,0.515837104072
HCP0312,0.2162162162162162,0.77112193,0.37337253,0.41205802,0.958677685950,0.3571428571428571,0.40625000,0E-8,0.5569458834781222,0.909722222222,0.4615384615384615,1.000000,0.6492501209482342,0.982222222222,0.2000000000000000,0.50000000,0.43859649122807015,0.0,0.2,0.610859728507
HCP0313,0.0810810810810811,0.20541620,0.22399552,0.64755213,0.942148760331,0.4285714285714286,0.07895000,0E-8,0.5672670757950109,0.958333333333,0.6923076923076923,0.818182,0.5241896468311562,0.568888888889,0.1000000000000000,0.50000000,0.8070175438596491,0.1111111111111111,0.0,0.904977375566
HCP0314,0.1351351351351351,0.31823287,0.25927481,0.56663645,0.892561983471,0.5476190476190476,0.18750000,0E-8,0.39435721686458913,0.972222222222,0.3076923076923077,0.666667,0.5887760038703436,0.791111111111,0.2000000000000000,0.50000000,0.45614035087719296,0.1111111111111111,0.1,0.678733031674
HCP0315,0.9459459459459459,0.16248596,0.04913902,0.16194470,0.892561983471,0.1428571428571429,0.07145000,0E-8,0.1801625886666135,0.854166666667,0.4615384615384615,0.857143,0.5104015481373971,0.782222222222,0E-16,0E-8,0.0,0.0,0.0,0E-12
HCP0316,0.1621621621621622,0.61362785,0.20005600,0.26665911,1.000000000000,0.1428571428571429,0.21430000,0E-8,0.36586435004383516,0.895833333333,0.2307692307692308,1.000000,0.0,0.853333333333,0E-16,0E-8,0.0,0.0,0.0,0E-12
HCP0317,0.7297297297297297,0.59453388,0.31429371,0.42985041,0.942148760331,0.2142857142857143,0.20000000,1.00000000,0.3779389495496931,0.979166666667,0.3846153846153846,1.000000,0.3742138364779874,0.906666666667,0.3000000000000000,0.75000000,0.29236842105263156,0.16666666666666666,0.3,0.936651583710
HCP0318,0.8648648648648649,0.57244478,0.44071119,0.62148685,1.000000000000,0.6666666666666667,0.36205000,0.66670000,0.5538774208974258,0.972222222222,0.5384615384615385,0.777778,0.4893565553942911,0.782222222222,0.8000000000000000,0.88890000,0.3881578947368421,0.4444444444444444,1.0,0.678733031674
HCP0319,0.5405405405405405,0.62847872,0.30001400,0.39233908,0.876033057851,0.6666666666666667,0.25860000,0.50000000,0.41591615525623654,0.958333333333,0.4615384615384615,0.857143,0.2718916303821964,0.897777777778,0.6000000000000000,0.85710000,0.520438596491228,0.16666666666666666,0.6,0.936651583710
HCP0320,0.2972972972972973,0.72582054,0.50902982,0.59122847,0.909090909091,0.2857142857142857,0.57690000,0.50000000,0.37052681915995855,0.743055555556,0.3076923076923077,1.000000,0.8144654088050314,0.973333333333,0.3000000000000000,0.60000000,0.49412280701754385,0.2222222222222222,0.15,0.868778280543
HCP0321,0.2702702702702703,0.59702983,0.30631387,0.41749773,0.933884297521,0.2619047619047619,0.25000000,0.33330000,0.3672192555989479,0.923611111111,0.2307692307692308,0.750000,0.4879051765844219,0.586666666667,0.1000000000000000,0.50000000,0.2894736842105263,0.0,0.0,0.868778280543
HCP0322,0.9189189189189189,0.54686135,0.27495450,0.40208522,0.834710743802,0.5952380952380952,0.26925000,0E-8,0.5503706065194868,0.972222222222,0.6153846153846154,0.888889,0.29850024189646834,0.995555555556,0E-16,0E-8,0.0,0.0,0.0,0E-12
HCP0323,0.4864864864864865,0.82316236,0.69998600,0.73118767,0.975206611570,0.5000000000000000,0.20455000,1.00000000,0.3375308838766239,0.972222222222,0.5384615384615385,1.000000,0.4378326076439284,0.964444444444,0.4000000000000000,1.00000000,0.5263157894736842,0.4444444444444444,0.15,0.904977375566
HCP0324,0.7297297297297297,0.46724073,0.37141257,0.61389393,0.917355371901,0.3571428571428571,0.31250000,0.25000000,0.4416593608033793,0.972222222222,0.4615384615384615,0.857143,0.4446057087566522,0.973333333333,0.6000000000000000,0.75000000,0.4151754385964912,0.3333333333333333,0.4,1.000000000000
HCP0325,0.8378378378378378,0.39760389,0.15847683,0.29567090,0.975206611570,0.2142857142857143,0.20000000,0E-8,0.3247389814298238,0.847222222222,0.4615384615384615,0.666667,0.3952588292210934,0.831111111111,0.1000000000000000,0.33330000,0.3508771929824561,0.1111111111111111,0.05,0.416289592760
HCP0326,0.4054054054054054,0.49681767,0.49195016,0.77538531,0.950413223140,0.1666666666666667,0.31250000,1.00000000,0.43516378417151513,0.965277777778,0.3846153846153846,0.833333,0.31059506531204645,0.844444444444,0.1000000000000000,1.00000000,0.543859649122807,0.0,0.15,0.936651583710
HCP0327,0.8648648648648649,0.68800699,0.49265015,0.59814143,0.950413223140,0.2380952380952381,0.31820000,1.00000000,0.7987168247389814,0.965277777778,0.6923076923076923,0.818182,0.6451378809869376,0.884444444444,0.6000000000000000,1.00000000,0.4313157894736842,0.5,0.4,0.904977375566
HCP0328,0.6486486486486486,0.66991139,0.54780904,0.67996374,0.636363636364,0.3809523809523810,0.20590000,1.00000000,0.6452936957041524,0.986111111111,0.7692307692307692,0.909091,0.5241896468311562,0.920000000000,0.5000000000000000,1.00000000,0.5912280701754387,0.16666666666666666,0.2,0.805429864253
HCP0329,0.8108108108108108,0.64794709,0.45765085,0.58386219,0.909090909091,0.5952380952380952,0.30770000,0E-8,0.6482027576313064,0.944444444444,0.3076923076923077,0.666667,0.6008708272859217,0.826666666667,0.2000000000000000,0.66670000,0.27631578947368424,0.0,0.2,0.678733031674
HCP0330,0.1081081081081081,0.52801697,0.16155677,0.24286038,0.834710743802,0.1904761904761905,0.33335000,0E-8,0.3070853590499721,0.847222222222,0.2307692307692308,1.000000,0.30648282535074983,0.671111111111,0.3000000000000000,0.75000000,0.40350877192982454,0.05555555555555555,0.0,0.936651583710
HCP0331,0.6216216216216216,0.74341695,0.71552569,0.81459655,0.950413223140,0.5000000000000000,0.43180000,0.75000000,0.5357455965569459,0.979166666667,0.2307692307692308,0.750000,0.5241896468311562,0.973333333333,0.3000000000000000,1.00000000,0.4064035087719298,0.0,0.35,0.837104072398
HCP0332,0.3783783783783784,0.58392612,0.27215456,0.37771985,0.966942148760,0.5476190476190476,0.31250000,0.20000000,0.6509922690683032,0.923611111111,0.6153846153846154,1.000000,0.4455732946298984,0.955555555556,0.3000000000000000,0.75000000,0.4678070175438596,0.0,0.35,0.904977375566
HCP0333,0.5405405405405405,0.50967178,0.39997200,0.61820036,0.942148760331,0.2857142857142857,0.34615000,0E-8,0.7401769347254324,0.979166666667,0.5384615384615385,0.875000,0.49395258829221095,0.835555555556,0.2000000000000000,0.50000000,0.2850877192982456,0.16666666666666666,0.15,0.416289592760
HCP0334,0.1621621621621622,0.43541745,0.14993700,0.26155938,0.983471074380,0.2380952380952381,0.18180000,0.66670000,0.31549374352434845,0.951388888889,0.4615384615384615,0.857143,0.28567972907595546,0.848888888889,0.3000000000000000,0.60000000,0.42105263157894735,0.16666666666666666,0.3,0.868778280543
HCP0335,0.1081081081081081,0.43192312,0.21531569,0.37771985,0.809917355372,0.3571428571428571,0.12500000,0E-8,0.2985574240854388,0.972222222222,0.3846153846153846,0.833333,0.32656023222060954,0.982222222222,0.5000000000000000,0.83330000,0.41754385964912283,0.16666666666666666,0.25,0.868778280543
HCP0336,0.0810810810810811,0.45501061,0.33599328,0.56663645,1.000000000000,0.2380952380952381,0.36365000,1.00000000,0.7628516776918786,0.819444444444,0.8461538461538462,0.916667,0.7438316400580551,0.733333333333,0.2000000000000000,0.50000000,0.5877192982456141,0.0,0.15,0.162895927602
HCP0337,0.7567567567567568,0.75452390,0.55998880,0.62964642,0.975206611570,0.3095238095238095,0.17855000,0E-8,0.6884912728142187,0.854166666667,0.5384615384615385,0.875000,0.7148040638606676,0.871111111111,0.5000000000000000,0.83330000,0.4,0.16666666666666666,0.2,0.968325791855
HCP0338,0.5675675675675676,0.69761637,0.45583088,0.54714415,0.925619834711,0.2380952380952381,0.27275000,0E-8,0.3355383757073404,0.930555555556,0.6153846153846154,1.000000,0.4153362360909531,0.848888888889,0.2000000000000000,1.00000000,0.4517543859649123,0.1111111111111111,0.0,1.000000000000
HCP0339,0.8108108108108108,0.60002496,0.37687246,0.51178604,0.991735537190,0.7619047619047619,0.30305000,0.25000000,0.5531601179564837,0.965277777778,0.4615384615384615,0.857143,0.6831156265118529,0.973333333333,0.7000000000000000,1.00000000,0.39596491228070174,0.3333333333333333,0.5,0.968325791855
HCP0340,0.7567567567567568,0.70460502,0.44799104,0.53331822,0.966942148760,0.5952380952380952,0.42310000,0.40000000,0.4933848728779788,0.972222222222,0.9230769230769231,1.000000,0.5302370585389453,0.893333333333,0.1000000000000000,1.00000000,0.22807017543859648,0.0,0.0,0.289592760181
HCP0341,0.2702702702702703,0.59702983,0.43749125,0.59644152,0.966942148760,0.5000000000000000,0.27275000,0E-8,0.6346935522435644,0.972222222222,0.8461538461538462,1.000000,0.3657474600870827,0.906666666667,0.4000000000000000,1.00000000,0.3684210526315789,0.0,0.0,0.742081447964
HCP0342,0.9459459459459459,0.42518408,0.14741705,0.26155938,0.719008264463,0.5238095238095238,0.19565000,0E-8,0.3909699529768072,0.986111111111,0.4615384615384615,0.857143,0.4412191582002903,0.746666666667,0.3000000000000000,0.75000000,0.432719298245614,0.2222222222222222,0.1,0.837104072398
HCP0343,0.1351351351351351,0.31823287,0.31107378,0.67996374,0.636363636364,0.1428571428571429,0.07145000,0E-8,0.2913445445126325,0.847222222222,0.6153846153846154,1.000000,0.7842283502660861,0.795555555556,0.2000000000000000,0.66670000,0.5701754385964912,0.0,0.2,0.742081447964
HCP0344,0.2432432432432432,0.41956820,0.31611368,0.56663645,0.867768595041,0.2619047619047619,0.29165000,1.00000000,0.6214632979995217,0.923611111111,0.6153846153846154,0.888889,0.3306724721819061,0.840000000000,0.1000000000000000,0.25000000,0.3157894736842105,0.1111111111111111,0.0,0.190045248869
HCP0345,0.6216216216216216,0.60476725,0.40445191,0.54567090,0.909090909091,0.2142857142857143,0.40000000,1.00000000,0.549493902925002,0.958333333333,0.7692307692307692,0.833333,0.5321722302854378,0.866666666667,0.5000000000000000,1.00000000,0.5596491228070175,0.05555555555555555,0.05,0.678733031674
HCP0346,0.2702702702702703,0.55796830,0.17499650,0.25181324,0.644628099174,0.1904761904761905,0.27780000,0.75000000,0.40890252650035863,0.951388888889,0.3076923076923077,0.800000,0.7080309627479439,0.982222222222,0.3000000000000000,0.75000000,0.5116666666666666,0.2777777777777778,0.0,0.968325791855
HCP0347,0.4594594594594595,0.71995507,0.50258995,0.58760199,1.000000000000,0.6904761904761905,0.26665000,0.40000000,0.45118354985255443,0.972222222222,0.6923076923076923,1.000000,0.4274310595065312,0.946666666667,0.5000000000000000,1.00000000,0.46842105263157896,0.1111111111111111,0.3,0.837104072398
HCP0348,0.3513513513513514,0.56907525,0.23995520,0.33998187,0.834710743802,0.4523809523809524,0.32500000,0.33330000,0.49254801944687976,0.979166666667,0.2307692307692308,0.750000,0.42138364779874216,0.906666666667,0.1000000000000000,0.50000000,0.2807017543859649,0.0,0.0,0.095022624434
HCP0349,0.1081081081081081,0.38400100,0.21531569,0.41205802,0.958677685950,0.2380952380952381,0.13635000,0E-8,0.20475013947557189,0.784722222222,0.6153846153846154,0.888889,0.30914368650217705,0.888888888889,0.6000000000000000,0.85710000,0.43859649122807015,0.1111111111111111,0.4,0.873303167421
HCP0350,0.1891891891891892,0.07113441,0.04829903,0.22665458,0.702479338843,0.1190476190476190,0.50000000,0E-8,0.33454212162269864,1.000000000000,0.6923076923076923,0.900000,0.6185292694726656,0.986666666667,0E-16,0E-8,0.0,0.0,0.0,0E-12
HCP0351,0.1621621621621622,0.61362785,0.44995100,0.59995467,0.917355371901,0.7142857142857143,0.30645000,0.80000000,0.6066788873834383,0.979166666667,0.5384615384615385,1.000000,0.4482341557813256,0.977777777778,0.2000000000000000,0.66670000,0.34649122807017546,0.05555555555555555,0.05,0.936651583710
HCP0352,0.1081081081081081,0.28803195,0.16155677,0.37771985,0.694214876033,0.4047619047619048,0.22220000,1.00000000,0.5680640790627242,0.895833333333,0.3846153846153846,1.000000,0.441944847605225,0.755555555556,0.1000000000000000,0.50000000,0.32456140350877194,0.0,0.0,1.000000000000
HCP0353,0.1891891891891892,0.58754524,0.33795324,0.46668178,0.859504132231,0.3809523809523810,0.26470000,0E-8,0.3690922132780744,0.951388888889,0.6923076923076923,1.000000,0.6531204644412191,0.773333333333,0E-16,0E-8,0.0,0.0,0.0,0E-12
HCP0354,0.9189189189189189,0.72507176,0.47501050,0.55213055,1.000000000000,0.5000000000000000,0.31820000,1.00000000,0.5339124890412051,0.965277777778,0.7692307692307692,1.000000,0.39598451862602796,0.866666666667,0.1000000000000000,0.50000000,0.47368421052631576,0.0,0.2,0.710407239819
HCP0355,0.4594594594594595,0.52801697,0.35895282,0.53966455,0.950413223140,0.5476190476190476,0.35415000,1.00000000,0.5248665019526579,0.944444444444,0.3076923076923077,1.000000,0.42138364779874216,0.728888888889,0.3000000000000000,0.60000000,0.37429824561403513,0.16666666666666666,0.2,0.936651583710
HCP0356,0.1351351351351351,0.82665668,0.51854963,0.53966455,0.884297520661,0.5238095238095238,0.26085000,0.50000000,0.47338009085837257,0.979166666667,0.6153846153846154,0.800000,0.49032414126753754,0.844444444444,0.6000000000000000,1.00000000,0.4151754385964912,0.2777777777777778,0.15,1.000000000000
HCP0357,0.1351351351351351,0.54935729,0.41481170,0.60437443,0.652892561983,0.1666666666666667,0.18750000,0E-8,0.29429345660317213,0.888888888889,0.6923076923076923,0.818182,0.37469762941461054,0.960000000000,0.2000000000000000,1.00000000,0.3508771929824561,0.16666666666666666,0.2,0.321266968326
HCP0358,0.4054054054054054,0.59802820,0.49195016,0.66965095,1.000000000000,0.3809523809523810,0.32355000,0.66670000,0.4238064876065992,0.979166666667,0.5384615384615385,0.875000,0.5394291243347847,0.955555555556,0.3000000000000000,0.75000000,0.5789473684210527,0.0,0.15,0.968325791855
HCP0359,0.7297297297297297,0.67103457,0.68570629,0.84995467,0.991735537190,0.4761904761904762,0.26190000,1.00000000,0.5674264764485536,0.993055555556,0.3846153846153846,1.000000,0.7612481857764876,0.986666666667,0.4000000000000000,1.00000000,0.49780701754385964,0.3333333333333333,0.35,0.710407239819
HCP0360,0.8918918918918919,0.46861350,0.27999440,0.46169538,0.983471074380,0.3333333333333333,0.30000000,0.20000000,0.4285486570494939,0.944444444444,0.2307692307692308,0.750000,0.5725689404934687,0.595555555556,0.1000000000000000,0.50000000,0.3508771929824561,0.0,0.05,0.873303167421
HCP0361,0.4054054054054054,0.66541869,0.60534789,0.75555304,1.000000000000,0.5952380952380952,0.19230000,0.33330000,0.45465051406710766,1.000000000000,0.6923076923076923,0.818182,0.6076439283986454,0.995555555556,0.1000000000000000,0.50000000,0.7105263157894737,0.16666666666666666,0.05,0.904977375566
HCP0362,0.6756756756756757,0.65256458,0.41705166,0.52889846,1.000000000000,0.4047619047619048,0.30555000,0.25000000,0.8976249302622141,0.875000000000,0.8461538461538462,0.846154,0.4107402031930333,0.800000000000,0.2000000000000000,1.00000000,0.38596491228070173,0.1111111111111111,0.15,0.805429864253
HCP0363,0.2432432432432432,0.74166979,0.63222736,0.72121487,0.950413223140,0.1904761904761905,0.38890000,1.00000000,0.938192396588826,0.722222222222,0.4615384615384615,0.666667,0.2716497339138848,0.502222222222,0.5000000000000000,0.83330000,0.3684210526315789,0.3888888888888889,0.4,0.968325791855
HCP0364,0.3243243243243243,0.66354674,0.32941341,0.41205802,0.801652892562,0.6190476190476190,0.24075000,1.00000000,0.5609707499800751,0.875000000000,0.6153846153846154,0.727273,0.4978229317851959,0.977777777778,0.2000000000000000,1.00000000,0.37280701754385964,0.0,0.0,0.773755656109
HCP0365,0.2432432432432432,0.17808561,0.09029819,0.28331822,0.752066115702,0.1190476190476190,0.16665000,0E-8,0.23698892165457883,0.895833333333,0.3846153846153846,1.000000,0.5048379293662312,0.751111111111,0.5000000000000000,0.83330000,0.45964912280701753,0.0,0.15,0.904977375566
HCP0366,0.1891891891891892,0.58754524,0.43441131,0.59995467,0.983471074380,0.2857142857142857,0.23075000,0.33330000,0.7317287000876704,0.951388888889,0.4615384615384615,0.857143,0.6209482341557813,0.946666666667,0.3000000000000000,1.00000000,0.44149122807017543,0.1111111111111111,0.15,0.904977375566
HCP0367,0.2162162162162162,0.77112193,0.65336693,0.72121487,0.942148760331,0.5238095238095238,0.30435000,0.40000000,0.5757950107595442,1.000000000000,0.6153846153846154,0.727273,0.6758587324625062,0.986666666667,0.3000000000000000,0.75000000,0.432719298245614,0.1111111111111111,0.05,0.515837104072
HCP0368,0.5405405405405405,0.83651566,0.66666667,0.68687670,0.966942148760,0.6190476190476190,0.25925000,0.57140000,0.6042480274169124,0.986111111111,0.5384615384615385,0.875000,0.4274310595065312,0.973333333333,0.2000000000000000,0.66670000,0.5043859649122807,0.05555555555555555,0.4,0.773755656109
HCP0369,0.7837837837837838,0.46773992,0.30197396,0.49864007,0.801652892562,0.5952380952380952,0.23075000,0.66670000,0.6375627640073325,0.777777777778,0.1538461538461538,0.500000,0.6995645863570392,0.595555555556,0.1000000000000000,0.25000000,0.2982456140350877,0.0,0.0,0.226244343891
HCP0370,0.8378378378378378,0.11493823,0.10569789,0.41205802,0.859504132231,0.1190476190476190,0.16665000,0E-8,0.2432852474695146,0.979166666667,0.2307692307692308,1.000000,0.3144654088050314,0.484444444444,0E-16,0E-8,0.0,0.0,0.0,0E-12
HCP0371,0.5135135135135135,0.34294272,0.10247795,0.21248867,0.776859504132,0.1666666666666667,0.43750000,0E-8,0.22061050450306846,0.923611111111,0.4615384615384615,0.666667,0.37639090469279146,0.977777777778,0.3000000000000000,0.42860000,0.35675438596491227,0.0,0.0,0.547511312217
HCP0372,0.6216216216216216,0.32746786,0.06215876,0.13327289,0.867768595041,0.1428571428571429,0.21430000,0E-8,0.5373794532557584,0.930555555556,0.3846153846153846,0.833333,0.4233188195452346,0.804444444444,0.1000000000000000,0.50000000,0.3157894736842105,0.0,0.05,0.773755656109
HCP0373,0.8648648648648649,0.47997005,0.23337533,0.37771985,1.000000000000,0.1666666666666667,0.43750000,0E-8,0.28297601020164187,0.590277777778,0.8461538461538462,1.000000,0.5505563618771167,0.951111111111,0.4000000000000000,1.00000000,0.36403508771929827,0.0,0.1,0.936651583710
HCP0374,0.2162162162162162,0.47997005,0.27999440,0.45330916,0.975206611570,0.4285714285714286,0.07895000,0.33330000,0.4255598947955687,0.881944444444,0.2307692307692308,1.000000,0.2017416545718433,0.782222222222,0.4000000000000000,0.80000000,0.4583333333333333,0.2777777777777778,0.3,0.968325791855
HCP0375,0.6486486486486486,0.47997005,0.33473331,0.54204442,0.909090909091,0.3095238095238095,0.32145000,0E-8,0.40571451342950504,0.972222222222,0.6923076923076923,0.750000,0.45162070633768747,0.933333333333,0.5000000000000000,0.83330000,0.3912280701754386,0.5555555555555556,0.3,0.547511312217
HCP0376,0.8648648648648649,0.59553226,0.54444911,0.74376700,0.884297520661,0.5952380952380952,0.23075000,1.00000000,0.7424483940384156,0.777777777778,0.3846153846153846,1.000000,0.7805999032414127,0.906666666667,0.7000000000000000,1.00000000,0.446140350877193,0.3333333333333333,0.85,0.742081447964
HCP0377,0.4594594594594595,0.43192312,0.17947641,0.31482321,0.909090909091,0.1666666666666667,0.37500000,1.00000000,0.636048457798677,0.631944444444,0.3076923076923077,1.000000,0.5665215287856797,0.684444444444,0.3000000000000000,1.00000000,0.3333333333333333,0.2222222222222222,0.15,0.773755656109
HCP0378,0.3513513513513514,0.53350805,0.20005600,0.29827743,0.933884297521,0.1428571428571429,0.07145000,0E-8,0.06794452857256714,0.909722222222,0.2307692307692308,1.000000,0.3628447024673439,0.688888888889,0.3000000000000000,1.00000000,0.42692982456140355,0.0,0.25,0.773755656109
HCP0379,0.8918918918918919,0.35517284,0.27999440,0.56663645,0.834710743802,0.1666666666666667,0.31250000,1.00000000,0.32609388698493663,0.944444444444,0.1538461538461538,0.400000,0.712868892114175,0.457777777778,0E-16,0E-8,0.0,0.0,0.0,0E-12
HCP0380,0.2432432432432432,0.54037190,0.31611368,0.46668178,0.859504132231,0.1428571428571429,0.78570000,1.00000000,0.31362078584522196,1.000000000000,0.6923076923076923,1.000000,0.459603289791969,0.982222222222,0.2000000000000000,1.00000000,0.34649122807017546,0.0,0.1,1.000000000000
HCP0381,0.1621621621621622,0.25708224,0.25003500,0.62964642,0.867768595041,0.3333333333333333,0.33335000,0E-8,0.4172710608113493,1.000000000000,0.5384615384615385,0.875000,0.4818577648766328,0.893333333333,0E-16,0E-8,0.0,0.0,0.0,0E-12
HCP0382,0.1891891891891892,0.28628479,0.04829903,0.11332729,0.710743801653,0.2619047619047619,0.29165000,1.00000000,0.35422810233521956,0.930555555556,0.3846153846153846,1.000000,0.36937590711175616,0.728888888889,0.1000000000000000,0.50000000,0.34210526315789475,0.0,0.0,0.095022624434
HCP0383,0.1081081081081081,0.47997005,0.26921462,0.43585675,0.760330578512,0.5238095238095238,0.30435000,0.50000000,0.4634574001753407,0.895833333333,0.3846153846153846,1.000000,0.6790033865505564,0.946666666667,0.3000000000000000,0.60000000,0.4151754385964912,0.0,0.4,1.000000000000
HCP0384,0.5675675675675676,0.61063272,0.39073219,0.52300544,1.000000000000,0.4047619047619048,0.19445000,0.25000000,0.6093886984936638,0.875000000000,0.6153846153846154,1.000000,0.33986453797774546,0.937777777778,0.6000000000000000,1.00000000,0.5774561403508772,0.3888888888888889,0.45,0.837104072398
HCP0385,0.8378378378378378,0.20916011,0.02645947,0.07558930,0.983471074380,0.1904761904761905,0.16665000,0E-8,0.2787518928827608,0.951388888889,0.4615384615384615,1.000000,0.6008708272859217,0.791111111111,0E-16,0E-8,0.0,0.0,0.0,0E-12
HCP0386,0.3243243243243243,0.47997005,0.41173177,0.66659112,1.000000000000,0.2380952380952381,0.27275000,1.00000000,0.4754522993544273,0.930555555556,0.6923076923076923,0.900000,0.5024189646831156,0.964444444444,0.1000000000000000,0.50000000,0.4298245614035088,0.0,0.0,0.805429864253
HCP0387,0.1351351351351351,0.45688257,0.15553689,0.26155938,0.917355371901,0.2857142857142857,0.23075000,0.50000000,0.46489200605722486,0.930555555556,0.3846153846153846,1.000000,0.7951136913401065,0.982222222222,0.3000000000000000,1.00000000,0.3830701754385965,0.16666666666666666,0.15,0.710407239819
HCP0388,0.9189189189189189,0.52452265,0.30001400,0.45330916,0.991735537190,0.5238095238095238,0.17390000,1.00000000,0.5988682553598471,0.951388888889,0.3846153846153846,0.714286,0.6243347847121432,0.817777777778,0.1000000000000000,0.50000000,0.2807017543859649,0.05555555555555555,0.0,0.289592760181
HCP0389,0.7567567567567568,0.50492949,0.19599608,0.30507706,0.942148760331,0.0952380952380952,0.30000000,0E-8,0.3170877500597753,0.826388888889,0.7692307692307692,1.000000,0.4588776003870343,0.920000000000,0.1000000000000000,0.50000000,0.2982456140350877,0.0,0.0,0.226244343891
HCP0390,0.1081081081081081,0.52801697,0.26921462,0.40469175,0.776859504132,0.0952380952380952,0.80000000,1.00000000,0.5639993623973859,0.854166666667,0.3076923076923077,0.800000,0.2726173197871311,0.937777777778,0.5000000000000000,0.62500000,0.5263157894736842,0.05555555555555555,0.0,0.968325791855
HCP0391,0.6756756756756757,0.75876700,0.65532689,0.73334089,0.991735537190,0.2380952380952381,0.36365000,0.50000000,0.5549533753088387,0.930555555556,0.4615384615384615,0.857143,0.45500725689404936,0.902222222222,0.3000000000000000,0.60000000,0.4181578947368421,0.05555555555555555,0.15,0.610859728507
HCP0392,0.1621621621621622,0.61362785,0.55004900,0.73334089,0.809917355372,0.5714285714285714,0.26000000,0E-8,0.739499481947876,0.972222222222,0.7692307692307692,0.833333,0.5302370585389453,0.995555555556,0.1000000000000000,1.00000000,0.16666666666666666,0.16666666666666666,0.1,0.873303167421
HCP0393,0.8918918918918919,0.69549482,0.45821084,0.55133726,0.983471074380,0.5000000000000000,0.31820000,0.66670000,0.5304056746632663,0.993055555556,0.2307692307692308,0.750000,0.4576681180454765,0.853333333333,0.5000000000000000,0.62500000,0.5473684210526316,0.3333333333333333,0.25,0.968325791855
HCP0394,0.7297297297297297,0.64557594,0.51420972,0.65797824,0.925619834711,0.4761904761904762,0.26190000,0.66670000,0.6223400015940066,0.972222222222,0.3076923076923077,0.666667,0.5766811804547654,0.991111111111,0.2000000000000000,0.50000000,0.2412280701754386,0.16666666666666666,0.15,0.420814479638
HCP0395,0.6756756756756757,0.54636216,0.20845583,0.30507706,0.892561983471,0.3333333333333333,0.23335000,0.50000000,0.14923886187933372,0.909722222222,0.3076923076923077,1.000000,0.38509917755200773,0.715555555556,0.6000000000000000,1.00000000,0.47368421052631576,0.0,0.4,1.000000000000
HCP0396,0.2702702702702703,0.55796830,0.34999300,0.50362647,0.768595041322,0.1904761904761905,0.22220000,0E-8,0.3240615286522675,0.993055555556,0.3846153846153846,1.000000,0.49032414126753754,0.791111111111,0.3000000000000000,0.75000000,0.5409649122807018,0.16666666666666666,0.3,0.710407239819
HCP0397,0.8108108108108108,0.50393111,0.18843623,0.29385766,0.991735537190,0.2380952380952381,0.22725000,1.00000000,0.4702717781142903,0.979166666667,0.6923076923076923,0.818182,0.5791001451378811,0.977777777778,0.7000000000000000,1.00000000,0.4060526315789474,0.2777777777777778,0.2,0.868778280543
HCP0398,0.6756756756756757,0.54636216,0.26809464,0.39233908,0.917355371901,0.4047619047619048,0.08335000,0.33330000,0.49517813023033397,0.923611111111,0.5384615384615385,1.000000,0.45863570391872277,0.871111111111,0.1000000000000000,0.33330000,0.47368421052631576,0.0,0.05,0.484162895928
HCP0399,0.9459459459459459,0.86309747,0.71230575,0.71441523,0.950413223140,0.7142857142857143,0.32260000,1.00000000,0.6019765681039292,0.972222222222,0.4615384615384615,0.857143,0.3202709240445089,0.800000000000,0.4000000000000000,1.00000000,0.3991228070175439,0.0,0.35,0.773755656109
HCP0400,0.5945945945945946,0.50829901,0.22273555,0.34485494,0.950413223140,0.2619047619047619,0.25000000,0E-8,0.33860683828803706,0.923611111111,0.3846153846153846,1.000000,0.5145137880986937,0.995555555556,0.2000000000000000,0.66670000,0.3157894736842105,0.0,0.0,1.000000000000
HCP0401,0.5675675675675676,0.49444652,0.29301414,0.46362194,0.983471074380,0.2142857142857143,0.25000000,0E-8,0.5152626125767116,0.930555555556,0.3846153846153846,0.833333,0.7218190614417029,0.782222222222,0.3000000000000000,1.00000000,0.5760526315789474,0.0,0.0,0.968325791855
HCP0402,0.6486486486486486,0.64270560,0.36525269,0.46894832,0.991735537190,0.2619047619047619,0.20835000,0E-8,0.48756674902367103,0.770833333333,0.5384615384615385,0.875000,0.5967585873246251,0.800000000000,0.3000000000000000,0.75000000,0.49412280701754385,0.2777777777777778,0.2,0.678733031674
HCP0403,0.2432432432432432,0.54037190,0.27089458,0.39993200,0.842975206612,0.3333333333333333,0.30000000,0E-8,0.5223957918227464,0.909722222222,0.7692307692307692,1.000000,0.7249637155297531,0.968888888889,0.3000000000000000,1.00000000,0.39184210526315794,0.16666666666666666,0.0,0.873303167421
HCP0404,0.7567567567567568,0.72956446,0.47599048,0.55043064,0.859504132231,0.1428571428571429,0.21430000,1.00000000,0.44448872240376186,0.958333333333,0.3076923076923077,1.000000,0.7600387034349299,0.720000000000,0.1000000000000000,0.25000000,0.2543859649122807,0.0,0.0,0.547511312217
HCP0405,0.4324324324324324,0.67702483,0.25787484,0.31731641,0.801652892562,0.0476190476190476,0.50000000,0.50000000,0.48067267075795006,0.944444444444,0.4615384615384615,1.000000,0.7339138848572812,0.960000000000,0.3000000000000000,1.00000000,0.35675438596491227,0.2222222222222222,0.15,0.579185520362
HCP0406,0.4594594594594595,0.78397604,0.28713426,0.31266999,0.991735537190,0.0714285714285714,0.62500000,0E-8,0.3427911054435323,0.812500000000,0.5384615384615385,1.000000,0.6865021770682148,0.946666666667,0.1000000000000000,0.33330000,0.3333333333333333,0.0,0.15,0.805429864253
HCP0407,0.1621621621621622,0.21252964,0.04997900,0.14165911,0.785123966942,0.3095238095238095,0.03570000,0E-8,0.14266358492069817,1.000000000000,0.2307692307692308,1.000000,0.7418964683115626,0.995555555556,0.2000000000000000,0.50000000,0.40789473684210525,0.16666666666666666,0.25,0.936651583710
HCP0408,0.1621621621621622,0.74741046,0.69998600,0.79329102,1.000000000000,0.5952380952380952,0.46155000,0.75000000,0.5131107037538853,0.930555555556,0.5384615384615385,1.000000,0.36865021770682144,0.835555555556,0.4000000000000000,1.00000000,0.5372807017543859,0.2222222222222222,0.25,0.904977375566
HCP0409,0.1621621621621622,0.97029827,0.60002800,0.54397099,0.991735537190,0.2857142857142857,0.23075000,0.50000000,0.4656093089981668,0.847222222222,0.6153846153846154,0.800000,0.4733913884857281,0.991111111111,0.3000000000000000,0.75000000,0.3625438596491228,0.1111111111111111,0.1,0.610859728507
HCP0410,0.6486486486486486,0.12729315,0.03037939,0.11332729,0.851239669421,0.1666666666666667,0.18750000,1.00000000,0.42982386227783537,0.569444444444,0.6153846153846154,1.000000,0.6149008224479923,0.968888888889,0E-16,0E-8,0.0,0.0,0.0,0E-12
HCP0411,0.2432432432432432,0.74166979,0.45163097,0.51507253,0.925619834711,0.4761904761904762,0.40475000,0E-8,0.6475651550171356,1.000000000000,0.5384615384615385,1.000000,0.579583938074504,0.791111111111,0.4000000000000000,0.57140000,0.46271929824561403,0.3888888888888889,0.25,0.968325791855
HCP0412,0.7837837837837838,0.46773992,0.27453451,0.45330916,0.991735537190,0.4047619047619048,0.19445000,0E-8,0.7819797561170002,0.979166666667,0.3076923076923077,1.000000,0.3004354136429608,0.715555555556,0.4000000000000000,0.80000000,0.45614035087719296,0.2222222222222222,0.05,0.968325791855
HCP0413,0.5675675675675676,0.63958567,0.45583088,0.58760199,0.867768595041,0.4047619047619048,0.22220000,1.00000000,0.3998963895751973,1.000000000000,0.6153846153846154,1.000000,0.5302370585389453,0.955555555556,0.4000000000000000,0.80000000,0.5,0.16666666666666666,0.1,1.000000000000
HCP0414,0.4864864864864865,0.44877075,0.24499510,0.41749773,0.909090909091,0.4047619047619048,0.27780000,0.50000000,0.565792619749741,0.881944444444,0.6153846153846154,0.888889,0.3144654088050314,0.760000000000,0.3000000000000000,0.60000000,0.520438596491228,0.0,0.25,0.968325791855
HCP0415,0.3783783783783784,0.75726944,0.34999300,0.39233908,0.991735537190,0.4523809523809524,0.40000000,1.00000000,0.41671315852394997,1.000000000000,0.6153846153846154,1.000000,0.6693275278180938,0.964444444444,0.2000000000000000,0.66670000,0.3201754385964912,0.0,0.2,1.000000000000
HCP0416,0.4324324324324324,0.25009360,0.11045779,0.28331822,0.694214876033,0.0714285714285714,0.25000000,0E-8,0.08416354507053475,0.527777777778,0.3076923076923077,0.666667,0.5684567005321722,0.986666666667,0E-16,0E-8,0.0,0.0,0.0,0E-12
HCP0417,0.0270270270270270,0.66991139,0.36525269,0.45330916,0.859504132231,0.0952380952380952,0.40000000,1.00000000,0.47804255997449585,0.937500000000,0.3846153846153846,1.000000,0.5193517174649249,0.688888888889,0.4000000000000000,0.80000000,0.5701754385964912,0.0,0.0,0.936651583710
HCP0418,0.0810810810810811,0.60476725,0.55998880,0.75555304,0.917355371901,0.1904761904761905,0.33335000,0.50000000,0.44823463776201483,0.638888888889,0.2307692307692308,0.600000,0.9354136429608128,0.791111111111,0.6000000000000000,0.85710000,0.5116666666666666,0.16666666666666666,0.2,0.936651583710
HCP0419,0.6216216216216216,0.54935729,0.31107378,0.45330916,0.925619834711,0.6428571428571429,0.19645000,0.20000000,0.31115007571531045,0.979166666667,0.6153846153846154,1.000000,0.6240928882438317,0.951111111111,0.3000000000000000,0.42860000,0.47078947368421054,0.16666666666666666,0.05,0.936651583710
HCP0420,0.6216216216216216,0.79895170,0.74660507,0.79997733,0.867768595041,0.5238095238095238,0.23915000,1.00000000,0.48234637762014826,0.923611111111,0.7692307692307692,0.909091,0.5418480890179003,0.982222222222,0.4000000000000000,1.00000000,0.5328947368421053,0.5,0.1,0.904977375566
HCP0421,0.7837837837837838,0.66354674,0.54906902,0.68687670,1.000000000000,0.7380952380952381,0.23440000,0.33330000,0.7224037618554238,0.958333333333,0.6153846153846154,0.727273,0.5043541364296081,0.635555555556,0.3000000000000000,0.75000000,0.47078947368421054,0.1111111111111111,0.2,1.000000000000
HCP0422,0.3783783783783784,0.82665668,0.50552989,0.52617860,0.991735537190,0.5714285714285714,0.32000000,0.66670000,0.6083525942456365,1.000000000000,0.2307692307692308,1.000000,0.7498790517658441,0.622222222222,0.5000000000000000,1.00000000,0.4157894736842105,0.3333333333333333,0.55,0.936651583710
HCP0423,0.5945945945945946,0.42318732,0.28629427,0.50997280,0.909090909091,0.3333333333333333,0.20000000,0E-8,0.6095879493105922,0.840277777778,0.2307692307692308,0.600000,0.4129172714078374,0.866666666667,0.2000000000000000,0.66670000,0.6622807017543859,0.1111111111111111,0.1,0.968325791855
HCP0424,0.7297297297297297,0.51815799,0.34285314,0.52300544,0.892561983471,0.2380952380952381,0.36365000,0E-8,0.30190483780983507,0.909722222222,0.3076923076923077,1.000000,0.6451378809869376,0.760000000000,0.2000000000000000,0.50000000,0.5833333333333334,0.0,0.25,0.321266968326
HCP0425,0.6756756756756757,0.49319855,0.44673107,0.70829556,0.892561983471,0.5000000000000000,0.13635000,0.40000000,0.44676018171674503,0.993055555556,0.4615384615384615,0.857143,0.5208030962747944,0.911111111111,0.1000000000000000,0.20000000,0.4298245614035088,0.0,0.0,0.615384615385
HCP0426,0.5135135135135135,0.76912517,0.64874703,0.71770172,0.942148760331,0.3095238095238095,0.35715000,0.66670000,0.5608910496533036,0.951388888889,0.3846153846153846,0.833333,0.459603289791969,0.866666666667,0.2000000000000000,0.66670000,0.41228070175438597,0.1111111111111111,0.0,0.416289592760
HCP0427,0.4054054054054054,0.69923874,0.49195016,0.58930190,0.975206611570,0.1428571428571429,0.35715000,0E-8,0.4480752371084722,0.805555555556,0.3846153846153846,1.000000,0.4709724238026124,0.862222222222,0.2000000000000000,0.66670000,0.4342105263157895,0.0,0.0,1.000000000000
HCP0428,0.4594594594594595,0.46399601,0.07181856,0.11933364,0.735537190083,0.1904761904761905,0.16665000,0E-8,0.2985574240854388,0.986111111111,0.6923076923076923,1.000000,0.5188679245283019,1.000000000000,0E-16,0E-8,0.0,0.0,0.0,0E-12
HCP0429,0.4864864864864865,0.51116935,0.13999720,0.21588849,1.000000000000,0.3809523809523810,0.35295000,0.16670000,0.46568900932493823,0.993055555556,0.1538461538461538,0.666667,0.26608611514271885,0.906666666667,0.1000000000000000,0.50000000,0.6052631578947368,0.0,0.0,0.642533936652
HCP0430,0.3513513513513514,0.53350805,0.23995520,0.35788758,0.925619834711,0.5000000000000000,0.29545000,0.66670000,0.5131107037538853,0.965277777778,0.3076923076923077,1.000000,0.5544267053701016,0.955555555556,0.3000000000000000,0.75000000,0.3479824561403509,0.16666666666666666,0.1,0.710407239819
HCP0431,0.2702702702702703,0.55796830,0.26249475,0.37771985,0.702479338843,0.3095238095238095,0.10715000,0.50000000,0.44130070933290827,0.770833333333,0.4615384615384615,1.000000,0.5241896468311562,0.853333333333,0.5000000000000000,0.62500000,0.41228070175438597,0.0,0.3,0.805429864253
HCP0432,0.3243243243243243,0.62673156,0.32941341,0.43177697,0.958677685950,0.4523809523809524,0.22500000,0.57140000,0.5642783135410856,1.000000000000,0.6923076923076923,1.000000,0.6020803096274794,0.960000000000,0.3000000000000000,0.75000000,0.45614035087719296,0.1111111111111111,0.3,1.000000000000
HCP0433,0.5135135135135135,0.49519531,0.20481590,0.32377607,0.975206611570,0.3571428571428571,0.40625000,0.16670000,0.6577667968438671,0.979166666667,0.5384615384615385,0.700000,0.492743105950653,0.920000000000,0E-16,0E-8,0.0,0.0,0.0,0E-12
HCP0434,0.4054054054054054,0.36191189,0.22707546,0.45330916,0.950413223140,0.2619047619047619,0.54165000,0E-8,0.1784888818044154,0.965277777778,0.6923076923076923,1.000000,0.7607643928398645,0.902222222222,0.5000000000000000,0.83330000,0.5035087719298246,0.05555555555555555,0.3,0.968325791855
HCP0435,0.2432432432432432,0.21827031,0.04521910,0.12590662,1.000000000000,0.3333333333333333,0.20000000,0.33330000,0.3339443691719136,0.951388888889,0.7692307692307692,1.000000,0.3645379777455248,0.960000000000,0.5000000000000000,0.83330000,0.37719298245614036,0.16666666666666666,0.35,0.547511312217
HCP0436,0.9189189189189189,0.34631224,0.14993700,0.30904352,1.000000000000,0.2380952380952381,0.27275000,0.50000000,0.5067745277755639,0.916666666667,0.5384615384615385,0.875000,0.5786163522012578,0.937777777778,0.2000000000000000,0.40000000,0.5877192982456141,0.0,0.2,0.805429864253
HCP0437,0.1891891891891892,0.50143517,0.28965421,0.45330916,0.834710743802,0.2142857142857143,0.35000000,0.33330000,0.5354267952498606,0.861111111111,0.5384615384615385,0.875000,0.40324141267537494,0.906666666667,0.3000000000000000,1.00000000,0.3157894736842105,0.05555555555555555,0.0,0.873303167421
HCP0438,0.7027027027027027,0.61000874,0.34999300,0.46894832,0.892561983471,0.1190476190476190,0.41665000,0E-8,0.3266916394357217,0.965277777778,0.1538461538461538,0.500000,0.9112239961296564,0.257777777778,0.1000000000000000,1.00000000,0.2807017543859649,0.16666666666666666,0.15,0.936651583710
HCP0439,0.0810810810810811,0.30525396,0.16799664,0.37771985,0.991735537190,0.4761904761904762,0.16665000,0E-8,0.4436518689726628,0.972222222222,0.2307692307692308,0.750000,0.25205611998064825,0.768888888889,0.2000000000000000,0.50000000,0.5482456140350878,0.16666666666666666,0.15,0.484162895928
HCP0440,0.2972972972972973,0.42318732,0.25451491,0.45330916,0.867768595041,0.3809523809523810,0.35295000,1.00000000,0.45389336096277993,1.000000000000,0.3076923076923077,1.000000,0.3306724721819061,0.591111111111,0.5000000000000000,1.00000000,0.5578947368421052,0.6111111111111112,0.35,0.647058823529
HCP0441,0.5945945945945946,0.70685137,0.31821364,0.37771985,1.000000000000,0.3095238095238095,0.35715000,1.00000000,0.6348928030604926,0.930555555556,0.8461538461538462,0.916667,0.32462506047411704,0.831111111111,0.5000000000000000,0.83330000,0.4631578947368421,0.16666666666666666,0.1,0.904977375566
HCP0442,0.3513513513513514,0.81866966,0.67996640,0.71350861,0.884297520661,0.6666666666666667,0.29310000,0.25000000,0.3358571770144258,0.902777777778,0.2307692307692308,1.000000,0.49201741654571846,0.733333333333,0.2000000000000000,0.40000000,0.6052631578947368,0.16666666666666666,0.2,0.158371040724
HCP0443,0.2432432432432432,0.74166979,0.58714826,0.66965095,0.975206611570,0.3333333333333333,0.23335000,0.33330000,0.34956563321909623,0.993055555556,0.3846153846153846,0.714286,0.4862119013062409,0.626666666667,0.4000000000000000,1.00000000,0.33114035087719296,0.3333333333333333,0.15,0.936651583710
HCP0444,0.9459459459459459,0.70984650,0.54038919,0.63927924,0.900826446281,0.1904761904761905,0.27780000,1.00000000,0.655375787040727,0.715277777778,0.6153846153846154,0.800000,0.5120948234155781,0.888888888889,0.4000000000000000,0.80000000,0.6074561403508771,0.1111111111111111,0.2,0.904977375566
HCP0445,0.7027027027027027,0.73992263,0.55410892,0.63327289,0.950413223140,0.3571428571428571,0.15625000,0.33330000,0.5932493823224676,0.930555555556,0.3846153846153846,1.000000,0.6790033865505564,0.826666666667,0.3000000000000000,1.00000000,0.3830701754385965,0.0,0.1,0.742081447964
HCP0446,0.1891891891891892,0.63060027,0.53100938,0.69254306,0.966942148760,0.3809523809523810,0.23530000,0.40000000,0.41113413564995616,0.875000000000,0.5384615384615385,0.777778,0.5135462022254474,0.777777777778,0.5000000000000000,0.83330000,0.543859649122807,0.16666666666666666,0.35,0.837104072398
HCP0447,0.6756756756756757,0.59940097,0.53618928,0.72858114,1.000000000000,0.8333333333333333,0.20835000,0.57140000,0.8016258866661354,1.000000000000,0.3846153846153846,0.833333,0.318577648766328,0.697777777778,0.2000000000000000,1.00000000,0.32894736842105265,0.1111111111111111,0.05,0.416289592760
HCP0448,0.3513513513513514,0.89005366,0.76004480,0.74252040,1.000000000000,0.3571428571428571,0.31250000,0E-8,0.5087271857814617,0.875000000000,0.3076923076923077,0.666667,0.5079825834542815,0.875555555556,0.2000000000000000,0.66670000,0.3201754385964912,0.0,0.15,0.936651583710
HCP0449,0.0540540540540541,0.37601398,0.29161417,0.56663645,0.867768595041,0.2380952380952381,0.22725000,0E-8,0.4700725272973619,0.937500000000,0.2307692307692308,0.750000,0.27019835510401546,0.942222222222,0.9000000000000000,1.00000000,0.5555263157894736,0.3333333333333333,0.6,1.000000000000
HCP0450,0.1351351351351351,0.91913141,0.82962341,0.78841795,0.983471074380,0.2380952380952381,0.27275000,0E-8,0.4625009962540846,0.881944444444,0.3076923076923077,1.000000,0.6753749395258829,0.866666666667,0.4000000000000000,1.00000000,0.4692982456140351,0.16666666666666666,0.35,0.904977375566
HCP0451,0.4054054054054054,0.22700612,0E-8,0E-8,0.933884297521,0.1904761904761905,0.16665000,0E-8,0.21176376823144974,0.986111111111,0.2307692307692308,0.750000,0.22181906144170294,0.675555555556,0.2000000000000000,1.00000000,0.4342105263157895,0.0,0.1,0.352941176471
HCP0452,0.1081081081081081,0.57593910,0.48467031,0.67996374,0.950413223140,0.2380952380952381,0.40910000,0E-8,0.3112297760420818,0.715277777778,0.4615384615384615,0.857143,0.48282535074987903,0.977777777778,0.2000000000000000,0.66670000,0.39035087719298245,0.05555555555555555,0.15,0.678733031674
HCP0453,0.8378378378378378,0.39760389,0.10569789,0.19707616,0.958677685950,0.3809523809523810,0.17645000,0.60000000,0.53718020243883,0.986111111111,0.3076923076923077,0.571429,0.5275761973875182,0.937777777778,0.1000000000000000,0.33330000,0.5614035087719298,0.0,0.0,0.352941176471
HCP0454,0.1621621621621622,0.61362785,0.34999300,0.46668178,0.611570247934,0.4523809523809524,0.25000000,0.50000000,0.5272575117557982,0.715277777778,0.7692307692307692,0.833333,0.5805515239477503,0.924444444444,0.4000000000000000,0.66670000,0.5219298245614035,0.0,0.65,0.904977375566
HCP0455,0.4594594594594595,0.23998502,0.10765785,0.28331822,0.925619834711,0.0476190476190476,0.33335000,0E-8,0.13305969554475175,0.722222222222,0.2307692307692308,1.000000,0.822447992259313,0.920000000000,0E-16,0E-8,0.0,0.0,0.0,0E-12
HCP0456,1.0000000000000000,0.27904655,0.23729525,0.56663645,0.892561983471,0.6428571428571429,0.30355000,0.20000000,0.42699450067745276,0.923611111111,0.6923076923076923,0.818182,0.49564586357039186,0.897777777778,0.1000000000000000,1.00000000,0.6491228070175439,0.0,0.0,0.936651583710
HCP0457,0.0540540540540541,0.58392612,0.34999300,0.48572076,1.000000000000,0.0952380952380952,0.10000000,0E-8,0.5001195504901571,0.722222222222,0.3076923076923077,1.000000,0.6088534107402032,0.866666666667,0.2000000000000000,0.50000000,0.618421052631579,0.0,0.15,0.904977375566
HCP0458,0.4594594594594595,0.23998502,0E-8,0E-8,0.975206611570,0.1428571428571429,0.14285000,0E-8,0.2629313780186499,0.937500000000,0.4615384615384615,1.000000,0.4879051765844219,0.822222222222,0.2000000000000000,0.66670000,0.4824561403508772,0.05555555555555555,0.0,0.610859728507
HCP0459,0.3783783783783784,0.54935729,0.31107378,0.45330916,0.867768595041,0.5476190476190476,0.22915000,0.66670000,0.5931298318323106,0.916666666667,0.2307692307692308,1.000000,0.07256894049346879,0.897777777778,0.2000000000000000,1.00000000,0.4605263157894737,0.0,0.05,0.868778280543
HCP0460,0.5675675675675676,0.26232372,0.16281674,0.40469175,0.909090909091,0.1904761904761905,0.27780000,0E-8,0.25221168406790473,0.875000000000,0.3846153846153846,0.833333,0.374939525882922,0.817777777778,0.2000000000000000,1.00000000,0.3815789473684211,0.0,0.0,0.936651583710
HCP0461,0.1081081081081081,0.23998502,0.05389892,0.14165911,1.000000000000,0.2142857142857143,0.10000000,0.60000000,0.4425759145612497,0.993055555556,0.2307692307692308,0.750000,0.7237542331881954,0.982222222222,0.2000000000000000,0.66670000,0.4605263157894737,0.0,0.0,0.484162895928
HCP0462,0.2432432432432432,0.54037190,0.31611368,0.46668178,0.983471074380,0.5952380952380952,0.17310000,0.57140000,0.601896867777158,1.000000000000,0.7692307692307692,0.909091,0.4891146589259796,0.893333333333,0.2000000000000000,0.66670000,0.5087719298245614,0.16666666666666666,0.0,0.805429864253
HCP0463,0.9189189189189189,0.52452265,0.32493350,0.49104714,0.867768595041,0.3571428571428571,0.31250000,0.50000000,0.6072367896708376,0.881944444444,0.3846153846153846,1.000000,0.32583454281567487,0.924444444444,0.2000000000000000,0.66670000,0.33771929824561403,0.05555555555555555,0.0,0.678733031674
HCP0464,0.5405405405405405,0.47997005,0.23337533,0.37771985,0.611570247934,0.2380952380952381,0.36365000,1.00000000,0.39176695624452057,0.937500000000,0.6153846153846154,0.888889,0.43009192065795837,0.924444444444,0.5000000000000000,0.71430000,0.3719298245614035,0.0,0.3,0.579185520362
HCP0465,0.0540540540540541,0.63596655,0.40837183,0.52889846,1.000000000000,0.2142857142857143,0.40000000,0.50000000,0.6937913445445127,0.854166666667,0.3076923076923077,1.000000,0.5362844702467344,0.924444444444,0.3000000000000000,1.00000000,0.3625438596491228,0.1111111111111111,0.2,0.837104072398
HCP0466,0.3783783783783784,0.68800699,0.46661067,0.56663645,0.983471074380,0.4761904761904762,0.16665000,0E-8,0.3562604606678887,0.895833333333,0.2307692307692308,0.600000,0.441944847605225,0.773333333333,0.4000000000000000,0.80000000,0.34649122807017546,0.0,0.35,0.968325791855
HCP0467,0.8378378378378378,0.65655809,0.50188996,0.63327289,0.975206611570,0.5000000000000000,0.25000000,0.50000000,0.6065194867298955,0.756944444444,0.6153846153846154,0.800000,0.7443154329946783,0.888888888889,0.2000000000000000,0.50000000,0.4649122807017544,0.0,0.15,0.873303167421
HCP0468,0.4054054054054054,0.76662923,0.34047319,0.37771985,0.991735537190,0.2619047619047619,0.16665000,0E-8,0.2968837172232407,0.993055555556,0.2307692307692308,0.750000,0.7660861151427188,0.835555555556,0.3000000000000000,0.75000000,0.3537719298245614,0.3333333333333333,0.05,0.868778280543
HCP0469,0.2162162162162162,0.27193311,0.18661627,0.45330916,1.000000000000,0.0952380952380952,0.70000000,0E-8,0.38590898222682707,0.930555555556,0.3076923076923077,0.800000,0.5435413642960812,0.977777777778,0.2000000000000000,0.66670000,0.49122807017543857,0.0,0.0,0.710407239819
HCP0470,0.4054054054054054,0.42942718,0.22707546,0.39993200,0.983471074380,0.1428571428571429,0.07145000,0.85710000,0.5493345022714594,0.659722222222,0.6153846153846154,1.000000,0.34276729559748426,0.782222222222,0.2000000000000000,0.66670000,0.4649122807017544,0.05555555555555555,0.1,0.352941176471
HCP0471,0.2972972972972973,0.38537377,0.21209576,0.40469175,0.859504132231,0.1190476190476190,0.16665000,0.33330000,0.05957599426157648,0.916666666667,0.3846153846153846,1.000000,0.6644895984518625,0.862222222222,0.2000000000000000,1.00000000,0.2982456140350877,0.05555555555555555,0.0,0.742081447964
HCP0472,0.4054054054054054,0.42942718,0.22707546,0.39993200,0.859504132231,0.0476190476190476,0.33335000,0E-8,0.22467522116840682,0.048611111111,0.4615384615384615,0.857143,0.4862119013062409,0.968888888889,0E-16,0E-8,0.0,0.0,0.0,0E-12
HCP0473,0.2702702702702703,0.44103332,0.43749125,0.75555304,0.851239669421,0.2619047619047619,0.16665000,0E-8,0.38531122977604215,0.972222222222,0.5384615384615385,1.000000,0.7731011127237541,0.920000000000,0.2000000000000000,1.00000000,0.45614035087719296,0.0,0.15,0.610859728507
HCP0474,0.7837837837837838,0.73692749,0.68626627,0.78694470,0.950413223140,0.6190476190476190,0.27780000,0.25000000,0.5536383199171117,0.965277777778,0.3846153846153846,1.000000,0.3597000483792936,0.862222222222,0.1000000000000000,1.00000000,0.5350877192982456,0.0,0.0,0.158371040724
HCP0475,0.7837837837837838,0.24747286,0.13719726,0.35414778,0.892561983471,0.2619047619047619,0.12500000,0E-8,0.2506973778592493,0.847222222222,0.2307692307692308,0.600000,0.7902757619738752,0.857777777778,0.2000000000000000,1.00000000,0.41228070175438597,0.1111111111111111,0.05,0.837104072398
HCP0476,0.3783783783783784,0.41058280,0.15553689,0.28331822,0.900826446281,0.1428571428571429,0.28570000,0.66670000,0.37965250657527694,0.937500000000,0.6923076923076923,1.000000,0.5645863570391872,0.777777777778,0.1000000000000000,1.00000000,0.45614035087719296,0.0,0.0,1.000000000000
HCP0477,0.3783783783783784,0.47997005,0.15553689,0.25181324,0.528925619835,0.3095238095238095,0.21430000,0E-8,0.20522834143619995,0.916666666667,0.6153846153846154,1.000000,0.557571359458152,0.951111111111,0E-16,0E-8,0.0,0.0,0.0,0E-12
HCP0478,1.0000000000000000,0.27904655,0.11857763,0.28331822,0.966942148760,0.1190476190476190,0.25000000,0E-8,0.317844903164103,0.875000000000,0.4615384615384615,1.000000,0.6652152878567973,0.791111111111,0.1000000000000000,0.50000000,0.5526315789473685,0.0,0.0,0.579185520362
HCP0479,0.1621621621621622,0.56907525,0.39997200,0.56663645,0.636363636364,0.3333333333333333,0.13335000,0.33330000,0.8703275683430304,0.993055555556,0.6153846153846154,0.800000,0.7080309627479439,0.960000000000,0.3000000000000000,0.75000000,0.543859649122807,0.16666666666666666,0.25,0.936651583710
HCP0480,0.1891891891891892,0.67365531,0.04829903,0.05961015,0.950413223140,0.2857142857142857,0.38460000,1.00000000,0.28508806886108234,0.972222222222,0.4615384615384615,0.857143,0.3790517658442186,0.653333333333,0E-16,0E-8,0.0,0.0,0.0,0E-12
HCP0481,0.6756756756756757,0.78534881,0.50636987,0.55043064,0.975206611570,0.1190476190476190,0.41665000,0E-8,0.23647086953056504,0.979166666667,0.3076923076923077,0.800000,0.35486211901306236,0.982222222222,0.3000000000000000,0.50000000,0.4502631578947368,0.16666666666666666,0.1,0.610859728507
HCP0482,0.0810810810810811,0.40509173,0.22399552,0.41205802,0.991735537190,0.1904761904761905,0.22220000,1.00000000,0.4893600063760261,0.805555555556,0.8461538461538462,0.916667,0.45162070633768747,0.808888888889,0.1000000000000000,0.33330000,0.41228070175438597,0.0,0.0,0.420814479638
HCP0483,0.9189189189189189,0.72507176,0.57496850,0.66829102,1.000000000000,0.6904761904761905,0.48335000,0.66670000,0.7017215270582611,0.979166666667,0.3076923076923077,0.800000,0.27745524915336234,0.493333333333,0.8000000000000000,1.00000000,0.39473684210526316,0.6111111111111112,0.25,0.904977375566
HCP0484,0.8648648648648649,0.36440784,0.18143637,0.36060743,0.983471074380,0.2380952380952381,0.22725000,0E-8,0.37662389415796604,0.895833333333,0.5384615384615385,0.700000,0.48306724721819055,0.946666666667,0.1000000000000000,0.50000000,0.543859649122807,0.1111111111111111,0.0,0.904977375566
HCP0485,0.0540540540540541,0.84400349,0.40837183,0.41749773,0.958677685950,0.2142857142857143,0.20000000,0.60000000,0.29528971068781384,0.979166666667,0.7692307692307692,1.000000,0.5435413642960812,0.973333333333,0.2000000000000000,1.00000000,0.5614035087719298,0.16666666666666666,0.0,0.257918552036
HCP0486,0.8378378378378378,0.60950955,0.26417472,0.35414778,0.966942148760,0.2857142857142857,0.19230000,1.00000000,0.42699450067745276,0.972222222222,0.6153846153846154,0.888889,0.5268505079825835,1.000000000000,0.4000000000000000,0.80000000,0.5021929824561403,0.2222222222222222,0.45,1.000000000000
HCP0487,0.1621621621621622,0.56907525,0.30001400,0.42497733,0.917355371901,0.1428571428571429,0.42855000,0E-8,0.2635689806328206,0.868055555556,0.6153846153846154,0.888889,0.4005805515239478,0.920000000000,0.2000000000000000,1.00000000,0.4605263157894737,0.0,0.0,0.710407239819
HCP0488,0.7567567567567568,0.62972669,0.39199216,0.51178604,0.991735537190,0.5000000000000000,0.31820000,0E-8,0.3787359528174066,0.986111111111,0.2307692307692308,1.000000,0.29850024189646834,0.915555555556,0.5000000000000000,0.83330000,0.4649122807017544,0.16666666666666666,0.05,0.968325791855
HCP0489,0.1891891891891892,0.37239486,0.14475710,0.28331822,0.743801652893,0.4285714285714286,0.21055000,0E-8,0.32442018012273854,0.986111111111,0.1538461538461538,0.666667,0.8144654088050314,0.271111111111,0E-16,0E-8,0.0,0.0,0.0,0E-12
HCP0490,0.8918918918918919,0.60476725,0.33095338,0.44639619,1.000000000000,0.4523809523809524,0.37500000,0.50000000,0.5657129194229698,0.875000000000,0.3076923076923077,0.800000,0.31615868408321235,0.733333333333,0.3000000000000000,1.00000000,0.37429824561403513,0.0,0.05,0.773755656109
HCP0491,0.5675675675675676,0.63958567,0.32563349,0.41976428,0.983471074380,0.5238095238095238,0.19565000,1.00000000,0.5626046066788875,0.965277777778,0.6153846153846154,0.888889,0.38703434929850017,0.973333333333,0.1000000000000000,0.50000000,0.5350877192982456,0.0,0.0,0.773755656109
HCP0492,0.3243243243243243,0.70023711,0.45289094,0.54204442,0.983471074380,0.4523809523809524,0.20000000,0.80000000,0.47672750458276886,0.826388888889,0.3076923076923077,1.000000,0.5241896468311562,0.511111111111,0.1000000000000000,1.00000000,0.3333333333333333,0.0,0.2,0.063348416290
HCP0493,0.5405405405405405,0.56907525,0.20005600,0.28331822,1.000000000000,0.0238095238095238,0.50000000,0E-8,0.3443851119789591,0.416666666667,0.1538461538461538,0.666667,0.6371552975326561,0.755555555556,0.4000000000000000,0.57140000,0.5087719298245614,0.2222222222222222,0.25,0.904977375566
HCP0494,0.2972972972972973,0.76363409,0.63628727,0.70829556,0.942148760331,0.2619047619047619,0.37500000,0.50000000,0.6540208814856141,0.993055555556,0.5384615384615385,0.777778,0.534833091436865,0.946666666667,0.5000000000000000,0.83330000,0.4245614035087719,0.3333333333333333,0.25,0.610859728507
HCP0495,0.7567567567567568,0.38013229,0.30799384,0.59360834,0.983471074380,0.1428571428571429,0.14285000,0E-8,0.2695863553040567,0.958333333333,0.7692307692307692,0.909091,0.4736332849540396,0.960000000000,0.2000000000000000,0.66670000,0.32894736842105265,0.0,0.0,0.678733031674
HCP0496,0.7837837837837838,0.51666043,0.43917122,0.67157752,0.966942148760,0.4047619047619048,0.27780000,0.50000000,0.25603729975292905,0.916666666667,0.7692307692307692,1.000000,0.5774068698597001,0.964444444444,0.2000000000000000,0.66670000,0.4298245614035088,0.0,0.15,0.710407239819
HCP0497,0.5945945945945946,0.42318732,0.28629427,0.50997280,0.958677685950,0.3809523809523810,0.29410000,0.40000000,0.40818522355941655,0.979166666667,0.4615384615384615,1.000000,0.641025641025641,0.715555555556,0.1000000000000000,0.25000000,0.6052631578947368,0.0,0.15,0.158371040724
HCP0498,0.1081081081081081,0.76800200,0.37687246,0.41749773,0.975206611570,0.5238095238095238,0.21740000,0.66670000,0.5031083127440823,0.972222222222,0.1538461538461538,0.500000,0.09482341557813255,0.555555555556,0.3000000000000000,0.60000000,0.5760526315789474,0.16666666666666666,0.15,0.710407239819
HCP0499,0.3783783783783784,0.58392612,0.23337533,0.32377607,0.842975206612,0.3809523809523810,0.23530000,0.50000000,0.5162588666613533,0.902777777778,0.3846153846153846,0.833333,0.6492501209482342,0.680000000000,0.3000000000000000,0.60000000,0.5701754385964912,0.16666666666666666,0.0,0.837104072398
HCP0500,0.2702702702702703,0.79196306,0.65630687,0.70829556,0.925619834711,0.3571428571428571,0.40625000,1.00000000,0.5902606200685423,1.000000000000,0.6153846153846154,1.000000,0.8265602322206096,0.920000000000,0.2000000000000000,0.66670000,0.5701754385964912,0.05555555555555555,0.0,0.968325791855
HCP0501,0.3783783783783784,0.44527643,0.15553689,0.26665911,0.909090909091,0.4047619047619048,0.25000000,0.50000000,0.5279748146967403,0.895833333333,0.3846153846153846,0.833333,0.34276729559748426,0.644444444444,0.1000000000000000,0.33330000,0.4824561403508772,0.0,0.0,0.452488687783
HCP0502,0.5405405405405405,0.83651566,0.46661067,0.48073436,0.991735537190,0.3333333333333333,0.50000000,0.20000000,0.6205467442416515,0.979166666667,0.6923076923076923,0.818182,0.5087082728592163,0.955555555556,0.4000000000000000,0.80000000,0.5285087719298246,0.16666666666666666,0.25,0.936651583710
HCP0503,0.8918918918918919,0.21901909,0.07629847,0.21248867,0.793388429752,0.1428571428571429,0.35715000,1.00000000,0.4847373874232884,0.930555555556,0.4615384615384615,1.000000,0.6734397677793904,0.960000000000,0.1000000000000000,1.00000000,0.6842105263157895,0.0,0.0,0.647058823529
HCP0504,0.6486486486486486,0.64270560,0.60870783,0.78161831,0.958677685950,0.3095238095238095,0.32145000,0E-8,0.4485135889057145,0.944444444444,0.3076923076923077,1.000000,0.30648282535074983,0.862222222222,0.5000000000000000,1.00000000,0.43333333333333335,0.0,0.15,1.000000000000
HCP0505,0.2702702702702703,0.55796830,0.26249475,0.37771985,0.942148760331,0.2857142857142857,0.30770000,0E-8,0.5932892324858532,0.986111111111,0.9230769230769231,1.000000,0.4455732946298984,1.000000000000,0.2000000000000000,0.66670000,0.3815789473684211,0.0,0.05,0.579185520362
HCP0506,0.4594594594594595,0.55996506,0.39493210,0.56663645,0.991735537190,0.2380952380952381,0.45455000,1.00000000,0.42691480035068147,0.993055555556,0.2307692307692308,1.000000,0.5,0.448888888889,0.2000000000000000,0.66670000,0.5087719298245614,0.0,0.15,0.452488687783
HCP0507,0.5675675675675676,0.55247722,0.32563349,0.47223481,0.983471074380,0.1428571428571429,0.14285000,0E-8,0.5185701761377222,0.763888888889,0.3846153846153846,1.000000,0.558055152394775,0.955555555556,0.2000000000000000,0.66670000,0.4473684210526316,0.0,0.15,0.837104072398
HCP0508,0.2162162162162162,0.39673031,0.41999160,0.78456482,0.983471074380,0.5714285714285714,0.24000000,0E-8,0.5754363592890732,1.000000000000,0.4615384615384615,0.857143,0.3306724721819061,0.897777777778,0.3000000000000000,0.75000000,0.3508771929824561,0.0,0.1,0.773755656109
HCP0509,0.7297297297297297,0.46724073,0.25717486,0.42497733,0.851239669421,0.5238095238095238,0.21740000,1.00000000,0.5268988602853273,0.909722222222,0.9230769230769231,0.923077,0.5967585873246251,0.937777777778,0.2000000000000000,0.50000000,0.5526315789473685,0.0,0.2,0.579185520362
HCP0510,0.1081081081081081,0.57593910,0.26921462,0.37771985,0.636363636364,0.4047619047619048,0.05555000,0.50000000,0.29265959990435964,0.958333333333,0.4615384615384615,1.000000,0.3144654088050314,0.648888888889,0.2000000000000000,0.40000000,0.39035087719298245,0.0,0.3,0.484162895928
HCP0511,0.2702702702702703,0.32397354,0.17499650,0.37771985,0.933884297521,0.4047619047619048,0.16665000,0.50000000,0.20861560532398185,0.937500000000,0.6153846153846154,1.000000,0.40324141267537494,0.977777777778,0.1000000000000000,0.25000000,0.2719298245614035,0.0,0.0,0.936651583710
HCP0512,0.3243243243243243,0.36989891,0.28825423,0.56663645,0.933884297521,0.3333333333333333,0.13335000,0E-8,0.2273850322786323,0.972222222222,0.3076923076923077,1.000000,0.5120948234155781,0.786666666667,0.2000000000000000,1.00000000,0.40350877192982454,0.16666666666666666,0.05,0.837104072398
HCP0513,0.3513513513513514,0.64045925,0.32003360,0.41205802,0.685950413223,0.1428571428571429,0.14285000,1.00000000,0.4712281820355464,0.756944444444,0.7692307692307692,1.000000,0.4854862119013062,0.951111111111,0.3000000000000000,0.60000000,0.432719298245614,0.16666666666666666,0.2,0.837104072398
HCP0514,0.8108108108108108,0.21602396,0.05389892,0.15106528,0.900826446281,0.1190476190476190,0E-8,0.50000000,0.06376026141707186,0.694444444444,0.2307692307692308,1.000000,0.6451378809869376,0.991111111111,0.3000000000000000,0.75000000,0.4971052631578948,0.3333333333333333,0.05,0.904977375566
HCP0515,0.3513513513513514,0.49781605,0.27999440,0.44072983,0.991735537190,0.2857142857142857,0.23075000,0.50000000,0.42910655933689323,0.847222222222,0.7692307692307692,0.909091,0.40324141267537494,1.000000000000,0.3000000000000000,0.60000000,0.543859649122807,0.0,0.35,0.579185520362
HCP0516,0.2432432432432432,0.62086609,0.36133277,0.47722121,0.983471074380,0.1666666666666667,0.31250000,1.00000000,0.5071730294094206,0.916666666667,0.7692307692307692,0.909091,0.4714562167392356,0.795555555556,0.6000000000000000,1.00000000,0.49271929824561406,0.2777777777777778,0.55,0.579185520362
HCP0517,0.4054054054054054,0.63172345,0.37841243,0.49274705,0.991735537190,0.5000000000000000,0.25000000,0.60000000,0.7511357296564917,0.881944444444,0.0769230769230769,0.333333,0.22593130140299952,0.884444444444,0.1000000000000000,0.33330000,0.5877192982456141,0.0,0.0,0.515837104072
HCP0518,0.0810810810810811,0.05565955,0E-8,0E-8,0.719008264463,0.4285714285714286,0.23685000,0E-8,0.21953455009165534,0.979166666667,0.3076923076923077,0.800000,0.6838413159167877,0.773333333333,0.2000000000000000,1.00000000,0.32456140350877194,0.1111111111111111,0.2,0.936651583710
HCP0519,0.7297297297297297,0.31436416,0.08567829,0.18891659,0.983471074380,0.2380952380952381,0.18180000,0E-8,0.3568980632820594,1.000000000000,0.3076923076923077,1.000000,0.6028059990324142,0.880000000000,0.1000000000000000,1.00000000,0.3508771929824561,0.0,0.0,0.158371040724
HCP0520,0.3243243243243243,0.51666043,0.37057259,0.56663645,0.900826446281,0.3333333333333333,0.13335000,1.00000000,0.27181796445365425,0.965277777778,0.5384615384615385,0.700000,0.7418964683115626,0.800000000000,0.2000000000000000,0.66670000,0.5394736842105263,0.0,0.2,0.647058823529
HCP0521,0.2702702702702703,0.47997005,0.13131737,0.21248867,0.694214876033,0.5476190476190476,0.29165000,0.75000000,0.5179325735235516,0.930555555556,0.5384615384615385,0.777778,0.28761490082244795,0.995555555556,0.5000000000000000,0.83330000,0.34912280701754383,0.1111111111111111,0.3,0.837104072398
HCP0522,0.1891891891891892,0.45850493,0.09659807,0.16194470,0.801652892562,0.1666666666666667,0.62500000,0E-8,0.2380250259026062,0.986111111111,0.1538461538461538,0.666667,0.3952588292210934,0.666666666667,0.2000000000000000,0.66670000,0.39035087719298245,0.2777777777777778,0.2,0.805429864253
HCP0523,0.9459459459459459,0.70984650,0.56488870,0.66829102,0.983471074380,0.2380952380952381,0.31820000,0E-8,0.5988682553598471,0.993055555556,0.6923076923076923,0.818182,0.46492501209482334,0.933333333333,0.1000000000000000,1.00000000,0.45614035087719296,0.0,0.0,0.194570135747
HCP0524,0.7297297297297297,0.59453388,0.48565029,0.66432457,0.867768595041,0.6666666666666667,0.32760000,0.87500000,0.6741053638319918,0.979166666667,0.4615384615384615,0.666667,0.30914368650217705,0.977777777778,0.2000000000000000,0.50000000,0.5657894736842105,0.0,0.1,0.968325791855
HCP0525,0.7027027027027027,0.55796830,0.34999300,0.50362647,1.000000000000,0.6428571428571429,0.37500000,0.33330000,0.6661751813182435,1.000000000000,0.3846153846153846,1.000000,0.4854862119013062,0.866666666667,0.3000000000000000,0.75000000,0.5263157894736842,0.16666666666666666,0.0,0.968325791855
HCP0526,0.8378378378378378,0.49170099,0.29049419,0.46169538,0.826446280992,1.0000000000000000,0.29070000,0.83330000,0.6055630828086397,0.958333333333,0.4615384615384615,1.000000,0.39912917271407833,0.991111111111,0.2000000000000000,0.50000000,0.39473684210526316,0.0,0.35,0.515837104072
HCP0527,0.0540540540540541,0.42792961,0.29161417,0.51507253,0.719008264463,0.2142857142857143,0.40000000,0E-8,0.6030923726787281,0.770833333333,0.6153846153846154,0.888889,0.5457184325108854,0.857777777778,0.6000000000000000,0.85710000,0.39184210526315794,0.2222222222222222,0.1,0.642533936652
HCP0528,0.4054054054054054,0.39560714,0.07573849,0.14165911,0.909090909091,0.1428571428571429,0.28570000,0E-8,0.28361361281581254,0.965277777778,0.1538461538461538,0.666667,0.7498790517658441,0.688888888889,0.3000000000000000,0.42860000,0.32456140350877194,0.2222222222222222,0.15,1.000000000000
HCP0529,0.5675675675675676,0.43641582,0.16281674,0.28331822,0.809917355372,0.2857142857142857,0.23075000,1.00000000,0.624093408782976,0.979166666667,0.4615384615384615,1.000000,0.24189646831156258,0.560000000000,0.3000000000000000,0.60000000,0.6169298245614034,0.1111111111111111,0.55,0.968325791855
HCP0530,0.6486486486486486,0.61562461,0.42601148,0.56663645,0.958677685950,0.3095238095238095,0.35715000,0E-8,0.511476847055073,0.909722222222,0.3076923076923077,0.800000,0.6112723754233188,0.915555555556,0.7000000000000000,0.87500000,0.39596491228070174,0.16666666666666666,0.4,1.000000000000
HCP0531,0.3783783783783784,0.30662673,0.11661767,0.26155938,1.000000000000,0.5000000000000000,0.15910000,0.33330000,0.5755559097792301,0.944444444444,0.2307692307692308,1.000000,0.556361877116594,0.911111111111,0.4000000000000000,0.80000000,0.3793859649122807,0.05555555555555555,0.0,1.000000000000
HCP0532,0.6486486486486486,0.83264695,0.63908722,0.66103808,0.842975206612,0.5238095238095238,0.26085000,0.40000000,0.2891527855264206,0.979166666667,0.6153846153846154,0.888889,0.5778906627963232,0.720000000000,0.4000000000000000,0.80000000,0.5723684210526315,0.2777777777777778,0.15,0.904977375566
HCP0533,0.8918918918918919,0.30974666,0.12725745,0.28331822,0.760330578512,0.1904761904761905,0.27780000,0E-8,0.3894954969315374,0.819444444444,0.3846153846153846,0.833333,0.38316400580551524,0.737777777778,0.3000000000000000,0.75000000,0.5614035087719298,0.1111111111111111,0.3,0.837104072398
HCP0534,0.9189189189189189,0.54686135,0.39997200,0.58488214,0.909090909091,0.2619047619047619,0.29165000,0.50000000,0.3419542520124332,0.965277777778,0.3846153846153846,1.000000,0.5677310111272375,0.955555555556,0.5000000000000000,0.83330000,0.49122807017543857,0.0,0.2,1.000000000000
HCP0535,0.6486486486486486,0.88693373,0.73036539,0.71577516,0.909090909091,0.3333333333333333,0.23335000,0.75000000,0.6174782816609548,0.993055555556,1.0000000000000000,1.000000,0.4721819061441703,0.782222222222,0.6000000000000000,0.85710000,0.4853508771929824,0.16666666666666666,0.3,0.936651583710
HCP0536,0.4054054054054054,0.53051292,0.37841243,0.56663645,0.983471074380,0.4761904761904762,0.40475000,0.25000000,0.4629791982147127,0.916666666667,0.4615384615384615,1.000000,0.5684567005321722,0.937777777778,0.2000000000000000,0.50000000,0.2982456140350877,0.05555555555555555,0.15,0.384615384615
HCP0537,0.5675675675675676,0.43641582,0.29301414,0.50997280,0.975206611570,0.3809523809523810,0.32355000,0.40000000,0.5415637204112536,0.854166666667,0.7692307692307692,1.000000,0.531446540880503,0.902222222222,0.6000000000000000,1.00000000,0.40938596491228074,0.0,0.3,0.773755656109
HCP0538,0.2702702702702703,0.28503682,0.21881562,0.51507253,0.884297520661,0.0952380952380952,0.20000000,0E-8,0.4308599665258627,0.805555555556,0.4615384615384615,1.000000,0.38703434929850017,0.884444444444,0.2000000000000000,0.66670000,0.3508771929824561,0.0,0.1,0.868778280543
HCP0539,0.4864864864864865,0.60476725,0.34999300,0.47223481,0.991735537190,0.4523809523809524,0.17500000,0.66670000,0.6500358651470471,0.645833333333,0.2307692307692308,1.000000,0.6371552975326561,0.951111111111,0.4000000000000000,0.66670000,0.43640350877192985,0.16666666666666666,0.35,0.837104072398
HCP0540,0.4594594594594595,0.84799700,0.71790564,0.73118767,0.842975206612,0.4285714285714286,0.36840000,0.50000000,0.4197019207778752,0.986111111111,0.2307692307692308,0.750000,0.5241896468311562,0.964444444444,0.5000000000000000,1.00000000,0.4807017543859649,0.4444444444444444,0.15,0.868778280543
HCP0541,0.2162162162162162,0.56320978,0.51336973,0.73334089,0.909090909091,0.3809523809523810,0.32355000,0.66670000,0.3082808639515422,0.756944444444,0.7692307692307692,1.000000,0.6548137397194,0.960000000000,0.4000000000000000,0.80000000,0.4868421052631579,0.3333333333333333,0.1,0.837104072398
HCP0542,0.3513513513513514,0.53350805,0.35993280,0.53683137,0.966942148760,0.4047619047619048,0.36110000,1.00000000,0.28556627082171043,0.888888888889,0.3076923076923077,0.800000,0.14199322689888724,0.568888888889,0E-16,0E-8,0.0,0.0,0.0,0E-12
HCP0543,0.0540540540540541,0.58392612,0.29161417,0.40469175,0.884297520661,0.6904761904761905,0.18335000,0.66670000,0.3129831832310513,0.958333333333,0.3846153846153846,1.000000,0.6886792452830188,0.911111111111,0.6000000000000000,1.00000000,0.5160526315789473,0.2222222222222222,0.35,0.936651583710
HCP0544,0.4324324324324324,0.64420317,0.69998600,0.89721215,0.975206611570,0.4047619047619048,0.25000000,0.20000000,0.48672989559257196,0.972222222222,0.9230769230769231,0.923077,0.4925012094823415,0.951111111111,0.6000000000000000,0.85710000,0.4664035087719298,0.3333333333333333,0.55,0.936651583710
HCP0545,0.4324324324324324,0.74266816,0.47893042,0.54567090,0.958677685950,0.4523809523809524,0.27500000,0.50000000,0.376145692197338,0.986111111111,0.2307692307692308,1.000000,0.7581035316884374,0.840000000000,0.3000000000000000,0.75000000,0.42692982456140355,0.16666666666666666,0.15,0.420814479638
HCP0546,0.5405405405405405,0.56907525,0.49993000,0.70829556,0.991735537190,0.5000000000000000,0.36365000,0.25000000,0.3747509364788396,0.993055555556,0.5384615384615385,1.000000,0.613933236574746,0.968888888889,0.6000000000000000,1.00000000,0.40789473684210525,0.2222222222222222,0.05,1.000000000000
HCP0547,0.5405405405405405,0.53937352,0.23337533,0.34485494,0.925619834711,0.2619047619047619,0.25000000,0.50000000,0.5277357137164262,0.902777777778,0.1538461538461538,0.666667,0.5483792936623125,0.764444444444,0.1000000000000000,0.25000000,0.17543859649122806,0.0,0.2,0.678733031674
HCP0548,0.6756756756756757,0.51978036,0.20845583,0.31731641,0.917355371901,0.5000000000000000,0.22725000,0.33330000,0.615645174145214,0.979166666667,0.3076923076923077,0.800000,0.7612481857764876,0.866666666667,0.2000000000000000,0.50000000,0.4956140350877193,0.0,0.0,0.837104072398
HCP0549,0.8648648648648649,0.73418195,0.64818704,0.74558024,0.851239669421,0.5238095238095238,0.26085000,0.33330000,0.5908583725193275,0.881944444444,0.4615384615384615,0.857143,0.6831156265118529,0.937777777778,0.6000000000000000,1.00000000,0.5248245614035087,0.4444444444444444,0.1,1.000000000000
HCP0550,0.5945945945945946,0.70685137,0.41369173,0.49104714,1.000000000000,0.2142857142857143,0.45000000,0E-8,0.46967402566350525,0.847222222222,0.3846153846153846,1.000000,0.61611030478955,0.991111111111,0.4000000000000000,0.80000000,0.41885964912280704,0.2222222222222222,0.2,0.868778280543
HCP0551,0.1621621621621622,0.61362785,0.39997200,0.53331822,0.966942148760,0.6666666666666667,0.32760000,0.80000000,0.5261018570176137,0.861111111111,0.4615384615384615,0.750000,0.5302370585389453,0.955555555556,0E-16,0E-8,0.0,0.0,0.0,0E-12
HCP0552,0.8378378378378378,0.37401722,0.18493630,0.36060743,0.983471074380,0.4285714285714286,0.28945000,0.25000000,0.44329321750219175,0.972222222222,0.7692307692307692,0.909091,0.3725205611998065,0.804444444444,0.1000000000000000,0.50000000,0.19298245614035087,0.0,0.0,0.547511312217
HCP0553,0.7837837837837838,0.66354674,0.41173177,0.51507253,0.933884297521,0.3333333333333333,0.30000000,0.66670000,0.5364230493345024,0.965277777778,0.5384615384615385,0.875000,0.38219641993226894,0.684444444444,0.3000000000000000,0.60000000,0.3800877192982456,0.0,0.05,1.000000000000
HCP0554,0.9189189189189189,0.63596655,0.37505250,0.48572076,0.958677685950,0.2142857142857143,0.25000000,0.50000000,0.528971068781382,0.743055555556,0.3846153846153846,0.833333,0.278180938558297,0.982222222222,0E-16,0E-8,0.0,0.0,0.0,0E-12
HCP0555,0.0810810810810811,0.60476725,0.67198656,0.90661831,0.454545454545,0.1904761904761905,0.50000000,1.00000000,0.5757950107595442,0.847222222222,0.8461538461538462,0.916667,0.5283018867924528,0.924444444444,0.4000000000000000,0.66670000,0.3223684210526316,0.05555555555555555,0.5,1.000000000000
HCP0556,0.5135135135135135,0.73867465,0.58042839,0.66432457,0.958677685950,0.2142857142857143,0.05000000,1.00000000,0.7234797162668367,0.923611111111,0.6153846153846154,0.800000,0.4008224479922593,0.791111111111,0.1000000000000000,1.00000000,0.2719298245614035,0.0,0.1,0.547511312217
HCP0557,0.3783783783783784,0.20267066,0.07783844,0.22665458,0.991735537190,0.2142857142857143,0.35000000,0E-8,0.27675938471347733,1.000000000000,0.4615384615384615,1.000000,0.38316400580551524,0.902222222222,0.2000000000000000,0.40000000,0.4473684210526316,0.0,0.0,0.547511312217
HCP0558,0.0810810810810811,0.25533508,0.22399552,0.56663645,0.363636363636,0.2619047619047619,0.04165000,1.00000000,0.471028931218618,0.930555555556,0.6153846153846154,1.000000,0.29438800193517173,0.946666666667,0.2000000000000000,0.50000000,0.40350877192982454,0.1111111111111111,0.1,1.000000000000
HCP0559,0.3513513513513514,0.74741046,0.44001120,0.49864007,0.975206611570,0.7619047619047619,0.19695000,0.75000000,0.6574878457001674,0.868055555556,0.4615384615384615,0.857143,0.6347363328495403,0.973333333333,0.3000000000000000,0.75000000,0.40350877192982454,0.2222222222222222,0.0,0.936651583710
HCP0560,0.2432432432432432,0.37938350,0.13551729,0.26155938,0.966942148760,0.4285714285714286,0.60525000,0E-8,0.38363752291384395,0.881944444444,0.5384615384615385,0.875000,0.39429124334784704,0.986666666667,0.3000000000000000,1.00000000,0.3625438596491228,0.1111111111111111,0.1,0.968325791855
HCP0561,0.2702702702702703,0.55796830,0.52498950,0.75555304,1.000000000000,0.1666666666666667,0.12500000,0E-8,0.27034350840838445,0.520833333333,0.6153846153846154,0.888889,0.4112239961296565,0.986666666667,0.1000000000000000,1.00000000,0.41228070175438597,0.0,0.1,0.773755656109
HCP0562,0.2162162162162162,0.64632472,0.37337253,0.47722121,0.834710743802,0.5238095238095238,0.26085000,0.80000000,0.45771897664780425,0.979166666667,0.2307692307692308,1.000000,0.2902757619738751,0.915555555556,0.6000000000000000,1.00000000,0.5160526315789473,0.3888888888888889,0.25,0.936651583710
HCP0563,0.2432432432432432,0.29876451,0.22581548,0.51507253,0.933884297521,0.1904761904761905,0.33335000,0E-8,0.46337769984856947,0.909722222222,0.3076923076923077,1.000000,0.772133526850508,0.964444444444,0.2000000000000000,0.40000000,0.6008771929824561,0.0,0.05,1.000000000000
HCP0564,0.1081081081081081,0.76800200,0.53842923,0.59644152,1.000000000000,0.2142857142857143,0.40000000,0E-8,0.7887144337291784,0.833333333333,0.3076923076923077,1.000000,0.3367198838896952,0.613333333333,0.1000000000000000,1.00000000,0.42105263157894735,0.05555555555555555,0.0,0.936651583710
HCP0565,0.1351351351351351,0.54935729,0.41481170,0.60437443,0.950413223140,0.2619047619047619,0.33335000,0E-8,0.5398103132222841,0.951388888889,0.6153846153846154,0.800000,0.4709724238026124,0.871111111111,0.2000000000000000,1.00000000,0.6885964912280702,0.0,0.2,0.515837104072
HCP0566,0.2162162162162162,0.60476725,0.27999440,0.37771985,0.966942148760,0.4523809523809524,0.25000000,0.75000000,0.3729975292898701,0.861111111111,0.3076923076923077,1.000000,0.30648282535074983,0.955555555556,0.4000000000000000,1.00000000,0.5635964912280702,0.0,0.1,0.904977375566
HCP0567,0.8648648648648649,0.54935729,0.31107378,0.45330916,0.917355371901,0.2142857142857143,0.25000000,0E-8,0.5171754204192238,0.861111111111,0.3076923076923077,0.800000,0.4661344944363813,0.786666666667,0E-16,0E-8,0.0,0.0,0.0,0E-12
HCP0568,0.1351351351351351,0.82665668,0.51854963,0.53966455,0.867768595041,0.7619047619047619,0.31820000,1.00000000,0.6048856300310832,0.840277777778,0.3846153846153846,0.714286,0.4240445089501693,0.782222222222,0.4000000000000000,1.00000000,0.4780701754385965,0.2777777777777778,0.15,0.936651583710
HCP0569,0.0810810810810811,0.95419943,0.55998880,0.51507253,0.710743801653,0.6666666666666667,0.34485000,0.50000000,0.9414601099864509,0.993055555556,0.7692307692307692,1.000000,0.4322689888727624,0.946666666667,0.3000000000000000,0.75000000,0.32456140350877194,0.2777777777777778,0.3,0.868778280543
HCP0570,0.2972972972972973,0.57456633,0.33935321,0.47722121,0.719008264463,0.5714285714285714,0.30000000,0.57140000,0.4789591137323664,0.881944444444,0.7692307692307692,0.909091,0.581277213352685,0.942222222222,0.5000000000000000,0.83330000,0.5385964912280702,0.3888888888888889,0.1,0.904977375566
HCP0571,0.8378378378378378,0.46823911,0.29049419,0.47948776,0.942148760331,0.3333333333333333,0.33335000,0E-8,0.6259663664621027,0.965277777778,0.7692307692307692,0.769231,0.45162070633768747,0.920000000000,0.2000000000000000,1.00000000,0.37719298245614036,0.0,0.05,0.678733031674
HCP0572,0.7027027027027027,0.47997005,0.20411592,0.33057570,0.933884297521,0.4761904761904762,0.33335000,0E-8,0.47457559575994257,1.000000000000,0.5384615384615385,0.636364,0.5725689404934687,0.951111111111,0.4000000000000000,0.66670000,0.4144736842105263,0.1111111111111111,0.4,0.904977375566
HCP0573,0.8648648648648649,0.61861974,0.41481170,0.54941070,0.966942148760,0.0714285714285714,0.50000000,0E-8,0.1255280146648602,0.944444444444,0.6153846153846154,0.800000,0.7104499274310595,0.977777777778,0.3000000000000000,1.00000000,0.47657894736842105,0.1111111111111111,0.2,0.484162895928
HCP0574,0.1621621621621622,0.61362785,0.65000700,0.86661378,0.966942148760,0.6904761904761905,0.26665000,0.66670000,0.2966844664063123,0.993055555556,0.8461538461538462,0.846154,0.39211417513304303,0.857777777778,1.0000000000000000,1.00000000,0.4631578947368421,0.6111111111111112,0.85,0.936651583710
HCP0575,0.8378378378378378,0.44465244,0.21125577,0.36264733,0.958677685950,0.2380952380952381,0.09090000,0E-8,0.30182513748306367,0.972222222222,0.5384615384615385,0.875000,0.32172230285437825,0.857777777778,0.1000000000000000,0.50000000,0.5350877192982456,0.0,0.1,0.321266968326
HCP0576,0.4864864864864865,0.51116935,0.31499370,0.48572076,0.942148760331,0.2857142857142857,0.26925000,0.50000000,0.6927153901330997,0.979166666667,0.6923076923076923,0.818182,0.5043541364296081,0.968888888889,0.1000000000000000,1.00000000,0.2719298245614035,0.0,0.0,0.226244343891
HCP0577,0.1621621621621622,0.74741046,0.49993000,0.56663645,0.942148760331,0.1666666666666667,0.56250000,0E-8,0.421056826332988,0.944444444444,0.7692307692307692,1.000000,0.4588776003870343,0.915555555556,0.1000000000000000,0.50000000,0.7280701754385965,0.0,0.2,0.904977375566
HCP0578,0.0270270270270270,0.94122052,0.79126417,0.73662738,0.966942148760,0.7380952380952381,0.32815000,0.44440000,0.5150235115963976,0.944444444444,0.6923076923076923,0.900000,0.6257861635220127,0.937777777778,0.5000000000000000,1.00000000,0.5210526315789473,0.2777777777777778,0.5,0.773755656109
HCP0579,0.4864864864864865,0.35517284,0.13999720,0.28331822,0.801652892562,0.1904761904761905,0.22220000,0E-8,0.3038574958157329,1.000000000000,0.6153846153846154,0.888889,0.5510401548137397,0.973333333333,0.2000000000000000,1.00000000,0.618421052631579,0.0,0.15,0.904977375566
HCP0580,0.7297297297297297,0.90016224,0.77138457,0.74626020,0.958677685950,0.2857142857142857,0.34615000,0.33330000,0.5384952578305571,0.944444444444,0.1538461538461538,0.666667,0.04837929366231253,0.702222222222,0.1000000000000000,1.00000000,0.2631578947368421,0.0,0.0,0.547511312217
HCP0581,0.7567567567567568,0.50492949,0.19599608,0.30507706,0.958677685950,0.2142857142857143,0.25000000,0E-8,0.4197019207778752,1.000000000000,0.3076923076923077,0.800000,0.5145137880986937,0.777777777778,0.2000000000000000,1.00000000,0.5789473684210527,0.0,0.1,0.837104072398
HCP0582,0.5675675675675676,0.55247722,0.19529609,0.28331822,0.991735537190,0.2619047619047619,0.20835000,0E-8,0.2078186020562684,0.902777777778,0.2307692307692308,1.000000,0.7660861151427188,0.484444444444,0.1000000000000000,0.33330000,0.21929824561403508,0.0,0.0,0.226244343891
HCP0583,0.2432432432432432,0.90265818,0.58714826,0.56663645,0.867768595041,0.3333333333333333,0.40000000,1.00000000,0.545747987566749,0.798611111111,0.6153846153846154,1.000000,0.4305757135945814,0.871111111111,0.4000000000000000,0.80000000,0.32456140350877194,0.2222222222222222,0.1,0.936651583710
HCP0584,0.3243243243243243,0.55335080,0.28825423,0.41749773,0.933884297521,0.2380952380952381,0.18180000,0E-8,0.38806089104965336,0.784722222222,0.4615384615384615,1.000000,0.6693275278180938,0.951111111111,0.3000000000000000,1.00000000,0.4181578947368421,0.16666666666666666,0.0,0.936651583710
HCP0585,0.8378378378378378,0.49170099,0.36987260,0.58760199,0.933884297521,0.1428571428571429,0.28570000,0.50000000,0.2987566749023672,0.895833333333,0.6923076923076923,0.900000,0.3234155781325592,0.888888888889,0.3000000000000000,0.75000000,0.5760526315789474,0.05555555555555555,0.2,0.257918552036
HCP0586,0.1081081081081081,0.47997005,0.32311354,0.52300544,1.000000000000,0.2619047619047619,0.25000000,0E-8,0.9871682473898145,0.770833333333,0.7692307692307692,1.000000,0.4443638122883405,0.986666666667,0.7000000000000000,0.87500000,0.4523684210526316,0.3888888888888889,0.45,1.000000000000
HCP0587,0.7027027027027027,0.55796830,0.40837183,0.58760199,0.983471074380,0.3571428571428571,0.18750000,0E-8,0.5008767035944848,0.958333333333,0.7692307692307692,1.000000,0.4008224479922593,0.951111111111,0.2000000000000000,1.00000000,0.5614035087719298,0.1111111111111111,0.25,0.710407239819
HCP0588,0.9459459459459459,0.77548983,0.63852723,0.70149592,0.958677685950,0.8333333333333333,0.25000000,0.66670000,0.750498127042321,0.993055555556,0.3076923076923077,1.000000,0.3971940009675859,0.613333333333,0.3000000000000000,1.00000000,0.49412280701754385,0.16666666666666666,0.25,0.773755656109
HCP0589,0.3783783783783784,0.61861974,0.42783144,0.56663645,1.000000000000,0.4523809523809524,0.30000000,1.00000000,0.3710847214473579,1.000000000000,0.1538461538461538,0.500000,0.3730043541364296,0.728888888889,0.6000000000000000,0.75000000,0.5453508771929825,0.2777777777777778,0.25,0.968325791855
HCP0590,0.0810810810810811,0.85436166,0.72798544,0.73662738,0.834710743802,0.2857142857142857,0.23075000,0E-8,0.3175261018570176,0.937500000000,0.6153846153846154,0.800000,0.5241896468311562,0.906666666667,0.2000000000000000,0.40000000,0.5,0.05555555555555555,0.2,0.710407239819
HCP0591,0.8108108108108108,0.79196306,0.64608708,0.69741614,0.958677685950,0.9285714285714286,0.31250000,0.42860000,0.702080178528732,0.993055555556,0.2307692307692308,0.750000,0.2883405902273827,0.728888888889,0.3000000000000000,0.50000000,0.3304385964912281,0.05555555555555555,0.2,0.868778280543
HCP0592,0.1351351351351351,0.36440784,0.20733585,0.41205802,0.925619834711,0.1666666666666667,0.43750000,1.00000000,0.3981031322228421,0.701388888889,0.2307692307692308,1.000000,0.35486211901306236,0.626666666667,0.3000000000000000,0.60000000,0.3830701754385965,0.16666666666666666,0.25,0.873303167421
HCP0593,0.6216216216216216,0.24422813,0.12445751,0.32377607,0.942148760331,0.2142857142857143,0.30000000,0E-8,0.2824978082410138,0.798611111111,0.4615384615384615,0.857143,0.3306724721819061,0.875555555556,0.3000000000000000,1.00000000,0.47956140350877197,0.0,0.1,0.837104072398
HCP0594,0.6216216216216216,0.49382254,0.24891502,0.39415231,0.909090909091,0.2857142857142857,0.19230000,0E-8,0.3129034829042799,0.916666666667,0.1538461538461538,0.666667,0.4274310595065312,0.791111111111,0.6000000000000000,1.00000000,0.42105263157894735,0.0,0.05,0.773755656109
HCP0595,0.3783783783783784,0.79196306,0.54444911,0.58760199,0.892561983471,0.2619047619047619,0.33335000,0.66670000,0.46266039690762734,0.888888888889,0.2307692307692308,1.000000,0.4274310595065312,0.600000000000,0.1000000000000000,0.50000000,0.39473684210526316,0.0,0.2,0.773755656109
HCP0596,0.6216216216216216,0.43841258,0.15553689,0.26983228,0.942148760331,0.0952380952380952,0.40000000,1.00000000,0.37367498206742644,0.861111111111,0.4615384615384615,1.000000,0.459603289791969,0.933333333333,0.1000000000000000,0.50000000,0.2719298245614035,0.0,0.05,0.384615384615
HCP0597,0.7027027027027027,0.34993136,0.29161417,0.59644152,0.842975206612,0.1428571428571429,0.50000000,0E-8,0.2966844664063123,0.868055555556,0.6153846153846154,0.888889,0.43541364296081275,0.955555555556,0.2000000000000000,0.66670000,0.3026315789473684,0.16666666666666666,0.0,0.579185520362
HCP0598,0.2702702702702703,0.71396481,0.21881562,0.25759293,1.000000000000,0.4047619047619048,0.22220000,0E-8,0.5247868016258866,0.930555555556,0.6923076923076923,0.818182,0.6296565070149975,0.946666666667,0.2000000000000000,1.00000000,0.3333333333333333,0.1111111111111111,0.1,1.000000000000
HCP0599,0.3513513513513514,0.53350805,0.39997200,0.59644152,0.950413223140,0.5952380952380952,0.28845000,0.50000000,0.45676257272654813,0.875000000000,0.6923076923076923,0.900000,0.5145137880986937,0.986666666667,0.3000000000000000,0.50000000,0.5116666666666666,0.1111111111111111,0.0,0.837104072398
HCP0600,0.3783783783783784,0.30662673,0.27215456,0.61026745,0.942148760331,0.3571428571428571,0.59375000,1.00000000,0.40081294333306766,0.993055555556,0.7692307692307692,1.000000,0.3355104015481373,0.955555555556,0.5000000000000000,0.71430000,0.4894736842105263,0.1111111111111111,0.2,1.000000000000
HCP0601,0.4324324324324324,0.74266816,0.58952821,0.67157752,0.942148760331,0.1904761904761905,0.22220000,0.66670000,0.4763290029489122,0.916666666667,0.7692307692307692,0.833333,0.6269956458635704,0.844444444444,0.5000000000000000,1.00000000,0.3912280701754386,0.16666666666666666,0.25,0.936651583710
HCP0602,0.4594594594594595,0.30400599,0.10765785,0.24286038,0.818181818182,0.4047619047619048,0.33335000,0.50000000,0.3018649876464494,0.951388888889,0.6153846153846154,1.000000,0.43347847121432026,0.702222222222,0.2000000000000000,0.66670000,0.5877192982456141,0.16666666666666666,0.2,0.710407239819
HCP0603,0.8378378378378378,0.49170099,0.34341313,0.54567090,0.958677685950,0.8333333333333333,0.20835000,0.75000000,0.6371642623734759,0.979166666667,0.4615384615384615,1.000000,0.38316400580551524,0.933333333333,0.6000000000000000,1.00000000,0.46342105263157896,0.4444444444444444,0.35,0.968325791855
HCP0604,0.7297297297297297,0.79832772,0.74282514,0.79635086,0.991735537190,0.4761904761904762,0.23810000,0.60000000,0.5197258308759066,0.993055555556,0.4615384615384615,0.750000,0.6572327044025157,0.751111111111,0.3000000000000000,0.75000000,0.4006140350877193,0.2777777777777778,0.15,0.321266968326
HCP0605,0.3513513513513514,0.46212405,0.20005600,0.33329556,0.975206611570,0.2380952380952381,0.36365000,1.00000000,0.3538694508647485,0.951388888889,0.1538461538461538,0.666667,0.26608611514271885,0.613333333333,0.3000000000000000,0.75000000,0.4473684210526316,0.05555555555555555,0.1,0.936651583710
HCP0606,0.8648648648648649,0.59553226,0.44071119,0.60210789,0.859504132231,0.4523809523809524,0.27500000,0.50000000,0.46317844903164107,0.993055555556,0.3076923076923077,0.800000,0.31615868408321235,0.768888888889,0.2000000000000000,0.50000000,0.3684210526315789,0.05555555555555555,0.0,0.742081447964
HCP0607,0.1621621621621622,0.70285786,0.39997200,0.47722121,0.834710743802,0.2142857142857143,0.45000000,0.50000000,0.8955128716027737,0.875000000000,0.6923076923076923,0.750000,0.4716981132075471,0.857777777778,0.3000000000000000,0.75000000,0.47657894736842105,0.16666666666666666,0.3,0.484162895928
HCP0608,0.4324324324324324,0.44714838,0.40529189,0.69254306,1.000000000000,0.1904761904761905,0.11110000,0E-8,0.40730851996493184,0.840277777778,0.2307692307692308,1.000000,0.18553459119496854,0.871111111111,0.3000000000000000,0.75000000,0.47368421052631576,0.0,0.1,0.805429864253
HCP0609,0.6216216216216216,0.66017721,0.46661067,0.58612874,1.000000000000,0.5952380952380952,0.32690000,0.33330000,0.41033713238224284,0.958333333333,0.6153846153846154,1.000000,0.4818577648766328,0.920000000000,0.5000000000000000,1.00000000,0.39649122807017545,0.2222222222222222,0.35,0.868778280543
HCP0610,0.4864864864864865,0.66716586,0.48999020,0.61026745,0.975206611570,0.4523809523809524,0.32500000,0E-8,0.30919741770941256,0.993055555556,0.4615384615384615,0.857143,0.6209482341557813,0.635555555556,0.7000000000000000,0.87500000,0.4862280701754386,0.2777777777777778,0.2,1.000000000000
HCP0611,0.3783783783783784,0.86135031,0.66106678,0.66432457,0.925619834711,0.7619047619047619,0.22725000,0.60000000,0.4773252570335539,0.986111111111,0.5384615384615385,0.777778,0.4946782776971457,0.715555555556,0.4000000000000000,0.80000000,0.5285087719298246,0.2777777777777778,0.3,0.904977375566
HCP0612,0.4324324324324324,0.31573693,0.11045779,0.24286038,0.900826446281,0.5476190476190476,0.18750000,0.33330000,0.6151669721845859,0.986111111111,0.6923076923076923,0.750000,0.5362844702467344,0.817777777778,0.3000000000000000,0.75000000,0.5292105263157895,0.0,0.15,0.352941176471
HCP0613,0.5135135135135135,0.55609634,0.44393112,0.64052584,0.942148760331,0.3333333333333333,0.30000000,1.00000000,0.5929305810153822,0.979166666667,0.6153846153846154,0.888889,0.5619254958877601,0.835555555556,0.1000000000000000,1.00000000,0.5350877192982456,0.16666666666666666,0.0,0.710407239819
HCP0614,0.9729729729729730,0.50143517,0.41033179,0.64222575,1.000000000000,0.1666666666666667,0.43750000,0E-8,0.2634494301426636,0.861111111111,0.6923076923076923,0.900000,0.6378809869375908,0.968888888889,0.2000000000000000,0.50000000,0.5570175438596491,0.0,0.3,0.837104072398
HCP0615,0.4324324324324324,0.70984650,0.58952821,0.69741614,1.000000000000,0.3333333333333333,0.30000000,1.00000000,0.5390930102813423,0.868055555556,0.4615384615384615,1.000000,0.4436381228834059,0.862222222222,0.6000000000000000,0.75000000,0.5423684210526316,0.05555555555555555,0.3,0.968325791855
HCP0616,0.3243243243243243,0.55335080,0.28825423,0.41749773,1.000000000000,0.2380952380952381,0.22725000,0.66670000,0.19893201562126406,0.972222222222,0.3846153846153846,0.833333,0.5283018867924528,0.884444444444,0E-16,0E-8,0.0,0.0,0.0,0E-12
HCP0617,0.1891891891891892,0.58754524,0.38625227,0.53331822,0.925619834711,0.4047619047619048,0.47220000,0.80000000,0.5461066390372201,0.895833333333,0.2307692307692308,1.000000,0.2581035316884373,0.395555555556,0.2000000000000000,1.00000000,0.4649122807017544,0.05555555555555555,0.0,0.547511312217
HCP0618,0.5405405405405405,0.24223137,0.09995800,0.26155938,0.909090909091,0.1190476190476190,0.41665000,0E-8,0.25121542998326296,0.993055555556,0.4615384615384615,0.750000,0.4608127721335267,0.795555555556,0.3000000000000000,0.75000000,0.3713157894736842,0.05555555555555555,0.35,0.678733031674
HCP0619,0.6756756756756757,0.30737551,0.11913762,0.26665911,0.966942148760,0.5238095238095238,0.32610000,0E-8,0.43213517175420424,0.944444444444,0.6153846153846154,0.727273,0.3988872762457668,0.924444444444,0.2000000000000000,0.40000000,0.4605263157894737,0.16666666666666666,0.1,0.484162895928
HCP0620,0.9189189189189189,0.41307875,0.27495450,0.49864007,0.991735537190,0.3333333333333333,0.43335000,0.33330000,0.5437953295608511,0.951388888889,0.6153846153846154,0.800000,0.6354620222544751,0.973333333333,0.2000000000000000,1.00000000,0.2894736842105263,0.0,0.0,0.384615384615
HCP0621,0.3243243243243243,0.22301260,0.04115918,0.11332729,0.966942148760,0.3333333333333333,0.30000000,0E-8,0.16872559177492624,0.951388888889,0.3076923076923077,1.000000,0.45162070633768747,0.786666666667,0E-16,0E-8,0.0,0.0,0.0,0E-12
HCP0622,0.0810810810810811,0.35517284,0.05599888,0.11332729,0.991735537190,0.1666666666666667,0.25000000,0E-8,0.43321112616561724,0.993055555556,0.6153846153846154,0.800000,0.35728108369617806,0.795555555556,0E-16,0E-8,0.0,0.0,0.0,0E-12
HCP0623,0.4864864864864865,0.69836516,0.59498810,0.71350861,0.991735537190,0.6904761904761905,0.25000000,0.33330000,0.6707579501075954,0.986111111111,0.4615384615384615,1.000000,0.5604741170778906,0.817777777778,0.3000000000000000,0.75000000,0.37719298245614036,0.16666666666666666,0.2,0.837104072398
HCP0624,0.8378378378378378,0.25633346,0.07923842,0.20002267,0.785123966942,0.0714285714285714,0.37500000,0E-8,0.18586116203076433,0.638888888889,0.3076923076923077,1.000000,0.3790517658442186,0.684444444444,0.1000000000000000,1.00000000,0.38596491228070173,0.05555555555555555,0.1,0.547511312217
HCP0625,0.3783783783783784,0.47997005,0.19445611,0.31482321,0.479338842975,0.2380952380952381,0.27275000,1.00000000,0.4581971786084323,0.819444444444,0.5384615384615385,1.000000,0.6105466860183841,0.928888888889,0.1000000000000000,0.50000000,0.9385964912280702,0.0,0.0,0.710407239819
HCP0626,0.2702702702702703,0.63596655,0.39381212,0.50997280,0.958677685950,0.4523809523809524,0.32500000,1.00000000,0.2986769745755958,0.951388888889,0.7692307692307692,0.909091,0.5440251572327044,0.964444444444,0.2000000000000000,0.50000000,0.4605263157894737,0.1111111111111111,0.1,0.710407239819
HCP0627,0.8918918918918919,0.53675278,0.25451491,0.37771985,0.991735537190,0.1666666666666667,0.25000000,0E-8,0.28317526101857016,0.819444444444,0.5384615384615385,0.700000,0.4782293178519594,0.786666666667,0.3000000000000000,0.75000000,0.4971052631578948,0.3333333333333333,0.35,0.837104072398
HCP0628,0.8648648648648649,0.59553226,0.38891222,0.53127833,1.000000000000,0.4047619047619048,0.13890000,1.00000000,0.41364469594325337,0.972222222222,0.2307692307692308,0.600000,0.441944847605225,0.573333333333,0E-16,0E-8,0.0,0.0,0.0,0E-12
HCP0629,0.4594594594594595,0.49594409,0.14363713,0.22665458,0.983471074380,0.4285714285714286,0.26315000,0.66670000,0.3921256077149916,0.986111111111,0.2307692307692308,1.000000,0.3628447024673439,0.817777777778,0.3000000000000000,0.75000000,0.47657894736842105,0.16666666666666666,0.2,0.678733031674
HCP0630,0.4324324324324324,0.51279171,0.33151337,0.50997280,1.000000000000,0.3571428571428571,0.43750000,0E-8,0.18283254961345347,0.958333333333,0.2307692307692308,0.600000,0.5290275761973876,0.791111111111,0.1000000000000000,0.33330000,0.2894736842105263,0.05555555555555555,0.0,0.416289592760
HCP0631,0.7567567567567568,0.47997005,0.33599328,0.54397099,0.958677685950,0.4047619047619048,0.25000000,0.25000000,0.4100980314019288,1.000000000000,0.3846153846153846,0.714286,0.6313497822931785,0.897777777778,0.4000000000000000,0.66670000,0.4649122807017544,0.05555555555555555,0.4,1.000000000000
HCP0632,0.1621621621621622,0.65830525,0.44995100,0.56663645,0.652892561983,0.1428571428571429,0.35715000,0E-8,0.28759862915437956,1.000000000000,0.6923076923076923,0.818182,0.33284954039671016,0.906666666667,0.2000000000000000,0.40000000,0.39035087719298245,0.0,0.15,0.678733031674
HCP0633,0.9459459459459459,0.68800699,0.51574969,0.62624660,0.991735537190,0.5476190476190476,0.20835000,0.57140000,0.3828006694827448,0.951388888889,0.8461538461538462,1.000000,0.38340590227382676,0.964444444444,0.5000000000000000,0.83330000,0.5894736842105264,0.0,0.05,0.904977375566
HCP0634,0.5675675675675676,0.43641582,0.22791544,0.39664551,1.000000000000,0.5000000000000000,0.25000000,0E-8,0.2764804335697777,0.972222222222,0.3076923076923077,1.000000,0.6753749395258829,0.755555555556,0.1000000000000000,0.33330000,0.7456140350877193,0.05555555555555555,0.0,0.126696832579
HCP0635,0.4324324324324324,0.47997005,0.44211116,0.71577516,0.942148760331,0.5238095238095238,0.23915000,1.00000000,0.5571052841316649,0.993055555556,0.0769230769230769,0.333333,0.40324141267537494,0.471111111111,0.4000000000000000,0.80000000,0.5723684210526315,0.3888888888888889,0.4,0.936651583710
HCP0636,0.7567567567567568,0.77948334,0.58798824,0.64324569,0.983471074380,0.1666666666666667,0.43750000,0E-8,0.6165218777396989,0.937500000000,0.6153846153846154,0.888889,0.4489598451862603,0.951111111111,0.5000000000000000,1.00000000,0.4228070175438597,0.2222222222222222,0.2,0.674208144796
HCP0637,0.2972972972972973,0.46100087,0.38177236,0.63746600,0.958677685950,0.6904761904761905,0.21665000,0E-8,0.32844504662469115,0.944444444444,0.4615384615384615,0.857143,0.7385099177552007,0.942222222222,0E-16,0E-8,0.0,0.0,0.0,0E-12
HCP0638,0.6756756756756757,0.54636216,0.29791404,0.43585675,1.000000000000,0.3095238095238095,0.28570000,1.00000000,0.4062724157169045,0.979166666667,0.3846153846153846,0.625000,0.5544267053701016,0.884444444444,0.3000000000000000,1.00000000,0.3479824561403509,0.0,0.15,1.000000000000
HCP0639,0.5945945945945946,0.67852240,0.47725045,0.58612874,0.966942148760,0.1666666666666667,0.18750000,0E-8,0.21806009404638566,0.756944444444,0.6153846153846154,0.888889,0.5106434446057087,1.000000000000,0.4000000000000000,0.66670000,0.37719298245614036,0.1111111111111111,0.15,0.936651583710
HCP0640,0.7567567567567568,0.52988893,0.22399552,0.33578876,1.000000000000,0.5000000000000000,0.27275000,1.00000000,0.421056826332988,0.930555555556,0.6923076923076923,0.818182,0.4010643444605708,0.982222222222,0.1000000000000000,0.33330000,0.8333333333333334,0.0,0.15,0.904977375566
HCP0641,0.8378378378378378,0.44465244,0.15847683,0.27198549,0.892561983471,0.2857142857142857,0.34615000,1.00000000,0.4894397067027975,0.930555555556,0.3076923076923077,1.000000,0.4153362360909531,0.724444444444,0.2000000000000000,0.50000000,0.5219298245614035,0.0,0.05,1.000000000000
HCP0642,0.8648648648648649,0.38749532,0.31107378,0.59122847,0.884297520661,0.2619047619047619,0.33335000,0E-8,0.3066868574161154,0.965277777778,0.6153846153846154,0.800000,0.48306724721819055,0.973333333333,0.1000000000000000,0.50000000,0.3333333333333333,0.0,0.15,0.352941176471
HCP0643,0.4324324324324324,0.25009360,0.14741705,0.37771985,0.975206611570,0.3571428571428571,0.18750000,1.00000000,0.39925878696102657,0.916666666667,0.3846153846153846,0.714286,0.3098693759071117,0.888888888889,0.1000000000000000,0.50000000,0.23684210526315788,0.0,0.0,0.452488687783
HCP0644,0.6216216216216216,0.66017721,0.40445191,0.50804624,0.818181818182,0.4047619047619048,0.33335000,0.50000000,0.6170399298637126,0.993055555556,0.2307692307692308,1.000000,0.6047411707789065,0.666666666667,0.6000000000000000,0.75000000,0.4546491228070175,0.2777777777777778,0.55,0.873303167421
HCP0645,0.4054054054054054,0.53051292,0.37841243,0.56663645,0.710743801653,0.4523809523809524,0.12500000,1.00000000,0.4656491591615526,0.888888888889,0.2307692307692308,1.000000,0.8870343492985002,0.488888888889,0.1000000000000000,1.00000000,0.32456140350877194,0.0,0.0,0.226244343891
HCP0646,0.6486486486486486,0.45288906,0.24345513,0.41205802,0.876033057851,0.0476190476190476,0.33335000,1.00000000,0.0373396030923727,0E-12,0.5384615384615385,1.000000,0.5,0.960000000000,0.1000000000000000,0.25000000,0.38596491228070173,0.0,0.0,0.452488687783
HCP0647,0.2702702702702703,0.44103332,0.17499650,0.30224388,0.859504132231,0.4761904761904762,0.16665000,0E-8,0.37208097553199965,0.895833333333,0.6153846153846154,0.800000,0.3742138364779874,0.924444444444,0.1000000000000000,1.00000000,0.5175438596491229,0.0,0.15,0.257918552036
HCP0648,0.7837837837837838,0.29639336,0.21965561,0.50362647,0.991735537190,0.1666666666666667,0.25000000,0E-8,0.5017932573523551,0.958333333333,0.5384615384615385,1.000000,0.4344460570875665,0.937777777778,0.4000000000000000,1.00000000,0.5635964912280702,0.1111111111111111,0.15,0.868778280543
HCP0649,0.2972972972972973,0.34756021,0.04241915,0.08714869,0.826446280992,0.1666666666666667,0.18750000,0.50000000,0.06619112138359767,0.930555555556,0.1538461538461538,0.500000,0.8628447024673439,0.982222222222,0E-16,0E-8,0.0,0.0,0.0,0E-12
HCP0650,0.8648648648648649,0.75726944,0.51854963,0.58114234,1.000000000000,0.7380952380952381,0.32815000,0.50000000,0.6918386865386149,0.993055555556,0.6923076923076923,0.900000,0.32583454281567487,1.000000000000,0.2000000000000000,0.66670000,0.5745614035087719,0.16666666666666666,0.1,0.936651583710
HCP0651,0.7027027027027027,0.63596655,0.32087358,0.41557117,0.983471074380,0.6190476190476190,0.25925000,0.50000000,0.58595680242289,0.854166666667,0.3846153846153846,1.000000,0.8676826318335753,0.813333333333,0.3000000000000000,0.75000000,0.6344736842105263,0.2222222222222222,0.2,0.968325791855
HCP0652,0.1621621621621622,0.56907525,0.34999300,0.49580689,0.966942148760,0.1904761904761905,0.38890000,0E-8,0.23268510400892645,0.930555555556,0.7692307692307692,0.909091,0.4075955491049831,0.973333333333,0.1000000000000000,1.00000000,0.20175438596491227,0.0,0.0,0.226244343891
HCP0653,0.2972972972972973,0.91488831,0.84852303,0.80949683,0.950413223140,0.6666666666666667,0.18965000,0.44440000,0.47704630588985414,0.972222222222,0.3846153846153846,1.000000,0.3597000483792936,0.920000000000,0.2000000000000000,0.66670000,0.4298245614035088,0.16666666666666666,0.0,0.805429864253
HCP0654,0.9189189189189189,0.68051916,0.37505250,0.45942883,0.991735537190,0.5476190476190476,0.29165000,0E-8,0.5539571212241969,0.791666666667,0.3076923076923077,0.800000,0.7418964683115626,0.817777777778,0.4000000000000000,0.80000000,0.4166666666666667,0.3333333333333333,0.3,0.904977375566
HCP0655,0.5405405405405405,0.53937352,0.36665267,0.54204442,0.950413223140,0.5952380952380952,0.19230000,1.00000000,0.3941181158842751,0.937500000000,0.2307692307692308,1.000000,0.49201741654571846,0.835555555556,0.2000000000000000,0.66670000,0.37719298245614036,0.0,0.0,0.610859728507
HCP0656,0.1621621621621622,0.12342444,0.09995800,0.37771985,0.190082644628,0.1666666666666667,0.18750000,0E-8,0.2787518928827608,0.715277777778,0.1538461538461538,1.000000,0.8265602322206096,0.764444444444,0.2000000000000000,1.00000000,0.4649122807017544,0.0,0.15,0.773755656109
HCP0657,0.4324324324324324,0.67702483,0.33151337,0.40797824,0.933884297521,0.1428571428571429,0.57145000,0.33330000,0.4002151908822826,0.736111111111,0.5384615384615385,0.875000,0.6603773584905661,0.880000000000,0.1000000000000000,1.00000000,0.8508771929824561,0.1111111111111111,0.0,0.158371040724
HCP0658,0.5675675675675676,0.63958567,0.22791544,0.29385766,0.991735537190,0.0952380952380952,0.20000000,0.50000000,0.2803857495815733,0.923611111111,0.2307692307692308,1.000000,0.5,0.973333333333,0.2000000000000000,0.25000000,0.7368421052631579,0.0,0.0,0.352941176471
HCP0659,0.4324324324324324,0.70984650,0.36847263,0.43585675,0.983471074380,0.3571428571428571,0.25000000,0E-8,0.3310353072447597,0.812500000000,0.8461538461538462,0.846154,0.2767295597484276,0.942222222222,0.4000000000000000,1.00000000,0.6381578947368421,0.2777777777777778,0.15,1.000000000000
HCP0660,0.2162162162162162,0.43841258,0.32661347,0.56663645,0.950413223140,0.0476190476190476,0.50000000,0E-8,0.13262134374750942,0.951388888889,0.4615384615384615,0.666667,0.36018384131591674,0.995555555556,0.1000000000000000,1.00000000,0.40350877192982454,0.0,0.2,0.678733031674
HCP0661,0.4864864864864865,0.32397354,0.10499790,0.22665458,0.950413223140,0.2619047619047619,0.20835000,0.50000000,0.3450625647565155,0.930555555556,0.7692307692307692,0.909091,0.4361393323657475,0.928888888889,0.1000000000000000,0.50000000,0.7017543859649122,0.0,0.0,0.805429864253
HCP0662,0.7837837837837838,0.93260951,0.74114518,0.69537625,1.000000000000,0.2619047619047619,0.45835000,0.25000000,0.5122340001594008,0.979166666667,0.8461538461538462,0.846154,0.7735849056603774,0.857777777778,0.4000000000000000,0.66670000,0.36622807017543857,0.3333333333333333,0.2,0.805429864253
HCP0663,0.2162162162162162,0.60476725,0.32661347,0.44072983,0.975206611570,0.3095238095238095,0.50000000,0.40000000,0.376145692197338,0.888888888889,0.6153846153846154,1.000000,0.6935171746492501,0.853333333333,0.1000000000000000,0.33330000,0.22807017543859648,0.05555555555555555,0.2,0.289592760181
HCP0664,0.3783783783783784,0.82665668,0.58336833,0.60709429,0.909090909091,0.2380952380952381,0.36365000,0E-8,0.5869929066709174,0.958333333333,0.5384615384615385,0.875000,0.3035800677310111,0.528888888889,0.4000000000000000,1.00000000,0.4473684210526316,0.1111111111111111,0.45,0.904977375566
HCP0665,0.6216216216216216,0.90977162,0.68444631,0.65605168,1.000000000000,0.2380952380952381,0.31820000,1.00000000,0.4159958555830079,0.958333333333,0.6153846153846154,0.888889,0.7365747460087083,0.857777777778,0.2000000000000000,1.00000000,0.5614035087719298,0.16666666666666666,0.15,0.515837104072
HCP0666,0.6216216216216216,0.57706227,0.27999440,0.39233908,0.917355371901,0.2142857142857143,0.45000000,0E-8,0.4504263967482267,0.923611111111,0.6153846153846154,0.800000,0.49032414126753754,0.973333333333,0.2000000000000000,0.50000000,0.35526315789473684,0.0,0.0,0.678733031674
HCP0667,0.6216216216216216,0.41058280,0.21783564,0.39664551,0.975206611570,0.3809523809523810,0.14705000,0.50000000,0.5009165537578705,0.930555555556,0.2307692307692308,1.000000,0.2743105950653121,0.875555555556,0.4000000000000000,1.00000000,0.6447368421052632,0.05555555555555555,0.45,0.710407239819
HCP0668,0.8918918918918919,0.33245975,0.20369593,0.43177697,0.942148760331,0.3809523809523810,0.08825000,1.00000000,0.32378257750856787,0.833333333333,0.3846153846153846,0.833333,0.5041122399612966,0.608888888889,0E-16,0E-8,0.0,0.0,0.0,0E-12
HCP0669,0.4054054054054054,0.49681767,0.30267395,0.47722121,1.000000000000,0.0714285714285714,0.12500000,0E-8,0.5787439228500838,0.701388888889,0.7692307692307692,1.000000,0.30648282535074983,0.960000000000,0.2000000000000000,0.66670000,0.5131578947368421,0.0,0.05,0.773755656109
HCP0670,0.6756756756756757,0.49319855,0.17877642,0.28331822,0.677685950413,0.1666666666666667,0.31250000,1.00000000,0.6071172391806807,0.826388888889,0.7692307692307692,0.909091,0.5328979196903725,0.960000000000,0.5000000000000000,1.00000000,0.41754385964912283,0.3888888888888889,0.2,0.968325791855
HCP0671,0.7027027027027027,0.61000874,0.43749125,0.58612874,1.000000000000,0.2619047619047619,0.41665000,0E-8,0.691201083924444,0.937500000000,0.6153846153846154,1.000000,0.5938558297048864,0.951111111111,0E-16,0E-8,0.0,0.0,0.0,0E-12
HCP0672,0.8378378378378378,0.72719331,0.60758785,0.70444243,0.933884297521,0.4047619047619048,0.33335000,0E-8,0.7990356260460667,0.902777777778,0.2307692307692308,0.750000,0.6209482341557813,0.715555555556,0.3000000000000000,1.00000000,0.42692982456140355,0.05555555555555555,0.4,0.420814479638
HCP0673,0.2972972972972973,0.61237988,0.25451491,0.33998187,0.966942148760,0.6190476190476190,0.11110000,0E-8,0.5713716426237347,0.791666666667,0.3076923076923077,0.666667,0.6613449443638123,0.848888888889,0.1000000000000000,0.33330000,0.45614035087719296,0.0,0.05,0.289592760181
HCP0674,0.5675675675675676,0.52352427,0.32563349,0.49274705,0.652892561983,0.2619047619047619,0.33335000,0E-8,0.3305969554475173,0.972222222222,0.1538461538461538,0.666667,0.6935171746492501,0.333333333333,0E-16,0E-8,0.0,0.0,0.0,0E-12
HCP0675,0.9189189189189189,0.50230875,0.32493350,0.50804624,0.975206611570,0.2380952380952381,0.22725000,0.33330000,0.5004383517972424,0.944444444444,0.3846153846153846,0.833333,0.37106918238993714,0.911111111111,0.2000000000000000,0.33330000,0.2719298245614035,0.16666666666666666,0.0,1.000000000000
HCP0676,0.9189189189189189,0.79196306,0.49993000,0.53966455,0.900826446281,0.5714285714285714,0.20000000,1.00000000,0.5663106718737547,0.944444444444,0.4615384615384615,1.000000,0.6088534107402032,0.955555555556,0.6000000000000000,0.85710000,0.4971052631578948,0.2777777777777778,0.4,0.805429864253
HCP0677,0.4594594594594595,0.49594409,0.07181856,0.11332729,0.892561983471,0.2619047619047619,0.12500000,0.33330000,0.4775643580138678,0.944444444444,0.2307692307692308,1.000000,0.21770682148040632,0.866666666667,0.1000000000000000,0.50000000,0.24561403508771928,0.0,0.0,0.678733031674
HCP0678,0.5945945945945946,0.79196306,0.63628727,0.68687670,0.834710743802,0.5000000000000000,0.34090000,0.40000000,0.610942854865705,1.000000000000,0.2307692307692308,0.750000,0.3730043541364296,0.853333333333,0.6000000000000000,1.00000000,0.6651754385964912,0.1111111111111111,0.4,0.968325791855
HCP0679,0.3513513513513514,0.53350805,0.35993280,0.53683137,0.975206611570,0.4523809523809524,0.35000000,0.75000000,0.606599187056667,0.944444444444,0.3076923076923077,0.800000,0.3645379777455248,0.862222222222,0.1000000000000000,0.50000000,0.45614035087719296,0.16666666666666666,0.0,0.257918552036
HCP0680,0.5405405405405405,0.59877699,0.43329133,0.58930190,0.909090909091,0.4285714285714286,0.23685000,0E-8,0.4114529369570416,0.937500000000,0.7692307692307692,1.000000,0.42501209482341556,1.000000000000,0.4000000000000000,0.50000000,0.3815789473684211,0.0,0.15,0.868778280543
HCP0681,0.8108108108108108,0.40796206,0.26921462,0.49274705,0.892561983471,0.3809523809523810,0.32355000,0E-8,0.466804813899737,0.979166666667,0.4615384615384615,0.857143,0.40662796323173683,0.955555555556,0.2000000000000000,0.40000000,0.5043859649122807,0.0,0.0,0.710407239819
HCP0682,0.6216216216216216,0.18881817,0.15553689,0.47223481,0.991735537190,0.1666666666666667,0.06250000,0E-8,0.16474057543635925,0.833333333333,0.0769230769230769,0.500000,0.2581035316884373,0.528888888889,0.2000000000000000,0.66670000,0.5307017543859649,0.05555555555555555,0.0,1.000000000000
HCP0683,0.9189189189189189,0.34631224,0.20005600,0.41205802,0.975206611570,0.5952380952380952,0.21155000,0.75000000,0.5064158763050929,0.972222222222,0.6153846153846154,0.888889,0.5832123850991775,0.844444444444,0.5000000000000000,0.62500000,0.6263157894736843,0.16666666666666666,0.25,0.968325791855
HCP0684,0.4594594594594595,0.36802696,0.21531569,0.42497733,0.966942148760,0E-16,1.00000000,0E-8,0.029887622539252413,0.604166666667,0.2307692307692308,0.750000,0.8265602322206096,0.768888888889,0.1000000000000000,0.50000000,0.6228070175438597,0.0,0.0,0.936651583710
HCP0685,0.2162162162162162,0.18881817,0.09337813,0.28331822,0.603305785124,0.1190476190476190,0.33335000,0E-8,0.13034988443452616,0.979166666667,0.3846153846153846,1.000000,0.3451862602805999,0.826666666667,0.1000000000000000,1.00000000,0.6842105263157895,0.0,0.0,0.515837104072
HCP0686,0.8378378378378378,0.44465244,0.31695366,0.54397099,1.000000000000,0.0714285714285714,0.25000000,0E-8,0.26416673308360566,0.687500000000,0.3846153846153846,0.833333,0.7056119980648282,0.724444444444,0.4000000000000000,1.00000000,0.3793859649122807,0.1111111111111111,0.35,0.579185520362
HCP0687,0.9459459459459459,0.51279171,0.27019460,0.41557117,1.000000000000,0.5238095238095238,0.32610000,0.60000000,0.3864270343508409,0.979166666667,0.3846153846153846,0.833333,0.24189646831156258,0.613333333333,0.6000000000000000,1.00000000,0.5350877192982456,0.3888888888888889,0.2,1.000000000000
HCP0688,0.6216216216216216,0.49382254,0.34215316,0.54204442,0.892561983471,0.4761904761904762,0.23810000,0.40000000,0.3974655296086714,0.888888888889,0.3076923076923077,1.000000,0.19762941461054667,0.906666666667,0.3000000000000000,1.00000000,0.6403508771929824,0.05555555555555555,0.15,0.642533936652
HCP0689,0.7567567567567568,0.82940222,0.47599048,0.49399365,0.950413223140,0.5476190476190476,0.20835000,0.66670000,0.39455646768151753,0.979166666667,0.9230769230769231,1.000000,0.49395258829221095,0.960000000000,0E-16,0E-8,0.0,0.0,0.0,0E-12
HCP0690,0.3783783783783784,0.06402097,0.07783844,0.37771985,0.752066115702,0.1666666666666667,0.12500000,0E-8,0.24507850482186982,0.902777777778,0.4615384615384615,0.857143,0.5587808417997097,0.942222222222,0E-16,0E-8,0.0,0.0,0.0,0E-12
HCP0691,0.8108108108108108,0.55197804,0.29609408,0.42985041,0.975206611570,0.1666666666666667,0.12500000,0E-8,0.834860922929784,0.805555555556,0.8461538461538462,1.000000,0.5307208514755686,1.000000000000,0.2000000000000000,0.66670000,0.3201754385964912,0.16666666666666666,0.15,0.678733031674
HCP0692,0.1621621621621622,0.52452265,0.39997200,0.60437443,0.867768595041,0.5238095238095238,0.28260000,0.33330000,0.4658085598150952,0.854166666667,0.3076923076923077,0.800000,0.5145137880986937,0.791111111111,0.5000000000000000,1.00000000,0.5421052631578948,0.4444444444444444,0.1,0.968325791855
HCP0693,0.7567567567567568,0.50492949,0.36399272,0.56663645,0.983471074380,0.2142857142857143,0.25000000,0.50000000,0.28142185382960067,0.881944444444,0.2307692307692308,0.750000,0.4153362360909531,0.977777777778,0.7000000000000000,1.00000000,0.3684210526315789,0.2777777777777778,0.55,0.968325791855
HCP0694,0.3783783783783784,0.65331337,0.27215456,0.34485494,0.842975206612,0.4523809523809524,0.30000000,0.75000000,0.4171515103211923,0.888888888889,0.6923076923076923,0.900000,0.558055152394775,0.951111111111,0E-16,0E-8,0.0,0.0,0.0,0E-12
HCP0695,0.9189189189189189,0.59141395,0.30001400,0.41205802,1.000000000000,0.5952380952380952,0.32690000,0.66670000,0.38415557503785763,0.965277777778,0.2307692307692308,0.750000,0.25205611998064825,0.524444444444,0.3000000000000000,1.00000000,0.37429824561403513,0.0,0.15,0.936651583710
HCP0696,0.3243243243243243,0.29639336,0.20593588,0.47223481,0.958677685950,0.5238095238095238,0.21740000,1.00000000,0.4194229696341756,0.958333333333,0.4615384615384615,1.000000,0.3790517658442186,0.835555555556,0.6000000000000000,0.85710000,0.40789473684210525,0.05555555555555555,0.3,0.610859728507
HCP0697,0.5675675675675676,0.40746287,0.19529609,0.35788758,0.710743801653,0.1666666666666667,0.06250000,1.00000000,0.25603729975292905,0.923611111111,0.1538461538461538,1.000000,0.3669569424286405,0.404444444444,0E-16,0E-8,0.0,0.0,0.0,0E-12
HCP0698,0.9189189189189189,0.43541745,0.12501750,0.21792838,1.000000000000,0.1904761904761905,0.22220000,0E-8,0.2768789352036344,0.777777777778,0.5384615384615385,0.700000,0.41049830672472176,0.826666666667,0.1000000000000000,1.00000000,0.41228070175438597,0.0,0.0,0.126696832579
HCP0699,0.0540540540540541,0.32397354,0.23337533,0.50362647,0.685950413223,0.5476190476190476,0.27085000,0.33330000,0.3156531441778911,0.958333333333,0.6153846153846154,0.800000,0.5,0.795555555556,0.3000000000000000,1.00000000,0.42394736842105263,0.05555555555555555,0.2,0.868778280543
HCP0700,0.6756756756756757,0.62598278,0.32759345,0.42985041,0.958677685950,0.1904761904761905,0.38890000,0.50000000,0.6538614808320716,0.958333333333,0.1538461538461538,0.666667,0.2501209482341558,0.884444444444,0.1000000000000000,1.00000000,0.7280701754385965,0.0,0.1,0.579185520362
HCP0701,0.1891891891891892,0.67365531,0.24135517,0.29827743,0.942148760331,0.1190476190476190,0.58335000,1.00000000,0.48629154379532963,0.993055555556,0.3076923076923077,1.000000,0.49395258829221095,0.835555555556,0.1000000000000000,1.00000000,0.43859649122807015,0.0,0.0,0.484162895928
HCP0702,0.1621621621621622,0.56907525,0.34999300,0.49580689,0.842975206612,0.5476190476190476,0.33335000,1.00000000,0.535386945086475,0.895833333333,0.8461538461538462,0.916667,0.49201741654571846,0.866666666667,0.3000000000000000,0.75000000,0.41228070175438597,0.05555555555555555,0.2,0.837104072398
HCP0703,0.0810810810810811,0.40509173,0.11199776,0.20602901,0.925619834711,0.2857142857142857,0.34615000,1.00000000,0.5373396030923726,0.958333333333,0.6923076923076923,1.000000,0.5914368650217707,0.986666666667,0.3000000000000000,0.60000000,0.49122807017543857,0.0,0.15,1.000000000000
HCP0704,0.8378378378378378,0.63297142,0.36987260,0.48073436,0.983471074380,0.2380952380952381,0.40910000,0.66670000,0.35932892324858534,0.951388888889,0.3846153846153846,0.625000,0.44267053701015957,0.844444444444,0.6000000000000000,0.85710000,0.4649122807017544,0.2777777777777778,0.5,0.868778280543
HCP0705,0.8378378378378378,0.46823911,0.23771525,0.39233908,1.000000000000,0.3333333333333333,0.23335000,0E-8,0.27181796445365425,0.972222222222,0.6153846153846154,0.888889,0.43275278180938553,0.995555555556,0.5000000000000000,0.83330000,0.5052631578947369,0.2777777777777778,0.0,0.837104072398
HCP0706,0.3243243243243243,0.18632223,0.12347753,0.37771985,0.991735537190,0.1904761904761905,0.27780000,0E-8,0.19546505140671075,0.902777777778,0.3846153846153846,1.000000,0.38388969521044986,0.800000000000,0.2000000000000000,0.33330000,0.6578947368421053,0.16666666666666666,0.2,0.968325791855
HCP0707,0.1621621621621622,0.70285786,0.55004900,0.65605168,0.876033057851,0.7619047619047619,0.13635000,0.25000000,0.48210727663983427,0.937500000000,0.6923076923076923,1.000000,0.7418964683115626,0.964444444444,0.3000000000000000,0.75000000,0.4151754385964912,0.16666666666666666,0.05,0.773755656109
HCP0708,0.6756756756756757,0.62598278,0.38723226,0.50804624,0.950413223140,0.1428571428571429,0.42855000,1.00000000,0.5188491272814219,0.944444444444,0.3076923076923077,0.800000,0.6886792452830188,0.977777777778,0.3000000000000000,1.00000000,0.4853508771929824,0.16666666666666666,0.0,0.773755656109
HCP0709,0.4054054054054054,0.46312243,0.15133697,0.25181324,0.983471074380,0.2619047619047619,0.12500000,1.00000000,0.22937754044791578,0.791666666667,0.2307692307692308,1.000000,0.7014997581035316,0.591111111111,0.2000000000000000,1.00000000,0.2149122807017544,0.0,0.0,0.678733031674
HCP0710,0.4864864864864865,0.63596655,0.38499230,0.49864007,0.867768595041,0.1666666666666667,0.25000000,0E-8,0.259424563640711,0.680555555556,0.6153846153846154,0.888889,0.5537010159651669,0.942222222222,0.5000000000000000,1.00000000,0.5596491228070175,0.1111111111111111,0.2,0.805429864253
HCP0711,0.2702702702702703,0.40197180,0.13131737,0.24286038,0.809917355372,0.1904761904761905,0.16665000,1.00000000,0.30094843388857895,0.736111111111,0.6153846153846154,1.000000,0.4697629414610547,0.928888888889,0.3000000000000000,0.75000000,0.39473684210526316,0.0,0.15,1.000000000000
HCP0712,0.7837837837837838,0.51666043,0.10975780,0.16783772,0.925619834711,0.3095238095238095,0.17855000,0.75000000,0.28831593209532164,0.937500000000,0.2307692307692308,1.000000,0.47581035316884374,0.253333333333,0E-16,0E-8,0.0,0.0,0.0,0E-12
HCP0713,0.4054054054054054,0.56433296,0.37841243,0.53966455,0.909090909091,0.2380952380952381,0.22725000,0.50000000,0.4149996014983661,0.944444444444,0.6923076923076923,0.900000,0.46855345911949675,0.924444444444,0.2000000000000000,1.00000000,0.38596491228070173,0.1111111111111111,0.1,0.936651583710
HCP0714,0.5945945945945946,0.22475977,0.03177936,0.08714869,0.768595041322,0.1904761904761905,0.16665000,1.00000000,0.2826572088945564,0.840277777778,0.4615384615384615,0.750000,0.25520077406869857,0.764444444444,0E-16,0E-8,0.0,0.0,0.0,0E-12
HCP0715,0.5945945945945946,0.53675278,0.31821364,0.47223481,0.983471074380,0.1666666666666667,0.31250000,0E-8,0.3233043755479398,0.902777777778,0.3076923076923077,0.666667,0.37106918238993714,0.671111111111,0.4000000000000000,0.57140000,0.39035087719298245,0.1111111111111111,0.25,0.642533936652
HCP0716,0.9729729729729730,0.37239486,0.12067759,0.23606074,1.000000000000,0.2619047619047619,0.25000000,0E-8,0.2786323423926038,0.548611111111,0.3846153846153846,1.000000,0.5048379293662312,0.826666666667,0.3000000000000000,0.60000000,0.35964912280701755,0.05555555555555555,0.1,0.642533936652
HCP0717,0.4594594594594595,0.49594409,0.14363713,0.22665458,0.991735537190,0.3809523809523810,0.35295000,0.50000000,0.31959831035307246,0.993055555556,0.3846153846153846,1.000000,0.7515723270440251,0.782222222222,0.5000000000000000,1.00000000,0.5157894736842105,0.05555555555555555,0.5,1.000000000000
HCP0718,0.2432432432432432,0.50006240,0.36133277,0.56663645,0.909090909091,0.2857142857142857,0.34615000,1.00000000,0.4753327488642704,0.902777777778,0.5384615384615385,0.777778,0.4946782776971457,0.786666666667,0.4000000000000000,1.00000000,0.6030701754385965,0.05555555555555555,0.1,0.647058823529
HCP0719,0.0270270270270270,0.29002870,0.12179756,0.28331822,0.809917355372,0.1428571428571429,0.28570000,0E-8,0.45791822746473265,0.972222222222,0.3846153846153846,0.833333,0.2460087082728592,0.608888888889,0.3000000000000000,0.75000000,0.3362280701754386,0.2222222222222222,0.05,0.579185520362
HCP0720,0.6216216216216216,0.66017721,0.37337253,0.46894832,0.925619834711,0.3809523809523810,0.41175000,0.66670000,0.5108790946042878,1.000000000000,0.6153846153846154,0.888889,0.4409772617319786,0.888888888889,0.2000000000000000,0.50000000,0.18421052631578946,0.3333333333333333,0.1,1.000000000000
HCP0721,0.3243243243243243,0.62673156,0.41173177,0.53966455,0.892561983471,0.2142857142857143,0.35000000,0E-8,0.3022634892803061,0.993055555556,0.3846153846153846,1.000000,0.40324141267537494,0.968888888889,0.3000000000000000,1.00000000,0.4151754385964912,0.1111111111111111,0.2,1.000000000000
HCP0722,0.7297297297297297,0.67103457,0.51420972,0.63746600,0.933884297521,0.1428571428571429,0.14285000,0E-8,0.677094126085917,0.875000000000,0.6923076923076923,0.900000,0.526608611514272,0.893333333333,0E-16,0E-8,0.0,0.0,0.0,0E-12
HCP0723,0.4864864864864865,0.63596655,0.34999300,0.45330916,0.991735537190,0.2142857142857143,0.35000000,0.50000000,0.5702159878855505,0.979166666667,0.8461538461538462,0.846154,0.39574262215771644,0.968888888889,0.5000000000000000,0.83330000,0.5017543859649123,0.2222222222222222,0.1,0.904977375566
HCP0724,0.6756756756756757,0.44015974,0.32759345,0.56663645,0.942148760331,0.1666666666666667,0.25000000,1.00000000,0.6103849525783056,0.826388888889,0.6923076923076923,1.000000,0.5940977261731979,0.986666666667,0.2000000000000000,0.66670000,0.32456140350877194,0.05555555555555555,0.15,0.194570135747
HCP0725,0.1081081081081081,0.52801697,0.26921462,0.40469175,1.000000000000,0.6428571428571429,0.21430000,0.66670000,0.491193113891767,0.972222222222,0.6923076923076923,1.000000,0.6020803096274794,0.906666666667,0.1000000000000000,0.50000000,0.37719298245614036,0.05555555555555555,0.15,0.547511312217
HCP0726,0.8108108108108108,0.50393111,0.32311354,0.50362647,0.991735537190,0.5476190476190476,0.31250000,0.50000000,0.49744958954331714,0.902777777778,0.4615384615384615,0.750000,0.18263183357522977,0.986666666667,0.5000000000000000,0.83330000,0.41228070175438597,0.0,0.7,0.837104072398
HCP0727,0.0540540540540541,0.37601398,0.11661767,0.22665458,0.669421487603,0.3333333333333333,0.23335000,0.25000000,0.28301586036502746,0.937500000000,0.2307692307692308,1.000000,0.6129656507014998,0.884444444444,0.1000000000000000,0.50000000,0.4649122807017544,0.0,0.0,0.742081447964
HCP0728,0.5945945945945946,0.65019344,0.44547109,0.56663645,0.991735537190,0.3809523809523810,0.26470000,1.00000000,0.6914003347413724,0.847222222222,0.4615384615384615,1.000000,0.7177068214804063,0.986666666667,0.5000000000000000,0.83330000,0.45438596491228067,0.3333333333333333,0.35,0.968325791855
HCP0729,0.1621621621621622,0.47997005,0.20005600,0.32377607,0.942148760331,0.1666666666666667,0.18750000,1.00000000,0.3333067665577429,0.888888888889,0.2307692307692308,1.000000,0.5483792936623125,0.177777777778,0.1000000000000000,0.50000000,0.3333333333333333,0.0,0.2,0.289592760181
HCP0730,0.6756756756756757,0.51978036,0.23827523,0.36264733,0.991735537190,0.4285714285714286,0.23685000,0.33330000,0.6021758189208576,0.965277777778,0.2307692307692308,1.000000,0.2581035316884373,0.791111111111,0.4000000000000000,0.50000000,0.3881578947368421,0.0,0.1,1.000000000000
HCP0731,0.5135135135135135,0.40384375,0.27313454,0.50362647,0.975206611570,0.1428571428571429,0.28570000,1.00000000,0.30780266199091416,0.861111111111,0.5384615384615385,0.875000,0.25520077406869857,0.773333333333,0.5000000000000000,0.71430000,0.4070175438596491,0.16666666666666666,0.2,0.968325791855
HCP0732,0.3243243243243243,0.59004118,0.08231835,0.11332729,0.966942148760,0.1190476190476190,0.50000000,0E-8,0.36717940543556227,0.527777777778,0.5384615384615385,0.777778,0.33865505563618764,0.928888888889,0.2000000000000000,0.66670000,0.39035087719298245,0.0,0.0,0.837104072398
HCP0733,0.3783783783783784,0.54935729,0.27215456,0.39664551,0.983471074380,0.6190476190476190,0.31480000,0.33330000,0.5471825934486332,0.965277777778,0.6923076923076923,1.000000,0.7365747460087083,0.995555555556,0.2000000000000000,1.00000000,0.45614035087719296,0.0,0.35,1.000000000000
HCP0734,0.2162162162162162,0.35517284,0.27999440,0.56663645,0.975206611570,0.4285714285714286,0.23685000,0E-8,0.2577508567785128,0.673611111111,0.3846153846153846,0.833333,0.4233188195452346,0.915555555556,0.2000000000000000,0.66670000,0.4868421052631579,0.1111111111111111,0.4,0.615384615385
HCP0735,0.4864864864864865,0.63596655,0.27999440,0.36264733,0.991735537190,0.4047619047619048,0.16665000,0E-8,0.3201562126404718,0.972222222222,0.3846153846153846,1.000000,0.27745524915336234,0.715555555556,0.2000000000000000,0.40000000,0.3815789473684211,0.0,0.05,0.547511312217
HCP0736,0.6756756756756757,0.36053912,0.11913762,0.23855394,0.818181818182,0.2619047619047619,0.20835000,0.50000000,0.11500757153104328,0.770833333333,0.3076923076923077,1.000000,0.4818577648766328,0.933333333333,0E-16,0E-8,0.0,0.0,0.0,0E-12
HCP0737,0.5945945945945946,0.62173967,0.47725045,0.62964642,0.925619834711,0.2142857142857143,0.30000000,0.80000000,0.6347732525703357,0.944444444444,0.5384615384615385,0.875000,0.36090953072085147,1.000000000000,0.4000000000000000,1.00000000,0.30043859649122806,0.16666666666666666,0.0,0.873303167421
HCP0738,0.6486486486486486,0.45288906,0.33473331,0.56663645,0.958677685950,0.1904761904761905,0.38890000,0.50000000,0.24966127361122178,0.493055555556,0.6153846153846154,0.888889,0.47581035316884374,0.706666666667,0.1000000000000000,1.00000000,0.5614035087719298,0.0,0.05,0.126696832579
HCP0739,0.8378378378378378,0.46823911,0.23771525,0.39233908,0.983471074380,0.1190476190476190,0.16665000,0.50000000,0.5606519486729895,0.847222222222,0.6153846153846154,0.888889,0.534833091436865,0.982222222222,0.3000000000000000,0.75000000,0.3830701754385965,0.16666666666666666,0.1,0.936651583710
HCP0740,0.5675675675675676,0.61063272,0.35811284,0.47948776,0.958677685950,0.6428571428571429,0.23215000,0.71430000,0.4958555830078903,0.979166666667,0.2307692307692308,0.750000,0.43347847121432026,0.715555555556,0.2000000000000000,0.50000000,0.6535087719298246,0.0,0.0,0.968325791855
HCP0741,0.8378378378378378,0.51528766,0.15847683,0.24286038,0.966942148760,0.4047619047619048,0.30555000,1.00000000,0.4238861879333705,1.000000000000,0.7692307692307692,0.909091,0.6342525399129172,0.893333333333,0.1000000000000000,0.33330000,0.35964912280701755,0.16666666666666666,0.1,0.321266968326
HCP0742,0.5945945945945946,0.42318732,0.38177236,0.67996374,0.917355371901,0.5952380952380952,0.26925000,0.28570000,0.49992029967322865,0.986111111111,0.6923076923076923,1.000000,0.37106918238993714,0.777777777778,0.5000000000000000,0.83330000,0.4578947368421053,0.0,0.15,0.837104072398
HCP0743,0.4864864864864865,0.38637215,0.17499650,0.33329556,0.991735537190,0.0714285714285714,0.25000000,0.50000000,0.14413804096596797,0.861111111111,0.3846153846153846,1.000000,0.6209482341557813,0.853333333333,0.1000000000000000,0.50000000,0.2894736842105263,0.0,0.0,0.095022624434
HCP0744,0.4324324324324324,0.28291526,0.14741705,0.34870807,0.966942148760,0.1904761904761905,0.38890000,0E-8,0.4781621104646529,0.965277777778,0.3076923076923077,0.666667,0.45162070633768747,0.880000000000,0.2000000000000000,1.00000000,0.3201754385964912,0.0,0.1,0.547511312217
HCP0745,0.5675675675675676,0.20429302,0.03261935,0.09440163,0.818181818182,0.0952380952380952,0.30000000,0E-8,0.4080258229058739,0.861111111111,0.4615384615384615,0.666667,0.39259796806966607,0.906666666667,0.1000000000000000,0.50000000,0.7017543859649122,0.0,0.0,0.321266968326
HCP0746,0.4864864864864865,0.69836516,0.38499230,0.46169538,0.991735537190,0.7142857142857143,0.27420000,0.66670000,0.42281023352195746,0.958333333333,0.6153846153846154,1.000000,0.42452830188679236,0.946666666667,0.4000000000000000,0.80000000,0.3684210526315789,0.16666666666666666,0.05,0.642533936652
HCP0747,0.9189189189189189,0.39086484,0.32493350,0.61389393,0.983471074380,0.2380952380952381,0.04545000,0.25000000,0.44731808400414447,0.972222222222,0.3076923076923077,0.571429,0.3860667634252539,0.906666666667,0.1000000000000000,1.00000000,0.35964912280701755,0.0,0.0,1.000000000000
HCP0748,0.6756756756756757,0.57294397,0.35741285,0.50362647,0.983471074380,0.5952380952380952,0.26925000,0.71430000,0.45221965410058185,1.000000000000,0.7692307692307692,1.000000,0.44678277697145613,0.973333333333,0.5000000000000000,0.83330000,0.5035087719298246,0.0,0.2,0.678733031674
HCP0749,0.6216216216216216,0.52152752,0.34215316,0.51937897,0.876033057851,0.3333333333333333,0.26665000,0.66670000,0.38925639595122336,0.986111111111,0.5384615384615385,0.875000,0.5757135945815192,0.937777777778,0.2000000000000000,1.00000000,0.40350877192982454,0.05555555555555555,0.0,0.515837104072
HCP0750,0.5135135135135135,0.76912517,0.71706566,0.79329102,1.000000000000,0.4761904761904762,0.19050000,1.00000000,0.6484020084482348,0.965277777778,0.3076923076923077,0.800000,0.45162070633768747,0.675555555556,0.4000000000000000,0.66670000,0.4166666666666667,0.2222222222222222,0.0,0.868778280543
HCP0751,0.7567567567567568,0.92923999,0.78398432,0.73798731,0.867768595041,0.4761904761904762,0.30950000,1.00000000,0.719853351398741,0.854166666667,0.7692307692307692,0.769231,0.40324141267537494,0.933333333333,0.8000000000000000,1.00000000,0.43754385964912285,0.2777777777777778,0.85,1.000000000000
HCP0752,0.6486486486486486,0.39860227,0.15217696,0.28331822,0.958677685950,0.1190476190476190,0.33335000,0.50000000,0.35805371802024394,0.958333333333,0.3076923076923077,0.800000,0.3645379777455248,0.928888888889,0.1000000000000000,0.20000000,0.5263157894736842,0.0,0.0,0.352941176471
HCP0753,0.3513513513513514,0.49781605,0.32003360,0.50362647,0.909090909091,0.4523809523809524,0.22500000,0.75000000,0.32665178927233607,0.979166666667,0.3076923076923077,1.000000,0.6995645863570392,0.737777777778,0.3000000000000000,0.60000000,0.388859649122807,0.0,0.1,0.257918552036
HCP0754,0.5675675675675676,0.46549357,0.22791544,0.37771985,0.983471074380,0.3809523809523810,0.23530000,0.50000000,0.6128158125448315,0.902777777778,0.4615384615384615,1.000000,0.7861635220125786,0.951111111111,0.1000000000000000,0.50000000,0.35964912280701755,0.0,0.0,0.678733031674
HCP0755,0.2162162162162162,0.35517284,0.18661627,0.37771985,0.991735537190,0.1904761904761905,0.27780000,0.75000000,0.23762652426874956,0.916666666667,0.3846153846153846,1.000000,0.5628930817610063,0.968888888889,0.2000000000000000,1.00000000,0.37280701754385964,0.0,0.2,0.805429864253
HCP0756,0.2432432432432432,0.50006240,0.49671007,0.77912511,1.000000000000,0.2142857142857143,0.25000000,1.00000000,0.7816211046465292,0.958333333333,0.3076923076923077,1.000000,0.7781809385582971,0.684444444444,0.4000000000000000,1.00000000,0.5942982456140351,0.2222222222222222,0.25,0.904977375566
HCP0757,0.7297297297297297,0.54361662,0.28573429,0.41976428,0.909090909091,0.5000000000000000,0.29545000,0.80000000,0.5355861959034032,0.986111111111,0.9230769230769231,1.000000,0.318577648766328,1.000000000000,0E-16,0E-8,0.0,0.0,0.0,0E-12
HCP0758,0.5405405405405405,0.36116311,0.06663867,0.13327289,0.975206611570,0.2380952380952381,0.40910000,0.50000000,0.5093249382322467,0.986111111111,0.5384615384615385,0.875000,0.5725689404934687,0.964444444444,0.3000000000000000,0.75000000,0.388859649122807,0.0,0.35,1.000000000000
HCP0759,0.2972972972972973,0.61237988,0.46661067,0.62330009,1.000000000000,0.0952380952380952,0.40000000,0E-8,0.27783533912489045,0.958333333333,0.3076923076923077,0.800000,0.5919206579583938,0.906666666667,0.2000000000000000,0.50000000,0.5394736842105263,0.0,0.0,0.873303167421
HCP0760,0.6756756756756757,0.33395732,0.11913762,0.25181324,0.842975206612,0.4047619047619048,0.25000000,1.00000000,0.27763608830796205,0.965277777778,0.3076923076923077,1.000000,0.4576681180454765,0.768888888889,0.1000000000000000,0.33330000,0.32456140350877194,0.0,0.2,0.063348416290
HCP0761,0.4864864864864865,0.66716586,0.59498810,0.74093382,0.950413223140,0.4523809523809524,0.25000000,1.00000000,0.4083446242129593,0.979166666667,0.6923076923076923,0.900000,0.6669085631349781,0.968888888889,0.3000000000000000,0.75000000,0.3830701754385965,0.1111111111111111,0.1,0.678733031674
HCP0762,0.4594594594594595,0.36802696,0.17947641,0.35414778,0.867768595041,0.2142857142857143,0.35000000,0E-8,0.3460588188411572,0.652777777778,0.3846153846153846,1.000000,0.6209482341557813,0.977777777778,0.3000000000000000,0.75000000,0.3362280701754386,0.1111111111111111,0.2,1.000000000000
HCP0763,0.6216216216216216,0.63247223,0.40445191,0.52617860,0.991735537190,0.2380952380952381,0.22725000,1.00000000,0.4756117000079701,0.590277777778,1.0000000000000000,1.000000,0.5428156748911467,0.960000000000,0.3000000000000000,0.75000000,0.3537719298245614,0.2777777777777778,0.1,0.452488687783
HCP0764,0.4324324324324324,0.61138151,0.40529189,0.54204442,0.966942148760,0.1904761904761905,0.22220000,1.00000000,0.4605084880848011,0.833333333333,0.5384615384615385,1.000000,0.5137880986937591,0.800000000000,0.8000000000000000,0.88890000,0.5482456140350878,0.5,0.75,0.968325791855
HCP0765,0.7567567567567568,0.62972669,0.27999440,0.36559383,1.000000000000,0.4285714285714286,0.26315000,1.00000000,0.3879413405594963,0.965277777778,0.2307692307692308,1.000000,0.6289308176100629,0.933333333333,0.1000000000000000,1.00000000,0.6754385964912281,0.0,0.05,0.579185520362
HCP0766,0.1081081081081081,0.71995507,0.37687246,0.44072983,0.809917355372,0.5000000000000000,0.36365000,0E-8,0.8102733721208258,0.909722222222,0.3076923076923077,1.000000,0.46371552975326563,0.960000000000,0.6000000000000000,1.00000000,0.37429824561403513,0.4444444444444444,0.15,0.710407239819
HCP0767,0.8378378378378378,0.65655809,0.50188996,0.63327289,1.000000000000,0.4285714285714286,0.34210000,0.71430000,0.5323184825057782,0.909722222222,0.4615384615384615,1.000000,0.4879051765844219,0.968888888889,0.3000000000000000,0.60000000,0.35675438596491227,0.2222222222222222,0.35,0.773755656109
HCP0768,0.4054054054054054,0.46312243,0.30267395,0.50362647,0.950413223140,0.5000000000000000,0.36365000,1.00000000,0.5247071012991154,1.000000000000,0.6153846153846154,0.888889,0.4436381228834059,0.911111111111,0.2000000000000000,0.66670000,0.3684210526315789,0.1111111111111111,0.0,0.936651583710
HCP0769,0.8648648648648649,0.38749532,0.23337533,0.44344968,0.867768595041,0.5952380952380952,0.25000000,0.33330000,0.44887224037618556,0.993055555556,0.5384615384615385,1.000000,0.6001451378809869,0.875555555556,0.2000000000000000,0.66670000,0.5307017543859649,0.0,0.0,0.352941176471
HCP0770,0.3783783783783784,0.44527643,0.23337533,0.39993200,0.818181818182,0.2142857142857143,0.25000000,0E-8,0.5733641507930183,0.951388888889,0.5384615384615385,1.000000,0.6485244315432994,0.960000000000,0.2000000000000000,1.00000000,0.43859649122807015,0.16666666666666666,0.0,0.868778280543
HCP0771,0.2432432432432432,0.29876451,0.09029819,0.20602901,0.966942148760,0.3809523809523810,0.29410000,0.33330000,0.6126165617279031,0.979166666667,0.3846153846153846,0.833333,0.4436381228834059,0.937777777778,0.5000000000000000,0.83330000,0.3824561403508772,0.2222222222222222,0.4,0.968325791855
HCP0772,0.9459459459459459,0.81929365,0.66316674,0.69537625,0.983471074380,0.3333333333333333,0.23335000,0.80000000,0.2899497887941341,0.958333333333,0.5384615384615385,0.875000,0.6209482341557813,0.928888888889,0.3000000000000000,1.00000000,0.46201754385964916,0.2222222222222222,0.2,0.547511312217
HCP0773,0.4324324324324324,0.44714838,0.11045779,0.18891659,0.942148760331,0.1190476190476190,0.16665000,0E-8,0.35490555511277594,0.972222222222,0.3846153846153846,0.833333,0.16134494436381228,0.751111111111,0.3000000000000000,0.60000000,0.46201754385964916,0.0,0.1,0.805429864253
HCP0774,0.8648648648648649,0.45688257,0.23337533,0.39233908,0.983471074380,0.1428571428571429,0.42855000,0E-8,0.4798358173268511,0.965277777778,0.2307692307692308,0.750000,0.3730043541364296,0.973333333333,0.1000000000000000,1.00000000,0.2543859649122807,0.0,0.0,0.610859728507
HCP0775,0.3243243243243243,0.18632223,0.12347753,0.37771985,0.735537190083,0.2142857142857143,0.15000000,0E-8,0.2615764724635371,0.750000000000,0.1538461538461538,0.666667,0.5483792936623125,0.137777777778,0.1000000000000000,0.50000000,0.5175438596491229,0.1111111111111111,0.0,0.579185520362
HCP0776,0.1621621621621622,0.39086484,0.14993700,0.28331822,0.520661157025,0.4523809523809524,0.15000000,1.00000000,0.40300470231927954,0.958333333333,0.6153846153846154,0.800000,0.6402999516207063,0.906666666667,0.2000000000000000,0.50000000,0.25877192982456143,0.1111111111111111,0.35,0.742081447964
HCP0777,0.2702702702702703,0.55796830,0.34999300,0.50362647,0.917355371901,0.1428571428571429,0.28570000,0E-8,0.5681437793894955,0.909722222222,0.3846153846153846,0.714286,0.7452830188679245,0.844444444444,0.4000000000000000,1.00000000,0.5657894736842105,0.16666666666666666,0.25,0.837104072398
HCP0778,0.4324324324324324,0.67702483,0.62634747,0.77062557,1.000000000000,0.8571428571428571,0.29730000,0.66670000,0.672391806806408,0.993055555556,0.3076923076923077,0.800000,0.5532172230285438,0.942222222222,0.3000000000000000,1.00000000,0.4357017543859649,0.05555555555555555,0.0,0.904977375566
HCP0779,0.2702702702702703,0.40197180,0.26249475,0.48572076,0.925619834711,0.1428571428571429,0.21430000,0E-8,0.2813421535028294,0.993055555556,0.3846153846153846,1.000000,0.8193033381712628,0.848888888889,0.2000000000000000,0.66670000,0.5745614035087719,0.0,0.1,0.904977375566
HCP0780,0.8648648648648649,0.43379508,0.10373793,0.18132366,0.991735537190,0.3095238095238095,0.21430000,0E-8,0.34490316410297284,1.000000000000,0.3846153846153846,0.833333,0.6371552975326561,0.977777777778,0.4000000000000000,1.00000000,0.5328947368421053,0.0,0.2,1.000000000000
HCP0781,0.5135135135135135,0.58654686,0.37561249,0.51937897,0.859504132231,0.5476190476190476,0.16665000,0.80000000,0.5160994660078106,0.909722222222,0.6153846153846154,1.000000,0.42452830188679236,0.991111111111,0.4000000000000000,0.80000000,0.34649122807017546,0.2222222222222222,0.0,1.000000000000
HCP0782,0.0810810810810811,0.55484837,0.16799664,0.24286038,0.867768595041,0.3095238095238095,0.10715000,0E-8,0.12819797561170002,0.972222222222,0.5384615384615385,0.875000,0.2883405902273827,0.928888888889,0.1000000000000000,0.25000000,0.39473684210526316,0.0,0.15,0.126696832579
HCP0783,0.2972972972972973,0.42318732,0.25451491,0.45330916,0.884297520661,0.4285714285714286,0.23685000,0.33330000,0.40926117797082967,1.000000000000,0.5384615384615385,0.875000,0.42452830188679236,0.875555555556,0.1000000000000000,0.50000000,0.7105263157894737,0.0,0.1,0.710407239819
HCP0784,0.2432432432432432,0.37938350,0.27089458,0.52300544,0.950413223140,0.1904761904761905,0.27780000,0E-8,0.2518530325974337,0.819444444444,0.3076923076923077,0.571429,0.6381228834059023,0.711111111111,0.1000000000000000,0.50000000,0.37719298245614036,0.0,0.0,0.095022624434
HCP0785,0.2972972972972973,0.76363409,0.55144897,0.61389393,0.991735537190,0.5714285714285714,0.42000000,0.66670000,0.3590101219414999,0.979166666667,0.8461538461538462,0.846154,0.5149975810353168,0.875555555556,0.2000000000000000,0.50000000,0.30701754385964913,0.0,0.0,0.742081447964
HCP0786,0.2432432432432432,0.25857981,0.18059639,0.45330916,0.677685950413,0.1428571428571429,0.50000000,0E-8,0.39435721686458913,0.895833333333,0.5384615384615385,0.777778,0.40324141267537494,0.568888888889,0E-16,0E-8,0.0,0.0,0.0,0E-12
HCP0787,0.8378378378378378,0.60950955,0.34341313,0.46044878,0.793388429752,0.5238095238095238,0.21740000,0.50000000,0.7488244201801229,0.673611111111,0.6923076923076923,1.000000,0.45162070633768747,0.937777777778,0E-16,0E-8,0.0,0.0,0.0,0E-12
HCP0788,0.8918918918918919,0.44590041,0.27999440,0.47948776,1.000000000000,0.3809523809523810,0.29410000,0E-8,0.6709970510879094,1.000000000000,0.8461538461538462,0.916667,0.5283018867924528,0.986666666667,0.4000000000000000,1.00000000,0.27850877192982454,0.2777777777777778,0.6,1.000000000000
HCP0789,0.7297297297297297,0.67103457,0.57146857,0.70829556,0.966942148760,0.5476190476190476,0.41665000,0.40000000,0.5103610424802741,0.868055555556,0.3076923076923077,1.000000,0.6269956458635704,0.902222222222,0.2000000000000000,1.00000000,0.6096491228070176,0.16666666666666666,0.05,0.257918552036
HCP0790,0.1351351351351351,0.31823287,0.15553689,0.33998187,0.909090909091,0.4523809523809524,0.12500000,0E-8,0.39531362078584525,0.909722222222,0.5384615384615385,0.875000,0.654329946782777,0.986666666667,0.1000000000000000,0.25000000,0.6140350877192983,0.0,0.0,0.126696832579
HCP0791,0.1081081081081081,0.14401597,0.16155677,0.56663645,1.000000000000,0.3333333333333333,0.16665000,0E-8,0.3351398740734837,0.993055555556,0.6153846153846154,0.888889,0.6182873730043541,0.862222222222,0.2000000000000000,0.66670000,0.2719298245614035,0.05555555555555555,0.0,0.226244343891
HCP0792,0.2432432432432432,0.58055660,0.40641187,0.56663645,0.975206611570,0.1190476190476190,0.33335000,1.00000000,0.4487526898860285,0.784722222222,0.6923076923076923,1.000000,0.2929366231253024,0.688888888889,0.3000000000000000,0.75000000,0.49412280701754385,0.0,0.15,0.579185520362
HCP0793,0.2162162162162162,0.77112193,0.69998600,0.77266546,0.685950413223,0.2380952380952381,0.18180000,0.50000000,0.8576950665497729,0.951388888889,0.3846153846153846,1.000000,0.441944847605225,0.995555555556,0.4000000000000000,1.00000000,0.5285087719298246,0.2777777777777778,0.2,0.968325791855
HCP0794,0.8108108108108108,0.69599401,0.45765085,0.55043064,0.983471074380,0.3333333333333333,0.16665000,0E-8,0.4703116282776759,0.979166666667,0.3846153846153846,1.000000,0.47581035316884374,0.582222222222,0.2000000000000000,0.66670000,0.27631578947368424,0.0,0.0,0.226244343891
HCP0795,0.5135135135135135,0.37339324,0.10247795,0.20002267,0.933884297521,0.2857142857142857,0.15385000,0E-8,0.2186578464971706,0.777777777778,0.6153846153846154,1.000000,0.5060474117077891,0.733333333333,0.2000000000000000,1.00000000,0.3333333333333333,0.0,0.05,0.904977375566
HCP0796,0.0540540540540541,0.01198053,0E-8,0E-8,0E-12,0.1904761904761905,0.16665000,0E-8,0.10540368215509685,0.888888888889,0.0769230769230769,0.500000,0.6935171746492501,0.151111111111,0E-16,0E-8,0.0,0.0,0.0,0E-12
HCP0797,0.9459459459459459,0.75365032,0.63852723,0.71860834,1.000000000000,0.4523809523809524,0.22500000,0.75000000,0.5816928349406234,0.923611111111,0.7692307692307692,1.000000,0.7346395742622158,0.906666666667,0.2000000000000000,0.66670000,0.3991228070175439,0.05555555555555555,0.0,0.321266968326
HCP0798,0.1081081081081081,0.43192312,0.10765785,0.18891659,1.000000000000,0.3095238095238095,0.28570000,0.50000000,0.17107675141468076,0.930555555556,0.3076923076923077,0.666667,0.38703434929850017,0.906666666667,0.1000000000000000,0.50000000,0.38596491228070173,0.0,0.0,0.547511312217
HCP0799,0.3783783783783784,0.47997005,0.23337533,0.37771985,0.867768595041,0.4761904761904762,0.26190000,1.00000000,0.4212560771499163,0.986111111111,0.7692307692307692,0.909091,0.5307208514755686,0.875555555556,0E-16,0E-8,0.0,0.0,0.0,0E-12
HCP0800,0.8108108108108108,0.60002496,0.21531569,0.29249773,0.867768595041,0.3095238095238095,0.35715000,0E-8,0.40794612257910257,1.000000000000,0.3076923076923077,0.571429,0.4482341557813256,0.995555555556,0.1000000000000000,1.00000000,0.6228070175438597,0.16666666666666666,0.0,0.257918552036
HCP0801,0.2972972972972973,0.53675278,0.38177236,0.56663645,0.933884297521,0.1428571428571429,0.42855000,0E-8,0.1980154618633937,0.722222222222,0.3846153846153846,0.833333,0.4436381228834059,0.946666666667,0.1000000000000000,0.50000000,0.6140350877192983,0.0,0.0,0.515837104072
HCP0802,0.2432432432432432,0.33907400,0.13551729,0.28331822,0.859504132231,0.1666666666666667,0.25000000,0E-8,0.4159958555830079,0.854166666667,0.6153846153846154,0.727273,0.32414126753749395,0.920000000000,0.2000000000000000,0.66670000,0.38596491228070173,0.1111111111111111,0.15,0.868778280543
HCP0803,0.5675675675675676,0.43641582,0.35811284,0.62330009,0.809917355372,0.5952380952380952,0.25000000,0.25000000,0.6324220929305809,0.993055555556,0.4615384615384615,1.000000,0.5604741170778906,0.951111111111,0.7000000000000000,0.87500000,0.4298245614035088,0.1111111111111111,0.3,0.773755656109
HCP0804,0.4054054054054054,0.73293398,0.56754865,0.65378513,0.975206611570,0.4523809523809524,0.15000000,1.00000000,0.3293217502191759,0.979166666667,0.6923076923076923,0.900000,0.46855345911949675,0.586666666667,0.3000000000000000,0.75000000,0.45324561403508773,0.16666666666666666,0.0,0.742081447964
HCP0805,0.5135135135135135,0.52564583,0.20481590,0.30904352,1.000000000000,0.2142857142857143,0.25000000,0.33330000,0.2620945245875508,0.965277777778,0.1538461538461538,0.500000,0.2883405902273827,0.542222222222,0.2000000000000000,0.40000000,0.7017543859649122,0.0,0.0,0.773755656109
HCP0806,0.2162162162162162,0.56320978,0.37337253,0.53331822,0.909090909091,0.4285714285714286,0.23685000,0.50000000,0.5731250498127042,1.000000000000,0.4615384615384615,0.857143,0.6521528785679729,0.764444444444,0.2000000000000000,1.00000000,0.6842105263157895,0.16666666666666666,0.1,0.968325791855
HCP0807,0.1351351351351351,0.41058280,0.15553689,0.28331822,0.454545454545,0.3333333333333333,0.30000000,1.00000000,0.42886745835657925,0.958333333333,0.4615384615384615,0.750000,0.5786163522012578,0.991111111111,0.4000000000000000,1.00000000,0.4517543859649123,0.16666666666666666,0.2,0.968325791855
HCP0808,0.4054054054054054,0.63172345,0.56754865,0.73912058,0.884297520661,0.4285714285714286,0.39475000,0.33330000,0.35450705347891925,0.993055555556,0.3846153846153846,1.000000,0.7370585389453314,0.848888888889,0.3000000000000000,0.75000000,0.2894736842105263,0.2222222222222222,0.3,0.678733031674
HCP0809,0.5405405405405405,0.50967178,0.33333333,0.51507253,1.000000000000,0.2142857142857143,0.30000000,1.00000000,0.6110624053558621,0.986111111111,0.6923076923076923,0.900000,0.4008224479922593,0.884444444444,0.3000000000000000,1.00000000,0.5642982456140351,0.0,0.15,0.968325791855
HCP0810,0.0540540540540541,0.37601398,0.11661767,0.22665458,0.892561983471,0.2142857142857143,0.25000000,0E-8,0.44751733482107275,0.986111111111,0.4615384615384615,0.857143,0.39622641509433965,0.893333333333,0.2000000000000000,1.00000000,0.42543859649122806,0.05555555555555555,0.2,0.515837104072
HCP0811,0.9459459459459459,0.73181081,0.51574969,0.59496827,0.975206611570,0.2857142857142857,0.30770000,0E-8,0.30294094205786243,0.979166666667,0.3076923076923077,0.800000,0.2581035316884373,0.480000000000,0.3000000000000000,0.75000000,0.3976315789473684,0.3333333333333333,0.0,0.805429864253
HCP0812,0.7837837837837838,0.27193311,0.08231835,0.20002267,0.917355371901,0.2380952380952381,0.18180000,1.00000000,0.26544193831194707,0.875000000000,0.2307692307692308,1.000000,0.5967585873246251,0.608888888889,0.3000000000000000,0.50000000,0.47078947368421054,0.16666666666666666,0.0,0.257918552036
HCP0813,0.8378378378378378,0.51528766,0.21125577,0.32377607,0.966942148760,0.3571428571428571,0.34375000,0E-8,0.4108551845062565,0.986111111111,0.7692307692307692,1.000000,0.6112723754233188,0.995555555556,0.4000000000000000,0.80000000,0.5592105263157895,0.0,0.25,0.610859728507
HCP0814,0.7297297297297297,0.90016224,0.62858743,0.60811423,0.867768595041,0.1904761904761905,0.16665000,1.00000000,0.3354188252171834,0.979166666667,0.7692307692307692,0.909091,0.4891146589259796,0.928888888889,0.4000000000000000,0.80000000,0.3925438596491228,0.3333333333333333,0.5,0.773755656109
HCP0815,0.0540540540540541,1.00000000,0.87498250,0.77266546,1.000000000000,0.2380952380952381,0.36365000,0E-8,0.5701761377221648,0.979166666667,0.7692307692307692,1.000000,0.3476052249637155,0.937777777778,0.2000000000000000,0.33330000,0.5394736842105263,0.0,0.15,0.837104072398
HCP0816,0.5135135135135135,0.70822414,0.51224976,0.60709429,0.991735537190,0.3095238095238095,0.35715000,0E-8,0.43488483302781544,0.791666666667,0.5384615384615385,1.000000,0.4482341557813256,0.711111111111,0.6000000000000000,1.00000000,0.3318421052631579,0.5555555555555556,0.15,0.904977375566
HCP0817,0.1351351351351351,0.36440784,0.15553689,0.30904352,0.942148760331,0.2619047619047619,0.12500000,0E-8,0.521120586594405,0.784722222222,0.3846153846153846,0.833333,0.14513788098693753,0.733333333333,0.3000000000000000,1.00000000,0.44447368421052635,0.0,0.0,0.674208144796
HCP0818,0.3513513513513514,0.56907525,0.39997200,0.56663645,0.966942148760,0.3095238095238095,0.25000000,0E-8,0.4148402008448235,0.909722222222,0.6923076923076923,1.000000,0.6504596032897919,1.000000000000,0.5000000000000000,0.83330000,0.512280701754386,0.2222222222222222,0.5,0.837104072398
HCP0819,0.3783783783783784,0.41058280,0.38891222,0.70829556,1.000000000000,0.6190476190476190,0.16665000,0.50000000,0.41276799234876865,1.000000000000,0.6153846153846154,1.000000,0.39114658925979684,0.902222222222,0E-16,0E-8,0.0,0.0,0.0,0E-12
HCP0820,0.5675675675675676,0.75564707,0.65112698,0.73118767,1.000000000000,0.3095238095238095,0.17855000,0E-8,0.8317526101857019,0.965277777778,0.2307692307692308,1.000000,0.6371552975326561,0.608888888889,0.4000000000000000,0.66670000,0.4934210526315789,0.0,0.5,0.837104072398
HCP0821,0.6216216216216216,0.46611756,0.27999440,0.46362194,0.867768595041,0.4285714285714286,0.39475000,0.25000000,0.41818761456921977,0.937500000000,0.4615384615384615,1.000000,0.459603289791969,0.755555555556,0.1000000000000000,1.00000000,0.6754385964912281,0.1111111111111111,0.2,0.968325791855
HCP0822,0.7297297297297297,0.28890553,0.17135657,0.39993200,0.975206611570,0.4047619047619048,0.36110000,1.00000000,0.36407109269148,0.895833333333,0.3846153846153846,1.000000,0.2532656023222061,0.666666666667,0.2000000000000000,0.50000000,0.5877192982456141,0.0,0.15,0.226244343891
HCP0823,0.5405405405405405,0.74741046,0.36665267,0.41557117,1.000000000000,0.2619047619047619,0.33335000,0E-8,0.40531601179564836,0.979166666667,0.1538461538461538,0.400000,0.5677310111272375,0.915555555556,0.6000000000000000,0.75000000,0.33921052631578946,0.4444444444444444,0.25,0.773755656109
HCP0824,0.5675675675675676,0.26232372,0.13019740,0.32377607,0.966942148760,0.0952380952380952,0.10000000,1.00000000,0.4279509045987089,0.854166666667,0.2307692307692308,1.000000,0.6773101112723754,0.880000000000,0.3000000000000000,0.42860000,0.29236842105263156,0.0,0.05,1.000000000000
HCP0825,0.4324324324324324,0.41432672,0.36847263,0.66659112,0.876033057851,0.4047619047619048,0.27780000,1.00000000,0.6065194867298955,0.986111111111,0.4615384615384615,1.000000,0.46371552975326563,0.862222222222,0.4000000000000000,0.80000000,0.5285087719298246,0.0,0.2,0.904977375566
HCP0826,0.2432432432432432,0.37938350,0.13551729,0.26155938,0.933884297521,0.3095238095238095,0.17855000,0E-8,0.2061050450306847,0.993055555556,0.4615384615384615,0.750000,0.30962747943880015,0.951111111111,0.3000000000000000,1.00000000,0.5526315789473685,0.0,0.15,0.710407239819
HCP0827,0.2702702702702703,0.47997005,0.21881562,0.35414778,1.000000000000,0.0952380952380952,0.30000000,0E-8,0.38543078026619915,0.687500000000,0.2307692307692308,1.000000,0.5645863570391872,0.968888888889,0.1000000000000000,0.50000000,0.5350877192982456,0.0,0.0,0.968325791855
HCP0828,0.7837837837837838,0.61450144,0.43917122,0.58488214,1.000000000000,0.1428571428571429,0.07145000,0E-8,0.32382242767195346,0.694444444444,0.8461538461538462,0.916667,0.46565070149975807,0.893333333333,0.6000000000000000,0.85710000,0.4298245614035088,0.0,0.5,0.968325791855
HCP0829,0.8108108108108108,0.40796206,0.32311354,0.59122847,0.950413223140,0.1428571428571429,0.21430000,1.00000000,0.512911452936957,0.708333333333,0.1538461538461538,0.500000,0.11296565070149975,0.795555555556,0.6000000000000000,0.66670000,0.46201754385964916,0.0,0.35,1.000000000000
HCP0830,0.7027027027027027,0.50592787,0.14587708,0.22665458,1.000000000000,0.4047619047619048,0.30555000,0.66670000,0.45516856619112145,0.979166666667,0.3846153846153846,0.714286,0.36865021770682144,0.893333333333,0.4000000000000000,0.66670000,0.4868421052631579,0.05555555555555555,0.1,0.837104072398
HCP0831,0.6216216216216216,0.74341695,0.59106818,0.67293744,0.933884297521,0.3809523809523810,0.44120000,0E-8,0.3696102654020882,0.826388888889,0.3846153846153846,0.833333,0.45162070633768747,0.960000000000,0.7000000000000000,1.00000000,0.3634210526315789,0.6111111111111112,0.35,0.742081447964
HCP0832,0.5945945945945946,0.42318732,0.19095618,0.33998187,0.628099173554,0.4285714285714286,0.34210000,0.25000000,0.4737785924922292,0.979166666667,0.6153846153846154,0.727273,0.5108853410740202,0.946666666667,0.1000000000000000,0.50000000,0.2719298245614035,0.0,0.1,0.420814479638
HCP0833,0.4594594594594595,0.27193311,0.10765785,0.26155938,0.917355371901,0.0952380952380952,0.80000000,0E-8,0.13919662070614486,0.979166666667,0.1538461538461538,0.666667,0.7418964683115626,0.711111111111,0.3000000000000000,1.00000000,0.6344736842105263,0.0,0.15,0.837104072398
HCP0834,0.3513513513513514,0.53350805,0.35993280,0.53683137,0.942148760331,0.5238095238095238,0.28260000,0.50000000,0.4015700964373954,0.944444444444,0.3846153846153846,0.714286,0.3410740203193033,0.893333333333,0.4000000000000000,0.80000000,0.40789473684210525,0.16666666666666666,0.35,0.678733031674
HCP0835,0.2162162162162162,0.72956446,0.41999160,0.48572076,0.743801652893,0.7619047619047619,0.25760000,0.71430000,0.8577747668765442,0.895833333333,0.8461538461538462,0.916667,0.6371552975326561,0.982222222222,0.1000000000000000,0.50000000,0.5877192982456141,0.05555555555555555,0.0,0.805429864253
HCP0836,0.7027027027027027,0.47997005,0.26249475,0.42497733,0.925619834711,0.0476190476190476,0.16665000,0E-8,0.09109747349964134,0.965277777778,0.5384615384615385,0.875000,0.6088534107402032,0.777777777778,0.1000000000000000,0.50000000,0.5614035087719298,0.1111111111111111,0.05,0.579185520362
HCP0837,0.2972972972972973,0.42318732,0.21209576,0.37771985,0.933884297521,0.3333333333333333,0.30000000,0.50000000,0.66151271220212,0.875000000000,0.2307692307692308,1.000000,0.23391388485728107,0.426666666667,0.3000000000000000,1.00000000,0.4502631578947368,0.05555555555555555,0.25,0.837104072398
HCP0838,0.9459459459459459,0.40334457,0.29469411,0.54397099,1.000000000000,0.2619047619047619,0.16665000,1.00000000,0.533792938551048,0.972222222222,0.3076923076923077,0.571429,0.3860667634252539,0.991111111111,0.7000000000000000,0.87500000,0.46114035087719296,0.0,0.7,1.000000000000
HCP0839,0.8108108108108108,0.64794709,0.26921462,0.34338169,0.876033057851,0.3571428571428571,0.40625000,1.00000000,0.3542679524986052,0.895833333333,0.2307692307692308,0.600000,0.15650701499758105,0.662222222222,0.4000000000000000,0.80000000,0.46271929824561403,0.16666666666666666,0.1,0.710407239819
HCP0840,0.3783783783783784,0.61861974,0.23337533,0.30904352,0.933884297521,0.5000000000000000,0.36365000,0.50000000,0.2512951303100342,0.930555555556,0.7692307692307692,1.000000,0.6282051282051281,0.808888888889,0.5000000000000000,0.83330000,0.34385964912280703,0.1111111111111111,0.5,0.868778280543
HCP0841,0.8648648648648649,0.34132035,0.12963741,0.26983228,0.917355371901,0.1666666666666667,0.12500000,0E-8,0.2067426476448554,0.986111111111,0.6153846153846154,0.888889,0.3952588292210934,0.928888888889,0.3000000000000000,0.50000000,0.3684210526315789,0.2222222222222222,0.05,0.936651583710
HCP0842,0.6216216216216216,0.66017721,0.43553129,0.54714415,0.991735537190,0.5000000000000000,0.20455000,0.60000000,0.5987088547063043,1.000000000000,0.3846153846153846,0.833333,0.5805515239477503,0.760000000000,0.6000000000000000,0.85710000,0.3523684210526316,0.3333333333333333,0.4,1.000000000000
HCP0843,0.1621621621621622,0.34631224,0.14993700,0.30904352,0.892561983471,0.4523809523809524,0.10000000,0.33330000,0.1982545628437077,0.875000000000,0.2307692307692308,0.600000,0.7031930333817126,0.488888888889,0.3000000000000000,1.00000000,0.3713157894736842,0.05555555555555555,0.1,0.873303167421
HCP0844,0.7837837837837838,0.73692749,0.52148957,0.59814143,1.000000000000,0.4523809523809524,0.30000000,0.40000000,0.5378178050530006,0.951388888889,0.2307692307692308,0.750000,0.4697629414610547,0.760000000000,0.5000000000000000,0.83330000,0.4263157894736842,0.16666666666666666,0.55,0.936651583710
HCP0845,0.1621621621621622,0.34631224,0.04997900,0.10301451,0.768595041322,0.1190476190476190,0.50000000,1.00000000,0.36343349007730935,0.819444444444,0.1538461538461538,0.500000,0.5725689404934687,0.724444444444,0.5000000000000000,0.83330000,0.5350877192982456,0.05555555555555555,0.0,0.678733031674
HCP0846,0.3783783783783784,0.51466367,0.38891222,0.59644152,0.834710743802,0.2619047619047619,0.25000000,0E-8,0.6574081453733961,0.861111111111,0.4615384615384615,1.000000,0.7460087082728593,0.995555555556,0.5000000000000000,0.62500000,0.37719298245614036,0.3888888888888889,0.25,0.936651583710
HCP0847,0.1351351351351351,0.31823287,0.05179896,0.11332729,0.661157024793,0.0714285714285714,0.12500000,0E-8,0.14999601498366144,0.958333333333,0.6153846153846154,1.000000,0.32462506047411704,0.866666666667,0E-16,0E-8,0.0,0.0,0.0,0E-12
HCP0848,0.8918918918918919,0.21901909,0.07629847,0.21248867,1.000000000000,0.1666666666666667,0.12500000,1.00000000,0.42014027257511755,0.625000000000,0.2307692307692308,1.000000,0.38703434929850017,0.835555555556,0.1000000000000000,0.50000000,0.5,0.0,0.0,0.484162895928
HCP0849,0.3783783783783784,0.61861974,0.54444911,0.72121487,1.000000000000,0.1428571428571429,0.35715000,0.33330000,0.5486171993305173,1.000000000000,0.2307692307692308,0.750000,0.7842283502660861,0.755555555556,0.8000000000000000,1.00000000,0.40789473684210525,0.4444444444444444,0.6,0.837104072398
HCP0850,0.9189189189189189,0.65830525,0.39997200,0.50362647,1.000000000000,0.4285714285714286,0.34210000,0E-8,0.5121542998326293,0.944444444444,0.6153846153846154,0.727273,0.4603289791969037,1.000000000000,0.4000000000000000,1.00000000,0.3881578947368421,0.05555555555555555,0.0,0.579185520362
HCP0851,0.5405405405405405,0.74741046,0.73330533,0.83102901,1.000000000000,0.4047619047619048,0.38890000,0.50000000,0.9679206184745359,0.944444444444,0.7692307692307692,0.909091,0.48016448959845187,0.986666666667,0.6000000000000000,1.00000000,0.34210526315789475,0.2777777777777778,0.2,0.936651583710
HCP0852,0.1891891891891892,0.71671035,0.48271035,0.56663645,0.966942148760,0.6190476190476190,0.27780000,0.28570000,0.38905714513429507,0.916666666667,0.4615384615384615,0.857143,0.4966134494436381,0.862222222222,0.5000000000000000,1.00000000,0.4929824561403509,0.3888888888888889,0.2,0.837104072398
HCP0853,0.5675675675675676,0.52352427,0.26039479,0.39415231,0.933884297521,0.1904761904761905,0.66665000,0E-8,0.31947875986291546,0.944444444444,0.3846153846153846,1.000000,0.3306724721819061,0.893333333333,0.3000000000000000,0.60000000,0.44149122807017543,0.1111111111111111,0.3,0.515837104072
HCP0854,0.5945945945945946,0.73518033,0.54094918,0.62148685,0.991735537190,0.6904761904761905,0.33335000,0.50000000,0.5746393560213596,1.000000000000,0.9230769230769231,0.923077,0.48693759071117565,0.893333333333,0.4000000000000000,0.80000000,0.40131578947368424,0.2222222222222222,0.15,0.484162895928
HCP0855,0.6216216216216216,0.79895170,0.62214756,0.66659112,0.966942148760,0.2380952380952381,0.13635000,1.00000000,0.3456204670439149,0.958333333333,0.3846153846153846,0.833333,0.43952588292210937,0.915555555556,0.1000000000000000,0.50000000,0.5526315789473685,0.16666666666666666,0.05,0.805429864253
HCP0856,0.3243243243243243,0.44327967,0.16463671,0.28331822,0.925619834711,0.1428571428571429,0.28570000,1.00000000,0.49497887941340557,0.916666666667,0.7692307692307692,0.909091,0.5902273826802128,0.942222222222,0.2000000000000000,0.66670000,0.4517543859649123,0.2777777777777778,0.2,0.515837104072
HCP0857,0.1891891891891892,0.37239486,0.09659807,0.18891659,0.818181818182,0.3809523809523810,0.29410000,1.00000000,0.46736271618713643,0.902777777778,0.6923076923076923,0.900000,0.31132075471698106,0.968888888889,0.2000000000000000,0.50000000,0.6622807017543859,0.1111111111111111,0.0,0.904977375566
HCP0858,0.3243243243243243,0.14963185,0.04115918,0.14165911,0.793388429752,0.5238095238095238,0.21740000,0.50000000,0.3239419781621105,0.965277777778,0.6923076923076923,1.000000,0.5430575713594582,0.995555555556,0.1000000000000000,0.50000000,0.5877192982456141,0.16666666666666666,0.0,0.904977375566
HCP0859,0.0540540540540541,0.37601398,0.11661767,0.22665458,0.933884297521,0.3809523809523810,0.38235000,0.50000000,0.3397226428628358,1.000000000000,0.6923076923076923,1.000000,0.6236090953072085,0.862222222222,0.5000000000000000,0.71430000,0.4842105263157895,0.1111111111111111,0.1,1.000000000000
HCP0860,0.0810810810810811,0.60476725,0.27999440,0.37771985,0.859504132231,0.7380952380952381,0.28125000,0.42860000,0.606120985096039,0.993055555556,0.3076923076923077,0.800000,0.6596516690856313,0.457777777778,0.4000000000000000,0.80000000,0.40131578947368424,0.2777777777777778,0.5,0.904977375566
HCP0861,0.5945945945945946,0.53675278,0.31821364,0.47223481,0.760330578512,0.1904761904761905,0.22220000,0E-8,0.5079301825137483,0.902777777778,0.6153846153846154,0.800000,0.5991775520077407,0.662222222222,0.4000000000000000,0.57140000,0.5285087719298246,0.1111111111111111,0.0,0.968325791855
HCP0862,0.5675675675675676,0.37838512,0.19529609,0.37771985,0.884297520661,0.3809523809523810,0.29410000,0.50000000,0.470909380728461,1.000000000000,0.1538461538461538,0.666667,0.459603289791969,0.906666666667,0.1000000000000000,0.50000000,0.9035087719298246,0.05555555555555555,0.0,0.968325791855
HCP0863,0.5405405405405405,0.56907525,0.33333333,0.47223481,0.975206611570,0.5238095238095238,0.36955000,0.66670000,0.6592412528891369,0.993055555556,0.3076923076923077,0.800000,0.5822447992259313,0.791111111111,0.2000000000000000,0.50000000,0.543859649122807,0.0,0.1,0.321266968326
HCP0864,0.9729729729729730,0.43691501,0.19305614,0.33578876,0.809917355372,0.2857142857142857,0.19230000,0E-8,0.35952817406551374,0.763888888889,0.5384615384615385,1.000000,0.30648282535074983,0.760000000000,0.2000000000000000,1.00000000,0.32894736842105265,0.05555555555555555,0.2,0.452488687783
HCP0865,0.9189189189189189,0.59141395,0.37505250,0.51507253,1.000000000000,0.3095238095238095,0.25000000,1.00000000,0.44329321750219175,0.645833333333,0.6923076923076923,1.000000,0.43275278180938553,0.857777777778,0.2000000000000000,1.00000000,0.49122807017543857,0.05555555555555555,0.15,0.515837104072
HCP0866,0.6216216216216216,0.74341695,0.59106818,0.67293744,0.991735537190,0.4523809523809524,0.32500000,0.50000000,0.6464892006057226,0.958333333333,0.3076923076923077,0.666667,0.5967585873246251,0.911111111111,0.5000000000000000,0.83330000,0.39473684210526316,0.1111111111111111,0.05,0.773755656109
HCP0867,0.7567567567567568,0.47997005,0.30799384,0.49864007,0.851239669421,0.3095238095238095,0.50000000,1.00000000,0.527895114369969,0.979166666667,0.5384615384615385,0.700000,0.5290275761973876,0.786666666667,0.1000000000000000,0.50000000,0.3508771929824561,0.0,0.0,0.678733031674
HCP0868,0.3783783783783784,0.61861974,0.15553689,0.20602901,0.966942148760,0.3809523809523810,0.14705000,0E-8,0.4611062405355862,0.937500000000,0.6923076923076923,0.750000,0.35486211901306236,0.973333333333,0.4000000000000000,1.00000000,0.33771929824561403,0.0,0.2,0.773755656109
HCP0869,0.6486486486486486,0.37139648,0.21307574,0.41749773,1.000000000000,0.5000000000000000,0.29545000,0.75000000,0.392444409022077,0.847222222222,0.7692307692307692,1.000000,0.45645863570391865,0.893333333333,0.2000000000000000,0.66670000,0.4780701754385965,0.0,0.05,0.805429864253
HCP0870,0.8378378378378378,0.63297142,0.50188996,0.65253853,0.876033057851,0.5000000000000000,0.25000000,0E-8,0.689407826572089,0.993055555556,0.4615384615384615,0.600000,0.49032414126753754,0.848888888889,0.2000000000000000,0.66670000,0.42543859649122806,0.0,0.0,0.710407239819
HCP0871,0.5405405405405405,0.24223137,0.09995800,0.26155938,0.909090909091,0.4761904761904762,0.11905000,0E-8,0.36837491033713243,0.826388888889,0.5384615384615385,0.777778,0.8064828253507499,0.800000000000,0.3000000000000000,0.50000000,0.48833333333333334,0.1111111111111111,0.15,0.484162895928
HCP0872,0.2702702702702703,0.44103332,0.13131737,0.22665458,0.809917355372,0.3095238095238095,0.32145000,0.50000000,0.39511436996891686,0.944444444444,0.3846153846153846,1.000000,0.26294146105466853,0.995555555556,0.3000000000000000,0.75000000,0.5058771929824561,0.05555555555555555,0.2,0.837104072398
HCP0873,0.1351351351351351,0.82665668,0.67408652,0.70149592,1.000000000000,0.7142857142857143,0.16130000,1.00000000,0.6100661512712203,0.972222222222,0.6923076923076923,0.818182,0.45162070633768747,0.875555555556,0.4000000000000000,0.66670000,0.6820175438596491,0.3333333333333333,0.35,0.837104072398
HCP0874,0.1621621621621622,0.39086484,0.14993700,0.28331822,0.859504132231,0.3333333333333333,0.20000000,0.50000000,0.27986769745755957,0.805555555556,0.3846153846153846,0.833333,0.5684567005321722,0.933333333333,0.2000000000000000,1.00000000,0.2675438596491228,0.0,0.2,0.610859728507
HCP0875,1.0000000000000000,0.78672158,0.78300434,0.84995467,0.975206611570,0.5000000000000000,0.29545000,1.00000000,0.5371005021120587,0.965277777778,0.3846153846153846,1.000000,0.6790033865505564,0.488888888889,0.4000000000000000,0.80000000,0.5043859649122807,0.2777777777777778,0.3,1.000000000000
HCP0876,0.1081081081081081,0.28803195,0.16155677,0.37771985,0.487603305785,0.2142857142857143,0.25000000,0E-8,0.3705666693233442,0.986111111111,0.3076923076923077,1.000000,0.2581035316884373,0.808888888889,0.2000000000000000,0.66670000,0.5,0.0,0.3,0.610859728507
HCP0877,0.7027027027027027,0.61000874,0.37911242,0.50804624,0.958677685950,0.4761904761904762,0.26190000,1.00000000,0.4907149119311389,0.986111111111,0.6153846153846154,0.888889,0.3979196903725206,0.911111111111,0.6000000000000000,0.75000000,0.5278070175438596,0.4444444444444444,0.5,1.000000000000
HCP0878,0.3783783783783784,0.72257581,0.73890522,0.86128740,0.966942148760,0.2380952380952381,0.22725000,0.50000000,0.40946042878775807,0.881944444444,0.5384615384615385,0.777778,0.46516690856313486,0.960000000000,0.2000000000000000,0.66670000,0.6842105263157895,0.0,0.15,0.515837104072
HCP0879,1.0000000000000000,0.76550605,0.61696766,0.68529012,1.000000000000,0.7380952380952381,0.28125000,0.60000000,0.5757551605961585,0.944444444444,0.3076923076923077,0.800000,0.61611030478955,0.995555555556,0.3000000000000000,1.00000000,0.4006140350877193,0.3333333333333333,0.2,0.904977375566
HCP0880,0.5945945945945946,0.62173967,0.38177236,0.50362647,0.958677685950,0.2619047619047619,0.33335000,0.33330000,0.38120666294731814,0.986111111111,0.3846153846153846,1.000000,0.5822447992259313,0.835555555556,0.4000000000000000,0.80000000,0.48464912280701755,0.2222222222222222,0.3,0.868778280543
HCP0881,0.8108108108108108,0.67190815,0.29609408,0.36661378,1.000000000000,0.5000000000000000,0.20455000,1.00000000,0.467283015860365,0.895833333333,0.3846153846153846,0.833333,0.358974358974359,0.862222222222,0.1000000000000000,1.00000000,0.2894736842105263,0.05555555555555555,0.15,0.773755656109
HCP0882,0.1621621621621622,0.56907525,0.09995800,0.14165911,1.000000000000,0.2142857142857143,0.15000000,0E-8,0.4027257511755798,0.986111111111,0.3076923076923077,0.800000,0.5870827285921626,0.951111111111,0.3000000000000000,0.75000000,0.4649122807017544,0.0,0.45,0.710407239819
HCP0883,0.5405405405405405,0.65830525,0.46661067,0.58760199,0.975206611570,0.6904761904761905,0.15000000,1.00000000,0.5784649717063841,0.986111111111,0.6923076923076923,0.900000,0.5774068698597001,0.920000000000,0.3000000000000000,0.75000000,0.44149122807017543,0.0,0.2,0.936651583710
HCP0884,0.5675675675675676,0.46549357,0.19529609,0.32377607,0.950413223140,0.1190476190476190,0.25000000,0E-8,0.277277436837491,0.493055555556,0.5384615384615385,1.000000,0.3824383164005805,0.986666666667,0.2000000000000000,0.66670000,0.3333333333333333,0.0,0.35,0.484162895928
HCP0885,1.0000000000000000,0.46936229,0.37967241,0.62522665,0.950413223140,0.2857142857142857,0.11540000,0.33330000,0.3650673467761218,0.875000000000,0.9230769230769231,1.000000,0.5524915336236091,0.977777777778,0.3000000000000000,0.60000000,0.2807017543859649,0.16666666666666666,0.35,0.773755656109
HCP0886,0.3513513513513514,0.89005366,0.60002800,0.58612874,0.818181818182,0.1904761904761905,0.38890000,0.50000000,0.6495178130230335,0.986111111111,0.3846153846153846,0.833333,0.47581035316884374,0.728888888889,0.3000000000000000,1.00000000,0.5292105263157895,0.1111111111111111,0.25,1.000000000000
HCP0887,0.4594594594594595,0.52801697,0.39493210,0.59360834,0.966942148760,0.1190476190476190,0.25000000,1.00000000,0.3551446560930899,0.812500000000,0.3076923076923077,0.666667,0.5241896468311562,0.373333333333,0.1000000000000000,0.50000000,0.38596491228070173,0.0,0.0,0.484162895928
HCP0888,0.6486486486486486,0.69699239,0.48691026,0.58488214,1.000000000000,0.5476190476190476,0.20835000,0.66670000,0.44644138040965975,0.881944444444,0.3846153846153846,1.000000,0.5725689404934687,0.586666666667,0.4000000000000000,0.66670000,0.3026315789473684,0.4444444444444444,0.35,0.678733031674
HCP0889,0.2432432432432432,0.45987770,0.22581548,0.37771985,0.752066115702,0.1428571428571429,0.35715000,0E-8,0.39152785526420664,0.840277777778,0.3846153846153846,0.833333,0.4233188195452346,0.315555555556,0.3000000000000000,0.75000000,0.5526315789473685,0.16666666666666666,0.25,0.968325791855
HCP0890,0.1081081081081081,0.52801697,0.26921462,0.40469175,1.000000000000,0.4285714285714286,0.31580000,1.00000000,0.4717462341595601,0.979166666667,0.9230769230769231,1.000000,0.42138364779874216,1.000000000000,0.5000000000000000,0.71430000,0.3228070175438596,0.0,0.4,0.868778280543
HCP0891,0.3513513513513514,0.60476725,0.39997200,0.53966455,0.933884297521,0.5476190476190476,0.20835000,0.75000000,0.41161233761058424,0.965277777778,0.1538461538461538,0.666667,0.3790517658442186,0.853333333333,0E-16,0E-8,0.0,0.0,0.0,0E-12
HCP0892,0.5675675675675676,0.20429302,0.19529609,0.56663645,0.809917355372,0.3095238095238095,0.21430000,0E-8,0.5541165218777397,0.930555555556,0.3076923076923077,1.000000,0.39114658925979684,0.977777777778,0.5000000000000000,1.00000000,0.3298245614035088,0.2222222222222222,0.2,1.000000000000
HCP0893,0.1351351351351351,0.96530638,0.62214756,0.56663645,0.950413223140,0.3095238095238095,0.28570000,0.33330000,0.5643580138678569,0.881944444444,0.2307692307692308,0.750000,0.30648282535074983,0.493333333333,0.4000000000000000,0.66670000,0.2894736842105263,0.16666666666666666,0.15,0.710407239819
HCP0894,0.2702702702702703,0.20703856,0.13131737,0.37771985,0.752066115702,0.1190476190476190,0.08335000,0E-8,0.38702478680162583,0.965277777778,0.5384615384615385,1.000000,0.7731011127237541,0.840000000000,0.3000000000000000,0.75000000,0.35964912280701755,0.0,0.0,0.610859728507
HCP0895,0.4594594594594595,0.46399601,0.14363713,0.23855394,0.917355371901,0.2380952380952381,0.36365000,0.33330000,0.3066071570893441,0.965277777778,0.6923076923076923,0.818182,0.5834542815674891,0.888888888889,0.1000000000000000,0.50000000,0.45614035087719296,0.0,0.1,0.484162895928
HCP0896,0.1351351351351351,0.36440784,0.15553689,0.30904352,0.892561983471,0.3809523809523810,0.23530000,0E-8,0.19450864748545466,0.888888888889,0.2307692307692308,1.000000,0.4678277697145622,0.400000000000,0.2000000000000000,0.50000000,0.47368421052631576,0.1111111111111111,0.15,0.968325791855
HCP0897,0.8378378378378378,0.44465244,0.29049419,0.49864007,1.000000000000,0.1190476190476190,0.33335000,0E-8,0.263529130469435,0.951388888889,0.6923076923076923,0.900000,0.4056603773584906,0.817777777778,0.1000000000000000,0.50000000,0.2982456140350877,0.0,0.0,0.610859728507
HCP0898,0.7837837837837838,0.61450144,0.38429231,0.51178604,1.000000000000,0.7142857142857143,0.24195000,1.00000000,0.6795648362158286,0.854166666667,0.3076923076923077,1.000000,0.6390904692791485,0.551111111111,0.4000000000000000,0.66670000,0.4473684210526316,0.0,0.3,0.904977375566
HCP0899,0.2702702702702703,0.67502808,0.52498950,0.64755213,1.000000000000,0.2619047619047619,0.25000000,0E-8,0.6493584123694907,0.909722222222,0.7692307692307692,0.909091,0.44726656990807934,0.964444444444,0.8000000000000000,1.00000000,0.5164912280701754,0.6666666666666666,0.45,0.805429864253
HCP0900,0.8108108108108108,0.50393111,0.40389192,0.62964642,0.884297520661,0.3571428571428571,0.50000000,0.60000000,0.5054196222204511,0.993055555556,0.6923076923076923,0.900000,0.5628930817610063,0.991111111111,0.2000000000000000,1.00000000,0.4692982456140351,0.2777777777777778,0.0,0.968325791855
HCP0901,0.6486486486486486,0.64270560,0.48691026,0.62522665,0.983471074380,0.5238095238095238,0.34785000,0.50000000,0.5610504503068463,0.951388888889,0.4615384615384615,1.000000,0.44750846637639086,0.880000000000,0.3000000000000000,1.00000000,0.713421052631579,0.05555555555555555,0.3,0.968325791855
HCP0902,0.3783783783783784,0.65331337,0.58336833,0.73912058,0.966942148760,0.7380952380952381,0.29690000,0.42860000,0.483462182194947,1.000000000000,0.2307692307692308,0.750000,0.5725689404934687,0.493333333333,0.4000000000000000,0.80000000,0.33771929824561403,0.2777777777777778,0.0,0.678733031674
HCP0903,0.1081081081081081,0.47997005,0.21531569,0.34870807,0.917355371901,0.6904761904761905,0.20000000,0E-8,0.6212640471825935,0.986111111111,0.5384615384615385,0.875000,0.227866473149492,0.964444444444,0.5000000000000000,0.71430000,0.4578947368421053,0.05555555555555555,0.35,0.868778280543
HCP0904,0.1081081081081081,0.43192312,0.26921462,0.47223481,0.537190082645,0.4047619047619048,0.22220000,0E-8,0.33231051247310117,0.937500000000,0.3846153846153846,0.714286,0.6763425253991291,0.737777777778,0.2000000000000000,0.66670000,0.5921052631578947,0.1111111111111111,0.0,0.805429864253
HCP0905,0.9189189189189189,0.61362785,0.39997200,0.53331822,0.950413223140,0.5238095238095238,0.39130000,0.50000000,0.23686937116442183,0.972222222222,0.3846153846153846,1.000000,0.5967585873246251,0.360000000000,0.7000000000000000,1.00000000,0.4423684210526316,0.2777777777777778,0.5,1.000000000000
HCP0906,0.5135135135135135,0.37339324,0.27313454,0.53331822,0.859504132231,0.4047619047619048,0.27780000,1.00000000,0.42699450067745276,0.951388888889,0.7692307692307692,1.000000,0.17827769714562164,0.977777777778,0E-16,0E-8,0.0,0.0,0.0,0E-12
HCP0907,0.6216216216216216,0.21652315,0.15553689,0.43585675,0.776859504132,0.0476190476190476,0E-8,0E-8,0.26743444648123055,0.618055555556,0.2307692307692308,1.000000,0.7097242380261248,0.831111111111,0.2000000000000000,1.00000000,0.23684210526315788,0.3333333333333333,0.15,0.420814479638
HCP0908,0.3243243243243243,0.36989891,0.12347753,0.24286038,0.966942148760,0.3333333333333333,0.20000000,0E-8,0.6452139953773811,0.937500000000,0.3846153846153846,1.000000,0.8047895500725689,0.493333333333,0.2000000000000000,0.66670000,0.49122807017543857,0.1111111111111111,0.1,0.321266968326
HCP0909,0.8648648648648649,0.66479471,0.49265015,0.61525385,1.000000000000,0.3333333333333333,0.16665000,0.33330000,0.5832071411492789,0.979166666667,0.3846153846153846,0.555556,0.5053217223028543,0.568888888889,0.1000000000000000,1.00000000,0.35964912280701755,0.0,0.0,1.000000000000
HCP0910,0.3783783783783784,0.68800699,0.62214756,0.75555304,0.966942148760,0.2142857142857143,0.30000000,0.33330000,0.38120666294731814,0.451388888889,0.2307692307692308,1.000000,0.6209482341557813,0.777777777778,0.1000000000000000,1.00000000,0.35964912280701755,0.05555555555555555,0.1,0.805429864253
HCP0911,0.0810810810810811,0.80444278,0.61598768,0.65605168,1.000000000000,0.7619047619047619,0.25760000,0.66670000,0.730214393879015,0.986111111111,0.3076923076923077,0.800000,0.5290275761973876,0.977777777778,0.4000000000000000,0.80000000,0.42105263157894735,0.3888888888888889,0.2,0.837104072398
HCP0912,0.3783783783783784,0.75726944,0.46661067,0.52300544,0.975206611570,0.8333333333333333,0.26390000,0.71430000,0.5882282617358732,0.979166666667,0.6153846153846154,1.000000,0.40638606676342515,0.995555555556,0.2000000000000000,0.66670000,0.2982456140350877,0.3333333333333333,0.1,0.868778280543
HCP0913,0.7567567567567568,0.62972669,0.27999440,0.36559383,1.000000000000,0.2380952380952381,0.31820000,0.20000000,0.5264605084880849,0.986111111111,0.4615384615384615,1.000000,0.4837929366231253,0.880000000000,0.2000000000000000,1.00000000,0.7324561403508771,0.0,0.15,0.904977375566
HCP0914,0.4594594594594595,0.46399601,0.03583928,0.05961015,0.975206611570,0.1428571428571429,0.35715000,0E-8,0.42791105443532323,0.923611111111,0.6923076923076923,1.000000,0.4622641509433962,0.995555555556,0E-16,0E-8,0.0,0.0,0.0,0E-12
HCP0915,0.8108108108108108,0.74391614,0.48467031,0.55133726,0.958677685950,0.8571428571428571,0.28380000,1.00000000,0.5837251932732925,0.951388888889,0.2307692307692308,1.000000,0.459603289791969,0.524444444444,0.6000000000000000,0.85710000,0.45324561403508773,0.2222222222222222,0.2,0.904977375566
HCP0916,0.3783783783783784,0.82665668,0.31107378,0.32377607,0.958677685950,0.3095238095238095,0.32145000,0.80000000,0.2988363752291384,0.923611111111,0.3846153846153846,1.000000,0.20488630865989357,0.755555555556,0.4000000000000000,0.80000000,0.5350877192982456,0.16666666666666666,0.2,0.968325791855
HCP0917,0.3243243243243243,0.62673156,0.41173177,0.53966455,0.950413223140,0.5238095238095238,0.19565000,0.40000000,0.4492308918466566,0.861111111111,0.5384615384615385,0.875000,0.5483792936623125,0.906666666667,0.5000000000000000,1.00000000,0.27543859649122804,0.2222222222222222,0.4,0.710407239819
HCP0918,0.5405405405405405,0.39086484,0.16659667,0.31482321,0.528925619835,0.2857142857142857,0.34615000,0.50000000,0.39945803777795486,0.916666666667,0.6923076923076923,0.900000,0.5,0.991111111111,0.2000000000000000,1.00000000,0.7412280701754386,0.1111111111111111,0.1,0.936651583710
HCP0919,1.0000000000000000,0.51166854,0.33221336,0.51178604,0.892561983471,0.3333333333333333,0.16665000,1.00000000,0.8001514306208657,0.888888888889,0.5384615384615385,1.000000,0.2167392356071601,0.893333333333,0.3000000000000000,1.00000000,0.5701754385964912,0.05555555555555555,0.05,0.837104072398
HCP0920,0.9189189189189189,0.72507176,0.47501050,0.55213055,0.983471074380,0.4761904761904762,0.23810000,0E-8,0.4352833346616721,0.958333333333,0.4615384615384615,0.750000,0.5604741170778906,0.902222222222,0.2000000000000000,0.40000000,0.2719298245614035,0.0,0.1,0.678733031674
HCP0921,0.1891891891891892,0.20029951,0.14475710,0.42497733,0.966942148760,0.4523809523809524,0.37500000,0.50000000,0.29879652506575277,0.902777777778,0.5384615384615385,1.000000,0.2685050798258345,0.937777777778,0.1000000000000000,0.50000000,0.6929824561403509,0.0,0.0,0.515837104072
HCP0922,0.3243243243243243,0.62673156,0.24709506,0.32377607,0.801652892562,0.3333333333333333,0.20000000,1.00000000,0.8138598868255361,0.951388888889,0.3846153846153846,0.833333,0.5967585873246251,0.880000000000,0.1000000000000000,0.50000000,0.17543859649122806,0.0,0.05,0.547511312217
HCP0923,0.9189189189189189,0.43541745,0.22497550,0.39233908,0.876033057851,0.2142857142857143,0.35000000,0.50000000,0.4158763050928509,0.868055555556,0.3076923076923077,0.800000,0.7951136913401065,0.706666666667,0.2000000000000000,0.66670000,0.4605263157894737,0.0,0.25,0.452488687783
HCP0924,0.8378378378378378,0.56233620,0.42265155,0.60437443,0.900826446281,0.2857142857142857,0.46155000,0E-8,0.4729815892245159,1.000000000000,0.6153846153846154,0.888889,0.6156265118529269,0.888888888889,0.2000000000000000,0.66670000,0.3157894736842105,0.05555555555555555,0.0,0.742081447964
HCP0925,0.2702702702702703,0.47997005,0.39381212,0.63746600,0.925619834711,0.3095238095238095,0.28570000,0E-8,0.23846337769984852,0.986111111111,0.5384615384615385,0.777778,0.4569424286405418,0.897777777778,0.3000000000000000,1.00000000,0.44447368421052635,0.3333333333333333,0.2,0.484162895928
HCP0926,0.6756756756756757,0.57294397,0.47655047,0.67157752,1.000000000000,0.3333333333333333,0.23335000,0.50000000,0.355264206583247,0.993055555556,0.3076923076923077,0.800000,0.712868892114175,0.973333333333,0.3000000000000000,0.75000000,0.5409649122807018,0.1111111111111111,0.25,0.710407239819
HCP0927,0.5405405405405405,0.42056658,0.09995800,0.17894379,0.991735537190,0.2142857142857143,0.35000000,0E-8,0.30074918307165066,0.847222222222,0.5384615384615385,0.777778,0.6262699564586357,0.968888888889,0.1000000000000000,0.50000000,0.2807017543859649,0.1111111111111111,0.0,0.095022624434
HCP0928,0.8918918918918919,0.21901909,0.12725745,0.35414778,0.818181818182,0.2380952380952381,0.13635000,0E-8,0.2799872479477166,0.763888888889,0.6153846153846154,1.000000,0.5394291243347847,0.826666666667,0E-16,0E-8,0.0,0.0,0.0,0E-12
HCP0929,0.7567567567567568,0.47997005,0.22399552,0.36264733,0.966942148760,0.2142857142857143,0.35000000,1.00000000,0.4289471586833506,0.965277777778,0.3076923076923077,0.800000,0.8531688437348814,0.968888888889,0.2000000000000000,1.00000000,0.4517543859649123,0.0,0.0,0.773755656109
HCP0930,0.0810810810810811,0.50492949,0.27999440,0.43585675,0.785123966942,0.3095238095238095,0.35715000,0E-8,0.26073961903243803,0.902777777778,0.3846153846153846,0.833333,0.5725689404934687,0.657777777778,0.5000000000000000,1.00000000,0.33157894736842103,0.05555555555555555,0.0,0.416289592760
HCP0931,0.5135135135135135,0.49519531,0.20481590,0.32377607,0.892561983471,0.2142857142857143,0.15000000,0E-8,0.3553439069100183,0.763888888889,0.6153846153846154,1.000000,0.39429124334784704,0.897777777778,0.4000000000000000,0.57140000,0.5087719298245614,0.0,0.2,0.868778280543
HCP0932,0.4054054054054054,0.42942718,0.15133697,0.26665911,0.975206611570,0.1904761904761905,0.16665000,1.00000000,0.39658882601418666,0.902777777778,0.4615384615384615,0.857143,0.5104015481373971,0.977777777778,0.2000000000000000,1.00000000,0.5087719298245614,0.16666666666666666,0.15,0.226244343891
HCP0933,0.3513513513513514,0.31948084,0.07993840,0.17429737,0.809917355372,0.3809523809523810,0.23530000,0.50000000,0.5828484896788076,0.902777777778,0.2307692307692308,1.000000,0.4837929366231253,0.795555555556,0.4000000000000000,0.80000000,0.39473684210526316,0.0,0.15,0.968325791855
HCP0934,0.1081081081081081,0.47997005,0.48467031,0.78456482,0.677685950413,0.3095238095238095,0.21430000,0.25000000,0.26093886984936643,0.944444444444,0.6923076923076923,1.000000,0.5510401548137397,0.973333333333,0.2000000000000000,0.40000000,0.4298245614035088,0.2222222222222222,0.15,0.547511312217
HCP0935,0.6756756756756757,0.38699613,0.02981940,0.05666364,0.776859504132,0.1666666666666667,0.25000000,0E-8,0.36415079301825143,0.888888888889,0.5384615384615385,1.000000,0.46202225447508466,0.928888888889,0E-16,0E-8,0.0,0.0,0.0,0E-12
HCP0936,0.8108108108108108,0.50393111,0.21531569,0.33578876,0.834710743802,0.2857142857142857,0.23075000,0.33330000,0.2801864987646449,0.951388888889,0.4615384615384615,0.857143,0.24431543299467826,0.697777777778,0.4000000000000000,0.66670000,0.4166666666666667,0.0,0.1,0.615384615385
HCP0937,0E-16,0.59341071,0.44547109,0.61026745,1.000000000000,0.6428571428571429,0.21430000,0.33330000,0.5524826651789272,0.958333333333,0.6153846153846154,0.800000,0.526608611514272,0.906666666667,0.4000000000000000,0.80000000,0.6140350877192983,0.2222222222222222,0.05,1.000000000000
HCP0938,0.1351351351351351,0.64170723,0.25927481,0.33329556,0.743801652893,0.3809523809523810,0.38235000,0.75000000,0.42281023352195746,1.000000000000,0.2307692307692308,1.000000,0.4112239961296565,0.884444444444,0.1000000000000000,1.00000000,0.4298245614035088,0.0,0.05,0.610859728507
HCP0939,0.1891891891891892,0.32933982,0.19305614,0.41205802,0.917355371901,0.1428571428571429,0.07145000,0E-8,0.40483780983502027,0.993055555556,0.3846153846153846,0.714286,0.40324141267537494,0.911111111111,0.1000000000000000,0.25000000,0.5,0.05555555555555555,0.0,0.194570135747
HCP0940,0.8918918918918919,0.19630600,0.17821644,0.52889846,0.900826446281,0.1190476190476190,0.25000000,0E-8,0.37032756834303016,0.930555555556,0.6153846153846154,1.000000,0.46686018384131583,0.942222222222,0.3000000000000000,0.75000000,0.3655263157894737,0.16666666666666666,0.2,0.579185520362
HCP0941,0.8648648648648649,0.68800699,0.49265015,0.59814143,0.900826446281,0.0952380952380952,0.20000000,0E-8,0.8233840758747111,0.611111111111,0.6923076923076923,0.900000,0.45645863570391865,0.964444444444,0.3000000000000000,1.00000000,0.3713157894736842,0.2222222222222222,0.1,0.678733031674
HCP0942,0.2162162162162162,0.64632472,0.27999440,0.35788758,0.793388429752,0.4761904761904762,0.21430000,1.00000000,0.6803219893201563,1.000000000000,0.6153846153846154,0.888889,0.556361877116594,0.951111111111,0.5000000000000000,1.00000000,0.5298245614035088,0.2222222222222222,0.35,0.837104072398
HCP0943,0.3243243243243243,0.29639336,0.16463671,0.37771985,0.768595041322,0.2142857142857143,0.20000000,0E-8,0.4891209053957121,0.833333333333,0.6923076923076923,1.000000,0.3737300435413643,0.986666666667,0.4000000000000000,0.66670000,0.43859649122807015,0.16666666666666666,0.2,0.352941176471
HCP0944,0.4054054054054054,0.39560714,0.34047319,0.63746600,0.553719008264,0.2142857142857143,0.15000000,0E-8,0.32430062963258155,0.909722222222,0.5384615384615385,1.000000,0.5691823899371069,0.960000000000,0.1000000000000000,0.50000000,0.5087719298245614,0.0,0.0,0.515837104072
HCP0945,0.2432432432432432,0.58055660,0.22581548,0.31482321,0.900826446281,0.2857142857142857,0.07690000,1.00000000,0.4532557583486092,0.895833333333,0.2307692307692308,1.000000,0.7339138848572812,0.897777777778,0.3000000000000000,0.75000000,0.3976315789473684,0.1111111111111111,0.2,0.452488687783
HCP0946,0.1891891891891892,0.50143517,0.43441131,0.67996374,0.983471074380,0.5476190476190476,0.29165000,1.00000000,0.39933848728779786,1.000000000000,0.6923076923076923,1.000000,0.4221093372036769,1.000000000000,0.5000000000000000,0.83330000,0.3298245614035088,0.2222222222222222,0.2,0.936651583710
HCP0947,0.3513513513513514,0.42643205,0.11997760,0.21248867,0.966942148760,0.2380952380952381,0.13635000,0E-8,0.14393879014903957,0.958333333333,0.6153846153846154,0.888889,0.27697145621673924,1.000000000000,0.2000000000000000,0.33330000,0.6008771929824561,0.0,0.0,0.710407239819
HCP0948,0.4864864864864865,0.79196306,0.52498950,0.56663645,0.942148760331,0.3809523809523810,0.47060000,0E-8,0.4335697776360883,0.979166666667,0.2307692307692308,1.000000,0.2501209482341558,0.840000000000,0.5000000000000000,1.00000000,0.37543859649122807,0.3888888888888889,0.25,0.873303167421
HCP0949,0.7297297297297297,0.21252964,0.08567829,0.24286038,0.958677685950,0.2380952380952381,0.04545000,0E-8,0.31597194548497654,0.944444444444,0.1538461538461538,0.666667,0.37106918238993714,0.342222222222,0.1000000000000000,0.50000000,0.2807017543859649,0.0,0.0,0.936651583710
HCP0950,0.6216216216216216,0.52152752,0.34215316,0.51937897,0.917355371901,0.1904761904761905,0.50000000,0E-8,0.4513429505060971,0.881944444444,0.6923076923076923,1.000000,0.49733913884857284,0.800000000000,0E-16,0E-8,0.0,0.0,0.0,0E-12
HCP0951,0.4324324324324324,0.80843629,0.69998600,0.74252040,1.000000000000,0.3095238095238095,0.39285000,0.75000000,0.5647565155017137,0.951388888889,0.5384615384615385,0.875000,0.5362844702467344,0.951111111111,0.4000000000000000,1.00000000,0.5942982456140351,0.16666666666666666,0.2,0.968325791855
HCP0952,0.3513513513513514,0.74741046,0.27999440,0.31731641,0.950413223140,0.5714285714285714,0.28000000,0.50000000,0.44161951063999366,0.944444444444,0.9230769230769231,0.923077,0.5408805031446541,1.000000000000,0.3000000000000000,1.00000000,0.4064035087719298,0.2777777777777778,0.25,0.936651583710
HCP0953,0.8918918918918919,0.40059903,0.12725745,0.23606074,1.000000000000,0.1904761904761905,0.22220000,1.00000000,0.37562764007332433,0.923611111111,0.6923076923076923,0.900000,0.3645379777455248,0.871111111111,0.3000000000000000,1.00000000,0.42105263157894735,0.0,0.2,0.742081447964
HCP0954,0.3513513513513514,0.67602646,0.67996640,0.83760199,0.950413223140,0.2380952380952381,0.40910000,0.50000000,0.6865386148083208,0.951388888889,0.4615384615384615,1.000000,0.6693275278180938,0.986666666667,0.2000000000000000,1.00000000,0.35526315789473684,0.05555555555555555,0.25,0.742081447964
HCP0955,0.5675675675675676,0.34930738,0.06509870,0.13327289,1.000000000000,0.1428571428571429,0.28570000,0E-8,0.3700087670359449,0.958333333333,0.5384615384615385,1.000000,0.5241896468311562,0.817777777778,0.4000000000000000,0.80000000,0.6271929824561403,0.16666666666666666,0.0,0.968325791855
HCP0956,0.7027027027027027,0.79196306,0.49587008,0.53513146,1.000000000000,0.1428571428571429,0.42855000,0E-8,0.35335139874073485,0.972222222222,0.4615384615384615,1.000000,0.5283018867924528,0.911111111111,0.1000000000000000,1.00000000,1.0,0.0,0.0,0.968325791855
HCP0957,0.2972972972972973,0.38537377,0.29693406,0.56663645,0.917355371901,0.3333333333333333,0.23335000,0.50000000,0.30704550888658644,0.993055555556,0.1538461538461538,0.666667,0.08877600387034348,0.848888888889,0.3000000000000000,0.75000000,0.3830701754385965,0.05555555555555555,0.0,0.837104072398
HCP0958,0.3513513513513514,0.46212405,0.27999440,0.46668178,0.991735537190,0.2857142857142857,0.23075000,0E-8,0.08125448314338089,0.972222222222,0.6153846153846154,1.000000,0.43347847121432026,0.968888888889,0.2000000000000000,0.66670000,0.5,0.0,0.15,0.904977375566
HCP0959,0.2972972972972973,0.38537377,0.21209576,0.40469175,0.983471074380,0.4285714285714286,0.23685000,0.50000000,0.26675699370367423,0.993055555556,0.5384615384615385,0.875000,0.5362844702467344,0.906666666667,0.3000000000000000,0.42860000,0.4151754385964912,0.05555555555555555,0.0,0.678733031674
HCP0960,0.1621621621621622,0.34631224,0.20005600,0.41205802,0.933884297521,0.2857142857142857,0.38460000,0E-8,0.5975531999681198,0.951388888889,0.5384615384615385,0.875000,0.485002418964683,0.911111111111,0.3000000000000000,0.75000000,0.5028947368421053,0.1111111111111111,0.15,0.936651583710
HCP0961,0.6756756756756757,0.51978036,0.26809464,0.40797824,0.933884297521,0.4523809523809524,0.22500000,1.00000000,0.43054116521877744,0.993055555556,0.1538461538461538,0.500000,0.23391388485728107,0.266666666667,0.1000000000000000,0.50000000,0.21929824561403508,0.16666666666666666,0.0,0.610859728507
HCP0962,0.1621621621621622,0.30163484,0.04997900,0.11332729,1.000000000000,0.1904761904761905,0.33335000,0E-8,0.4438511197895912,0.909722222222,0.2307692307692308,0.750000,0.42138364779874216,0.551111111111,0.3000000000000000,1.00000000,0.39184210526315794,0.16666666666666666,0.0,0.873303167421
HCP0963,0.5405405405405405,0.53937352,0.36665267,0.54204442,0.892561983471,0.2142857142857143,0.30000000,0.50000000,0.3356180760341118,0.833333333333,0.5384615384615385,1.000000,0.316884373488147,0.720000000000,0E-16,0E-8,0.0,0.0,0.0,0E-12
HCP0964,0.1351351351351351,0.64170723,0.36301274,0.46668178,0.975206611570,0.1904761904761905,0.22220000,1.00000000,0.46792061847453575,0.951388888889,0.9230769230769231,1.000000,0.5283018867924528,0.951111111111,0.1000000000000000,1.00000000,0.38596491228070173,0.0,0.0,0.095022624434
HCP0965,0.4864864864864865,0.44877075,0.34999300,0.59644152,1.000000000000,0.5000000000000000,0.20455000,0.50000000,0.28959113732366304,0.986111111111,0.6923076923076923,1.000000,0.6129656507014998,0.973333333333,0.4000000000000000,0.66670000,0.39473684210526316,0.2222222222222222,0.0,1.000000000000
HCP0966,0.5135135135135135,0.61699738,0.51224976,0.67996374,0.710743801653,0.5714285714285714,0.42000000,0.40000000,0.6073961903243804,1.000000000000,0.6153846153846154,0.800000,0.5459603289791969,0.915555555556,0.3000000000000000,0.75000000,0.42394736842105263,0.16666666666666666,0.05,0.805429864253
HCP0967,0.1891891891891892,0.58754524,0.48271035,0.66659112,0.909090909091,0.6428571428571429,0.35715000,0.62500000,0.6312265880290111,0.965277777778,0.5384615384615385,0.875000,0.590711175616836,0.973333333333,0.1000000000000000,1.00000000,0.39473684210526316,0.0,0.0,0.452488687783
HCP0968,0.7297297297297297,0.56907525,0.39997200,0.56663645,0.991735537190,0.3809523809523810,0.26470000,0.66670000,0.774408225073723,0.993055555556,0.6923076923076923,1.000000,0.1908563134978229,0.835555555556,0.5000000000000000,1.00000000,0.4105263157894737,0.3333333333333333,0.4,0.515837104072
HCP0969,0.1081081081081081,0.57593910,0.21531569,0.30224388,0.933884297521,0.3333333333333333,0.23335000,1.00000000,0.4598708854706304,0.881944444444,0.4615384615384615,0.750000,0.49395258829221095,0.826666666667,0.2000000000000000,1.00000000,0.3333333333333333,0.0,0.0,0.416289592760
HCP0970,0.1891891891891892,0.58754524,0.48271035,0.66659112,0.942148760331,0.3333333333333333,0.26665000,0.50000000,0.4670040647166654,0.972222222222,0.3076923076923077,1.000000,0.5604741170778906,0.617777777778,0.7000000000000000,1.00000000,0.5376315789473685,0.0,0.35,1.000000000000
HCP0971,0.4864864864864865,0.66716586,0.38499230,0.47948776,0.966942148760,0.2857142857142857,0.26925000,0.50000000,0.33474137243962704,0.895833333333,0.8461538461538462,0.916667,0.5745041122399612,1.000000000000,0.7000000000000000,1.00000000,0.5551754385964912,0.05555555555555555,0.0,1.000000000000
HCP0972,0.9729729729729730,0.63060027,0.53100938,0.69254306,0.966942148760,0.2142857142857143,0.35000000,0E-8,0.4703913286044473,0.993055555556,0.5384615384615385,0.875000,0.590711175616836,0.857777777778,0.4000000000000000,0.66670000,0.3925438596491228,0.3333333333333333,0.05,0.742081447964
HCP0973,0.2702702702702703,0.71396481,0.26249475,0.30904352,0.876033057851,0.7857142857142857,0.22060000,0.80000000,0.6549374352434846,1.000000000000,0.2307692307692308,0.750000,0.409288824383164,0.880000000000,0.4000000000000000,0.80000000,0.40350877192982454,0.0,0.05,0.968325791855
HCP0974,0.2972972972972973,0.30974666,0.25451491,0.56663645,0.710743801653,0.5238095238095238,0.19565000,0.25000000,0.5511277596238146,0.812500000000,0.5384615384615385,1.000000,0.8386550556361877,0.853333333333,0.3000000000000000,0.60000000,0.3537719298245614,0.3333333333333333,0.1,0.384615384615
HCP0975,0.9459459459459459,0.31573693,0.04913902,0.10788758,0.975206611570,0.1190476190476190,0.25000000,0E-8,0.10584203395233915,0.909722222222,0.3076923076923077,1.000000,0.590711175616836,0.982222222222,0.3000000000000000,0.75000000,0.4151754385964912,0.0,0.0,0.678733031674
HCP0976,0.3513513513513514,0.71171846,0.44001120,0.51937897,0.983471074380,0.4523809523809524,0.37500000,0.66670000,0.4236470869530565,0.972222222222,0.7692307692307692,0.909091,0.5858732462506047,0.946666666667,0.3000000000000000,0.75000000,0.4298245614035088,0.05555555555555555,0.25,0.837104072398
HCP0977,0.6216216216216216,0.32746786,0.03107938,0.06663645,0.991735537190,0.2380952380952381,0.36365000,0.33330000,0.014027257511755783,0.583333333333,0.5384615384615385,0.875000,0.5362844702467344,0.964444444444,0.1000000000000000,1.00000000,0.4824561403508772,0.0,0.15,0.805429864253
HCP0978,0.0540540540540541,0.37601398,0.17499650,0.33998187,0.842975206612,0.4285714285714286,0.34210000,0.66670000,0.7483063680561092,0.937500000000,0.3846153846153846,0.833333,0.5362844702467344,0.808888888889,0.3000000000000000,1.00000000,0.48833333333333334,0.2222222222222222,0.35,0.904977375566
HCP0979,0.8648648648648649,0.29514539,0.15553689,0.35788758,1.000000000000,0.1190476190476190,0.33335000,0E-8,0.12899497887941336,0.993055555556,0.3846153846153846,1.000000,0.14683115626511847,0.853333333333,0.4000000000000000,1.00000000,0.3530701754385965,0.0,0.1,0.742081447964
HCP0980,0.4324324324324324,0.47997005,0.25787484,0.41749773,1.000000000000,0.6190476190476190,0.24075000,0E-8,0.6890890252650037,0.986111111111,0.7692307692307692,1.000000,0.43710691823899367,0.955555555556,0.2000000000000000,1.00000000,0.5745614035087719,0.16666666666666666,0.15,0.968325791855
HCP0981,0.5675675675675676,0.32035442,0.22791544,0.49580689,0.818181818182,0.2142857142857143,0.15000000,0E-8,0.12867617757232808,0.979166666667,0.2307692307692308,1.000000,0.2581035316884373,0.662222222222,0.1000000000000000,0.50000000,0.4473684210526316,0.0,0.15,0.063348416290
HCP0982,0.4594594594594595,0.30400599,0.17947641,0.40469175,0.851239669421,0.4047619047619048,0.36110000,0.66670000,0.281382003666215,0.979166666667,0.6153846153846154,1.000000,0.5241896468311562,0.888888888889,0.2000000000000000,1.00000000,0.49122807017543857,0.0,0.0,0.904977375566
HCP0983,0.5405405405405405,0.62847872,0.20005600,0.26155938,0.983471074380,0.3095238095238095,0.39285000,0E-8,0.28604447278233847,0.868055555556,0.3076923076923077,1.000000,0.2581035316884373,0.986666666667,0.2000000000000000,0.66670000,0.4824561403508772,0.1111111111111111,0.05,0.968325791855
HCP0984,0.4864864864864865,0.38637215,0.24499510,0.46668178,0.743801652893,0.3571428571428571,0.34375000,0E-8,0.31011397146728303,0.972222222222,0.3076923076923077,1.000000,0.39114658925979684,0.800000000000,0.3000000000000000,0.75000000,0.345,0.0,0.15,0.257918552036
HCP0985,0.2972972972972973,0.65019344,0.33935321,0.43177697,0.917355371901,0.5238095238095238,0.34785000,0E-8,0.4177492627719774,0.993055555556,0.4615384615384615,0.857143,0.40324141267537494,0.653333333333,0.3000000000000000,0.50000000,0.46201754385964916,0.3333333333333333,0.05,0.742081447964
HCP0986,0.5135135135135135,0.40384375,0.20481590,0.37771985,0.603305785124,0.3571428571428571,0.28125000,0.50000000,0.3555431577269467,0.937500000000,0.4615384615384615,1.000000,0.6209482341557813,1.000000000000,0E-16,0E-8,0.0,0.0,0.0,0E-12
HCP0987,0.8918918918918919,0.65019344,0.55998880,0.71237534,1.000000000000,0.6904761904761905,0.25000000,0E-8,0.6248107117239181,1.000000000000,0.2307692307692308,1.000000,0.5321722302854378,0.768888888889,0.4000000000000000,1.00000000,0.47149122807017546,0.1111111111111111,0.1,0.904977375566
HCP0988,0.0270270270270270,0.56133783,0.42601148,0.61026745,1.000000000000,0.4523809523809524,0.17500000,1.00000000,0.3373316330596955,0.979166666667,0.4615384615384615,1.000000,0.5362844702467344,0.942222222222,0.5000000000000000,0.62500000,0.3824561403508772,0.1111111111111111,0.2,0.904977375566
HCP0989,0.2972972972972973,0.04505179,0.08483830,0.45330916,0.487603305785,0.1190476190476190,0.33335000,0.50000000,0.5318004303817645,0.840277777778,0.5384615384615385,0.777778,0.6477987421383647,0.680000000000,0.2000000000000000,0.66670000,0.5964912280701754,0.0,0.15,0.837104072398
HCP0990,0.7027027027027027,0.63596655,0.43749125,0.56663645,1.000000000000,0.6428571428571429,0.30355000,1.00000000,0.40268590101219415,0.965277777778,0.4615384615384615,0.857143,0.5208030962747944,0.573333333333,0.4000000000000000,0.80000000,0.48464912280701755,0.2222222222222222,0.2,0.904977375566
HCP0991,0.8918918918918919,0.53675278,0.38177236,0.56663645,1.000000000000,0.0952380952380952,0.30000000,0.50000000,0.4971307882362318,0.993055555556,0.3076923076923077,1.000000,0.5604741170778906,0.515555555556,0.3000000000000000,0.50000000,0.5642982456140351,0.0,0.0,0.936651583710
HCP0992,0.3513513513513514,0.53350805,0.48005040,0.71577516,0.975206611570,0.1904761904761905,0.50000000,0.50000000,0.6581254483143383,0.916666666667,0.6153846153846154,1.000000,0.6088534107402032,0.924444444444,0.3000000000000000,0.60000000,0.47078947368421054,0.05555555555555555,0.0,0.321266968326
HCP0993,0.8378378378378378,0.35043055,0.13201736,0.26983228,0.876033057851,0.3333333333333333,0.20000000,0.50000000,0.4692356738662629,1.000000000000,0.6153846153846154,0.800000,0.5604741170778906,0.831111111111,0.1000000000000000,0.50000000,0.3508771929824561,0.0,0.0,0.873303167421
HCP0994,0.1351351351351351,0.68800699,0.31107378,0.37771985,0.966942148760,0.1666666666666667,0.43750000,0E-8,0.5245477006455727,0.861111111111,0.4615384615384615,0.857143,0.18553459119496854,0.982222222222,0.3000000000000000,0.60000000,0.388859649122807,0.0,0.0,0.968325791855
HCP0995,0.8108108108108108,0.55197804,0.53842923,0.78161831,0.909090909091,0.5000000000000000,0.15910000,0.75000000,0.6194309396668526,0.979166666667,0.3846153846153846,1.000000,0.712868892114175,0.666666666667,0.4000000000000000,0.80000000,0.5592105263157895,0.0,0.45,0.936651583710
HCP0996,0.3243243243243243,0.77361787,0.69998600,0.77062557,0.991735537190,0.3095238095238095,0.42855000,1.00000000,0.8693313142583886,0.951388888889,0.8461538461538462,0.916667,0.7498790517658441,0.960000000000,0.3000000000000000,0.75000000,0.37429824561403513,0.0,0.3,0.742081447964
HCP0997,0.2432432432432432,0.33907400,0.31611368,0.66103808,0.636363636364,0.1666666666666667,0.50000000,0E-8,0.46162429265959987,0.944444444444,0.4615384615384615,0.750000,0.5060474117077891,0.800000000000,0.1000000000000000,1.00000000,0.47368421052631576,0.0,0.1,0.837104072398
HCP0998,0.8378378378378378,0.39760389,0.18493630,0.34485494,0.867768595041,0.4285714285714286,0.21055000,0.20000000,0.3329879652506575,0.972222222222,0.4615384615384615,0.750000,0.5120948234155781,0.755555555556,0E-16,0E-8,0.0,0.0,0.0,0E-12
HCP0999,0.2432432432432432,0.62086609,0.58714826,0.77538531,1.000000000000,0.4523809523809524,0.32500000,0E-8,0.4330517255120746,0.993055555556,0.7692307692307692,0.909091,0.49346879535558774,0.942222222222,0.5000000000000000,0.71430000,0.531578947368421,0.3888888888888889,0.1,0.900452488688
HCP1000,0.2432432432432432,0.58055660,0.40641187,0.56663645,1.000000000000,0.4523809523809524,0.32500000,1.00000000,0.47780345899418186,0.777777777778,0.5384615384615385,0.777778,0.19351717464925006,0.862222222222,0.2000000000000000,1.00000000,0.5307017543859649,0.2777777777777778,0.0,0.873303167421
HCP1001,0.4324324324324324,0.57843504,0.25787484,0.36060743,0.685950413223,0.2380952380952381,0.09090000,0.50000000,0.4042002072208496,0.652777777778,0.2307692307692308,0.600000,0.5870827285921626,0.911111111111,0.2000000000000000,0.50000000,0.36403508771929827,0.2222222222222222,0.2,0.420814479638
HCP1002,0.1351351351351351,0.68800699,0.46661067,0.56663645,0.991735537190,0.3095238095238095,0.25000000,0.66670000,0.5435163784171515,0.944444444444,0.7692307692307692,0.769231,0.5483792936623125,0.964444444444,0.2000000000000000,0.40000000,0.31140350877192985,0.16666666666666666,0.25,1.000000000000
HCP1003,0.2702702702702703,0.47997005,0.39381212,0.63746600,1.000000000000,0.3809523809523810,0.32355000,0.25000000,0.602733721208257,0.958333333333,0.2307692307692308,1.000000,0.540396710208031,0.440000000000,0.2000000000000000,0.50000000,0.37280701754385964,0.0,0.25,0.547511312217
HCP1004,0.5405405405405405,0.59877699,0.30001400,0.40797824,0.975206611570,0.2857142857142857,0.23075000,0E-8,0.46174384314975686,0.888888888889,0.4615384615384615,0.750000,0.5423318819545234,0.755555555556,0.2000000000000000,0.40000000,0.5043859649122807,0.16666666666666666,0.0,0.773755656109
HCP1005,0.1081081081081081,0.62398602,0.26921462,0.35414778,0.991735537190,0.2857142857142857,0.30770000,0E-8,0.3127839324141229,0.875000000000,0.3076923076923077,0.800000,0.4709724238026124,0.653333333333,0.3000000000000000,0.60000000,0.5730701754385965,0.2777777777777778,0.35,0.904977375566
HCP1006,0.5945945945945946,0.67852240,0.47725045,0.58612874,0.983471074380,0.6190476190476190,0.22220000,0.75000000,0.45150235115963977,0.986111111111,0.5384615384615385,0.875000,0.6361877116594098,0.986666666667,0.5000000000000000,1.00000000,0.5473684210526316,0.2777777777777778,0.25,0.710407239819
HCP1007,0.3783783783783784,0.34132035,0.19445611,0.40469175,0.909090909091,0.3333333333333333,0.16665000,1.00000000,0.43468558221088704,0.736111111111,0.1538461538461538,1.000000,0.46371552975326563,0.937777777778,0.1000000000000000,0.20000000,0.5701754385964912,0.1111111111111111,0.0,0.837104072398
HCP1008,0.7027027027027027,0.84400349,0.49587008,0.50702629,0.950413223140,0.3095238095238095,0.35715000,1.00000000,0.3263728381286363,0.916666666667,0.2307692307692308,0.750000,0.7842283502660861,0.688888888889,0.4000000000000000,0.80000000,0.5679824561403509,0.2777777777777778,0.7,0.904977375566
HCP1009,0.5135135135135135,0.70822414,0.23897522,0.28331822,0.925619834711,0.5000000000000000,0.27275000,0.50000000,0.3431099067506177,0.951388888889,0.3076923076923077,1.000000,0.7479438800193517,0.346666666667,0.2000000000000000,1.00000000,0.6578947368421053,0.16666666666666666,0.0,0.352941176471
HCP1010,0.9189189189189189,0.76962436,0.55004900,0.60811423,0.867768595041,0.1904761904761905,0.33335000,0E-8,0.20873515581413887,0.944444444444,0.6153846153846154,0.888889,0.45162070633768747,1.000000000000,0.3000000000000000,0.75000000,0.2894736842105263,0.1111111111111111,0.5,0.289592760181
HCP1011,0.8918918918918919,0.53675278,0.22903542,0.33998187,1.000000000000,0.3571428571428571,0.18750000,0E-8,0.4237267872798278,0.965277777778,0.3846153846153846,1.000000,0.4322689888727624,0.737777777778,0E-16,0E-8,0.0,0.0,0.0,0E-12
HCP1012,0.7567567567567568,0.23037564,0.25199496,0.67996374,0.900826446281,0.5952380952380952,0.32690000,0.33330000,0.5288913684546108,1.000000000000,0.2307692307692308,1.000000,0.7498790517658441,0.880000000000,0.4000000000000000,0.80000000,0.43640350877192985,0.3333333333333333,0.05,1.000000000000
HCP1013,0.2972972972972973,0.76363409,0.42419152,0.47223481,0.859504132231,0.6666666666666667,0.22415000,0.28570000,0.29784012114449665,0.993055555556,0.5384615384615385,0.636364,0.33284954039671016,0.933333333333,0.5000000000000000,0.83330000,0.38421052631578945,0.4444444444444444,0.1,0.936651583710
HCP1014,0.8648648648648649,0.61861974,0.44071119,0.58386219,0.958677685950,0.1904761904761905,0.22220000,1.00000000,0.48127042320873514,0.965277777778,0.2307692307692308,1.000000,0.26608611514271885,0.928888888889,0.3000000000000000,0.75000000,0.32745614035087717,0.0,0.05,0.547511312217
HCP1015,0.7837837837837838,0.68800699,0.49405012,0.59995467,0.983471074380,0.4761904761904762,0.23810000,0.80000000,0.3989798358173268,0.854166666667,0.6153846153846154,0.800000,0.337929366231253,0.871111111111,0.4000000000000000,0.57140000,0.33114035087719296,0.1111111111111111,0.0,1.000000000000
HCP1016,0.2162162162162162,0.39673031,0.09337813,0.17429737,0.909090909091,0.1190476190476190,0.25000000,1.00000000,0.27695863553040573,0.798611111111,0.5384615384615385,0.777778,0.6961780358006773,0.897777777778,0.1000000000000000,1.00000000,0.40350877192982454,0.16666666666666666,0.0,0.452488687783
HCP1017,0.7837837837837838,0.56558093,0.43917122,0.62522665,0.983471074380,0.5000000000000000,0.43180000,0.50000000,0.36610345102414915,0.895833333333,0.4615384615384615,1.000000,0.7498790517658441,0.875555555556,0.2000000000000000,1.00000000,0.31140350877192985,0.1111111111111111,0.0,0.936651583710
HCP1018,0.6486486486486486,0.29002870,0.15217696,0.35414778,1.000000000000,0.3571428571428571,0.18750000,1.00000000,0.4297840121144497,0.875000000000,0.3076923076923077,1.000000,0.5544267053701016,0.293333333333,0.2000000000000000,1.00000000,0.5614035087719298,0.2777777777777778,0.2,0.904977375566
HCP1019,0.3513513513513514,0.89005366,0.51994960,0.50804624,0.876033057851,0.3809523809523810,0.38235000,0.25000000,0.5927313301984538,0.993055555556,0.4615384615384615,0.857143,0.4791969037252056,0.831111111111,0.2000000000000000,0.66670000,0.4956140350877193,0.0,0.0,0.710407239819
HCP1020,0.8378378378378378,0.27979533,0.15847683,0.37771985,0.925619834711,0.1190476190476190,0.08335000,0E-8,0.31796445365426,0.770833333333,0.3846153846153846,0.714286,0.2789066279632317,0.804444444444,0.4000000000000000,0.66670000,0.4758771929824561,0.1111111111111111,0.4,0.579185520362
HCP1021,0.3783783783783784,0.65331337,0.42783144,0.54204442,0.925619834711,0.7142857142857143,0.27420000,0.50000000,0.5035865147047103,0.937500000000,0.8461538461538462,0.916667,0.5140299951620706,1.000000000000,0.2000000000000000,0.66670000,0.29385964912280704,0.0,0.0,0.452488687783
HCP1022,0.4864864864864865,0.35517284,0.13999720,0.28331822,0.942148760331,0.2380952380952381,0.31820000,0E-8,0.36953056507531684,0.958333333333,0.4615384615384615,0.857143,0.3376874697629414,0.662222222222,0E-16,0E-8,0.0,0.0,0.0,0E-12
HCP1023,0.0270270270270270,0.50705104,0.42601148,0.66103808,0.975206611570,0.5238095238095238,0.23915000,0.50000000,0.32812624531760576,0.951388888889,0.2307692307692308,1.000000,0.4678277697145622,0.773333333333,0.1000000000000000,0.50000000,0.3684210526315789,0.0,0.0,0.579185520362
HCP1024,0.6756756756756757,0.73218520,0.68514630,0.78989121,0.991735537190,0.2142857142857143,0.40000000,0.50000000,0.42053877420897434,0.965277777778,0.3076923076923077,1.000000,0.590711175616836,0.573333333333,0.3000000000000000,1.00000000,0.7543859649122807,0.16666666666666666,0.05,0.904977375566
HCP1025,0.2162162162162162,0.43841258,0.13999720,0.24286038,0.652892561983,0.3571428571428571,0.37500000,0E-8,0.26799234876863,0.958333333333,0.2307692307692308,1.000000,0.2902757619738751,0.711111111111,0.2000000000000000,1.00000000,0.5833333333333334,0.0,0.0,0.257918552036
HCP1026,0.3513513513513514,0.42643205,0.16001680,0.28331822,0.743801652893,0.2857142857142857,0.11540000,0E-8,0.2597035147844106,0.951388888889,0.2307692307692308,1.000000,0.7822931785195937,0.435555555556,0.2000000000000000,0.40000000,0.3157894736842105,0.0,0.2,0.868778280543
HCP1027,0.7297297297297297,0.23798827,0.20005600,0.52889846,0.818181818182,0.3571428571428571,0.03125000,0.50000000,0.33115485773491676,0.993055555556,0.3076923076923077,0.800000,0.5919206579583938,0.866666666667,0.2000000000000000,0.50000000,0.3157894736842105,0.0,0.1,0.936651583710
HCP1028,0.6486486486486486,0.85972794,0.51742965,0.52073889,1.000000000000,0.3095238095238095,0.25000000,1.00000000,0.8979835817326852,0.993055555556,0.5384615384615385,1.000000,0.4791969037252056,0.724444444444,0.6000000000000000,1.00000000,0.37570175438596487,0.2777777777777778,0.4,1.000000000000
HCP1029,0.8378378378378378,0.51528766,0.26417472,0.40469175,0.942148760331,0.1904761904761905,0.55555000,0.20000000,0.6015382163066868,0.986111111111,0.4615384615384615,1.000000,0.7097242380261248,1.000000000000,0.2000000000000000,0.66670000,0.5263157894736842,0.0,0.0,0.936651583710
HCP1030,0.1081081081081081,0E-8,0.05389892,0.37771985,0.652892561983,0.1190476190476190,0.25000000,0E-8,0.4107356340160995,0.861111111111,0.3846153846153846,0.625000,0.4697629414610547,0.791111111111,0.1000000000000000,0.33330000,0.7368421052631579,0.0,0.05,0.647058823529
HCP1031,0.7027027027027027,0.73992263,0.37911242,0.43336355,0.950413223140,0.3333333333333333,0.26665000,0.33330000,0.4509045987088547,0.979166666667,0.7692307692307692,0.909091,0.6253023705853894,0.906666666667,0.3000000000000000,1.00000000,0.523421052631579,0.0,0.2,0.289592760181
HCP1032,0.4864864864864865,0.85436166,0.52498950,0.53127833,0.950413223140,0.5952380952380952,0.34615000,1.00000000,0.6158444249621424,0.909722222222,0.9230769230769231,0.857143,0.762699564586357,0.968888888889,0.1000000000000000,0.33330000,0.35964912280701755,0.0,0.2,0.095022624434
HCP1033,0.9459459459459459,0.53475602,0.09827803,0.14619220,0.991735537190,0.2619047619047619,0.16665000,0.50000000,0.3265322387821791,0.840277777778,0.3846153846153846,0.833333,0.4879051765844219,0.937777777778,0.1000000000000000,0.50000000,0.3508771929824561,0.0,0.0,0.837104072398
HCP1034,0.5675675675675676,0.23324598,0.09771805,0.26155938,0.933884297521,0.1904761904761905,0.16665000,0E-8,0.4323742727345183,0.937500000000,0.3846153846153846,1.000000,0.7273826802128689,0.888888888889,0.1000000000000000,0.50000000,0.21929824561403508,0.0,0.0,0.416289592760
HCP1035,0.3243243243243243,0.81030825,0.45289094,0.47948776,0.983471074380,0.3095238095238095,0.25000000,0.50000000,0.40160994660078114,0.944444444444,0.4615384615384615,1.000000,0.14925012094823414,0.653333333333,0.5000000000000000,0.83330000,0.36140350877192984,0.2222222222222222,0.35,1.000000000000
HCP1036,0.8108108108108108,0.43192312,0.24233515,0.42497733,0.900826446281,0.2619047619047619,0.16665000,0E-8,0.5268191599585558,0.937500000000,0.3846153846153846,0.833333,0.39114658925979684,0.684444444444,0.3000000000000000,1.00000000,0.4357017543859649,0.2222222222222222,0.3,1.000000000000
HCP1037,0.4594594594594595,0.55996506,0.50258995,0.72121487,0.958677685950,0.6428571428571429,0.32145000,0.80000000,0.4460030286124173,0.972222222222,0.7692307692307692,0.909091,0.6516690856313498,0.937777777778,0.8000000000000000,1.00000000,0.5241228070175439,0.16666666666666666,0.6,0.904977375566
HCP1038,0.1621621621621622,0.34631224,0.04997900,0.10301451,0.983471074380,0.0952380952380952,0.40000000,0E-8,0.334143619988842,0.819444444444,0.2307692307692308,1.000000,0.7097242380261248,0.671111111111,0.4000000000000000,0.66670000,0.6359649122807017,0.3333333333333333,0.1,0.773755656109
HCP1039,0.9729729729729730,0.41544989,0.16897662,0.30507706,0.958677685950,0.5000000000000000,0.34090000,0.66670000,0.4513828006694827,1.000000000000,0.3846153846153846,0.555556,0.3333333333333333,0.768888888889,0.1000000000000000,0.50000000,0.9210526315789473,0.0,0.0,0.904977375566
HCP1040,0.8108108108108108,0.50393111,0.26921462,0.41976428,0.983471074380,0.5238095238095238,0.28260000,0.50000000,0.5958794931059218,0.930555555556,0.6153846153846154,0.666667,0.5423318819545234,0.968888888889,0.3000000000000000,1.00000000,0.6462280701754386,0.1111111111111111,0.05,0.968325791855
HCP1041,0.8378378378378378,0.37401722,0.15847683,0.30904352,1.000000000000,0.3571428571428571,0.31250000,0.60000000,0.42488244201801223,0.888888888889,0.8461538461538462,1.000000,0.35486211901306236,0.955555555556,0.4000000000000000,1.00000000,0.42105263157894735,0.05555555555555555,0.3,0.773755656109
HCP1042,0.5405405405405405,0.59877699,0.46661067,0.63463282,0.942148760331,0.3333333333333333,0.36665000,0.66670000,0.6295130310034273,0.854166666667,0.6923076923076923,0.818182,0.5570875665215288,0.955555555556,0.6000000000000000,0.85710000,0.5146491228070176,0.2222222222222222,0.4,1.000000000000
HCP1043,0.8378378378378378,0.37401722,0.13201736,0.25759293,0.619834710744,0.2142857142857143,0.25000000,0E-8,0.2454770064557265,0.680555555556,0.2307692307692308,1.000000,0.6047411707789065,0.746666666667,0.2000000000000000,0.50000000,0.33771929824561403,0.16666666666666666,0.15,0.420814479638
HCP1044,0.4864864864864865,0.66716586,0.34999300,0.43585675,0.942148760331,0.5476190476190476,0.29165000,0E-8,0.4197019207778752,1.000000000000,0.4615384615384615,0.750000,0.8809869375907111,0.742222222222,0.2000000000000000,0.50000000,0.20175438596491227,0.0,0.2,0.384615384615
HCP1045,0.4864864864864865,0.35517284,0.24499510,0.49580689,0.933884297521,0.6666666666666667,0.31035000,0E-8,0.45078504821869764,0.937500000000,0.4615384615384615,0.600000,0.6064344460570875,0.871111111111,0E-16,0E-8,0.0,0.0,0.0,0E-12
HCP1046,0.9189189189189189,0.50230875,0.25003500,0.39075249,0.834710743802,0.2857142857142857,0.11540000,0.66670000,0.09002151908822822,0.812500000000,0.4615384615384615,0.857143,0.46202225447508466,0.844444444444,0.3000000000000000,0.60000000,0.47078947368421054,0.0,0.2,0.515837104072
HCP1047,0.3783783783783784,0.37601398,0.23337533,0.45330916,0.966942148760,0.2380952380952381,0.36365000,0E-8,0.5128317526101857,1.000000000000,0.3846153846153846,0.833333,0.641025641025641,0.991111111111,0.2000000000000000,0.50000000,0.4166666666666667,0.0,0.0,0.742081447964
HCP1048,0.2972972972972973,0.76363409,0.67870643,0.75555304,0.933884297521,0.3333333333333333,0.40000000,0E-8,0.42623734757312504,0.986111111111,0.7692307692307692,1.000000,0.43952588292210937,0.906666666667,0.7000000000000000,0.87500000,0.4686842105263158,0.2777777777777778,0.5,0.968325791855
HCP1049,0.6216216216216216,0.68800699,0.52890942,0.64222575,0.975206611570,0.4047619047619048,0.33335000,0.66670000,0.6617916633458197,0.979166666667,0.2307692307692308,0.750000,0.7177068214804063,0.991111111111,0.6000000000000000,0.85710000,0.47657894736842105,0.3888888888888889,0.45,0.868778280543
HCP1050,0.5675675675675676,0.66866342,0.45583088,0.56663645,0.966942148760,0.6190476190476190,0.22220000,0.80000000,0.6998485693791345,0.993055555556,0.6153846153846154,0.888889,0.48645379777455244,0.808888888889,0.4000000000000000,0.80000000,0.49122807017543857,0.2777777777777778,0.5,0.904977375566
HCP1051,0.5135135135135135,0.28216648,0.13663727,0.32377607,0.983471074380,0.2619047619047619,0.25000000,0.50000000,0.5785048218697697,0.868055555556,0.3846153846153846,1.000000,0.22423802612481858,0.857777777778,0.4000000000000000,1.00000000,0.6162280701754386,0.05555555555555555,0.2,0.904977375566
HCP1052,0.6486486486486486,0.50705104,0.18255635,0.28331822,0.801652892562,0.4285714285714286,0.31580000,1.00000000,0.3641906431816371,0.993055555556,0.3076923076923077,0.800000,0.7177068214804063,0.951111111111,0.2000000000000000,1.00000000,0.49122807017543857,0.0,0.05,0.773755656109
HCP1053,0.2162162162162162,0.47997005,0.23337533,0.37771985,0.884297520661,0.2619047619047619,0.12500000,0.40000000,0.3566589623017455,0.951388888889,0.2307692307692308,0.600000,0.6548137397194,0.706666666667,0E-16,0E-8,0.0,0.0,0.0,0E-12
HCP1054,0.7567567567567568,0.10557844,0.02799944,0.11332729,0.785123966942,0.2380952380952381,0.31820000,0E-8,0.20399298637124416,0.895833333333,0.5384615384615385,1.000000,0.5517658442186744,0.822222222222,0.2000000000000000,1.00000000,0.3815789473684211,0.2222222222222222,0.0,0.873303167421
HCP1055,0.4324324324324324,0.64420317,0.55256895,0.70829556,0.851239669421,0.7857142857142857,0.25000000,0.66670000,0.5122340001594008,0.972222222222,0.1538461538461538,0.666667,0.5725689404934687,0.986666666667,0.2000000000000000,0.40000000,0.5263157894736842,0.1111111111111111,0.15,0.837104072398
HCP1056,0.3783783783783784,0.51466367,0.23337533,0.35788758,0.702479338843,0.1904761904761905,0.33335000,0E-8,0.48350203235833267,0.993055555556,0.3076923076923077,0.800000,0.6015965166908563,0.893333333333,0.2000000000000000,0.66670000,0.42105263157894735,0.0,0.0,0.805429864253
HCP1057,0.5675675675675676,0.26232372,0.06509870,0.16194470,0.909090909091,0.1428571428571429,0.21430000,0E-8,0.06579261974974099,0.833333333333,0.3846153846153846,0.833333,0.2056119980648282,0.648888888889,0.5000000000000000,0.83330000,0.2964912280701754,0.0,0.0,0.936651583710
HCP1058,0.7837837837837838,0.29639336,0.13719726,0.31482321,0.975206611570,0.3095238095238095,0.21430000,0E-8,0.1359687574719056,0.666666666667,0.1538461538461538,0.666667,0.41944847605224966,0.942222222222,0.1000000000000000,1.00000000,0.47368421052631576,0.0,0.0,0.484162895928
HCP1059,0.6486486486486486,0.53425683,0.24345513,0.36264733,0.900826446281,0.4761904761904762,0.16665000,0.60000000,0.4481549374352435,0.993055555556,0.2307692307692308,0.750000,0.8144654088050314,0.813333333333,0.4000000000000000,1.00000000,0.4057017543859649,0.05555555555555555,0.25,0.805429864253
HCP1060,0.4864864864864865,0.47997005,0.06999860,0.11332729,0.942148760331,0.4523809523809524,0.27500000,0.75000000,0.508209133657448,0.993055555556,0.6153846153846154,0.800000,0.7249637155297531,0.755555555556,0.1000000000000000,0.50000000,0.3508771929824561,0.05555555555555555,0.0,0.547511312217
HCP1061,0.2702702702702703,0.20703856,0.13131737,0.37771985,0.735537190083,0.1190476190476190,0.16665000,0E-8,0.2765999840599347,0.687500000000,0.2307692307692308,1.000000,0.459603289791969,0.737777777778,0.3000000000000000,0.50000000,0.5146491228070176,0.05555555555555555,0.0,0.515837104072
HCP1062,0.7027027027027027,0.45401223,0.32087358,0.54204442,0.991735537190,0.3095238095238095,0.21430000,0E-8,0.5155017135570257,0.944444444444,0.6153846153846154,0.888889,0.5,0.942222222222,0.1000000000000000,0.33330000,0.5526315789473685,0.0,0.0,0.936651583710
HCP1063,0.5675675675675676,0.58155497,0.32563349,0.45330916,0.900826446281,0.1904761904761905,0.38890000,0E-8,0.45317605802183797,0.888888888889,0.3846153846153846,0.833333,0.46371552975326563,0.942222222222,0.2000000000000000,1.00000000,0.6885964912280702,0.16666666666666666,0.15,0.837104072398
HCP1064,0.5675675675675676,0.69761637,0.58602828,0.70342248,0.991735537190,0.1904761904761905,0.27780000,1.00000000,0.619391089503467,0.902777777778,0.2307692307692308,1.000000,0.26608611514271885,0.746666666667,0.1000000000000000,0.33330000,0.38596491228070173,0.16666666666666666,0.0,0.095022624434
HCP1065,0.2702702702702703,0.86996131,0.74380512,0.74093382,0.958677685950,0.2619047619047619,0.20835000,1.00000000,0.5248266517892723,0.951388888889,0.4615384615384615,1.000000,0.6129656507014998,0.982222222222,0.4000000000000000,0.80000000,0.4451754385964912,0.05555555555555555,0.15,0.674208144796
HCP1066,0.5945945945945946,0.50829901,0.19095618,0.29567090,0.975206611570,0.1428571428571429,0.28570000,0E-8,0.3441858611620307,0.805555555556,0.5384615384615385,0.777778,0.48645379777455244,0.973333333333,0.1000000000000000,0.50000000,0.39473684210526316,0.0,0.0,0.484162895928
HCP1067,0.6216216216216216,0.54935729,0.40445191,0.58930190,0.743801652893,0.2142857142857143,0.40000000,1.00000000,0.7565952020403284,0.972222222222,0.6923076923076923,1.000000,0.43275278180938553,0.897777777778,0.5000000000000000,0.83330000,0.4456140350877193,0.0,0.2,0.579185520362
HCP1068,0.6216216216216216,0.63247223,0.37337253,0.48572076,1.000000000000,0.2380952380952381,0.22725000,0E-8,0.4089423766637443,0.993055555556,0.7692307692307692,1.000000,0.5145137880986937,0.964444444444,0.1000000000000000,0.50000000,0.5087719298245614,0.16666666666666666,0.2,0.289592760181
HCP1069,0.3243243243243243,0.33320854,0.08231835,0.17429737,0.809917355372,0.1904761904761905,0.44445000,1.00000000,0.45034669642145536,0.736111111111,0.3076923076923077,1.000000,0.23391388485728107,0.995555555556,0.3000000000000000,0.75000000,0.5028947368421053,0.16666666666666666,0.0,1.000000000000
HCP1070,0.5945945945945946,0.73518033,0.41369173,0.47529465,0.942148760331,0.5952380952380952,0.25000000,0.66670000,0.5745596556945883,0.979166666667,0.6923076923076923,0.818182,0.5769230769230769,0.853333333333,0.1000000000000000,0.50000000,0.49122807017543857,0.05555555555555555,0.15,1.000000000000
HCP1071,0.2972972972972973,0.42318732,0.29693406,0.52889846,0.966942148760,0.4285714285714286,0.23685000,0E-8,0.22774368374910334,0.993055555556,0.2307692307692308,1.000000,0.7418964683115626,0.840000000000,0.2000000000000000,0.50000000,0.2894736842105263,0.0,0.0,0.742081447964
HCP1072,0.5675675675675676,0.26232372,0.06509870,0.16194470,0.884297520661,0.1904761904761905,0.05555000,1.00000000,0.3548657049493903,0.930555555556,0.2307692307692308,0.600000,0.40324141267537494,0.826666666667,0.3000000000000000,1.00000000,0.432719298245614,0.1111111111111111,0.15,0.773755656109
HCP1073,0.1351351351351351,0.27193311,0.20733585,0.50362647,0.950413223140,0.3095238095238095,0.25000000,0.50000000,0.4226508328684147,0.958333333333,0.6923076923076923,1.000000,0.41944847605224966,0.977777777778,0.5000000000000000,0.83330000,0.41228070175438597,0.16666666666666666,0.25,0.647058823529
HCP1074,0.7027027027027027,0.42792961,0.26249475,0.46362194,1.000000000000,0.4047619047619048,0.38890000,0.57140000,0.6796046863792142,0.972222222222,0.7692307692307692,0.909091,0.4671020803096275,0.853333333333,0.2000000000000000,1.00000000,0.29385964912280704,0.1111111111111111,0.35,1.000000000000
HCP1075,0.7837837837837838,0.61450144,0.41173177,0.54839075,1.000000000000,0.5000000000000000,0.34090000,0.66670000,0.6141707180999443,0.958333333333,0.4615384615384615,0.857143,0.47242380261248185,0.982222222222,0.3000000000000000,0.75000000,0.47956140350877197,0.16666666666666666,0.1,1.000000000000
HCP1076,0.0540540540540541,0.22001747,0.23337533,0.64755213,0.793388429752,0.6428571428571429,0.32145000,0.33330000,0.6331792460349089,0.986111111111,0.4615384615384615,1.000000,0.5041122399612966,0.844444444444,0.1000000000000000,0.50000000,0.6929824561403509,0.0,0.0,0.515837104072
HCP1077,0.4864864864864865,0.91676026,0.76998460,0.73334089,1.000000000000,0.5952380952380952,0.34615000,0.66670000,0.577986769745756,0.986111111111,0.6923076923076923,0.900000,0.6209482341557813,0.955555555556,0.3000000000000000,1.00000000,0.47956140350877197,0.0,0.25,0.837104072398
HCP1078,0.5675675675675676,0.61063272,0.39073219,0.52300544,0.925619834711,0.1428571428571429,0.42855000,0E-8,0.36976966605563083,0.881944444444,0.7692307692307692,1.000000,0.3935655539429125,0.906666666667,0.3000000000000000,0.75000000,0.5028947368421053,0.0,0.35,0.868778280543
HCP1079,0.5675675675675676,0.66866342,0.48831023,0.60709429,0.958677685950,0.3333333333333333,0.36665000,1.00000000,0.5018729576791265,0.993055555556,0.6153846153846154,1.000000,0.5091920657958393,0.573333333333,0.3000000000000000,0.60000000,0.45614035087719296,0.0,0.15,0.805429864253
HCP1080,0.0810810810810811,0.30525396,0.16799664,0.37771985,0.884297520661,0.2142857142857143,0.35000000,0E-8,0.6038096756196702,0.972222222222,0.3846153846153846,0.833333,0.4436381228834059,0.764444444444,0.1000000000000000,1.00000000,0.5701754385964912,0.0,0.0,0.321266968326
HCP1081,0.1621621621621622,0.25708224,0.14993700,0.37771985,1.000000000000,0.4285714285714286,0.26315000,0.25000000,0.5051008209133658,0.861111111111,0.4615384615384615,0.666667,0.6262699564586357,0.928888888889,0.3000000000000000,0.42860000,0.3800877192982456,0.1111111111111111,0.25,0.515837104072
HCP1082,0.7567567567567568,0.55484837,0.53198936,0.76903898,0.991735537190,0.2380952380952381,0.59090000,0.80000000,0.7446800031880131,0.916666666667,0.3076923076923077,0.800000,0.5919206579583938,0.955555555556,0.3000000000000000,1.00000000,0.543859649122807,0.1111111111111111,0.2,0.579185520362
HCP1083,0.1351351351351351,0.64170723,0.57034859,0.73334089,0.975206611570,0.6190476190476190,0.29630000,0E-8,0.6099864509444488,0.840277777778,0.6923076923076923,0.818182,0.5043541364296081,0.942222222222,0.2000000000000000,1.00000000,0.4166666666666667,0.2222222222222222,0.1,0.805429864253
HCP1084,0.5405405405405405,0.50967178,0.23337533,0.36060743,0.933884297521,0.5476190476190476,0.29165000,0.50000000,0.7249143221487209,0.909722222222,0.4615384615384615,1.000000,0.7256894049346879,0.942222222222,0E-16,0E-8,0.0,0.0,0.0,0E-12
HCP1085,0.4054054054054054,0.63172345,0.26487470,0.34485494,0.876033057851,0.6190476190476190,0.27780000,0.50000000,1.0,0.881944444444,0.1538461538461538,0.500000,0.34276729559748426,0.600000000000,0.3000000000000000,0.60000000,0.4971052631578948,0.2222222222222222,0.2,0.647058823529
HCP1086,0.6216216216216216,0.54935729,0.15553689,0.22665458,0.809917355372,0.3333333333333333,0.46665000,0E-8,0.5634414601099866,0.951388888889,0.4615384615384615,0.857143,0.6279632317368166,0.995555555556,0.3000000000000000,1.00000000,0.5730701754385965,0.0,0.3,0.773755656109
HCP1087,0.2702702702702703,0.75302633,0.61248775,0.68982321,0.991735537190,0.4523809523809524,0.37500000,0.33330000,0.38837969235673864,0.979166666667,0.7692307692307692,1.000000,0.44678277697145613,0.973333333333,0.4000000000000000,1.00000000,0.4824561403508772,0.05555555555555555,0.5,0.837104072398
HCP1088,0.7567567567567568,0.70460502,0.36399272,0.43336355,0.958677685950,0.2619047619047619,0.20835000,0.50000000,0.3110305252251534,1.000000000000,0.7692307692307692,0.909091,0.4891146589259796,0.937777777778,0.6000000000000000,1.00000000,0.5175438596491229,0.0,0.55,0.968325791855
HCP1089,0.8648648648648649,0.68800699,0.57034859,0.69254306,0.958677685950,0.7619047619047619,0.28790000,0.75000000,0.4615844424962142,0.979166666667,0.6153846153846154,0.888889,0.30648282535074983,0.928888888889,0.3000000000000000,0.60000000,0.3625438596491228,0.0,0.2,1.000000000000
HCP1090,0.9459459459459459,0.60039935,0.41747165,0.56663645,0.942148760331,0.1666666666666667,0.31250000,1.00000000,0.47820196062803866,0.923611111111,0.7692307692307692,0.909091,0.6032897919690373,0.968888888889,0.5000000000000000,0.71430000,0.36315789473684207,0.2222222222222222,0.3,0.773755656109
HCP1091,0.5945945945945946,0.36652939,0.19095618,0.37771985,0.991735537190,0.2857142857142857,0.34615000,0.66670000,0.48449828644297444,0.993055555556,0.6923076923076923,0.900000,0.5,0.902222222222,0.2000000000000000,0.40000000,0.6096491228070176,0.0,0.05,0.710407239819
HCP1092,0.4054054054054054,0.29452140,0.15133697,0.34870807,0.983471074380,0.0476190476190476,0.33335000,0E-8,0.392444409022077,0.875000000000,0.2307692307692308,0.600000,0.09361393323657471,0.684444444444,0.3000000000000000,0.60000000,0.39184210526315794,0.1111111111111111,0.1,1.000000000000
HCP1093,0.2162162162162162,0.43841258,0.18661627,0.32377607,0.520661157025,0.0952380952380952,0.60000000,0E-8,0.4192237188172472,0.777777777778,0.4615384615384615,0.857143,0.5379777455249153,0.946666666667,0.4000000000000000,0.50000000,0.6666666666666666,0.0,0.25,0.936651583710
HCP1094,0.2432432432432432,0.54037190,0.36133277,0.53331822,0.925619834711,0.4285714285714286,0.28945000,0.50000000,0.6146090698971867,0.944444444444,0.3076923076923077,1.000000,0.9414610546686017,0.662222222222,0.1000000000000000,1.00000000,0.3684210526315789,0.05555555555555555,0.1,0.742081447964
HCP1095,0.8108108108108108,0.43192312,0.16155677,0.28331822,1.000000000000,0.4285714285714286,0.18420000,0.33330000,0.48840360245477005,0.993055555556,0.3076923076923077,0.800000,0.42259313014029987,0.573333333333,0.2000000000000000,1.00000000,0.6403508771929824,0.1111111111111111,0.0,0.515837104072
HCP1096,0.2162162162162162,0.10557844,0.04661907,0.18891659,0.471074380165,0.1190476190476190,0.16665000,0E-8,0.37092532079381524,0.777777777778,0.4615384615384615,0.857143,0.38945331398161587,0.844444444444,0.3000000000000000,0.60000000,0.3157894736842105,0.16666666666666666,0.4,0.710407239819
HCP1097,0.8108108108108108,0.26394609,0.02687946,0.06663645,0.710743801653,0.3571428571428571,0.21875000,0E-8,0.14346058818841162,0.993055555556,0.3076923076923077,1.000000,0.4697629414610547,0.791111111111,0.4000000000000000,1.00000000,0.4934210526315789,0.0,0.0,0.904977375566
HCP1098,0.3783783783783784,0.47997005,0.31107378,0.50362647,0.834710743802,0.6190476190476190,0.20370000,0.80000000,0.6041284769267555,0.937500000000,0.6153846153846154,1.000000,0.681422351233672,0.911111111111,0.3000000000000000,0.75000000,0.42394736842105263,0.1111111111111111,0.15,0.868778280543
HCP1099,0.6216216216216216,0.66017721,0.40445191,0.50804624,0.975206611570,0.5000000000000000,0.18180000,0.50000000,0.619630190483781,1.000000000000,0.3076923076923077,1.000000,0.318577648766328,0.844444444444,0.3000000000000000,0.50000000,0.3684210526315789,0.0,0.0,0.647058823529
HCP1100,0.6756756756756757,0.49319855,0.26809464,0.42497733,0.983471074380,0.1666666666666667,0E-8,1.00000000,0.20463058898541486,0.666666666667,0.4615384615384615,1.000000,0.31059506531204645,0.613333333333,0.1000000000000000,0.33330000,0.39473684210526316,0.05555555555555555,0.0,0.579185520362
HCP1101,0.0540540540540541,0.53201048,0.23337533,0.34870807,0.826446280992,0.1904761904761905,0.27780000,0.50000000,0.4038017055869929,0.826388888889,0.7692307692307692,0.909091,0.38340590227382676,0.960000000000,0.1000000000000000,1.00000000,0.32456140350877194,0.05555555555555555,0.15,0.126696832579
HCP1102,0.6756756756756757,0.33395732,0.20845583,0.44072983,0.809917355372,0.3571428571428571,0.21875000,0E-8,0.28939188650673464,0.951388888889,0.3846153846153846,1.000000,0.6209482341557813,0.884444444444,0.3000000000000000,0.60000000,0.26026315789473686,0.0,0.05,0.873303167421
HCP1103,0.7837837837837838,0.32085361,0.05487890,0.11933364,0.900826446281,0.3095238095238095,0.21430000,1.00000000,0.23364150793018257,0.993055555556,0.6923076923076923,1.000000,0.8118045476536042,0.924444444444,0.1000000000000000,1.00000000,0.5789473684210527,0.05555555555555555,0.0,0.710407239819
HCP1104,0.5405405405405405,0.68800699,0.49993000,0.60709429,0.909090909091,0.2142857142857143,0.30000000,0E-8,0.6218617996333785,0.986111111111,0.7692307692307692,0.833333,0.5140299951620706,0.826666666667,0.3000000000000000,1.00000000,0.2894736842105263,0.0,0.05,0.547511312217
HCP1105,0.5675675675675676,0.63958567,0.52092958,0.67157752,0.892561983471,0.2857142857142857,0.19230000,0.33330000,0.34283095560691806,0.979166666667,0.7692307692307692,0.769231,0.4738751814223513,0.915555555556,0.2000000000000000,0.66670000,0.40789473684210525,0.1111111111111111,0.25,0.610859728507
HCP1106,0.9459459459459459,0.20628978,0.09827803,0.28331822,0.991735537190,0.0476190476190476,0.16665000,0E-8,0.059854945405276146,0.923611111111,0.4615384615384615,1.000000,0.5321722302854378,0.915555555556,0.2000000000000000,0.66670000,0.37719298245614036,0.0,0.0,0.352941176471
HCP1107,0.8918918918918919,0.44590041,0.27999440,0.47948776,0.975206611570,0.2857142857142857,0.07690000,0.33330000,0.41228979038814056,0.812500000000,0.4615384615384615,0.857143,0.39985486211901305,0.991111111111,0.3000000000000000,0.50000000,0.5,0.2222222222222222,0.05,0.968325791855
HCP1108,0.6486486486486486,0.61562461,0.39563209,0.52617860,0.933884297521,0.2619047619047619,0.16665000,1.00000000,0.6339363991392366,0.631944444444,0.4615384615384615,1.000000,0.7014997581035316,0.964444444444,0.1000000000000000,0.33330000,0.35964912280701755,0.0,0.0,0.352941176471
HCP1109,0.8108108108108108,0.76800200,0.56530869,0.62624660,1.000000000000,0.3809523809523810,0.26470000,0.66670000,0.2877580298079222,0.958333333333,0.6153846153846154,0.888889,0.5967585873246251,0.991111111111,0.1000000000000000,1.00000000,0.3508771929824561,0.16666666666666666,0.15,0.126696832579
HCP1110,0.9189189189189189,0.36852615,0.20005600,0.39415231,1.000000000000,0.2380952380952381,0.36365000,1.00000000,0.2942536064397864,0.902777777778,0.9230769230769231,1.000000,0.5684567005321722,0.933333333333,0.2000000000000000,0.66670000,0.3508771929824561,0.2222222222222222,0.4,0.289592760181
HCP1111,0.1351351351351351,0.59553226,0.41481170,0.56663645,0.842975206612,0.0714285714285714,0.37500000,0E-8,0.41284769267554,0.972222222222,0.2307692307692308,1.000000,0.822447992259313,0.768888888889,0.2000000000000000,0.66670000,0.2412280701754386,0.0,0.15,0.095022624434
HCP1112,0.0810810810810811,0.60476725,0.39199216,0.52889846,0.553719008264,0.3809523809523810,0.26470000,1.00000000,0.3216306686857416,0.951388888889,0.4615384615384615,0.857143,0.37566521528785674,0.746666666667,0.2000000000000000,0.66670000,0.2236842105263158,0.2222222222222222,0.0,0.873303167421
HCP1113,0.7567567567567568,0.50492949,0.33599328,0.52300544,1.000000000000,0.7380952380952381,0.20315000,0E-8,0.34737387423288435,0.993055555556,0.6153846153846154,0.888889,0.40324141267537494,0.920000000000,0.2000000000000000,1.00000000,0.5307017543859649,0.05555555555555555,0.15,0.968325791855
HCP1114,0.0540540540540541,0.68800699,0.40837183,0.49580689,0.966942148760,0.1904761904761905,0.05555000,0E-8,0.3939188650673468,0.951388888889,0.6153846153846154,0.888889,0.7203676826318336,0.680000000000,0.3000000000000000,1.00000000,0.47368421052631576,0.1111111111111111,0.05,1.000000000000
HCP1115,0.2432432432432432,0.50006240,0.31611368,0.49580689,0.942148760331,0.3333333333333333,0.23335000,1.00000000,0.42133577747668766,0.930555555556,0.6923076923076923,0.900000,0.3355104015481373,0.826666666667,0.4000000000000000,1.00000000,0.38377192982456143,0.0,0.0,1.000000000000
HCP1116,0.4324324324324324,0.47997005,0.25787484,0.41749773,0.966942148760,0.2142857142857143,0.10000000,0.50000000,0.4455646768151749,0.763888888889,0.3076923076923077,1.000000,0.16134494436381228,0.946666666667,0.2000000000000000,1.00000000,0.37719298245614036,0.0,0.0,0.194570135747
HCP1117,0.8378378378378378,0.39760389,0.18493630,0.34485494,1.000000000000,0.4047619047619048,0.25000000,0E-8,0.4308599665258627,0.993055555556,0.5384615384615385,0.700000,0.6475568456700532,0.773333333333,0.1000000000000000,1.00000000,0.2543859649122807,0.1111111111111111,0.05,1.000000000000
HCP1118,0.7837837837837838,0.66354674,0.49405012,0.61820036,0.983471074380,0.4761904761904762,0.16665000,0.40000000,0.5747589065115167,0.986111111111,0.1538461538461538,0.400000,0.6741654571843252,0.635555555556,0.2000000000000000,0.66670000,0.8026315789473685,0.16666666666666666,0.1,0.710407239819
HCP1119,0.0810810810810811,0.25533508,0.11199776,0.28331822,1.000000000000,0.3571428571428571,0.31250000,0.60000000,0.2960070136287559,0.958333333333,0.4615384615384615,0.857143,0.5863570391872278,0.857777777778,0.5000000000000000,1.00000000,0.3403508771929824,0.0,0.0,0.936651583710
HCP1120,0.1081081081081081,0.43192312,0.21531569,0.37771985,0.933884297521,0.2619047619047619,0.16665000,0E-8,0.21511118195584603,0.819444444444,0.4615384615384615,0.857143,0.3410740203193033,0.986666666667,0E-16,0E-8,0.0,0.0,0.0,0E-12
HCP1121,0.4864864864864865,0.66716586,0.27999440,0.34870807,0.950413223140,0.4047619047619048,0.27780000,0E-8,0.5262214075077708,0.979166666667,0.6153846153846154,0.888889,0.4731494920174166,0.942222222222,0.6000000000000000,1.00000000,0.3830701754385965,0.2777777777777778,0.35,0.742081447964
HCP1122,0.3513513513513514,0.28391364,0.20005600,0.47223481,1.000000000000,0.2857142857142857,0.23075000,0E-8,0.16605563082808641,0.993055555556,0.1538461538461538,1.000000,0.47581035316884374,0.453333333333,0.3000000000000000,1.00000000,0.5555263157894736,0.1111111111111111,0.15,0.321266968326
HCP1123,0.5675675675675676,0.92986397,0.68374633,0.64324569,0.760330578512,0.5000000000000000,0.25000000,0.50000000,0.6783693313142585,1.000000000000,0.7692307692307692,0.909091,0.5374939525882921,0.942222222222,0.2000000000000000,0.50000000,0.4780701754385965,0.0,0.1,0.352941176471
HCP1124,0.7027027027027027,0.58392612,0.43749125,0.60709429,1.000000000000,0.1428571428571429,0.28570000,0E-8,0.6409500278951145,0.986111111111,0.4615384615384615,0.750000,0.9777455249153362,1.000000000000,0.6000000000000000,0.85710000,0.49412280701754385,0.3333333333333333,0.2,0.968325791855
HCP1125,0.7837837837837838,0.54112068,0.24709506,0.36423391,1.000000000000,0.2380952380952381,0.27275000,0E-8,0.6007810632023591,0.673611111111,0.6923076923076923,0.818182,0.5043541364296081,0.955555555556,0.3000000000000000,0.75000000,0.5935964912280702,0.05555555555555555,0.2,0.289592760181
HCP1126,0.1891891891891892,0.71671035,0.48271035,0.56663645,0.884297520661,0.1904761904761905,0.27780000,0.66670000,0.44612257910257436,0.902777777778,0.2307692307692308,1.000000,0.4112239961296565,0.688888888889,0.3000000000000000,0.50000000,0.45324561403508773,0.1111111111111111,0.0,0.647058823529
HCP1127,0.5945945945945946,0.56508174,0.25451491,0.36264733,1.000000000000,0.4761904761904762,0.11905000,0.33330000,0.47577110066151274,1.000000000000,0.3076923076923077,1.000000,0.5786163522012578,0.928888888889,0.3000000000000000,0.75000000,0.28657894736842104,0.05555555555555555,0.15,0.579185520362
HCP1128,0.7837837837837838,0.49220017,0.19221616,0.30507706,0.719008264463,0.5952380952380952,0.21155000,0.71430000,0.5381764565234718,0.951388888889,0.4615384615384615,0.750000,0.5938558297048864,0.817777777778,0.4000000000000000,1.00000000,0.6206140350877193,0.0,0.3,0.936651583710
HCP1129,0.9189189189189189,0.59141395,0.30001400,0.41205802,0.925619834711,0.1904761904761905,0.27780000,0E-8,0.4188252171833905,0.944444444444,0.4615384615384615,0.857143,0.6001451378809869,1.000000000000,0.1000000000000000,1.00000000,0.45614035087719296,0.0,0.0,0.773755656109
HCP1130,0.4054054054054054,0.36191189,0.07573849,0.15106528,0.909090909091,0.3095238095238095,0.32145000,1.00000000,0.47804255997449585,0.972222222222,0.2307692307692308,0.428571,0.5379777455249153,0.502222222222,0.3000000000000000,0.75000000,0.5964912280701754,0.2222222222222222,0.05,0.904977375566
HCP1131,0.8918918918918919,0.74092100,0.63628727,0.72642792,0.801652892562,0.6666666666666667,0.29310000,1.00000000,0.6095480991472066,0.979166666667,0.7692307692307692,0.833333,0.6390904692791485,0.751111111111,0E-16,0E-8,0.0,0.0,0.0,0E-12
HCP1132,0.1621621621621622,0.83651566,0.39997200,0.41205802,0.991735537190,0.5238095238095238,0.28260000,0.25000000,0.5667888738343828,0.958333333333,0.6153846153846154,0.888889,0.5,0.937777777778,0.3000000000000000,1.00000000,0.4678070175438596,0.16666666666666666,0.1,0.742081447964
HCP1133,0.4324324324324324,0.38150505,0.11045779,0.21248867,0.991735537190,0.5000000000000000,0.29545000,0E-8,0.36407109269148,0.979166666667,0.2307692307692308,1.000000,0.459603289791969,0.711111111111,0.3000000000000000,0.60000000,0.24561403508771928,0.0,0.05,1.000000000000
HCP1134,0.1081081081081081,0.57593910,0.26921462,0.37771985,0.677685950413,0.2380952380952381,0.27275000,0.33330000,0.2432852474695146,0.916666666667,0.2307692307692308,1.000000,0.4837929366231253,0.924444444444,0.2000000000000000,0.66670000,0.39473684210526316,0.16666666666666666,0.0,0.805429864253
HCP1135,0.9189189189189189,0.68051916,0.30001400,0.36752040,0.925619834711,0.3571428571428571,0.31250000,1.00000000,0.40631226588029007,0.923611111111,0.2307692307692308,0.750000,0.6632801161103048,0.697777777778,0.3000000000000000,0.60000000,0.47078947368421054,0.05555555555555555,0.15,0.805429864253
HCP1136,0.4054054054054054,0.83414452,0.49195016,0.50804624,0.966942148760,0.7857142857142857,0.33825000,0.60000000,0.6226189527377063,0.993055555556,0.2307692307692308,0.750000,0.409288824383164,0.973333333333,0.2000000000000000,1.00000000,0.4649122807017544,0.0,0.05,0.936651583710
HCP1137,0.3513513513513514,0.67602646,0.44001120,0.54204442,0.917355371901,0.4523809523809524,0.40000000,1.00000000,0.508687335618076,0.895833333333,0.1538461538461538,0.666667,0.34687953555878087,0.057777777778,0.1000000000000000,0.50000000,0.5175438596491229,0.05555555555555555,0.0,0.484162895928
HCP1138,0.1621621621621622,0.52452265,0.39997200,0.60437443,0.925619834711,0.5000000000000000,0.27275000,0E-8,0.4825057782736909,1.000000000000,0.2307692307692308,0.750000,0.28229317851959357,0.875555555556,0.1000000000000000,1.00000000,0.41228070175438597,0.05555555555555555,0.0,1.000000000000
HCP1139,0.7297297297297297,0.51815799,0.28573429,0.43585675,0.966942148760,0.0476190476190476,0.33335000,0E-8,0.39878058500039854,1.000000000000,0.1538461538461538,0.666667,0.23391388485728107,0.231111111111,0.1000000000000000,1.00000000,0.3333333333333333,0.0,0.1,0.194570135747
HCP1140,0.0540540540540541,0.89591913,0.52498950,0.50997280,0.991735537190,0.2619047619047619,0.33335000,1.00000000,0.5539969713875826,0.930555555556,0.5384615384615385,1.000000,0.679729075955491,0.942222222222,0.1000000000000000,1.00000000,0.37719298245614036,0.05555555555555555,0.0,0.547511312217
HCP1141,0.4054054054054054,0.90153501,0.87022260,0.84077516,0.975206611570,0.5476190476190476,0.29165000,0.66670000,0.3880210408862676,0.986111111111,0.6153846153846154,0.727273,0.5549104983067248,0.955555555556,0.4000000000000000,0.80000000,0.3881578947368421,0.16666666666666666,0.0,0.773755656109
HCP1142,0.2702702702702703,0.67502808,0.56880862,0.70149592,1.000000000000,0.5000000000000000,0.29545000,0.62500000,0.5564278313541086,0.909722222222,0.4615384615384615,1.000000,0.5725689404934687,0.800000000000,0.6000000000000000,1.00000000,0.49412280701754385,0.1111111111111111,0.3,0.968325791855
HCP1143,0.2702702702702703,0.32397354,0.08749825,0.18891659,0.909090909091,0.2619047619047619,0.12500000,0E-8,0.13023033394436914,0.993055555556,0.4615384615384615,1.000000,0.6088534107402032,0.991111111111,0.3000000000000000,0.50000000,0.4853508771929824,0.2222222222222222,0.2,0.742081447964
HCP1144,0.5945945945945946,0.39485836,0.34999300,0.65605168,0.991735537190,0.3095238095238095,0.32145000,0E-8,0.37598629154379537,0.923611111111,0.2307692307692308,0.750000,0.590711175616836,0.533333333333,0.3000000000000000,0.75000000,0.5818421052631578,0.0,0.3,0.710407239819
HCP1145,0.6216216216216216,0.38287782,0.12445751,0.23855394,0.975206611570,0.1666666666666667,0.50000000,0E-8,0.35080098828405204,0.958333333333,0.7692307692307692,1.000000,0.42501209482341556,0.951111111111,0E-16,0E-8,0.0,0.0,0.0,0E-12
HCP1146,0.7837837837837838,0.76138774,0.49405012,0.55133726,0.933884297521,0.5476190476190476,0.20835000,0.55560000,0.6669721845859569,0.875000000000,0.3846153846153846,0.714286,0.7832607643928399,0.902222222222,0.3000000000000000,1.00000000,0.5585087719298246,0.2777777777777778,0.15,0.647058823529
HCP1147,0.4054054054054054,0.63172345,0.34047319,0.44344968,1.000000000000,0.5476190476190476,0.41665000,0.50000000,0.48441858611620303,0.979166666667,0.2307692307692308,0.750000,0.5604741170778906,0.942222222222,0.3000000000000000,0.60000000,0.40350877192982454,0.3333333333333333,0.25,0.837104072398
HCP1148,0.7837837837837838,0.46773992,0.21965561,0.36264733,0.991735537190,0.1190476190476190,0.33335000,0.66670000,0.4018888977444808,0.895833333333,0.1538461538461538,0.666667,0.7177068214804063,0.720000000000,0.3000000000000000,0.75000000,0.4971052631578948,0.0,0.1,0.837104072398
HCP1149,0.6486486486486486,0.26294771,0.12179756,0.30224388,0.859504132231,0.2619047619047619,0.33335000,0.25000000,0.4145213995377381,0.979166666667,0.2307692307692308,1.000000,0.5725689404934687,0.751111111111,0.1000000000000000,0.33330000,0.2894736842105263,0.05555555555555555,0.0,0.873303167421
HCP1150,0.8108108108108108,0.52801697,0.37687246,0.56663645,0.925619834711,0.2380952380952381,0.31820000,0E-8,0.6507930182513748,0.930555555556,0.3846153846153846,0.833333,0.40324141267537494,0.880000000000,0.2000000000000000,0.66670000,0.40350877192982454,0.0,0.1,0.515837104072
HCP1151,0.7297297297297297,0.56907525,0.45709086,0.64755213,0.900826446281,0.1666666666666667,0.37500000,0E-8,0.39073085199649316,0.937500000000,0.7692307692307692,1.000000,0.4588776003870343,0.960000000000,0.5000000000000000,1.00000000,0.43684210526315786,0.16666666666666666,0.2,0.837104072398
HCP1152,0.8378378378378378,0.60950955,0.26417472,0.35414778,0.942148760331,0.3333333333333333,0.13335000,0.50000000,0.49988044950984306,0.881944444444,0.6923076923076923,1.000000,0.7339138848572812,0.906666666667,0.2000000000000000,0.66670000,0.39035087719298245,0.0,0.1,0.742081447964
HCP1153,0.2972972972972973,0.53675278,0.42419152,0.62964642,0.950413223140,0.5000000000000000,0.22725000,1.00000000,0.4570813740336336,0.937500000000,0.6153846153846154,1.000000,0.5665215287856797,0.986666666667,0.3000000000000000,1.00000000,0.49412280701754385,0.2222222222222222,0.15,0.968325791855
HCP1154,0.5675675675675676,0.49444652,0.22791544,0.36060743,0.867768595041,0.4047619047619048,0.13890000,0E-8,0.4596317844903164,0.979166666667,0.3076923076923077,0.800000,0.6499758103531689,0.991111111111,0.5000000000000000,0.83330000,0.38421052631578945,0.1111111111111111,0.2,0.936651583710
HCP1155,0.2702702702702703,0.55796830,0.43749125,0.62964642,0.966942148760,0.5000000000000000,0.38635000,0.33330000,0.44173906113015066,0.965277777778,0.2307692307692308,1.000000,0.6289308176100629,0.986666666667,0.3000000000000000,1.00000000,0.42105263157894735,0.16666666666666666,0.3,0.936651583710
HCP1156,0.9459459459459459,0.40334457,0.27019460,0.49864007,0.991735537190,0.2142857142857143,0.50000000,0E-8,0.2881565314417789,0.951388888889,0.6153846153846154,0.888889,0.6424770198355104,0.844444444444,0.2000000000000000,1.00000000,0.40789473684210525,0.05555555555555555,0.1,0.484162895928
HCP1157,0.8648648648648649,0.64170723,0.46661067,0.59995467,1.000000000000,0.5476190476190476,0.20835000,0.60000000,0.3584522196541006,0.993055555556,0.4615384615384615,1.000000,0.4274310595065312,0.800000000000,0.4000000000000000,1.00000000,0.48903508771929827,0.16666666666666666,0.2,0.968325791855
HCP1158,0.7837837837837838,0.32085361,0.21965561,0.47722121,0.991735537190,0.5476190476190476,0.16665000,0E-8,0.36367259105762334,0.972222222222,0.6923076923076923,0.900000,0.5725689404934687,0.995555555556,0.3000000000000000,1.00000000,0.49122807017543857,0.0,0.15,0.837104072398
HCP1159,0.0810810810810811,0.65468614,0.50398992,0.63746600,0.942148760331,0.2857142857142857,0.30770000,0E-8,0.28225870726069974,0.930555555556,0.2307692307692308,1.000000,0.7902757619738752,0.866666666667,0.3000000000000000,0.60000000,0.32166666666666666,0.16666666666666666,0.0,0.936651583710
HCP1160,0.7027027027027027,0.29801572,0.17499650,0.39993200,0.818181818182,0.4285714285714286,0.18420000,1.00000000,0.4207778751892882,0.986111111111,0.6923076923076923,0.818182,0.3988872762457668,0.915555555556,0.2000000000000000,0.66670000,0.4298245614035088,0.16666666666666666,0.0,0.547511312217
HCP1161,0.7567567567567568,0.20541620,0.08399832,0.24286038,0.983471074380,0.4285714285714286,0.18420000,0.50000000,0.26906830318004304,0.972222222222,0.2307692307692308,0.750000,0.4153362360909531,0.431111111111,0.4000000000000000,0.80000000,0.5570175438596491,0.0,0.25,0.968325791855
HCP1162,0.4594594594594595,0.75190316,0.39493210,0.44526292,0.925619834711,0.4761904761904762,0.35715000,0.20000000,0.46274009723439863,0.881944444444,0.8461538461538462,0.916667,0.3930817610062893,0.946666666667,0.7000000000000000,1.00000000,0.43859649122807015,0.16666666666666666,0.55,0.837104072398
HCP1163,0.5405405405405405,0.86621740,1.00000000,1.00000000,0.991735537190,0.7380952380952381,0.29690000,0.33330000,0.44528572567147523,0.909722222222,0.8461538461538462,0.916667,0.6531204644412191,0.813333333333,0.2000000000000000,1.00000000,0.6403508771929824,0.0,0.2,0.968325791855
HCP1164,0.5405405405405405,0.68800699,0.49993000,0.60709429,0.950413223140,0.5952380952380952,0.19230000,0.20000000,0.42615764724635374,0.993055555556,0.7692307692307692,0.909091,0.32414126753749395,1.000000000000,0.2000000000000000,0.66670000,0.4692982456140351,0.2222222222222222,0.25,0.678733031674
HCP1165,0.0810810810810811,0.35517284,0.11199776,0.22665458,0.958677685950,0.2142857142857143,0.35000000,0.50000000,0.4819877261496772,0.986111111111,0.5384615384615385,0.875000,0.6724721819061442,0.493333333333,0.6000000000000000,1.00000000,0.5102631578947369,0.0,0.15,0.868778280543
HCP1166,0.5675675675675676,0.49444652,0.32563349,0.51507253,0.983471074380,0.5476190476190476,0.25000000,0E-8,0.4124491910416833,0.986111111111,0.2307692307692308,1.000000,0.40324141267537494,0.920000000000,0.2000000000000000,0.50000000,0.40789473684210525,0.0,0.15,0.647058823529
HCP1167,0.4324324324324324,0.64420317,0.36847263,0.47223481,0.950413223140,0.7380952380952381,0.29690000,0.57140000,0.7056268430700565,0.965277777778,0.2307692307692308,1.000000,0.556361877116594,0.560000000000,0.3000000000000000,0.75000000,0.42692982456140355,0.05555555555555555,0.1,0.837104072398
HCP1168,0.1081081081081081,0.57593910,0.26921462,0.37771985,1.000000000000,0.2380952380952381,0.40910000,1.00000000,0.19797561170000794,0.729166666667,0.4615384615384615,0.666667,0.7929366231253023,0.928888888889,0.4000000000000000,1.00000000,0.40350877192982454,0.16666666666666666,0.05,0.837104072398
HCP1169,0.5945945945945946,0.76363409,0.63628727,0.70829556,0.933884297521,0.6190476190476190,0.24075000,0.40000000,0.46429425360643983,0.937500000000,0.9230769230769231,1.000000,0.5423318819545234,0.982222222222,0.8000000000000000,0.72730000,0.4002631578947369,0.3333333333333333,0.6,1.000000000000
HCP1170,0.3513513513513514,0.46212405,0.44001120,0.73334089,0.966942148760,0.2619047619047619,0.37500000,0E-8,0.2923806487606599,0.548611111111,0.3846153846153846,0.833333,0.7701983551040155,0.977777777778,0.1000000000000000,0.33330000,0.16666666666666666,0.0,0.0,0.384615384615
HCP1171,0.9189189189189189,0.36852615,0.22497550,0.44344968,0.983471074380,0.1190476190476190,0.50000000,1.00000000,0.3289630987487049,1.000000000000,0.5384615384615385,0.875000,0.5091920657958393,0.915555555556,0.5000000000000000,0.83330000,0.443859649122807,0.2222222222222222,0.2,1.000000000000
HCP1172,0.7297297297297297,0.67103457,0.51420972,0.63746600,0.917355371901,0.4761904761904762,0.14285000,0.50000000,0.4476767354746154,0.958333333333,0.3076923076923077,0.800000,0.4080793420416061,0.520000000000,0.2000000000000000,1.00000000,0.4956140350877193,0.0,0.0,0.868778280543
HCP1173,0.2162162162162162,0.47997005,0.27999440,0.45330916,1.000000000000,0.3571428571428571,0.21875000,1.00000000,0.4972104885630031,0.993055555556,0.3846153846153846,0.833333,0.4112239961296565,0.457777777778,0.3000000000000000,0.75000000,0.3508771929824561,0.3333333333333333,0.1,0.837104072398
HCP1174,0.1081081081081081,0.52801697,0.37687246,0.56663645,0.966942148760,0.2142857142857143,0.50000000,0.66670000,0.4092213278074441,0.923611111111,0.5384615384615385,1.000000,0.30309627479438794,0.977777777778,0.5000000000000000,0.71430000,0.37894736842105264,0.2777777777777778,0.35,0.936651583710
HCP1175,0.6756756756756757,0.20117309,0.08931821,0.26155938,0.818181818182,0.1904761904761905,0.11110000,0E-8,0.26360883079620623,0.937500000000,0.2307692307692308,1.000000,0.40324141267537494,0.742222222222,0.1000000000000000,0.33330000,0.3684210526315789,0.0,0.0,0.321266968326
HCP1176,0.7837837837837838,0.49220017,0.30197396,0.47948776,0.991735537190,0.0714285714285714,0.37500000,0E-8,0.48302383039770463,0.923611111111,0.3846153846153846,0.833333,0.44750846637639086,0.857777777778,0.2000000000000000,0.66670000,0.3333333333333333,0.05555555555555555,0.1,0.678733031674
HCP1177,0.2702702702702703,0.20703856,0.13131737,0.37771985,0.636363636364,0.3095238095238095,0.21430000,0E-8,0.5809356818362956,0.937500000000,0.3076923076923077,1.000000,0.5,0.928888888889,0E-16,0E-8,0.0,0.0,0.0,0E-12
HCP1178,0.3243243243243243,0.33320854,0.24709506,0.52300544,0.545454545455,0.2619047619047619,0.25000000,0.50000000,0.32497808241013787,0.951388888889,0.3076923076923077,1.000000,0.27019835510401546,0.546666666667,0.1000000000000000,0.25000000,0.38596491228070173,0.0,0.0,0.452488687783
HCP1179,0.3513513513513514,0.46212405,0.23995520,0.39993200,0.760330578512,0.2857142857142857,0.15385000,0.50000000,0.433848728779788,0.826388888889,0.6153846153846154,0.800000,0.7467343976777939,0.600000000000,0.2000000000000000,0.50000000,0.7719298245614035,0.16666666666666666,0.15,0.710407239819
HCP1180,0.8918918918918919,0.35517284,0.27999440,0.56663645,0.851239669421,0.3095238095238095,0.35715000,0E-8,0.11759783215111184,0.937500000000,0.4615384615384615,1.000000,0.2743105950653121,0.817777777778,0.2000000000000000,0.66670000,0.36403508771929827,0.05555555555555555,0.15,0.642533936652
HCP1181,0.4054054054054054,0.53051292,0.26487470,0.39664551,0.933884297521,0.3809523809523810,0.20590000,0.50000000,0.3423129034829043,0.951388888889,0.7692307692307692,0.909091,0.30212868892114175,0.902222222222,0.2000000000000000,0.66670000,0.6140350877192983,0.0,0.1,0.352941176471
HCP1182,0.5945945945945946,0.36652939,0.22273555,0.44072983,0.876033057851,0.3571428571428571,0.31250000,1.00000000,0.49609468398820433,0.770833333333,0.3076923076923077,0.800000,0.49516207063376866,0.875555555556,0.3000000000000000,0.60000000,0.4006140350877193,0.16666666666666666,0.15,1.000000000000
HCP1183,0.0540540540540541,0.47997005,0.29161417,0.47223481,0.487603305785,0.2857142857142857,0.34615000,1.00000000,0.3385669881246513,1.000000000000,0.0769230769230769,0.333333,0.5725689404934687,0.302222222222,0.2000000000000000,0.66670000,0.35964912280701755,0.0,0.05,0.615384615385
HCP1184,0.1081081081081081,0.47997005,0.26921462,0.43585675,0.975206611570,0.2619047619047619,0.08335000,1.00000000,0.3682155096835897,0.986111111111,0.3846153846153846,0.833333,0.49201741654571846,0.920000000000,0.4000000000000000,1.00000000,0.4692982456140351,0.05555555555555555,0.2,0.773755656109
HCP1185,0.4324324324324324,0.41432672,0.22105558,0.39993200,1.000000000000,0.1428571428571429,0.35715000,0.33330000,0.2550011955049016,0.979166666667,0.7692307692307692,0.909091,0.5307208514755686,0.968888888889,0.4000000000000000,0.66670000,0.3333333333333333,0.2222222222222222,0.2,0.710407239819
HCP1186,0.1081081081081081,0.67190815,0.32311354,0.39993200,0.950413223140,0.1904761904761905,0.33335000,0.33330000,0.2128795728062485,0.923611111111,0.7692307692307692,0.909091,0.5374939525882921,0.880000000000,0.2000000000000000,1.00000000,0.23684210526315788,0.0,0.15,0.873303167421
HCP1187,0.2972972972972973,0.12067890,0.04241915,0.16194470,0.966942148760,0.3333333333333333,0.20000000,0E-8,0.359966525862756,0.687500000000,0.4615384615384615,0.857143,0.8282535074987905,0.902222222222,0.2000000000000000,0.66670000,0.5394736842105263,0.0,0.1,0.579185520362
HCP1188,0.9189189189189189,0.30163484,0.12501750,0.28331822,0.925619834711,0.1190476190476190,0.50000000,0E-8,0.3476926755399698,0.687500000000,0.6153846153846154,1.000000,0.5483792936623125,1.000000000000,0E-16,0E-8,0.0,0.0,0.0,0E-12
HCP1189,0.5135135135135135,0.49519531,0.20481590,0.32377607,1.000000000000,0.4523809523809524,0.25000000,1.00000000,0.5068143779389496,0.958333333333,0.2307692307692308,1.000000,0.47581035316884374,0.893333333333,0.2000000000000000,0.40000000,0.36403508771929827,0.05555555555555555,0.2,0.674208144796
HCP1190,0.1891891891891892,0.37239486,0.38625227,0.75555304,0.933884297521,0.2857142857142857,0.19230000,0.50000000,0.7419701920777875,1.000000000000,0.3846153846153846,1.000000,0.6306240928882438,0.968888888889,0.3000000000000000,0.75000000,0.5526315789473685,0.16666666666666666,0.2,0.742081447964
HCP1191,0.7027027027027027,0.68800699,0.43749125,0.53127833,1.000000000000,0.3333333333333333,0.26665000,0E-8,0.5282139156770543,0.840277777778,0.4615384615384615,0.750000,0.584663763909047,0.786666666667,0.4000000000000000,0.80000000,0.4934210526315789,0.16666666666666666,0.25,0.968325791855
HCP1192,0.1081081081081081,0.47997005,0.16155677,0.26155938,0.900826446281,0.3571428571428571,0.15625000,0E-8,0.30549135251454534,1.000000000000,0.2307692307692308,0.750000,0.3367198838896952,0.333333333333,0E-16,0E-8,0.0,0.0,0.0,0E-12
HCP1193,0.0270270270270270,0.23574192,0.12179756,0.32377607,0.520661157025,0E-16,1.00000000,0E-8,0.23065274567625732,0.534722222222,0.2307692307692308,0.750000,0.9716981132075472,0.920000000000,0.1000000000000000,0.25000000,0.24561403508771928,0.0,0.0,0.547511312217
HCP1194,0.5945945945945946,0.62173967,0.41369173,0.54567090,0.884297520661,0.6190476190476190,0.31480000,0E-8,0.6972981589224516,0.972222222222,0.3846153846153846,1.000000,0.2726173197871311,0.622222222222,0.2000000000000000,1.00000000,0.5789473684210527,0.16666666666666666,0.0,0.579185520362
HCP1195,0.5135135135135135,0.55609634,0.34145317,0.49274705,0.991735537190,0.3333333333333333,0.33335000,0E-8,0.5313222284211365,0.993055555556,0.6923076923076923,1.000000,0.6961780358006773,0.982222222222,0.3000000000000000,1.00000000,0.3508771929824561,0.2222222222222222,0.0,0.678733031674
HCP1196,0.7027027027027027,0.47997005,0.26249475,0.42497733,0.975206611570,0.3571428571428571,0.37500000,0.16670000,0.4068701681676895,0.944444444444,0.7692307692307692,1.000000,0.5048379293662312,0.920000000000,0.2000000000000000,1.00000000,0.5526315789473685,0.0,0.1,0.647058823529
HCP1197,0.8378378378378378,0.65655809,0.52834943,0.66659112,0.925619834711,0.3333333333333333,0.30000000,0E-8,0.6023352195744004,0.993055555556,0.5384615384615385,0.875000,0.5362844702467344,0.973333333333,0.3000000000000000,1.00000000,0.345,0.0,0.0,0.773755656109
HCP1198,0.8918918918918919,0.30974666,0.12725745,0.28331822,0.925619834711,0.5238095238095238,0.30435000,0E-8,0.27823384075874713,0.944444444444,0.3846153846153846,1.000000,0.6983551040154814,0.977777777778,0.4000000000000000,1.00000000,0.43859649122807015,0.1111111111111111,0.35,0.805429864253
HCP1199,0.1081081081081081,0.86397105,0.69998600,0.70149592,0.966942148760,0.4523809523809524,0.27500000,1.00000000,0.46262054674424163,0.937500000000,1.0000000000000000,0.928571,0.5655539429124334,0.928888888889,0.4000000000000000,1.00000000,0.44298245614035087,0.3333333333333333,0.15,0.936651583710
HCP1200,0.8648648648648649,0.61861974,0.38891222,0.51507253,1.000000000000,0.2857142857142857,0.15385000,0E-8,0.31884115724874473,1.000000000000,0.5384615384615385,1.000000,0.3376874697629414,0.631111111111,0.2000000000000000,1.00000000,0.3333333333333333,0.0,0.35,0.289592760181
HCP1201,0.3513513513513514,0.64045925,0.27999440,0.36060743,0.942148760331,0.4285714285714286,0.15790000,0E-8,0.2701044074280705,0.659722222222,0.5384615384615385,0.700000,0.3330914368650218,0.386666666667,0.1000000000000000,0.25000000,0.4649122807017544,0.0,0.0,1.000000000000
HCP1202,0.2702702702702703,0.59702983,0.48131037,0.65605168,0.942148760331,0.4285714285714286,0.28945000,0E-8,0.4488323902127999,0.937500000000,0.5384615384615385,0.777778,0.6881954523463958,0.813333333333,0.5000000000000000,0.83330000,0.47719298245614034,0.2777777777777778,0.45,1.000000000000
HCP1203,0.2972972972972973,0.49893922,0.12725745,0.20002267,0.851239669421,0.3809523809523810,0.29410000,1.00000000,0.6461305491352516,0.840277777778,0.5384615384615385,1.000000,0.39622641509433965,0.724444444444,0.2000000000000000,0.50000000,0.543859649122807,0.0,0.2,0.579185520362
HCP1204,0.7297297297297297,0.49269936,0.22861543,0.36264733,0.702479338843,0.5000000000000000,0.22725000,0E-8,0.3319917111660157,1.000000000000,0.7692307692307692,0.909091,0.4450895016932752,0.955555555556,0.4000000000000000,1.00000000,0.4298245614035088,0.1111111111111111,0.05,1.000000000000
HCP1205,0.1351351351351351,0.78035692,0.57034859,0.62330009,0.884297520661,0.4285714285714286,0.10525000,1.00000000,0.5750777078186021,1.000000000000,0.6153846153846154,0.888889,0.7365747460087083,0.937777777778,0E-16,0E-8,0.0,0.0,0.0,0E-12
HCP1206,0.3243243243243243,0.51666043,0.24709506,0.37771985,0.900826446281,0.5952380952380952,0.34615000,0.60000000,0.4652108073643102,0.951388888889,0.6923076923076923,0.900000,0.337929366231253,0.702222222222,0.5000000000000000,0.71430000,0.356140350877193,0.16666666666666666,0.4,1.000000000000
HCP1207,0.5405405405405405,0.21252964,0.13327733,0.37771985,1.000000000000,0.3571428571428571,0.31250000,0.50000000,0.289112935363035,0.937500000000,0.6153846153846154,0.888889,0.252781809385583,0.697777777778,0.3000000000000000,0.60000000,0.30701754385964913,0.0,0.0,0.579185520362
HCP1208,0.1621621621621622,0.39086484,0.34999300,0.66103808,0.909090909091,0.3809523809523810,0.17645000,0.66670000,0.259424563640711,0.986111111111,0.4615384615384615,1.000000,0.8064828253507499,0.657777777778,0.3000000000000000,0.75000000,0.5467543859649122,0.0,0.0,0.579185520362
HCP1209,0.7297297297297297,0.44178210,0.14279714,0.24637353,0.991735537190,0.1904761904761905,0.38890000,0.66670000,0.47114848170877505,0.736111111111,0.2307692307692308,1.000000,0.7581035316884374,0.253333333333,0.1000000000000000,0.33330000,0.956140350877193,0.0,0.0,0.968325791855
HCP1210,0.5405405405405405,0.53937352,0.30001400,0.44344968,0.900826446281,0.4285714285714286,0.39475000,0.33330000,0.37048696899657296,0.972222222222,0.7692307692307692,0.909091,0.42089985486211895,0.840000000000,0.5000000000000000,1.00000000,0.5403508771929825,0.5,0.3,0.579185520362
HCP1211,0.1621621621621622,0.39086484,0E-8,0E-8,0.900826446281,0.4285714285714286,0.18420000,1.00000000,0.37040726866980156,0.875000000000,0.2307692307692308,0.750000,0.6753749395258829,1.000000000000,0E-16,0E-8,0.0,0.0,0.0,0E-12
HCP1212,0.8108108108108108,0.60002496,0.48467031,0.65797824,0.876033057851,0.3333333333333333,0.30000000,0.50000000,0.4899577588268112,0.958333333333,0.5384615384615385,0.875000,0.4274310595065312,0.915555555556,0.1000000000000000,0.33330000,0.8947368421052632,0.0,0.2,0.904977375566
HCP1213,0.4864864864864865,0.13677774,0.10499790,0.37771985,0.818181818182,0.4523809523809524,0.12500000,0.66670000,0.41890491751016173,0.972222222222,0.3076923076923077,1.000000,0.5967585873246251,0.773333333333,0.2000000000000000,0.40000000,0.4824561403508772,0.0,0.35,0.936651583710
HCP1214,0.7027027027027027,0.42792961,0.23337533,0.41205802,0.975206611570,0.3571428571428571,0.18750000,0.66670000,0.4288276081931936,0.986111111111,0.3846153846153846,0.833333,0.5321722302854378,0.760000000000,0.2000000000000000,0.66670000,0.3815789473684211,0.0,0.0,0.420814479638
HCP1215,0.2162162162162162,0.81280419,0.46661067,0.49274705,0.867768595041,0.4047619047619048,0.27780000,0E-8,0.8758667410536384,0.993055555556,0.7692307692307692,1.000000,0.6088534107402032,0.875555555556,0.4000000000000000,0.80000000,0.42543859649122806,0.2222222222222222,0.3,0.452488687783
HCP1216,0.8108108108108108,0.71995507,0.43077138,0.50362647,1.000000000000,0.5714285714285714,0.32000000,0.80000000,0.4028453016657368,1.000000000000,0.2307692307692308,0.600000,0.3645379777455248,0.897777777778,0.6000000000000000,1.00000000,0.5497368421052632,0.6111111111111112,0.1,0.904977375566
HCP1217,0.6486486486486486,0.37139648,0.09127817,0.17894379,0.991735537190,0.2142857142857143,0.15000000,0E-8,0.3951940702956882,0.951388888889,0.6153846153846154,0.888889,0.39259796806966607,0.955555555556,0.2000000000000000,1.00000000,0.5307017543859649,0.05555555555555555,0.1,0.416289592760
HCP1218,0.7027027027027027,0.61000874,0.40837183,0.54714415,0.991735537190,0.5000000000000000,0.25000000,0.50000000,0.4063521160436758,1.000000000000,0.6923076923076923,1.000000,0.6103047895500726,0.813333333333,0.3000000000000000,0.60000000,0.30701754385964913,0.0,0.0,0.547511312217
HCP1219,0.2432432432432432,0.50006240,0.36133277,0.56663645,0.727272727273,0.3333333333333333,0.10000000,0E-8,0.4027257511755798,0.965277777778,0.3846153846153846,0.833333,0.459603289791969,0.866666666667,0.4000000000000000,1.00000000,0.5285087719298246,0.2222222222222222,0.2,1.000000000000
HCP1220,0.9459459459459459,0.79745414,0.36847263,0.39528558,0.933884297521,0.7142857142857143,0.35485000,0.50000000,0.5602135968757473,1.000000000000,0.8461538461538462,1.000000,0.5549104983067248,0.986666666667,0.4000000000000000,0.66670000,0.4276315789473684,0.0,0.4,0.904977375566
HCP1221,0.5405405405405405,0.42056658,0.20005600,0.35788758,0.991735537190,0.4761904761904762,0.23810000,0E-8,0.3773411970989082,0.958333333333,0.7692307692307692,1.000000,0.5556361877116593,0.942222222222,0.3000000000000000,0.50000000,0.33921052631578946,0.0,0.1,0.742081447964
HCP1222,0.1621621621621622,0.83651566,0.65000700,0.66965095,0.950413223140,0.3095238095238095,0.21430000,0.66670000,0.6229776042081774,0.972222222222,0.1538461538461538,0.666667,0.8790517658442187,0.422222222222,0.8000000000000000,0.88890000,0.43201754385964913,0.0,0.75,0.936651583710
HCP1223,0.2432432432432432,0.54037190,0.40641187,0.59995467,0.983471074380,0.3809523809523810,0.26470000,0.40000000,0.4531362078584522,0.993055555556,0.5384615384615385,1.000000,0.6589259796806967,0.897777777778,0.4000000000000000,1.00000000,0.31798245614035087,0.16666666666666666,0.4,0.936651583710
HCP1224,0.5945945945945946,0.47997005,0.34999300,0.56663645,0.950413223140,0.3095238095238095,0.39285000,0.66670000,0.8325496134534153,0.937500000000,0.3076923076923077,1.000000,0.4455732946298984,0.937777777778,0.3000000000000000,1.00000000,0.45614035087719296,0.16666666666666666,0.1,0.805429864253
HCP1225,0.4054054054054054,0.73293398,0.11353773,0.13077969,0.842975206612,0.2380952380952381,0.18180000,0E-8,0.6893281262453177,0.854166666667,0.3846153846153846,0.833333,0.4233188195452346,0.968888888889,0.2000000000000000,1.00000000,0.3333333333333333,0.05555555555555555,0.15,0.579185520362
HCP1226,0.1081081081081081,0.52801697,0.26921462,0.40469175,0.884297520661,0.4523809523809524,0.30000000,0.50000000,0.697019207778752,1.000000000000,0.8461538461538462,0.846154,0.704644412191582,0.773333333333,0.6000000000000000,0.85710000,0.40789473684210525,0.16666666666666666,0.85,0.936651583710
HCP1227,0.3783783783783784,0.30662673,0.15553689,0.34870807,0.661157024793,0.1904761904761905,0.22220000,1.00000000,0.23332270662309715,0.888888888889,0.5384615384615385,1.000000,0.4446057087566522,0.991111111111,0.3000000000000000,1.00000000,0.5555263157894736,0.05555555555555555,0.2,0.904977375566
HCP1228,0.2162162162162162,0.43841258,0.13999720,0.24286038,0.801652892562,0.2380952380952381,0.09090000,0.33330000,0.27592253128237826,0.951388888889,0.1538461538461538,0.666667,0.24189646831156258,0.542222222222,0.1000000000000000,0.33330000,0.7192982456140351,0.0,0.0,0.126696832579
HCP1229,0.9189189189189189,0.21252964,0.09995800,0.28331822,0.991735537190,0.1666666666666667,0.18750000,0E-8,0.20522834143619995,0.930555555556,0.5384615384615385,0.777778,0.5590227382680212,0.853333333333,0.2000000000000000,0.50000000,0.7324561403508771,0.0,0.3,0.968325791855
HCP1230,0.2432432432432432,0.33907400,0.18059639,0.37771985,0.669421487603,0.2857142857142857,0.30770000,0.33330000,0.3803299593528334,0.986111111111,0.6153846153846154,0.888889,0.31712626995645865,0.928888888889,0E-16,0E-8,0.0,0.0,0.0,0E-12
HCP1231,0.1891891891891892,0.54449020,0.48271035,0.70829556,0.983471074380,0.1190476190476190,0.16665000,0E-8,0.5805770303658245,0.583333333333,0.7692307692307692,1.000000,0.7298016448959845,0.804444444444,0.5000000000000000,0.83330000,0.4719298245614035,0.2777777777777778,0.05,0.579185520362
HCP1232,0.0810810810810811,0.90428054,0.83998320,0.80949683,0.892561983471,0.5952380952380952,0.38460000,0.50000000,0.44269546505140667,0.986111111111,0.3076923076923077,0.666667,0.5805515239477503,0.942222222222,0.6000000000000000,0.85710000,0.4780701754385965,0.0,0.65,1.000000000000
HCP1233,0.8378378378378378,0.32696868,0.10569789,0.22665458,0.900826446281,0.3809523809523810,0.32355000,0.50000000,0.3377301346935523,0.916666666667,0.3846153846153846,0.833333,0.44750846637639086,0.577777777778,0E-16,0E-8,0.0,0.0,0.0,0E-12
HCP1234,0.4324324324324324,0.70984650,0.40529189,0.47948776,0.760330578512,0.7857142857142857,0.27940000,0.71430000,0.6246513110703754,0.986111111111,0.2307692307692308,0.750000,0.49395258829221095,0.946666666667,0.6000000000000000,1.00000000,0.405,0.16666666666666666,0.1,0.968325791855
HCP1235,0.8108108108108108,0.55197804,0.43077138,0.62522665,0.859504132231,0.2857142857142857,0.26925000,1.00000000,0.5451900852793496,0.923611111111,0.6923076923076923,0.818182,0.5198355104015482,0.968888888889,0.1000000000000000,0.50000000,0.21929824561403508,0.0,0.1,0.742081447964
HCP1236,0.7027027027027027,0.19393486,0.05837883,0.17429737,0.933884297521,0.1428571428571429,0.57145000,0E-8,0.3955925719295449,0.798611111111,0.6153846153846154,1.000000,0.3459119496855345,0.844444444444,0.6000000000000000,0.85710000,0.3026315789473684,0.05555555555555555,0.2,0.936651583710
HCP1237,0.2162162162162162,0.52152752,0.23337533,0.35414778,0.966942148760,0.5714285714285714,0.22000000,0.66670000,0.5223160914959751,0.986111111111,0.7692307692307692,1.000000,0.3669569424286405,0.626666666667,0E-16,0E-8,0.0,0.0,0.0,0E-12
HCP1238,0.8648648648648649,0.59553226,0.49265015,0.67293744,0.933884297521,0.5238095238095238,0.32610000,0.66670000,0.711006615127122,1.000000000000,0.6153846153846154,0.888889,0.5967585873246251,0.995555555556,0.2000000000000000,0.40000000,0.3508771929824561,0.0,0.2,0.837104072398
HCP1239,0.5405405405405405,0.68800699,0.49993000,0.60709429,0.685950413223,0.5952380952380952,0.23075000,0.66670000,0.5961982944130072,0.951388888889,0.3076923076923077,1.000000,0.409288824383164,0.586666666667,0.5000000000000000,1.00000000,0.3929824561403509,0.0,0.5,0.610859728507
HCP1240,0.6216216216216216,0.29976289,0.18661627,0.42497733,0.842975206612,0.3571428571428571,0.06250000,0.25000000,0.2857655216386387,0.895833333333,0.3846153846153846,0.833333,0.3952588292210934,0.782222222222,0.7000000000000000,1.00000000,0.44859649122807016,0.05555555555555555,0.15,0.837104072398
HCP1241,0.4054054054054054,0.83414452,0.71888562,0.74252040,0.942148760331,0.4761904761904762,0.26190000,1.00000000,0.36530644775643584,0.993055555556,0.5384615384615385,0.700000,0.6354620222544751,0.977777777778,0E-16,0E-8,0.0,0.0,0.0,0E-12
HCP1242,0.1081081081081081,0.67190815,0.43077138,0.53331822,0.942148760331,0.3095238095238095,0.25000000,0E-8,0.5577030365824499,0.944444444444,0.7692307692307692,0.909091,0.3855829704886308,0.835555555556,0.3000000000000000,1.00000000,0.42692982456140355,0.05555555555555555,0.25,0.968325791855
HCP1243,0.1891891891891892,0.50143517,0.43441131,0.67996374,0.975206611570,0.1666666666666667,0.25000000,1.00000000,0.5286124173109109,0.909722222222,0.1538461538461538,0.666667,0.5483792936623125,0.768888888889,0.1000000000000000,0.33330000,0.39473684210526316,0.1111111111111111,0.2,1.000000000000
HCP1244,0.5135135135135135,0.52564583,0.37561249,0.56663645,0.966942148760,0.3333333333333333,0.20000000,0.66670000,0.2905076910815334,0.972222222222,0.3076923076923077,0.666667,0.5926463473633284,0.924444444444,0.1000000000000000,0.33330000,0.2631578947368421,0.0,0.05,0.194570135747
HCP1245,0.2432432432432432,0.86247348,0.58714826,0.58930190,0.900826446281,0.6904761904761905,0.23335000,0.40000000,0.5473419941021759,0.993055555556,0.3846153846153846,0.833333,0.374939525882922,0.804444444444,0.4000000000000000,0.57140000,0.5,0.2222222222222222,0.25,0.904977375566
HCP1246,0.4864864864864865,0.07437913,0E-8,0E-8,0.719008264463,0.2142857142857143,0.25000000,0E-8,0.0999840599346457,0.819444444444,0.4615384615384615,0.857143,0.4966134494436381,0.986666666667,0.2000000000000000,0.66670000,0.35526315789473684,0.0,0.0,0.547511312217
HCP1247,0.4054054054054054,0.53051292,0.22707546,0.33998187,0.876033057851,0.4761904761904762,0.26190000,0.33330000,0.6785287319678013,0.888888888889,0.4615384615384615,0.857143,0.30309627479438794,0.706666666667,0.1000000000000000,0.33330000,0.22807017543859648,0.0,0.0,0.226244343891
HCP1248,0.8108108108108108,0.43192312,0.24233515,0.42497733,0.876033057851,0.2380952380952381,0.18180000,0.33330000,0.1631864190643182,0.854166666667,0.5384615384615385,1.000000,0.6037735849056604,0.960000000000,0.3000000000000000,0.60000000,0.4298245614035088,0.0,0.4,0.805429864253
HCP1249,0.7027027027027027,0.55796830,0.40837183,0.58760199,0.983471074380,0.2857142857142857,0.11540000,0.25000000,0.4029250019925082,0.916666666667,0.3076923076923077,1.000000,0.2460087082728592,0.848888888889,0.3000000000000000,0.60000000,0.27780701754385967,0.2222222222222222,0.0,0.742081447964
HCP1250,1.0000000000000000,0.53288406,0.37967241,0.56663645,0.876033057851,0.3333333333333333,0.20000000,0.50000000,0.2905076910815334,0.951388888889,0.5384615384615385,0.875000,0.5636187711659411,0.960000000000,0.1000000000000000,0.50000000,0.7894736842105263,0.0,0.0,0.710407239819
HCP1251,0.1621621621621622,0.43541745,0.34999300,0.61026745,0.958677685950,0.3095238095238095,0.39285000,0.50000000,0.5212799872479478,0.986111111111,0.3846153846153846,1.000000,0.5048379293662312,0.915555555556,0.5000000000000000,1.00000000,0.41403508771929826,0.2777777777777778,0.2,0.805429864253
HCP1252,0.3513513513513514,0.56907525,0.44001120,0.62330009,0.842975206612,0.1904761904761905,0.33335000,0E-8,0.48362158284848966,0.937500000000,0.4615384615384615,1.000000,0.5041122399612966,0.733333333333,0E-16,0E-8,0.0,0.0,0.0,0E-12
HCP1253,0.7297297297297297,0.90016224,0.60002800,0.58046238,0.925619834711,0.2857142857142857,0.38460000,0E-8,0.8550649557663186,0.986111111111,0.7692307692307692,0.909091,0.6187711659409771,0.977777777778,0.5000000000000000,0.62500000,0.39649122807017545,0.2777777777777778,0.15,0.904977375566
HCP1254,0.7837837837837838,0.68800699,0.21965561,0.26665911,0.942148760331,0.5476190476190476,0.22915000,0E-8,0.5001992508169283,0.979166666667,0.2307692307692308,1.000000,0.5725689404934687,0.964444444444,0.4000000000000000,0.66670000,0.4649122807017544,0.0,0.3,0.805429864253
HCP1255,0.2702702702702703,0.40197180,0.21881562,0.40469175,0.958677685950,0.4761904761904762,0.14285000,0E-8,0.30676655774288675,0.965277777778,0.3076923076923077,1.000000,0.3306724721819061,0.893333333333,0.3000000000000000,1.00000000,0.4151754385964912,0.16666666666666666,0.1,0.484162895928
HCP1256,0.1351351351351351,0.64170723,0.20733585,0.26665911,0.165289256198,0.3333333333333333,0.36665000,0.60000000,0.3448633139395872,0.847222222222,0.5384615384615385,0.700000,0.5556361877116593,0.933333333333,0.3000000000000000,1.00000000,0.6432456140350877,0.16666666666666666,0.15,0.968325791855
HCP1257,0.3783783783783784,0.30662673,0.07783844,0.17429737,0.859504132231,0.0714285714285714,0.62500000,0E-8,0.0,0.708333333333,0.3846153846153846,0.833333,0.4315432994678278,0.786666666667,0.3000000000000000,1.00000000,0.4502631578947368,0.05555555555555555,0.2,0.384615384615
HCP1258,0.5675675675675676,0.49444652,0.22791544,0.36060743,1.000000000000,0.4761904761904762,0.33335000,0.33330000,0.3343428708057703,0.972222222222,0.6923076923076923,0.818182,0.6429608127721335,0.875555555556,0.3000000000000000,1.00000000,0.3655263157894737,0.3333333333333333,0.05,0.936651583710
HCP1259,0.8378378378378378,0.32696868,0.23771525,0.50997280,0.975206611570,0.1904761904761905,0.55555000,0.50000000,0.33274886427034356,0.909722222222,0.2307692307692308,1.000000,0.5725689404934687,0.857777777778,0.1000000000000000,1.00000000,0.38596491228070173,0.16666666666666666,0.0,0.289592760181
HCP1260,0.8378378378378378,0.65655809,0.36987260,0.46668178,0.958677685950,0.4047619047619048,0.30555000,0.80000000,0.41468080019128073,0.895833333333,0.7692307692307692,0.833333,0.29632317368166416,0.911111111111,0.5000000000000000,0.71430000,0.34912280701754383,0.2777777777777778,0.45,1.000000000000
HCP1261,0.8648648648648649,0.36440784,0.10373793,0.20602901,0.991735537190,0.2619047619047619,0.12500000,0E-8,0.11727903084402644,0.819444444444,0.3076923076923077,0.800000,0.4854862119013062,0.897777777778,0E-16,0E-8,0.0,0.0,0.0,0E-12
HCP1262,0.2972972972972973,0.68800699,0.50902982,0.61820036,0.966942148760,0.1666666666666667,0.31250000,0E-8,0.4730612895512871,0.868055555556,0.6153846153846154,1.000000,0.409288824383164,0.880000000000,0.1000000000000000,1.00000000,0.5,0.0,0.0,0.452488687783
HCP1263,0.1891891891891892,0.63060027,0.33795324,0.44072983,0.909090909091,0.4285714285714286,0.23685000,1.00000000,0.5763130628835579,0.986111111111,0.5384615384615385,1.000000,0.45500725689404936,0.991111111111,0.2000000000000000,0.66670000,0.39035087719298245,0.0,0.0,0.579185520362
HCP1264,0.7567567567567568,0.62972669,0.22399552,0.29249773,0.975206611570,0.3571428571428571,0.21875000,1.00000000,0.5706941898461785,1.000000000000,0.5384615384615385,0.875000,0.43347847121432026,0.964444444444,0.3000000000000000,0.75000000,0.3800877192982456,0.16666666666666666,0.35,0.873303167421
HCP1265,0.6486486486486486,0.47997005,0.27397452,0.44344968,0.834710743802,0.1190476190476190,0.25000000,0.50000000,0.9207380250259026,0.909722222222,0.3076923076923077,0.800000,0.36937590711175616,0.560000000000,0.1000000000000000,0.33330000,0.2719298245614035,0.1111111111111111,0.0,1.000000000000
HCP1266,0.0810810810810811,0.35517284,0.11199776,0.22665458,0.842975206612,0.1904761904761905,0.22220000,1.00000000,0.22937754044791578,0.965277777778,0.2307692307692308,0.750000,0.7902757619738752,0.475555555556,0.1000000000000000,1.00000000,0.2631578947368421,0.0,0.2,0.226244343891
HCP1267,0.0810810810810811,0.30525396,0.27999440,0.62964642,0.958677685950,0.4047619047619048,0.27780000,1.00000000,0.31429823862277834,0.868055555556,0.7692307692307692,1.000000,0.4443638122883405,0.995555555556,0.1000000000000000,0.50000000,0.3157894736842105,0.0,0.0,0.389140271493
HCP1268,0.3243243243243243,0.73692749,0.65882682,0.75555304,0.950413223140,0.4761904761904762,0.19050000,0.83330000,0.3986211843468559,0.944444444444,0.6923076923076923,1.000000,0.5079825834542815,0.866666666667,0.1000000000000000,0.33330000,0.45614035087719296,0.0,0.15,0.289592760181
HCP1269,0.9729729729729730,0.43691501,0.16897662,0.29385766,0.983471074380,0.2380952380952381,0.09090000,0E-8,0.3292819000557903,0.979166666667,0.5384615384615385,1.000000,0.3098693759071117,0.960000000000,0E-16,0E-8,0.0,0.0,0.0,0E-12
HCP1270,0.4594594594594595,0.55996506,0.28713426,0.41205802,0.975206611570,0.2857142857142857,0.23075000,0E-8,0.4419781621104647,0.979166666667,0.6153846153846154,0.727273,0.4339622641509433,0.675555555556,0.3000000000000000,0.50000000,0.3537719298245614,0.16666666666666666,0.0,0.579185520362
HCP1271,0.7837837837837838,0.36989891,0.05487890,0.10788758,0.925619834711,0.4285714285714286,0.18420000,0.33330000,0.40551526261257675,0.958333333333,0.6923076923076923,0.900000,0.41049830672472176,0.986666666667,0.5000000000000000,0.83330000,0.5228070175438596,0.2777777777777778,0.1,0.936651583710
HCP1272,0.1891891891891892,0.41544989,0.28965421,0.52300544,0.785123966942,0.4523809523809524,0.27500000,0E-8,0.5327966844664063,0.743055555556,0.5384615384615385,0.875000,0.485002418964683,0.817777777778,0.7000000000000000,0.87500000,0.4749122807017544,0.6111111111111112,0.35,0.805429864253
HCP1273,0.7027027027027027,0.03793835,0.02911942,0.16194470,0.991735537190,0.2619047619047619,0.08335000,0E-8,0.06224595520841632,0.854166666667,0.1538461538461538,0.666667,0.43541364296081275,0.857777777778,0.1000000000000000,1.00000000,0.4824561403508772,0.0,0.0,0.742081447964
HCP1274,0.6216216216216216,0.68800699,0.59106818,0.71770172,0.983471074380,0.2380952380952381,0.36365000,0.66670000,0.41910416832709013,0.986111111111,0.4615384615384615,0.857143,0.4274310595065312,0.982222222222,0.4000000000000000,0.66670000,0.3618421052631579,0.2777777777777778,0.1,0.710407239819
HCP1275,0.6216216216216216,0.43841258,0.21783564,0.37771985,0.561983471074,0.1190476190476190,0.25000000,1.00000000,0.1529847772375867,0.493055555556,0.4615384615384615,1.000000,0.7740686985970004,0.640000000000,0.1000000000000000,0.33330000,0.4649122807017544,0.16666666666666666,0.0,0.321266968326
HCP1276,0.5135135135135135,0.67777362,0.34145317,0.41976428,1.000000000000,0.2380952380952381,0.22725000,1.00000000,0.4456842273053319,0.951388888889,0.5384615384615385,1.000000,0.5345911949685535,0.888888888889,0.6000000000000000,1.00000000,0.5014912280701754,0.3333333333333333,0.5,0.904977375566
HCP1277,0.2162162162162162,0.60476725,0.32661347,0.44072983,1.000000000000,0.1428571428571429,0.42855000,0E-8,0.4320953215908185,0.895833333333,0.8461538461538462,1.000000,0.31736816642477017,0.862222222222,0.4000000000000000,0.80000000,0.49780701754385964,0.0,0.25,0.484162895928
HCP1278,0.7837837837837838,0.76138774,0.41173177,0.45942883,0.983471074380,0.4761904761904762,0.26190000,0.33330000,0.6647007252729736,0.979166666667,0.3076923076923077,0.800000,0.6112723754233188,0.973333333333,0.4000000000000000,1.00000000,0.4342105263157895,0.1111111111111111,0.4,0.837104072398
HCP1279,0.8918918918918919,0.46861350,0.30547389,0.50362647,0.925619834711,0.0714285714285714,0.25000000,1.00000000,0.037459153582529714,0.708333333333,0.1538461538461538,1.000000,0.681422351233672,0.151111111111,0.3000000000000000,0.60000000,0.520438596491228,0.0,0.05,0.968325791855
HCP1280,0.4864864864864865,0.57356795,0.55998880,0.78841795,0.842975206612,0.5714285714285714,0.36000000,1.00000000,0.6151669721845859,0.993055555556,0.7692307692307692,0.909091,0.7595549104983066,0.982222222222,0.6000000000000000,0.85710000,0.4868421052631579,0.16666666666666666,0.15,0.936651583710
HCP1281,0.5945945945945946,0.50829901,0.31821364,0.49274705,0.975206611570,0.2380952380952381,0.36365000,0E-8,0.38670598549454055,0.937500000000,0.6923076923076923,0.818182,0.4736332849540396,0.920000000000,0.3000000000000000,0.75000000,0.39184210526315794,0.1111111111111111,0.0,0.742081447964
HCP1282,0.3783783783783784,0.58392612,0.42783144,0.59360834,0.917355371901,0.1666666666666667,0.43750000,1.00000000,0.487327648043357,0.784722222222,0.4615384615384615,0.857143,0.6001451378809869,0.911111111111,0.5000000000000000,0.83330000,0.4614035087719298,0.3888888888888889,0.35,1.000000000000
HCP1283,0.0810810810810811,0.65468614,0.44799104,0.56663645,0.876033057851,0.4047619047619048,0.27780000,0E-8,0.27926994500677454,0.972222222222,0.2307692307692308,0.428571,0.665940977261732,0.502222222222,0.7000000000000000,0.87500000,0.5588596491228071,0.0,0.45,0.968325791855
HCP1284,0.6486486486486486,0.94122052,0.82178356,0.76495920,1.000000000000,0.4523809523809524,0.40000000,0.50000000,0.2929385510480593,0.916666666667,0.5384615384615385,1.000000,0.6693275278180938,0.986666666667,0.2000000000000000,0.50000000,0.34210526315789475,0.0,0.1,0.873303167421
HCP1285,0.8918918918918919,0.58205416,0.30547389,0.42497733,0.975206611570,0.2857142857142857,0.15385000,0E-8,0.7064636965011558,0.833333333333,0.3846153846153846,1.000000,0.4274310595065312,0.991111111111,0.2000000000000000,1.00000000,0.45614035087719296,0.0,0.2,1.000000000000
HCP1286,0.1621621621621622,0.34631224,0.25003500,0.51507253,0.809917355372,0.2380952380952381,0.22725000,0E-8,0.25838845939268346,0.951388888889,0.3076923076923077,0.800000,0.6983551040154814,0.840000000000,0.1000000000000000,0.50000000,0.3333333333333333,0.0,0.0,0.547511312217
HCP1287,0.1891891891891892,0.75964058,0.53100938,0.59360834,0.909090909091,0.2142857142857143,0.20000000,1.00000000,0.21626683669403043,0.694444444444,0.6153846153846154,0.888889,0.6746492501209482,0.791111111111,0.4000000000000000,1.00000000,0.35964912280701755,0.2777777777777778,0.3,1.000000000000
HCP1288,0.7837837837837838,0.51666043,0.38429231,0.58760199,0.925619834711,0.1666666666666667,0.31250000,0.50000000,0.4513429505060971,0.909722222222,0.3076923076923077,1.000000,0.04644412191582002,0.773333333333,0.1000000000000000,1.00000000,0.21929824561403508,0.0,0.0,0.095022624434
HCP1289,0.5405405405405405,0.45026831,0.23337533,0.39664551,0.950413223140,0.2380952380952381,0.40910000,0.50000000,0.5115166972184586,0.805555555556,0.5384615384615385,1.000000,0.417029511369134,0.906666666667,0.1000000000000000,0.33330000,0.35964912280701755,0.0,0.0,0.384615384615
HCP1290,0.0540540540540541,0.27193311,0.17499650,0.42497733,0.355371900826,0.1428571428571429,0.21430000,1.00000000,0.3539890013549056,0.986111111111,0.5384615384615385,0.875000,0.7842283502660861,0.964444444444,0.3000000000000000,0.60000000,0.27482456140350875,0.16666666666666666,0.05,0.610859728507
HCP1291,0.0540540540540541,0.89591913,0.64160717,0.62330009,0.983471074380,0.2619047619047619,0.04165000,0E-8,0.44907149119311396,1.000000000000,0.2307692307692308,1.000000,0.40324141267537494,0.924444444444,0.5000000000000000,0.71430000,0.37719298245614036,0.0,0.2,0.936651583710
HCP1292,0.2162162162162162,0.39673031,0.18661627,0.34870807,0.892561983471,0.2619047619047619,0.25000000,0.50000000,0.25962381445763927,0.937500000000,0.4615384615384615,0.750000,0.7994678277697146,0.977777777778,0.3000000000000000,0.75000000,0.47368421052631576,0.0,0.0,0.968325791855
HCP1293,0.8108108108108108,0.81592412,0.61920762,0.65163191,0.983471074380,0.6190476190476190,0.33335000,0.50000000,0.7684705507292581,0.972222222222,0.3846153846153846,0.714286,0.47242380261248185,0.795555555556,0.1000000000000000,0.33330000,0.3157894736842105,0.0,0.0,1.000000000000
HCP1294,0.6756756756756757,0.22775490,0.08931821,0.24286038,0.917355371901,0.2619047619047619,0.25000000,0E-8,0.27823384075874713,0.722222222222,0.2307692307692308,1.000000,0.8064828253507499,0.906666666667,0.2000000000000000,0.66670000,0.32894736842105265,0.05555555555555555,0.2,0.773755656109
HCP1295,0.2702702702702703,0.63596655,0.39381212,0.50997280,0.925619834711,0.0952380952380952,0.30000000,0E-8,0.17147525304853756,0.687500000000,0.2307692307692308,1.000000,0.6531204644412191,0.617777777778,0.3000000000000000,1.00000000,0.4971052631578948,0.05555555555555555,0.1,1.000000000000
HCP1296,0.5945945945945946,0.42318732,0.28629427,0.50997280,0.669421487603,0.3571428571428571,0.28125000,1.00000000,0.4223320315613294,0.937500000000,0.2307692307692308,1.000000,0.43541364296081275,0.328888888889,0.1000000000000000,0.33330000,0.4298245614035088,0.0,0.0,0.837104072398
HCP1297,0.8648648648648649,0.59553226,0.44071119,0.60210789,1.000000000000,0.4047619047619048,0.27780000,0.50000000,0.38523152944927075,0.937500000000,0.6153846153846154,1.000000,0.5333817126269957,0.822222222222,0.3000000000000000,1.00000000,0.543859649122807,0.16666666666666666,0.2,0.837104072398
HCP1298,0.3513513513513514,0.42643205,0.23995520,0.42497733,1.000000000000,0.3333333333333333,0.16665000,0E-8,0.3209133657447996,0.993055555556,0.2307692307692308,0.750000,0.590711175616836,0.840000000000,0.1000000000000000,1.00000000,0.37719298245614036,0.0,0.0,0.321266968326
HCP1299,0.1891891891891892,0.80269562,0.82066359,0.87567996,0.752066115702,0.2619047619047619,0.37500000,0.60000000,0.28381286363274094,0.881944444444,0.6153846153846154,0.888889,0.5778906627963232,0.986666666667,0.5000000000000000,1.00000000,0.4964912280701754,0.05555555555555555,0.3,0.968325791855
HCP1300,0.8918918918918919,0.21901909,0.05095898,0.14165911,1.000000000000,0.2857142857142857,0.15385000,0.33330000,0.2968837172232407,0.916666666667,0.3076923076923077,1.000000,0.5362844702467344,0.973333333333,0.1000000000000000,0.50000000,0.4824561403508772,0.0,0.0,0.321266968326
HCP1301,0.1351351351351351,0.54935729,0.36301274,0.52889846,1.000000000000,0.3333333333333333,0.36665000,0E-8,0.4318960707738902,1.000000000000,0.2307692307692308,0.750000,0.29438800193517173,0.564444444444,0.4000000000000000,1.00000000,0.4232456140350877,0.1111111111111111,0.15,0.868778280543
HCP1302,0.8108108108108108,0.60002496,0.34999300,0.47529465,0.851239669421,0.3095238095238095,0.25000000,1.00000000,0.3293616003825615,0.993055555556,0.3846153846153846,1.000000,0.8144654088050314,0.715555555556,0.2000000000000000,1.00000000,0.6271929824561403,0.0,0.05,0.805429864253
HCP1303,0.1081081081081081,0.43192312,0.32311354,0.56663645,0.991735537190,0.1428571428571429,0.28570000,1.00000000,0.2968837172232407,0.965277777778,0.2307692307692308,1.000000,0.7339138848572812,0.995555555556,0.4000000000000000,0.80000000,0.5723684210526315,0.3333333333333333,0.05,0.642533936652
HCP1304,0.1621621621621622,0.34631224,0E-8,0E-8,0.942148760331,0.3333333333333333,0.16665000,0.50000000,0.25053797720570653,0.819444444444,0.4615384615384615,0.750000,0.6149008224479923,0.906666666667,0.1000000000000000,1.00000000,0.5877192982456141,0.0,0.0,0.321266968326
HCP1305,0.0540540540540541,0.42792961,0.29161417,0.51507253,0.859504132231,0.4523809523809524,0.22500000,0.40000000,0.6513509205387742,0.951388888889,0.2307692307692308,0.750000,0.32462506047411704,0.848888888889,0.3000000000000000,0.75000000,0.4971052631578948,0.0,0.1,1.000000000000
HCP1306,0.9459459459459459,0.66604268,0.46661067,0.58193563,0.892561983471,0.3571428571428571,0.15625000,1.00000000,0.7499800749183071,0.979166666667,0.6923076923076923,0.818182,0.5791001451378811,0.786666666667,0.5000000000000000,0.83330000,0.4894736842105263,0.2222222222222222,0.0,0.805429864253
HCP1307,0.2162162162162162,0.14713590,0.04661907,0.16194470,0.586776859504,0.2619047619047619,0E-8,0E-8,0.43388857894317373,0.972222222222,0.5384615384615385,1.000000,0.5967585873246251,0.724444444444,0E-16,0E-8,0.0,0.0,0.0,0E-12
HCP1308,0.3783783783783784,0.65331337,0.23337533,0.29567090,0.991735537190,0.1428571428571429,0.35715000,0E-8,0.32852474695146255,0.881944444444,0.3076923076923077,1.000000,0.4274310595065312,0.804444444444,0.2000000000000000,0.66670000,0.4956140350877193,0.0,0.15,0.515837104072
HCP1309,0.1891891891891892,0.37239486,0.28965421,0.56663645,1.000000000000,0.2142857142857143,0.35000000,0E-8,0.34577986769745755,0.944444444444,0.4615384615384615,0.545455,0.45162070633768747,0.871111111111,0.4000000000000000,0.80000000,0.5263157894736842,0.16666666666666666,0.15,0.484162895928
HCP1310,0.2432432432432432,0.54037190,0.49671007,0.73334089,1.000000000000,0.5476190476190476,0.14585000,0.85710000,0.4266756993703675,0.958333333333,0.7692307692307692,0.909091,0.5328979196903725,0.955555555556,0.2000000000000000,0.66670000,0.38596491228070173,0.16666666666666666,0.2,0.773755656109
HCP1311,0.1351351351351351,0.22575814,0.15553689,0.42497733,0.669421487603,0.0238095238095238,0.50000000,0E-8,0.09149597513349803,0.409722222222,0.1538461538461538,1.000000,0.2097242380261248,0.911111111111,0E-16,0E-8,0.0,0.0,0.0,0E-12
HCP1312,0.8378378378378378,0.51528766,0.44911102,0.68800997,0.983471074380,0.6428571428571429,0.25000000,0.50000000,0.37176217422491437,0.979166666667,0.7692307692307692,1.000000,0.6959361393323658,0.893333333333,0.2000000000000000,0.66670000,0.4517543859649123,0.0,0.25,0.452488687783
HCP1313,0.4594594594594595,0.36802696,0.17947641,0.35414778,0.669421487603,0.2857142857142857,0.23075000,0E-8,0.27759623814457646,0.993055555556,0.7692307692307692,1.000000,0.5290275761973876,0.831111111111,0.1000000000000000,0.50000000,0.5263157894736842,0.0,0.0,0.352941176471
HCP1314,0.4054054054054054,0.29452140,0.22707546,0.52300544,0.991735537190,0.4523809523809524,0.15000000,0.33330000,0.5416434207380251,0.847222222222,0.6923076923076923,1.000000,0.4837929366231253,0.924444444444,0E-16,0E-8,0.0,0.0,0.0,0E-12
HCP1315,0.3513513513513514,0.53350805,0.27999440,0.41749773,0.842975206612,0.2142857142857143,0.30000000,0E-8,0.42368693711644223,0.763888888889,0.4615384615384615,1.000000,0.27019835510401546,0.586666666667,0.2000000000000000,0.50000000,0.543859649122807,0.16666666666666666,0.05,0.936651583710
HCP1316,0.6216216216216216,0.54935729,0.49783004,0.72529465,1.000000000000,0.6428571428571429,0.41070000,0.33330000,0.40073324300629626,0.930555555556,0.2307692307692308,1.000000,0.5645863570391872,0.617777777778,0E-16,0E-8,0.0,0.0,0.0,0E-12
HCP1317,0.5135135135135135,0.43429427,0.30729385,0.53683137,0.776859504132,0.1190476190476190,0E-8,0.50000000,0.34677612178209927,0.868055555556,0.3076923076923077,1.000000,0.39114658925979684,0.791111111111,0.4000000000000000,0.80000000,0.5307017543859649,0.05555555555555555,0.3,0.837104072398
HCP1318,0.7027027027027027,0.29801572,0.14587708,0.33329556,0.975206611570,0.1666666666666667,0.25000000,0E-8,0.20463058898541486,0.902777777778,0.3076923076923077,0.666667,0.3023705853894533,0.973333333333,0.2000000000000000,1.00000000,0.3333333333333333,0.05555555555555555,0.2,0.678733031674
HCP1319,0.6486486486486486,0.50705104,0.45653087,0.70829556,0.925619834711,0.2619047619047619,0.45835000,0.25000000,0.4360803379293855,0.819444444444,0.2307692307692308,1.000000,0.7014997581035316,0.488888888889,0.4000000000000000,0.80000000,0.581140350877193,0.16666666666666666,0.05,0.968325791855
HCP1320,0.7297297297297297,0.49269936,0.42853143,0.67996374,0.892561983471,0.2142857142857143,0.35000000,0E-8,0.38100741213038974,0.902777777778,0.6153846153846154,0.888889,0.4569424286405418,0.791111111111,0.2000000000000000,0.50000000,0.40350877192982454,0.0,0.05,0.773755656109
HCP1321,0.3783783783783784,0.54935729,0.38891222,0.56663645,0.958677685950,0.5238095238095238,0.28260000,0.75000000,0.532238782179007,0.944444444444,0.3076923076923077,0.800000,0.29680696661828737,0.808888888889,0.6000000000000000,0.85710000,0.46201754385964916,0.1111111111111111,0.0,0.837104072398
HCP1322,0.3243243243243243,0.44327967,0.28825423,0.49580689,0.876033057851,0.2142857142857143,0.30000000,0E-8,0.5189288276081933,0.916666666667,0.6923076923076923,0.900000,0.8652636671504597,0.866666666667,0.7000000000000000,0.87500000,0.4812280701754386,0.3333333333333333,0.35,0.968325791855
HCP1323,0.8108108108108108,0.64794709,0.43077138,0.54941070,0.975206611570,0.2857142857142857,0.19230000,0.50000000,0.3739937833745119,0.548611111111,0.6153846153846154,0.888889,0.6746492501209482,0.884444444444,0.1000000000000000,1.00000000,0.20175438596491227,0.0,0.15,0.226244343891
HCP1324,0.1351351351351351,0.73418195,0.46661067,0.53683137,0.892561983471,0.6666666666666667,0.22415000,0.40000000,0.5231130947636885,0.972222222222,0.3846153846153846,0.833333,0.16134494436381228,0.920000000000,0.2000000000000000,0.50000000,0.3201754385964912,0.05555555555555555,0.05,0.610859728507
HCP1325,0.6756756756756757,0.65256458,0.50636987,0.64222575,0.983471074380,0.8095238095238095,0.21430000,0.62500000,0.5594962939348053,0.986111111111,0.3076923076923077,1.000000,0.6693275278180938,0.760000000000,0.2000000000000000,0.66670000,0.2982456140350877,0.05555555555555555,0.0,0.742081447964
HCP1326,0.6486486486486486,0.29002870,0.15217696,0.35414778,0.859504132231,0.1428571428571429,0.07145000,0E-8,0.13477325257033557,0.930555555556,0.3076923076923077,0.800000,0.32099661344944364,0.982222222222,0.1000000000000000,0.25000000,0.39473684210526316,0.0,0.05,0.610859728507
HCP1327,0.2162162162162162,0.35517284,0.13999720,0.28331822,0.851239669421,0.4285714285714286,0.26315000,0E-8,0.437475093647884,0.958333333333,0.3846153846153846,0.714286,0.4895984518626028,0.964444444444,0.2000000000000000,1.00000000,0.7149122807017544,0.05555555555555555,0.2,0.968325791855
HCP1328,0.1621621621621622,0.79196306,0.55004900,0.59360834,0.983471074380,0.5952380952380952,0.23075000,0.66670000,0.729855742408544,0.951388888889,0.3846153846153846,0.625000,0.6059506531204645,0.893333333333,0.3000000000000000,1.00000000,0.4151754385964912,0.0,0.2,0.936651583710
HCP1329,0.7837837837837838,0.39435917,0.16463671,0.30904352,0.900826446281,0.2857142857142857,0.26925000,0E-8,0.5084083844743763,0.979166666667,0.2307692307692308,0.750000,0.6693275278180938,0.951111111111,0.5000000000000000,1.00000000,0.3912280701754386,0.16666666666666666,0.0,0.868778280543
HCP1330,0.8378378378378378,0.63297142,0.44911102,0.58386219,1.000000000000,0.2142857142857143,0.20000000,0E-8,0.6789670837650434,0.951388888889,0.4615384615384615,0.857143,0.2547169811320754,0.946666666667,0.1000000000000000,0.50000000,0.43859649122807015,0.16666666666666666,0.1,0.063348416290
HCP1331,0.7027027027027027,0.37601398,0.17499650,0.33998187,0.859504132231,0.1666666666666667,0.31250000,0E-8,0.41962222045110387,0.562500000000,0.2307692307692308,0.428571,0.6727140783744557,0.782222222222,0.3000000000000000,0.75000000,0.6023684210526316,0.16666666666666666,0.1,0.873303167421
HCP1332,0.6756756756756757,0.67914639,0.50636987,0.62148685,1.000000000000,0.3809523809523810,0.17645000,0.60000000,0.7469116123376106,0.909722222222,0.3846153846153846,1.000000,0.6548137397194,0.986666666667,0.1000000000000000,1.00000000,0.4649122807017544,0.0,0.0,0.773755656109
HCP1333,0.7837837837837838,0.66354674,0.41173177,0.51507253,0.991735537190,0.2857142857142857,0.34615000,1.00000000,0.5389734597911852,0.944444444444,0.3076923076923077,1.000000,0.5604741170778906,0.782222222222,0.3000000000000000,1.00000000,0.5175438596491229,0.3333333333333333,0.0,0.547511312217
HCP1334,0.1351351351351351,0.59553226,0.36301274,0.49580689,0.950413223140,0.3333333333333333,0.33335000,0.33330000,0.5226348928030604,0.979166666667,0.6153846153846154,1.000000,0.45162070633768747,0.942222222222,0.3000000000000000,1.00000000,0.5730701754385965,0.16666666666666666,0.35,0.968325791855
HCP1335,0.7567567567567568,0.40509173,0.19599608,0.36060743,0.975206611570,0.0714285714285714,0.62500000,0E-8,0.325934486331394,0.854166666667,0.3846153846153846,1.000000,0.5725689404934687,0.933333333333,0.2000000000000000,0.50000000,0.2543859649122807,0.0,0.0,0.805429864253
HCP1336,0.3513513513513514,0.35517284,0.20005600,0.40469175,0.991735537190,0.2619047619047619,0.20835000,1.00000000,0.6356499561648202,0.965277777778,0.4615384615384615,0.857143,0.8836477987421383,0.791111111111,0.3000000000000000,0.50000000,0.5292105263157895,0.2777777777777778,0.15,0.710407239819
HCP1337,0.3513513513513514,0.60476725,0.51994960,0.70149592,0.933884297521,0.2142857142857143,0.25000000,0E-8,0.24966127361122178,0.750000000000,0.3076923076923077,1.000000,0.687469762941461,0.888888888889,0.5000000000000000,0.83330000,0.4982456140350877,0.4444444444444444,0.4,0.742081447964
HCP1338,0.4594594594594595,0.36802696,0.07181856,0.14165911,0.975206611570,0.5476190476190476,0.18750000,0.50000000,0.4047979596716347,0.986111111111,0.6923076923076923,1.000000,0.5805515239477503,0.946666666667,0.2000000000000000,0.66670000,0.3815789473684211,0.0,0.2,0.773755656109
HCP1339,0.8648648648648649,0.57244478,0.36301274,0.51178604,0.966942148760,0.8333333333333333,0.23610000,0.62500000,0.4713078823623177,0.958333333333,0.8461538461538462,0.916667,0.5665215287856797,1.000000000000,0.3000000000000000,1.00000000,0.5350877192982456,0.16666666666666666,0.0,0.904977375566
HCP1340,0.2162162162162162,0.47997005,0.23337533,0.37771985,1.000000000000,0.2857142857142857,0.26925000,1.00000000,0.29150394516617517,0.965277777778,0.4615384615384615,0.857143,0.6589259796806967,0.866666666667,0.1000000000000000,0.50000000,0.23684210526315788,0.0,0.0,0.742081447964
HCP1341,0.8918918918918919,0.49132659,0.33095338,0.52617860,0.933884297521,0.1904761904761905,0.50000000,0.60000000,0.36423049334502267,0.958333333333,0.6923076923076923,0.692308,0.44412191582002897,0.888888888889,0.6000000000000000,0.85710000,0.5219298245614035,0.6111111111111112,0.0,0.936651583710
HCP1342,0.6756756756756757,0.73218520,0.53618928,0.61820036,0.983471074380,0.1904761904761905,0.33335000,0E-8,0.7671156451741452,0.972222222222,0.6153846153846154,0.888889,0.3144654088050314,0.968888888889,0.1000000000000000,1.00000000,0.8508771929824561,0.0,0.2,0.904977375566
HCP1343,0.1081081081081081,0.67190815,0.32311354,0.39993200,0.942148760331,0.4523809523809524,0.22500000,0E-8,0.4073483701283176,0.770833333333,0.2307692307692308,1.000000,0.6773101112723754,0.520000000000,0.1000000000000000,0.50000000,0.3684210526315789,0.0,0.0,0.868778280543
HCP1344,0.9729729729729730,0.52302508,0.26557469,0.40208522,0.851239669421,0.2619047619047619,0.33335000,0.50000000,0.5098828405196462,0.965277777778,0.3076923076923077,0.800000,0.3645379777455248,0.977777777778,0.2000000000000000,1.00000000,0.5526315789473685,0.0,0.0,0.352941176471
HCP1345,0.3513513513513514,0.42643205,0.32003360,0.56663645,0.966942148760,0.3809523809523810,0.23530000,0.50000000,0.1957440025504104,0.763888888889,0.4615384615384615,1.000000,0.681422351233672,0.942222222222,0.2000000000000000,1.00000000,0.5350877192982456,0.05555555555555555,0.15,0.579185520362
HCP1346,0.0540540540540541,0.42792961,0.23337533,0.41205802,0.925619834711,0.5714285714285714,0.22000000,0E-8,0.44548497648840363,0.965277777778,0.2307692307692308,1.000000,0.3306724721819061,0.435555555556,0.3000000000000000,0.75000000,0.27780701754385967,0.0,0.15,0.742081447964
HCP1347,0.4594594594594595,0.87994509,0.61024780,0.60210789,1.000000000000,0.2142857142857143,0.65000000,0E-8,0.6677293376902845,0.868055555556,0.7692307692307692,1.000000,0.1444121915820029,0.946666666667,0.2000000000000000,1.00000000,0.41228070175438597,0.2777777777777778,0.0,0.579185520362
HCP1348,0.3513513513513514,0.53350805,0.23995520,0.35788758,0.975206611570,0.1904761904761905,0.16665000,1.00000000,0.525225153423129,0.805555555556,0.3846153846153846,1.000000,0.44678277697145613,0.706666666667,0.6000000000000000,1.00000000,0.42394736842105263,0.3888888888888889,0.35,0.904977375566
HCP1349,0.3243243243243243,0.40658929,0.08231835,0.15106528,0.818181818182,0.1190476190476190,0.33335000,1.00000000,0.3117478281660955,0.236111111111,0.4615384615384615,0.857143,0.517174649250121,0.773333333333,0.2000000000000000,0.66670000,0.3684210526315789,0.0,0.2,0.678733031674
HCP1350,0.6216216216216216,0.38287782,0.12445751,0.23855394,0.925619834711,0.2142857142857143,0.05000000,0E-8,0.2552801466486012,0.965277777778,0.6153846153846154,1.000000,0.5967585873246251,0.693333333333,0.1000000000000000,1.00000000,0.2982456140350877,0.0,0.0,0.484162895928
HCP1351,0.5405405405405405,0.50967178,0.20005600,0.30904352,0.975206611570,0.3333333333333333,0.26665000,0.60000000,0.25731250498127045,0.881944444444,0.6153846153846154,0.888889,0.5699080793420416,0.924444444444,0.1000000000000000,0.25000000,0.3684210526315789,0.0,0.0,0.579185520362
HCP1352,0.4054054054054054,0.32821665,0.11353773,0.24286038,0.942148760331,0.3571428571428571,0.25000000,0E-8,0.29437315692994337,1.000000000000,0.5384615384615385,0.875000,0.5181422351233672,0.924444444444,0.3000000000000000,0.75000000,0.35675438596491227,0.0,0.1,0.773755656109
HCP1353,0.6216216216216216,0.24422813,0.18661627,0.48572076,0.603305785124,0.3095238095238095,0.14285000,1.00000000,0.6882123216705188,0.923611111111,0.6923076923076923,0.900000,0.4080793420416061,0.991111111111,0.6000000000000000,0.75000000,0.5467543859649122,0.16666666666666666,0.05,0.968325791855
HCP1354,0.6216216216216216,0.57706227,0.46661067,0.65378513,0.892561983471,0.8809523809523810,0.32895000,0.90000000,0.7869211763768232,0.965277777778,0.1538461538461538,0.500000,0.5302370585389453,0.235555555556,0.5000000000000000,0.71430000,0.43333333333333335,0.2222222222222222,0.6,0.742081447964
HCP1355,1.0000000000000000,0.30013728,0.14237715,0.32377607,0.975206611570,0.2142857142857143,0.25000000,0E-8,0.23057304534948594,0.923611111111,0.4615384615384615,0.750000,0.5273343009192066,0.920000000000,0.1000000000000000,0.50000000,0.39473684210526316,0.0,0.2,0.936651583710
HCP1356,0.8918918918918919,0.53675278,0.30547389,0.45330916,1.000000000000,0.1428571428571429,0.35715000,0E-8,0.6848250577827371,0.993055555556,0.5384615384615385,1.000000,0.4308176100628931,0.906666666667,0.5000000000000000,0.50000000,0.47719298245614034,0.2222222222222222,0.55,0.710407239819
HCP1357,0.2162162162162162,0.77112193,0.32661347,0.36060743,0.958677685950,0.1904761904761905,0.16665000,0E-8,0.30604925480194467,0.701388888889,0.6923076923076923,0.818182,0.5703918722786646,0.791111111111,0.3000000000000000,0.60000000,0.4473684210526316,0.05555555555555555,0.05,0.873303167421
HCP1358,0.8648648648648649,0.54935729,0.46661067,0.67996374,0.966942148760,0.2142857142857143,0.25000000,1.00000000,0.6246513110703754,0.881944444444,0.3076923076923077,0.571429,0.6763425253991291,0.853333333333,0.3000000000000000,0.60000000,0.4649122807017544,0.1111111111111111,0.25,0.805429864253
HCP1359,0.6486486486486486,0.45288906,0.18255635,0.30904352,0.991735537190,0.1428571428571429,0.07145000,0.33330000,0.4083446242129593,0.805555555556,0.7692307692307692,0.833333,0.6209482341557813,0.840000000000,0.4000000000000000,0.66670000,0.4956140350877193,0.16666666666666666,0.2,0.936651583710
HCP1360,0.3513513513513514,0.56907525,0.16001680,0.22665458,0.942148760331,0.3095238095238095,0.10715000,0.33330000,0.2053877420897426,0.895833333333,0.5384615384615385,0.875000,0.34276729559748426,0.946666666667,0.1000000000000000,1.00000000,0.19298245614035087,0.1111111111111111,0.2,0.226244343891
HCP1361,0.0810810810810811,0.55484837,0.27999440,0.40469175,0.917355371901,0.4285714285714286,0.26315000,0E-8,0.36658165298477724,0.937500000000,0.6923076923076923,0.818182,0.33938074504112237,0.804444444444,0.3000000000000000,1.00000000,0.6286842105263158,0.1111111111111111,0.0,0.904977375566
HCP1362,0.8108108108108108,0.62398602,0.29609408,0.38961922,0.842975206612,0.2380952380952381,0.27275000,0E-8,0.35817326851040093,0.868055555556,0.3076923076923077,1.000000,0.7781809385582971,0.840000000000,0.3000000000000000,1.00000000,0.5,0.05555555555555555,0.2,0.904977375566
HCP1363,0.1351351351351351,0.41058280,0.36301274,0.66103808,0.859504132231,0.2619047619047619,0.29165000,0.20000000,0.3606838288036981,0.909722222222,0.1538461538461538,0.666667,0.43541364296081275,0.737777777778,0.3000000000000000,0.75000000,0.48833333333333334,0.1111111111111111,0.1,0.742081447964
HCP1364,0.6216216216216216,0.63247223,0.46661067,0.60709429,1.000000000000,0.4285714285714286,0.26315000,0E-8,0.4681597194548498,0.916666666667,0.7692307692307692,0.909091,0.4054184808901789,0.906666666667,0.2000000000000000,1.00000000,0.2543859649122807,0.2222222222222222,0.25,0.742081447964
HCP1365,0.2972972972972973,0.61237988,0.33935321,0.45330916,0.950413223140,0.2857142857142857,0.26925000,1.00000000,0.5235115963975453,0.972222222222,0.5384615384615385,0.875000,0.5060474117077891,0.737777777778,0.4000000000000000,0.80000000,0.5043859649122807,0.16666666666666666,0.55,0.904977375566
HCP1366,0.4054054054054054,0.93535505,0.64328713,0.60210789,0.975206611570,0.7380952380952381,0.32815000,0.62500000,0.44173906113015066,1.000000000000,0.7692307692307692,1.000000,0.6257861635220127,0.942222222222,0.8000000000000000,0.88890000,0.6228070175438597,0.1111111111111111,0.3,0.968325791855
HCP1367,0.2702702702702703,0.36303507,0.26249475,0.52300544,1.000000000000,0.1190476190476190,0.41665000,1.00000000,0.281382003666215,0.833333333333,0.2307692307692308,1.000000,0.6451378809869376,0.800000000000,0.4000000000000000,0.80000000,0.4276315789473684,0.0,0.1,0.710407239819
HCP1368,0.4324324324324324,0.61138151,0.47893042,0.64052584,1.000000000000,0.3333333333333333,0.23335000,0.60000000,0.3503626364868096,0.993055555556,0.3846153846153846,0.833333,0.5,0.968888888889,0.4000000000000000,1.00000000,0.40350877192982454,0.05555555555555555,0.35,0.773755656109
HCP1369,0.2162162162162162,0.52152752,0.32661347,0.49580689,0.876033057851,0.8095238095238095,0.28570000,0.66670000,0.6539013309954572,0.986111111111,0.3846153846153846,0.714286,0.7314949201741654,0.888888888889,0.5000000000000000,0.83330000,0.43333333333333335,0.0,0.3,1.000000000000
HCP1370,0.6756756756756757,0.59940097,0.35741285,0.48572076,0.975206611570,0.3571428571428571,0.43750000,1.00000000,0.5048617199330517,1.000000000000,0.3076923076923077,1.000000,0.4455732946298984,0.995555555556,0.2000000000000000,1.00000000,0.42105263157894735,0.0,0.15,0.547511312217
HCP1371,0.5675675675675676,0.46549357,0.19529609,0.32377607,0.851239669421,0.1904761904761905,0.38890000,0E-8,0.35410855184506257,0.993055555556,0.3076923076923077,0.666667,0.4716981132075471,0.728888888889,0E-16,0E-8,0.0,0.0,0.0,0E-12
HCP1372,0.9729729729729730,0.45850493,0.24135517,0.40469175,0.867768595041,0.2142857142857143,0.40000000,0E-8,0.21152466725113572,0.986111111111,0.7692307692307692,1.000000,0.5798258345428156,0.986666666667,0.1000000000000000,0.50000000,0.4473684210526316,0.0,0.0,0.257918552036
HCP1373,0.3783783783783784,0.37601398,0.23337533,0.45330916,0.958677685950,0.1428571428571429,0.28570000,0E-8,0.3815653144177892,0.909722222222,0.3076923076923077,0.800000,0.5338655055636188,0.991111111111,0.1000000000000000,0.20000000,0.3508771929824561,0.16666666666666666,0.0,0.321266968326
HCP1374,0.2432432432432432,0.54037190,0.27089458,0.39993200,0.768595041322,0.0476190476190476,0.33335000,0E-8,0.18048138997369892,0.861111111111,0.1538461538461538,0.666667,0.6773101112723754,0.680000000000,0.2000000000000000,1.00000000,0.5307017543859649,0.05555555555555555,0.0,0.773755656109
HCP1375,0.4324324324324324,0.28291526,0.14741705,0.34870807,0.966942148760,0.0952380952380952,0.40000000,0E-8,0.12477086156053235,0.736111111111,0.3076923076923077,0.800000,0.49516207063376866,0.515555555556,0.1000000000000000,1.00000000,0.40350877192982454,0.0,0.0,0.289592760181
HCP1376,0.5405405405405405,0.50967178,0.26669467,0.41205802,0.991735537190,0.2857142857142857,0.26925000,0.40000000,0.22061050450306846,0.875000000000,0.6153846153846154,0.800000,0.6475568456700532,0.760000000000,0.2000000000000000,1.00000000,0.37719298245614036,0.05555555555555555,0.0,0.484162895928
HCP1377,0.9729729729729730,0.37239486,0.21727565,0.42497733,0.842975206612,0.3809523809523810,0.23530000,0E-8,0.49497887941340557,0.930555555556,0.1538461538461538,0.666667,0.12094823415578132,0.902222222222,0.2000000000000000,1.00000000,0.47368421052631576,0.0,0.2,0.515837104072
HCP1378,0.2702702702702703,0.32397354,0.26249475,0.56663645,0.743801652893,0.2619047619047619,0.16665000,1.00000000,0.5765920140272575,0.937500000000,0.6923076923076923,1.000000,0.5725689404934687,0.902222222222,0.3000000000000000,1.00000000,0.6052631578947368,0.2777777777777778,0.15,0.936651583710
HCP1379,0.0810810810810811,0.70460502,0.33599328,0.39993200,0.958677685950,0.3571428571428571,0.28125000,0E-8,0.40651151669721847,1.000000000000,0.6923076923076923,0.900000,0.36937590711175616,0.897777777778,0.3000000000000000,0.60000000,0.523421052631579,0.2777777777777778,0.05,0.289592760181
HCP1380,0.2432432432432432,0.82216398,0.49671007,0.51937897,0.603305785124,0.6666666666666667,0.36205000,0.50000000,0.7195345500916553,0.958333333333,0.6923076923076923,0.900000,0.5870827285921626,1.000000000000,0.5000000000000000,0.71430000,0.43684210526315786,0.1111111111111111,0.1,0.968325791855
HCP1381,0.8918918918918919,0.62748034,0.30547389,0.39993200,1.000000000000,0.3095238095238095,0.17855000,1.00000000,0.22690683031800435,0.930555555556,0.7692307692307692,0.909091,0.4736332849540396,0.955555555556,0.1000000000000000,0.33330000,0.45614035087719296,0.16666666666666666,0.0,0.063348416290
HCP1382,0.1081081081081081,0.38400100,0.10765785,0.20602901,0.363636363636,0.5238095238095238,0.17390000,0.33330000,0.46409500278951143,0.930555555556,0.2307692307692308,0.750000,0.3790517658442186,0.808888888889,0.2000000000000000,0.66670000,0.6228070175438597,0.0,0.05,0.936651583710
HCP1383,0.6756756756756757,0.67914639,0.38723226,0.47529465,0.958677685950,0.5000000000000000,0.20455000,1.00000000,0.5212002869211765,0.944444444444,0.5384615384615385,1.000000,0.4482341557813256,0.893333333333,0.1000000000000000,0.50000000,0.4298245614035088,0.0,0.0,0.126696832579
HCP1384,0.1081081081081081,0.81592412,0.37687246,0.39664551,0.925619834711,0.7619047619047619,0.31820000,0.50000000,0.4335299274727027,1.000000000000,0.9230769230769231,1.000000,0.4436381228834059,0.991111111111,0.2000000000000000,0.66670000,0.2850877192982456,0.05555555555555555,0.2,0.579185520362
HCP1385,0.4054054054054054,0.63172345,0.49195016,0.64052584,0.735537190083,0.4047619047619048,0.33335000,1.00000000,0.5232724954172312,1.000000000000,0.6153846153846154,0.800000,0.46371552975326563,0.800000000000,0.2000000000000000,0.50000000,0.5131578947368421,0.16666666666666666,0.2,0.384615384615
HCP1386,0.8918918918918919,0.35517284,0.12725745,0.25759293,1.000000000000,0.1666666666666667,0.37500000,0.25000000,0.2999521798039372,0.937500000000,0.5384615384615385,0.777778,0.6613449443638123,0.546666666667,0.1000000000000000,1.00000000,0.2543859649122807,0.0,0.0,0.095022624434
HCP1387,0.7567567567567568,0.50492949,0.44799104,0.69741614,1.000000000000,0.3571428571428571,0.21875000,0E-8,0.5207220849605484,0.972222222222,0.6153846153846154,0.888889,0.7097242380261248,0.848888888889,0.3000000000000000,0.75000000,0.5175438596491229,0.05555555555555555,0.0,0.936651583710
HCP1388,0.2702702702702703,0.55796830,0.39381212,0.56663645,0.966942148760,0.5000000000000000,0.29545000,0E-8,0.4844584362795888,0.993055555556,0.2307692307692308,0.750000,0.5060474117077891,0.391111111111,0.5000000000000000,0.83330000,0.3824561403508772,0.1111111111111111,0.15,0.873303167421
HCP1389,0.9459459459459459,0.33770124,0.24555509,0.51507253,0.809917355372,0.3809523809523810,0.23530000,0E-8,0.37785924922292186,0.937500000000,0.3076923076923077,0.666667,0.4274310595065312,0.986666666667,0.2000000000000000,0.66670000,0.29385964912280704,0.0,0.1,0.420814479638
HCP1390,0.5675675675675676,0.34930738,0.22791544,0.46668178,0.842975206612,0.3333333333333333,0.10000000,1.00000000,0.24858531919980875,0.965277777778,0.3846153846153846,0.625000,0.5544267053701016,0.968888888889,0.1000000000000000,0.50000000,0.22807017543859648,0.0,0.0,0.547511312217
HCP1391,0.6486486486486486,0.69699239,0.45653087,0.54839075,0.950413223140,0.4285714285714286,0.31580000,0.66670000,0.48736749820674263,0.819444444444,0.5384615384615385,0.875000,0.584663763909047,0.991111111111,0.5000000000000000,0.62500000,0.3719298245614035,0.3888888888888889,0.4,0.873303167421
HCP1392,0.2162162162162162,0.31361538,0.09337813,0.20602901,0.652892561983,0.2380952380952381,0.18180000,0E-8,0.2105682633298796,0.923611111111,0.6153846153846154,1.000000,0.5665215287856797,0.920000000000,0.2000000000000000,0.33330000,0.7105263157894737,0.0,0.25,0.968325791855
HCP1393,0.2702702702702703,0.28503682,0.13131737,0.30904352,0.958677685950,0.2380952380952381,0.36365000,0.33330000,0.4692356738662629,0.902777777778,0.6153846153846154,1.000000,0.6693275278180938,0.857777777778,0.3000000000000000,1.00000000,0.5935964912280702,0.05555555555555555,0.0,0.968325791855
HCP1394,0.0810810810810811,0.65468614,0.33599328,0.42497733,0.900826446281,0.7857142857142857,0.25000000,0.55560000,0.44409022076990523,1.000000000000,0.9230769230769231,1.000000,0.6652152878567973,0.968888888889,0.4000000000000000,0.80000000,0.34210526315789475,0.0,0.15,0.968325791855
HCP1395,0.9729729729729730,0.54449020,0.16897662,0.24796011,1.000000000000,0.4047619047619048,0.11110000,0E-8,0.35127919024467996,0.923611111111,0.4615384615384615,1.000000,0.4716981132075471,0.706666666667,0.1000000000000000,1.00000000,0.38596491228070173,0.0,0.0,0.805429864253
HCP1396,0.6486486486486486,0.69699239,0.45653087,0.54839075,0.950413223140,0.1666666666666667,0.18750000,0E-8,0.41288754283892565,0.937500000000,0.4615384615384615,0.750000,0.4697629414610547,0.644444444444,0.3000000000000000,1.00000000,0.2982456140350877,0.0,0.5,1.000000000000
HCP1397,0.0810810810810811,0.70460502,0.72798544,0.86661378,0.991735537190,0.2857142857142857,0.26925000,1.00000000,0.6678488881804416,0.916666666667,0.7692307692307692,1.000000,0.3330914368650218,0.915555555556,0.4000000000000000,0.80000000,0.4605263157894737,0.16666666666666666,0.3,0.642533936652
HCP1398,0.1081081081081081,0.62398602,0.59232815,0.77912511,0.867768595041,0.2142857142857143,0.30000000,0E-8,0.25982306527456767,0.875000000000,0.5384615384615385,1.000000,0.36526366715045955,0.906666666667,0.4000000000000000,1.00000000,0.6732456140350878,0.0,0.25,0.904977375566
HCP1399,0.3243243243243243,0.66354674,0.32941341,0.41205802,0.842975206612,0.5476190476190476,0.37500000,0.50000000,0.43261337371483216,0.951388888889,0.3076923076923077,0.800000,0.8144654088050314,0.688888888889,0.2000000000000000,0.66670000,0.42543859649122806,0.1111111111111111,0.0,0.710407239819
HCP1400,0.7837837837837838,0.44327967,0.41173177,0.70829556,0.958677685950,0.3095238095238095,0.28570000,0.33330000,0.5346696421455329,0.861111111111,0.6153846153846154,1.000000,0.4697629414610547,0.937777777778,0.4000000000000000,1.00000000,0.39473684210526316,0.3333333333333333,0.2,0.773755656109
HCP1401,0.2432432432432432,0.21827031,0.13551729,0.37771985,0.958677685950,0.1428571428571429,0.21430000,1.00000000,0.41583645492946525,0.847222222222,0.0769230769230769,0.500000,0.7660861151427188,0.102222222222,0.3000000000000000,0.50000000,0.38596491228070173,0.16666666666666666,0.0,0.547511312217
HCP1402,0.7297297297297297,0.36540621,0.14279714,0.28331822,1.000000000000,0.2380952380952381,0.36365000,0E-8,0.27899099386307485,1.000000000000,0.3846153846153846,1.000000,0.4661344944363813,0.973333333333,0.1000000000000000,0.33330000,0.8947368421052632,0.0,0.0,0.257918552036
HCP1403,0.2432432432432432,0.66117559,0.63222736,0.79329102,0.867768595041,0.4523809523809524,0.30000000,1.00000000,0.48429903562604615,0.993055555556,0.4615384615384615,1.000000,0.3669569424286405,0.844444444444,0.3000000000000000,0.60000000,0.45903508771929824,0.0,0.3,1.000000000000
HCP1404,0.2972972972972973,0.57456633,0.29693406,0.41749773,0.834710743802,0.3095238095238095,0.28570000,1.00000000,0.3030604925480194,0.993055555556,0.8461538461538462,0.916667,0.6129656507014998,0.982222222222,0.6000000000000000,1.00000000,0.4342105263157895,0.1111111111111111,0.65,0.968325791855
HCP1405,0.7567567567567568,0.28029452,0.08399832,0.20002267,0.801652892562,0.2380952380952381,0.27275000,0E-8,0.3906511516697219,0.944444444444,0.6153846153846154,0.888889,0.5,0.924444444444,0.1000000000000000,0.20000000,0.3157894736842105,0.0,0.0,0.452488687783
HCP1406,0.2162162162162162,0.85436166,0.74660507,0.75555304,0.917355371901,0.4523809523809524,0.20000000,0.75000000,0.9316171196301906,1.000000000000,0.7692307692307692,1.000000,0.681422351233672,0.915555555556,0.3000000000000000,1.00000000,0.4357017543859649,0.1111111111111111,0.0,0.837104072398
HCP1407,0.4594594594594595,0.17596406,0.14363713,0.45330916,0.933884297521,0.0476190476190476,0E-8,0E-8,0.1476448553439069,0.965277777778,0.2307692307692308,1.000000,0.4274310595065312,0.928888888889,0E-16,0E-8,0.0,0.0,0.0,0E-12
HCP1408,0.7567567567567568,0.60476725,0.36399272,0.49104714,0.950413223140,0.2142857142857143,0.30000000,0E-8,0.4499481947875987,0.562500000000,0.5384615384615385,1.000000,0.6555394291243347,0.520000000000,0.4000000000000000,0.66670000,0.4057017543859649,0.16666666666666666,0.0,0.968325791855
HCP1409,0.1621621621621622,0.21252964,0.04997900,0.14165911,0.942148760331,0.2619047619047619,0.16665000,0E-8,0.26281182752849286,0.986111111111,0.2307692307692308,1.000000,0.919206579583938,0.893333333333,0.2000000000000000,1.00000000,0.35964912280701755,0.05555555555555555,0.1,0.678733031674
HCP1410,0.2972972972972973,0.72582054,0.50902982,0.59122847,1.000000000000,0.7619047619047619,0.22725000,0.33330000,0.5369012512951303,0.986111111111,0.3076923076923077,1.000000,0.20367682631833572,0.711111111111,0.6000000000000000,0.85710000,0.48973684210526314,0.3333333333333333,0.2,0.805429864253
HCP1411,0.6486486486486486,0.37139648,0.18255635,0.35788758,0.983471074380,0.1904761904761905,0.27780000,0E-8,0.2849286682075397,0.861111111111,0.3076923076923077,0.800000,0.20488630865989357,0.946666666667,0.3000000000000000,1.00000000,0.47956140350877197,0.1111111111111111,0.0,0.900452488688
HCP1412,0.7297297297297297,0.64557594,0.28573429,0.36559383,0.933884297521,0.4285714285714286,0.28945000,0.50000000,0.22045110384952582,0.895833333333,0.2307692307692308,1.000000,0.22593130140299952,0.151111111111,0.3000000000000000,0.75000000,0.3304385964912281,0.0,0.3,0.615384615385
HCP1413,0.8378378378378378,0.46823911,0.26417472,0.43585675,0.900826446281,0.2380952380952381,0.40910000,0E-8,0.380130708535905,0.902777777778,0.4615384615384615,1.000000,0.6168359941944848,0.871111111111,0.2000000000000000,0.40000000,0.4780701754385965,0.0,0.15,0.936651583710
HCP1414,0.1351351351351351,0.22575814,0.20733585,0.56663645,1.000000000000,0.2619047619047619,0.16665000,1.00000000,0.3202757631306288,0.944444444444,0.2307692307692308,1.000000,0.5645863570391872,0.662222222222,0.3000000000000000,0.75000000,0.5,0.05555555555555555,0.2,0.968325791855
HCP1415,0.5135135135135135,0.28216648,0.06831863,0.16194470,0.876033057851,0.0238095238095238,0.50000000,0E-8,0.047820196062803855,0.645833333333,0.6923076923076923,1.000000,0.5914368650217707,0.937777777778,0E-16,0E-8,0.0,0.0,0.0,0E-12
HCP1416,0.5945945945945946,0.47997005,0.25451491,0.41205802,1.000000000000,0.1666666666666667,0.12500000,0E-8,0.48350203235833267,0.909722222222,0.6153846153846154,0.800000,0.5919206579583938,0.911111111111,0.2000000000000000,0.66670000,0.7850877192982456,0.05555555555555555,0.2,0.968325791855
HCP1417,0.9189189189189189,0.50230875,0.32493350,0.50804624,1.000000000000,0.2619047619047619,0.37500000,0E-8,0.27572328046544997,0.993055555556,0.5384615384615385,1.000000,0.4308176100628931,0.946666666667,0.5000000000000000,0.71430000,0.4719298245614035,0.1111111111111111,0.1,0.936651583710
HCP1418,0.5675675675675676,0.32035442,0.03261935,0.07082956,0.859504132231,0.3095238095238095,0.28570000,0.66670000,0.38551048059297044,0.979166666667,0.2307692307692308,1.000000,0.7418964683115626,0.586666666667,0.2000000000000000,0.50000000,0.4956140350877193,0.0,0.05,0.515837104072
HCP1419,0.4324324324324324,0.47997005,0.22105558,0.35788758,0.975206611570,0.6428571428571429,0.28570000,0.50000000,0.7063839961743843,0.958333333333,0.7692307692307692,1.000000,0.6910982099661345,0.653333333333,0.2000000000000000,0.66670000,0.29385964912280704,0.0,0.0,0.868778280543
HCP1420,0.7027027027027027,0.71396481,0.49587008,0.58386219,1.000000000000,0.4761904761904762,0.21430000,0.33330000,0.5292500199250817,1.000000000000,0.3846153846153846,0.833333,0.6008708272859217,0.884444444444,0.2000000000000000,1.00000000,0.42543859649122806,0.16666666666666666,0.0,0.416289592760
HCP1421,0.1081081081081081,0.62398602,0.37687246,0.49580689,0.925619834711,0.5714285714285714,0.24000000,0E-8,0.6168805292101698,0.979166666667,0.6923076923076923,0.900000,0.3524431543299467,0.951111111111,0.3000000000000000,1.00000000,0.5116666666666666,0.0,0.35,0.805429864253
HCP1422,0.9189189189189189,0.41307875,0.27495450,0.49864007,0.983471074380,0.3333333333333333,0.30000000,0.20000000,0.5023511596397545,0.979166666667,0.5384615384615385,1.000000,0.613933236574746,0.813333333333,0.2000000000000000,0.66670000,0.5131578947368421,0.0,0.0,0.615384615385
HCP1423,0.3783783783783784,0.51466367,0.34999300,0.53683137,0.950413223140,0.5238095238095238,0.34785000,0.66670000,0.4848170877500598,0.958333333333,0.3076923076923077,0.800000,0.5725689404934687,0.888888888889,0E-16,0E-8,0.0,0.0,0.0,0E-12
HCP1424,0.9189189189189189,0.63596655,0.37505250,0.48572076,0.925619834711,0.1666666666666667,0.12500000,1.00000000,0.5851597991551767,0.743055555556,0.2307692307692308,0.600000,0.7564102564102564,0.800000000000,0.2000000000000000,1.00000000,0.75,0.05555555555555555,0.4,0.904977375566
HCP1425,0.5405405405405405,0.39086484,0.23337533,0.44072983,0.983471074380,0.2857142857142857,0.34615000,0E-8,0.2958874631385989,0.993055555556,0.4615384615384615,0.857143,0.5621673923560716,0.933333333333,0.1000000000000000,1.00000000,0.3333333333333333,0.16666666666666666,0.15,0.873303167421
HCP1426,0.1081081081081081,0.47997005,0.16155677,0.26155938,0.991735537190,0.1666666666666667,0.25000000,1.00000000,0.47505379772057066,0.840277777778,0.3076923076923077,1.000000,0.4274310595065312,0.777777777778,0.2000000000000000,0.40000000,0.6447368421052632,0.0,0.15,0.904977375566
HCP1427,0.4864864864864865,0.60476725,0.31499370,0.42497733,0.851239669421,0.5000000000000000,0.34090000,0.25000000,0.4921893679764087,0.993055555556,0.6923076923076923,0.900000,0.6475568456700532,0.786666666667,0.2000000000000000,0.50000000,0.2850877192982456,0.0,0.05,0.226244343891
HCP1428,0.2702702702702703,0.51903157,0.52498950,0.79997733,0.983471074380,0.5000000000000000,0.36365000,1.00000000,0.43149756914003357,0.993055555556,0.1538461538461538,0.666667,0.3952588292210934,0.693333333333,0.3000000000000000,1.00000000,0.4151754385964912,0.1111111111111111,0.2,0.710407239819
HCP1429,0.5675675675675676,0.69761637,0.39073219,0.46894832,0.983471074380,0.4523809523809524,0.22500000,0.25000000,0.7415318402805453,0.986111111111,0.6153846153846154,0.800000,0.19279148524431544,0.960000000000,0.2000000000000000,0.66670000,0.25877192982456143,0.05555555555555555,0.1,1.000000000000
HCP1430,0.7837837837837838,0.29639336,0.08231835,0.18891659,0.966942148760,0.0238095238095238,0.75000000,0E-8,0.37817805053000714,0.631944444444,0.5384615384615385,1.000000,0.37566521528785674,0.911111111111,0.3000000000000000,0.50000000,0.41228070175438597,0.0,0.0,0.647058823529
HCP1431,0.2162162162162162,0.39673031,0.18661627,0.34870807,0.719008264463,0.2380952380952381,0.45455000,0E-8,0.3459392683510002,0.937500000000,0.7692307692307692,1.000000,0.4782293178519594,0.955555555556,0.2000000000000000,0.50000000,0.3508771929824561,0.05555555555555555,0.0,0.678733031674
HCP1432,0.3513513513513514,0.42643205,0.32003360,0.56663645,0.917355371901,0.2142857142857143,0.40000000,0.75000000,0.2754841794851359,0.833333333333,0.3076923076923077,1.000000,0.35486211901306236,0.773333333333,0.2000000000000000,0.50000000,0.5175438596491229,0.0,0.2,0.968325791855
HCP1433,0.3243243243243243,0.44327967,0.24709506,0.42497733,0.942148760331,0.3809523809523810,0.29410000,1.00000000,0.5051406710767514,1.000000000000,0.6153846153846154,0.888889,0.24455732946298986,0.955555555556,0.2000000000000000,1.00000000,0.6491228070175439,0.0,0.05,0.710407239819
HCP1434,0.5675675675675676,0.49444652,0.26039479,0.41205802,0.760330578512,0.2380952380952381,0.18180000,0E-8,0.5649159161552562,0.736111111111,0.6153846153846154,0.888889,0.37639090469279146,0.880000000000,0.1000000000000000,0.33330000,0.19298245614035087,0.16666666666666666,0.0,0.868778280543
HCP1435,0.0270270270270270,0.39860227,0.36525269,0.67996374,0.876033057851,0.5714285714285714,0.26000000,0.66670000,0.6605563082808639,0.979166666667,0.5384615384615385,1.000000,0.4344460570875665,0.920000000000,0.4000000000000000,1.00000000,0.7127192982456141,0.2777777777777778,0.15,0.837104072398
HCP1436,0.8378378378378378,0.27979533,0.13201736,0.31482321,0.752066115702,0.4285714285714286,0.13160000,0E-8,0.2794293456603172,0.951388888889,0.5384615384615385,0.875000,0.4487179487179486,0.991111111111,0E-16,0E-8,0.0,0.0,0.0,0E-12
HCP1437,0.0810810810810811,0.45501061,0.22399552,0.37771985,0.512396694215,0.2857142857142857,0.57690000,1.00000000,0.47126803219893204,0.958333333333,0.8461538461538462,0.916667,0.4716981132075471,0.964444444444,0.6000000000000000,0.75000000,0.4342105263157895,0.0,0.45,1.000000000000
HCP1438,0.0810810810810811,0.20541620,0.16799664,0.48572076,0.710743801653,0.3571428571428571,0.25000000,0E-8,0.2580696580855982,0.923611111111,0.3076923076923077,1.000000,0.5725689404934687,0.702222222222,0.3000000000000000,0.60000000,0.41228070175438597,0.0,0.2,0.805429864253
HCP1439,0.6756756756756757,0.41357794,0.11913762,0.21588849,0.942148760331,0.1190476190476190,0.25000000,0E-8,0.297082968040169,0.576388888889,0.3076923076923077,0.800000,0.7177068214804063,0.644444444444,0.2000000000000000,0.50000000,0.3201754385964912,0.0,0.25,0.579185520362
HCP1440,0.5135135135135135,0.40384375,0.20481590,0.37771985,1.000000000000,0.2857142857142857,0.30770000,0.33330000,0.3305969554475173,0.951388888889,0.2307692307692308,1.000000,0.6047411707789065,0.648888888889,0.4000000000000000,1.00000000,0.4342105263157895,0.1111111111111111,0.25,0.868778280543
HCP1441,0.6756756756756757,0.57294397,0.35741285,0.50362647,0.991735537190,0.3571428571428571,0.28125000,0E-8,0.524507850482187,0.937500000000,0.3846153846153846,1.000000,0.42259313014029987,0.986666666667,0.4000000000000000,0.80000000,0.29385964912280704,0.3888888888888889,0.35,1.000000000000
HCP1442,0.8648648648648649,0.27193311,0.10373793,0.25181324,0.925619834711,0.1666666666666667,0.18750000,0E-8,0.5128317526101857,0.861111111111,0.5384615384615385,0.777778,0.4704886308659894,0.902222222222,0.2000000000000000,0.50000000,0.5657894736842105,0.05555555555555555,0.1,0.773755656109
HCP1443,0.8918918918918919,0.76363409,0.53450931,0.59496827,0.925619834711,0.1904761904761905,0.33335000,1.00000000,0.7814218538296008,0.951388888889,0.3846153846153846,1.000000,0.7757619738751813,0.884444444444,0.4000000000000000,0.66670000,0.44298245614035087,0.1111111111111111,0.3,1.000000000000
HCP1444,0.4594594594594595,0.39997504,0.21531569,0.39993200,1.000000000000,0.4523809523809524,0.20000000,0.40000000,0.3988204351637842,0.965277777778,0.6153846153846154,1.000000,0.40638606676342515,0.617777777778,0.3000000000000000,0.50000000,0.5350877192982456,0.2222222222222222,0.1,0.968325791855
HCP1445,0.9189189189189189,0.70285786,0.27495450,0.32808250,0.983471074380,0.1666666666666667,0.62500000,0.33330000,0.3304375547939747,0.958333333333,0.5384615384615385,1.000000,0.39622641509433965,0.702222222222,0.1000000000000000,0.25000000,0.2894736842105263,0.0,0.0,0.452488687783
HCP1446,0.6216216216216216,0.38287782,0.21783564,0.41749773,0.909090909091,0.6190476190476190,0.24075000,1.00000000,0.430222363911692,0.951388888889,0.6153846153846154,1.000000,0.5665215287856797,0.804444444444,0.4000000000000000,1.00000000,0.37280701754385964,0.2222222222222222,0.15,0.773755656109
HCP1447,0.7027027027027027,0.66192437,0.40837183,0.51178604,1.000000000000,0.1666666666666667,0.25000000,1.00000000,0.3112297760420818,0.736111111111,0.3076923076923077,1.000000,0.42138364779874216,0.946666666667,0.7000000000000000,0.77780000,0.4674561403508772,0.2777777777777778,0.35,0.837104072398
HCP1448,0.0810810810810811,0.40509173,0.16799664,0.30904352,0.776859504132,0.2857142857142857,0.26925000,0.71430000,0.25918546266039694,0.944444444444,0.3846153846153846,1.000000,0.6451378809869376,0.875555555556,0.1000000000000000,0.33330000,0.38596491228070173,0.16666666666666666,0.0,0.773755656109
HCP1449,0.4324324324324324,0.47997005,0.40529189,0.65605168,0.925619834711,0.3571428571428571,0.40625000,0.75000000,0.43034191440184905,0.868055555556,0.6153846153846154,1.000000,0.6693275278180938,0.982222222222,0.4000000000000000,0.66670000,0.5767543859649122,0.16666666666666666,0.3,0.904977375566
HCP1450,0.8378378378378378,0.32696868,0.23771525,0.50997280,0.909090909091,0.3095238095238095,0.46430000,0.50000000,0.5340718896947477,0.916666666667,0.3846153846153846,0.833333,0.7539912917271407,0.986666666667,0E-16,0E-8,0.0,0.0,0.0,0E-12
HCP1451,0.2702702702702703,0.75302633,0.61248775,0.68982321,0.900826446281,0.4523809523809524,0.42500000,0.25000000,0.5806965808559816,0.944444444444,0.6923076923076923,0.818182,0.656023222060958,0.697777777778,0.3000000000000000,0.75000000,0.520438596491228,0.16666666666666666,0.15,0.837104072398
HCP1452,0.1621621621621622,0.88106826,0.49993000,0.49274705,1.000000000000,0.7380952380952381,0.29690000,0.50000000,0.6015780664700727,0.986111111111,0.9230769230769231,0.923077,0.5706337687469764,0.991111111111,0.2000000000000000,1.00000000,0.2675438596491228,0.16666666666666666,0.05,0.547511312217
HCP1453,0.4054054054054054,0.36191189,0.18913622,0.37771985,0.975206611570,0.2857142857142857,0.30770000,1.00000000,0.21180361839483539,1.000000000000,0.3076923076923077,1.000000,0.5665215287856797,0.920000000000,0.1000000000000000,0.50000000,0.7631578947368421,0.16666666666666666,0.2,0.904977375566
HCP1454,0.8378378378378378,0.56233620,0.18493630,0.26439257,1.000000000000,0.2142857142857143,0.30000000,1.00000000,0.5816529847772377,0.902777777778,0.6923076923076923,0.900000,0.5556361877116593,1.000000000000,0.3000000000000000,1.00000000,0.42692982456140355,0.2222222222222222,0.05,0.547511312217
HCP1455,0.5675675675675676,0.49444652,0.22791544,0.36060743,0.991735537190,0.1904761904761905,0.11110000,0E-8,0.4386307483860684,0.944444444444,0.3076923076923077,1.000000,0.227866473149492,0.835555555556,0E-16,0E-8,0.0,0.0,0.0,0E-12
HCP1456,0.2432432432432432,0.41956820,0.36133277,0.64755213,0.958677685950,0.5714285714285714,0.22000000,1.00000000,0.48549454052761615,0.972222222222,0.6153846153846154,1.000000,0.409288824383164,0.942222222222,0.3000000000000000,0.60000000,0.4357017543859649,0.05555555555555555,0.2,0.742081447964
HCP1457,0.3783783783783784,0.30662673,0.11661767,0.26155938,0.793388429752,0.1666666666666667,0.50000000,1.00000000,0.38323902127998727,0.937500000000,0.6923076923076923,1.000000,0.4112239961296565,0.982222222222,0.4000000000000000,1.00000000,0.5087719298245614,0.0,0.6,0.904977375566
HCP1458,0.8918918918918919,0.35517284,0.20369593,0.41205802,0.966942148760,0.3095238095238095,0.14285000,0E-8,0.17749262771977367,0.895833333333,0.2307692307692308,1.000000,0.19351717464925006,0.888888888889,0.2000000000000000,0.50000000,0.4692982456140351,0.0,0.0,1.000000000000
HCP1459,0.7027027027027027,0.66192437,0.40837183,0.51178604,1.000000000000,0.6190476190476190,0.29630000,0.60000000,0.519446879732207,0.979166666667,0.5384615384615385,0.875000,0.3519593613933236,0.835555555556,0.3000000000000000,0.60000000,0.6432456140350877,0.05555555555555555,0.2,0.805429864253
HCP1460,0.6216216216216216,0.41058280,0.18661627,0.33998187,0.983471074380,0.3095238095238095,0.14285000,1.00000000,0.3403602454770065,0.916666666667,0.2307692307692308,1.000000,0.40324141267537494,0.991111111111,0.5000000000000000,1.00000000,0.33508771929824566,0.16666666666666666,0.3,0.873303167421
HCP1461,0.9189189189189189,0.83651566,0.65000700,0.66965095,1.000000000000,0.4047619047619048,0.16665000,1.00000000,0.6933529927472704,1.000000000000,0.3076923076923077,0.800000,0.5193517174649249,0.973333333333,0.3000000000000000,0.60000000,0.5146491228070176,0.0,0.0,0.904977375566
HCP1462,0.3243243243243243,0.51666043,0.32941341,0.50362647,0.933884297521,0.2142857142857143,0.20000000,0.33330000,0.9009324938232248,0.951388888889,0.3076923076923077,1.000000,0.5967585873246251,0.751111111111,0.2000000000000000,1.00000000,0.5175438596491229,0.1111111111111111,0.3,0.805429864253
HCP1463,0.6756756756756757,0.25421191,0.11913762,0.30224388,0.983471074380,0.1428571428571429,0.14285000,0.50000000,0.4687574719056349,0.944444444444,0.3846153846153846,0.833333,0.540396710208031,0.831111111111,0E-16,0E-8,0.0,0.0,0.0,0E-12
HCP1464,0.9189189189189189,0.56907525,0.30001400,0.42497733,0.958677685950,0.5714285714285714,0.20000000,0.25000000,0.3292021997290189,0.965277777778,0.3846153846153846,1.000000,0.21940009675858727,0.835555555556,0.2000000000000000,1.00000000,0.31140350877192985,0.0,0.15,0.289592760181
HCP1465,0.0810810810810811,0.35517284,0.22399552,0.45330916,0.933884297521,0.4285714285714286,0.18420000,0.25000000,0.44014505459472386,0.881944444444,0.5384615384615385,1.000000,0.6485244315432994,0.822222222222,0.2000000000000000,0.50000000,0.43859649122807015,0.0,0.0,0.805429864253
HCP1466,0.1081081081081081,0.38400100,0.16155677,0.30904352,0.950413223140,0.4523809523809524,0.27500000,0.50000000,0.35777476687654425,0.979166666667,0.2307692307692308,1.000000,0.5,0.968888888889,0.2000000000000000,1.00000000,0.45614035087719296,0.1111111111111111,0.0,0.610859728507
HCP1467,0.8378378378378378,0.65655809,0.58112838,0.73334089,0.950413223140,0.6428571428571429,0.37500000,0E-8,0.7427671953455011,0.923611111111,0.4615384615384615,0.857143,0.5275761973875182,1.000000000000,0.3000000000000000,1.00000000,0.42692982456140355,0.1111111111111111,0.1,0.873303167421
HCP1468,0.8918918918918919,0.67278173,0.58546829,0.72404805,0.884297520661,0.1666666666666667,0.25000000,0.40000000,0.38650673467761215,0.659722222222,0.6923076923076923,0.900000,0.26536042573778423,1.000000000000,0.6000000000000000,0.85710000,0.48096491228070176,0.3333333333333333,0.25,1.000000000000
HCP1469,0.1081081081081081,0.67190815,0.43077138,0.53331822,1.000000000000,0.6190476190476190,0.27780000,0.50000000,0.5609707499800751,0.993055555556,0.8461538461538462,0.846154,0.5892597968069666,0.786666666667,0.5000000000000000,0.83330000,0.45614035087719296,0.5,0.0,0.968325791855
HCP1470,0.2702702702702703,0.67502808,0.30631387,0.37771985,0.661157024793,0.1666666666666667,0.43750000,0E-8,0.305411652187774,0.909722222222,0.7692307692307692,0.909091,0.5570875665215288,0.951111111111,0.3000000000000000,1.00000000,0.5789473684210527,0.0,0.0,0.579185520362
HCP1471,0.7837837837837838,0.46773992,0.43917122,0.72529465,0.975206611570,0.2142857142857143,0.45000000,0.50000000,0.24057543635928905,0.881944444444,0.3076923076923077,0.800000,0.5628930817610063,0.977777777778,0.2000000000000000,1.00000000,0.3508771929824561,0.2777777777777778,0.0,0.226244343891
HCP1472,0.5405405405405405,0.30163484,0.06663867,0.15106528,0.983471074380,0.2857142857142857,0.23075000,0E-8,0.5463457400175342,0.979166666667,0.2307692307692308,0.750000,0.3367198838896952,0.986666666667,0.1000000000000000,0.33330000,0.7280701754385965,0.0,0.0,0.579185520362
HCP1473,0.5945945945945946,0.65019344,0.28629427,0.36423391,0.925619834711,0.1904761904761905,0.22220000,0E-8,0.29477165856380017,0.819444444444,0.6923076923076923,0.900000,0.434687953555878,0.915555555556,0.2000000000000000,0.40000000,0.30701754385964913,0.1111111111111111,0.0,0.610859728507
HCP1474,0.7837837837837838,0.73692749,0.43917122,0.50362647,0.950413223140,0.2380952380952381,0.31820000,0.25000000,0.4399856539411812,0.979166666667,0.3076923076923077,0.666667,0.6572327044025157,0.751111111111,0.8000000000000000,1.00000000,0.45614035087719296,1.0,0.55,0.773755656109
HCP1475,0.8918918918918919,0.44590041,0.20369593,0.34870807,0.983471074380,0.0952380952380952,0.30000000,1.00000000,0.400773093169682,0.638888888889,0.6923076923076923,0.900000,0.49032414126753754,0.911111111111,0.1000000000000000,1.00000000,0.6666666666666666,0.0,0.0,0.321266968326
HCP1476,0.4594594594594595,0.36802696,0.21531569,0.42497733,0.785123966942,0.2142857142857143,0.25000000,1.00000000,0.36431019367179407,1.000000000000,0.6153846153846154,1.000000,0.38219641993226894,0.933333333333,0.1000000000000000,1.00000000,0.41228070175438597,0.0,0.05,0.936651583710
HCP1477,0.6756756756756757,0.67914639,0.44673107,0.54839075,0.991735537190,0.2380952380952381,0.36365000,0.50000000,0.43719614250418426,0.958333333333,0.3076923076923077,0.800000,0.3984034833091436,0.995555555556,0.7000000000000000,0.77780000,0.37719298245614036,0.2222222222222222,0.45,1.000000000000
HCP1478,0.5405405405405405,0.56907525,0.36665267,0.51937897,1.000000000000,0.0714285714285714,0.37500000,0E-8,0.3137801864987646,0.666666666667,0.5384615384615385,1.000000,0.28229317851959357,0.968888888889,0.3000000000000000,1.00000000,0.520438596491228,0.0,0.05,0.579185520362
HCP1479,0.5945945945945946,0.59341071,0.31821364,0.43585675,0.966942148760,0.6190476190476190,0.37035000,1.00000000,0.5184506256475653,0.923611111111,0.6923076923076923,0.900000,0.49032414126753754,0.946666666667,0.2000000000000000,0.50000000,0.2324561403508772,0.0,0.0,0.547511312217
HCP1480,0.8378378378378378,0.23274679,0.07923842,0.21248867,0.983471074380,0.1428571428571429,0.28570000,0E-8,0.18442655614888026,0.881944444444,0.2307692307692308,1.000000,0.5321722302854378,0.862222222222,0E-16,0E-8,0.0,0.0,0.0,0E-12
HCP1481,0.3243243243243243,0.29639336,0.28825423,0.66103808,0.884297520661,0.3571428571428571,0.28125000,1.00000000,0.3791743046146489,0.861111111111,0.3846153846153846,0.555556,0.6289308176100629,0.604444444444,0.1000000000000000,0.50000000,0.34210526315789475,0.0,0.0,0.321266968326
HCP1482,0.5675675675675676,0.63958567,0.42321154,0.54567090,0.917355371901,0.0714285714285714,0.37500000,1.00000000,0.5398900135490556,0.423611111111,0.2307692307692308,0.750000,0.7781809385582971,0.728888888889,0.2000000000000000,0.50000000,0.23684210526315788,0.0,0.05,0.420814479638
HCP1483,0.8378378378378378,0.09147635,0E-8,0E-8,0.818181818182,0.0714285714285714,0.12500000,0E-8,0.3247788315932096,0.444444444444,0.5384615384615385,1.000000,0.17851959361393324,0.715555555556,0E-16,0E-8,0.0,0.0,0.0,0E-12
HCP1484,0.7837837837837838,0.59004118,0.27453451,0.37771985,0.975206611570,0.3571428571428571,0.34375000,0E-8,0.4354028851518291,0.854166666667,0.4615384615384615,0.750000,0.3459119496855345,0.897777777778,0.3000000000000000,0.60000000,0.37429824561403513,0.1111111111111111,0.0,0.678733031674
HCP1485,0.8108108108108108,0.86397105,0.67310654,0.67452403,0.991735537190,0.8095238095238095,0.24285000,0.25000000,0.6207459950585799,0.972222222222,0.4615384615384615,1.000000,0.3144654088050314,1.000000000000,0.1000000000000000,0.33330000,0.5,0.1111111111111111,0.0,0.352941176471
HCP1486,0.7297297297297297,0.44178210,0.20005600,0.34485494,0.975206611570,0.5000000000000000,0.22725000,0.50000000,0.4894397067027975,0.895833333333,0.4615384615384615,0.857143,0.4308176100628931,0.906666666667,0.5000000000000000,0.83330000,0.40175438596491225,0.1111111111111111,0.35,0.837104072398
HCP1487,0.7297297297297297,0.59453388,0.31429371,0.42985041,0.991735537190,0.5238095238095238,0.28260000,1.00000000,0.3325097632900295,0.722222222222,0.2307692307692308,1.000000,0.6209482341557813,0.760000000000,0.4000000000000000,1.00000000,0.30043859649122806,0.05555555555555555,0.05,0.868778280543
HCP1488,0.7837837837837838,0.41881942,0.21965561,0.39415231,0.975206611570,0.3571428571428571,0.25000000,0.50000000,0.3794134055949629,1.000000000000,0.2307692307692308,1.000000,0.556361877116594,0.951111111111,0.1000000000000000,0.50000000,0.3684210526315789,0.0,0.0,0.873303167421
HCP1489,0.7297297297297297,0.64557594,0.37141257,0.47529465,0.933884297521,0.3809523809523810,0.38235000,0E-8,0.5664700725272975,0.833333333333,0.3076923076923077,1.000000,0.5241896468311562,0.480000000000,0.3000000000000000,1.00000000,0.4298245614035088,0.0,0.15,0.837104072398
HCP1490,0.4864864864864865,0.76076376,0.38499230,0.42985041,0.900826446281,0.2142857142857143,0.40000000,0E-8,0.8181238543078028,0.909722222222,0.2307692307692308,0.750000,0.30648282535074983,0.173333333333,0.6000000000000000,0.85710000,0.37280701754385964,0.2222222222222222,0.6,0.773755656109
HCP1491,0.4594594594594595,0.39997504,0.28713426,0.53331822,0.966942148760,0.3809523809523810,0.11765000,0.50000000,0.404399458037778,0.888888888889,0.5384615384615385,1.000000,0.46540880503144655,0.795555555556,0E-16,0E-8,0.0,0.0,0.0,0E-12
HCP1492,0.7837837837837838,0.56558093,0.19221616,0.27357208,0.876033057851,0.3333333333333333,0.36665000,0.50000000,0.577389017294971,0.930555555556,0.3846153846153846,1.000000,0.3645379777455248,0.777777777778,0.1000000000000000,0.50000000,0.7719298245614035,0.16666666666666666,0.15,0.158371040724
HCP1493,0.3513513513513514,0.46212405,0.27999440,0.46668178,0.950413223140,0.2857142857142857,0.19230000,0.66670000,0.5519247628915278,0.937500000000,0.3076923076923077,1.000000,0.7660861151427188,0.866666666667,0.2000000000000000,0.40000000,0.35526315789473684,0.1111111111111111,0.1,0.837104072398
HCP1494,0.5675675675675676,0.37838512,0.32563349,0.62964642,0.975206611570,0.2142857142857143,0.10000000,0E-8,0.3380489360006376,0.833333333333,0.2307692307692308,0.750000,0.5060474117077891,0.880000000000,0.1000000000000000,0.50000000,0.631578947368421,0.0,0.2,0.579185520362
HCP1495,0.7297297297297297,0.41632347,0.20005600,0.36060743,1.000000000000,0.2619047619047619,0.37500000,0E-8,0.6226189527377063,0.993055555556,0.3846153846153846,1.000000,0.49032414126753754,0.968888888889,0E-16,0E-8,0.0,0.0,0.0,0E-12
HCP1496,0.7027027027027027,0.68800699,0.40837183,0.49580689,1.000000000000,0.4285714285714286,0.44735000,0.85710000,0.6048059297043119,0.916666666667,0.5384615384615385,1.000000,0.5275761973875182,0.968888888889,0.5000000000000000,0.71430000,0.3736842105263158,0.3333333333333333,0.55,0.615384615385
HCP1497,0.1081081081081081,0.62398602,0.37687246,0.49580689,1.000000000000,0.4285714285714286,0.42105000,0.50000000,0.7027177811429028,0.965277777778,0.4615384615384615,0.857143,0.517174649250121,0.848888888889,0.1000000000000000,1.00000000,0.4824561403508772,0.0,0.05,0.936651583710
HCP1498,0.3243243243243243,0.55335080,0.41173177,0.59644152,0.917355371901,0.2380952380952381,0.40910000,0E-8,0.5243484498286443,0.875000000000,0.7692307692307692,1.000000,0.6499758103531689,0.986666666667,0.2000000000000000,0.50000000,0.6491228070175439,0.0,0.2,0.968325791855
HCP1499,0.5945945945945946,0.33820042,0.19095618,0.39993200,0.983471074380,0.3571428571428571,0.28125000,0.66670000,0.40973937993145776,0.944444444444,0.1538461538461538,0.666667,0.2501209482341558,0.128888888889,0.3000000000000000,0.75000000,0.5642982456140351,0.05555555555555555,0.25,0.904977375566
HCP1500,0.8378378378378378,0.89205042,0.84530309,0.82422937,0.966942148760,0.3095238095238095,0.46430000,0.50000000,0.30086873356180766,0.944444444444,0.6153846153846154,0.888889,0.5805515239477503,0.782222222222,0.3000000000000000,1.00000000,0.41228070175438597,0.05555555555555555,0.2,1.000000000000
HCP1501,0.1621621621621622,0.12342444,0E-8,0E-8,0.644628099174,0.0714285714285714,0.12500000,0E-8,0.21407507770781867,0.979166666667,0.3076923076923077,1.000000,0.584663763909047,0.822222222222,0.1000000000000000,1.00000000,0.21052631578947367,0.0,0.0,0.547511312217
HCP1502,0.8108108108108108,0.62398602,0.53842923,0.70829556,0.991735537190,0.2142857142857143,0.50000000,1.00000000,0.48067267075795006,0.965277777778,0.3846153846153846,0.555556,0.5377358490566039,0.937777777778,0.3000000000000000,1.00000000,0.5379824561403509,0.0,0.15,0.710407239819
HCP1503,0.7837837837837838,0.39435917,0.16463671,0.30904352,0.842975206612,0.3095238095238095,0.17855000,0E-8,0.30636805610903006,0.993055555556,0.5384615384615385,0.777778,0.3655055636187712,0.711111111111,0.1000000000000000,0.33330000,0.35964912280701755,0.0,0.0,0.868778280543
HCP1504,0.1351351351351351,0.41058280,0.10373793,0.18891659,0.975206611570,0.0952380952380952,0.30000000,0.50000000,0.42376663744321347,0.944444444444,0.3846153846153846,0.833333,0.34276729559748426,0.982222222222,0E-16,0E-8,0.0,0.0,0.0,0E-12
HCP1505,0.7027027027027027,0.79196306,0.46661067,0.50362647,0.966942148760,0.3571428571428571,0.25000000,0E-8,0.492388618793337,0.930555555556,0.6923076923076923,0.900000,0.584663763909047,0.911111111111,0.3000000000000000,0.75000000,0.6900877192982456,0.16666666666666666,0.25,0.647058823529
HCP1506,0.8378378378378378,0.49170099,0.26417472,0.41976428,0.966942148760,0.4047619047619048,0.36110000,0.50000000,0.28803698095162195,0.909722222222,0.3076923076923077,1.000000,0.3367198838896952,0.675555555556,0.5000000000000000,0.83330000,0.5087719298245614,0.05555555555555555,0.65,0.968325791855
HCP1507,0.2702702702702703,0.32397354,0.13131737,0.28331822,0.636363636364,0.1428571428571429,0.07145000,0E-8,0.5388140591376424,0.562500000000,0.2307692307692308,1.000000,0.7822931785195937,0.768888888889,0.4000000000000000,0.80000000,0.5328947368421053,0.0,0.2,0.936651583710
HCP1508,0.2432432432432432,0.45987770,0.18059639,0.30224388,0.760330578512,0.2380952380952381,0.22725000,0E-8,0.31274408225073724,0.993055555556,0.6153846153846154,0.888889,0.3359941944847605,0.986666666667,0.1000000000000000,0.33330000,0.8157894736842105,0.05555555555555555,0.0,0.162895927602
HCP1509,0.2972972972972973,0.53675278,0.42419152,0.62964642,0.950413223140,0.3571428571428571,0.25000000,0.50000000,0.5382163066868574,0.763888888889,0.3076923076923077,0.800000,0.35486211901306236,0.875555555556,0.3000000000000000,0.75000000,0.4678070175438596,0.2222222222222222,0.1,0.773755656109
HCP1510,0.7837837837837838,0.39435917,0.10975780,0.20602901,0.933884297521,0.1190476190476190,0.16665000,0E-8,0.33980234318960706,0.972222222222,0.3076923076923077,0.666667,0.3790517658442186,0.791111111111,0.4000000000000000,0.80000000,0.42105263157894735,0.05555555555555555,0.25,0.968325791855
HCP1511,0.6756756756756757,0.73218520,0.50636987,0.58386219,0.958677685950,0.4285714285714286,0.39475000,1.00000000,0.388220291703196,0.902777777778,0.6923076923076923,1.000000,0.6182873730043541,0.964444444444,0.4000000000000000,0.80000000,0.45394736842105265,0.1111111111111111,0.35,0.484162895928
HCP1512,0.0810810810810811,0.20541620,0.05599888,0.16194470,0.669421487603,0.1190476190476190,0.25000000,0E-8,0.2613772216466087,0.965277777778,0.3846153846153846,1.000000,0.7031930333817126,0.777777777778,0E-16,0E-8,0.0,0.0,0.0,0E-12
HCP1513,0.2162162162162162,0.31361538,0.18661627,0.41205802,0.966942148760,0.0714285714285714,0.75000000,0E-8,0.37216067585877105,0.736111111111,0.2307692307692308,1.000000,0.2501209482341558,0.786666666667,0.4000000000000000,0.80000000,0.5504385964912281,0.0,0.3,0.805429864253
HCP1514,0.7567567567567568,0.50492949,0.36399272,0.56663645,0.925619834711,0.5476190476190476,0.37500000,0.66670000,0.5685422810233522,0.993055555556,0.4615384615384615,0.750000,0.6088534107402032,0.902222222222,0.2000000000000000,0.50000000,0.4166666666666667,0.05555555555555555,0.0,0.321266968326
HCP1515,0.4324324324324324,0.54561338,0.29469411,0.43177697,0.975206611570,0.1904761904761905,0.22220000,0.33330000,0.4979676416673308,0.972222222222,0.6923076923076923,1.000000,0.6531204644412191,0.942222222222,0.2000000000000000,0.40000000,0.37719298245614036,0.1111111111111111,0.0,0.194570135747
HCP1516,0.2432432432432432,0.45987770,0E-8,0E-8,0.842975206612,0.0952380952380952,0.30000000,0E-8,0.41320634414601104,0.951388888889,0.5384615384615385,1.000000,0.40662796323173683,0.884444444444,0.5000000000000000,0.83330000,0.42105263157894735,0.1111111111111111,0.4,0.868778280543
HCP1517,0.1891891891891892,0.32933982,0.14475710,0.30904352,0.991735537190,0.1190476190476190,0.41665000,0E-8,0.43181637044711885,0.763888888889,0.7692307692307692,1.000000,0.8313981615868409,0.817777777778,0.3000000000000000,0.75000000,0.2543859649122807,0.05555555555555555,0.1,0.868778280543
HCP1518,0.8108108108108108,0.84000998,0.59232815,0.60811423,0.983471074380,0.6190476190476190,0.29630000,1.00000000,0.5191280784251214,0.951388888889,0.6153846153846154,0.888889,0.7498790517658441,0.991111111111,0.4000000000000000,1.00000000,0.31359649122807015,0.2222222222222222,0.35,0.868778280543
HCP1519,0.4324324324324324,0.74266816,0.55256895,0.62964642,0.876033057851,0.3571428571428571,0.28125000,0.50000000,0.3628755877899099,0.993055555556,1.0000000000000000,1.000000,0.5650701499758103,0.920000000000,0.4000000000000000,0.80000000,0.4451754385964912,0.16666666666666666,0.25,1.000000000000
HCP1520,0.1621621621621622,0.47997005,0.14993700,0.24286038,0.851239669421,0.2142857142857143,0.35000000,0E-8,0.516179166334582,0.986111111111,0.5384615384615385,0.875000,0.35486211901306236,0.928888888889,0E-16,0E-8,0.0,0.0,0.0,0E-12
HCP1521,0.0810810810810811,0.40509173,0.22399552,0.41205802,0.975206611570,0.3095238095238095,0.25000000,0.25000000,0.5630429584761298,0.916666666667,0.3076923076923077,1.000000,0.5544267053701016,0.213333333333,0.2000000000000000,0.66670000,0.47368421052631576,0.0,0.0,0.968325791855
HCP1522,0.3243243243243243,0.47997005,0.24709506,0.39993200,1.000000000000,0.3571428571428571,0.28125000,0E-8,0.4445285725671475,0.909722222222,0.2307692307692308,0.750000,0.6209482341557813,0.973333333333,0.4000000000000000,0.80000000,0.4649122807017544,0.05555555555555555,0.35,0.868778280543
HCP1523,0.9459459459459459,0.40334457,0.17191656,0.31731641,0.842975206612,0.4285714285714286,0.21055000,0.40000000,0.4794373156929943,0.993055555556,0.2307692307692308,1.000000,0.3790517658442186,0.702222222222,0.1000000000000000,0.50000000,0.42105263157894735,0.05555555555555555,0.0,0.579185520362
HCP1524,0.7297297297297297,0.74741046,0.39997200,0.45330916,0.950413223140,0.4047619047619048,0.27780000,1.00000000,0.5651151669721846,1.000000000000,0.4615384615384615,1.000000,0.40324141267537494,0.977777777778,0.1000000000000000,0.50000000,0.35964912280701755,0.0,0.0,0.321266968326
HCP1525,0.7837837837837838,0.83476850,0.74114518,0.76495920,0.991735537190,0.5476190476190476,0.47915000,0.57140000,0.7711405116760979,0.951388888889,0.7692307692307692,0.833333,0.47581035316884374,0.946666666667,0.3000000000000000,0.60000000,0.3800877192982456,0.0,0.4,0.868778280543
HCP1526,0.1891891891891892,0.58754524,0.33795324,0.46668178,0.917355371901,0.4761904761904762,0.28570000,0.33330000,0.6579660476607955,0.972222222222,0.3076923076923077,0.800000,0.8338171262699564,0.671111111111,0.4000000000000000,1.00000000,0.506578947368421,0.16666666666666666,0.2,0.710407239819
HCP1527,0.1351351351351351,0.73418195,0.31107378,0.35788758,0.942148760331,0.4523809523809524,0.22500000,0.33330000,0.5088865864350044,1.000000000000,0.5384615384615385,1.000000,0.4929850024189647,0.968888888889,0.3000000000000000,1.00000000,0.3684210526315789,0.0,0.0,0.547511312217
HCP1528,0.8918918918918919,0.42318732,0.17821644,0.31731641,0.975206611570,0.3809523809523810,0.50000000,0E-8,0.491432214872081,0.958333333333,0.6923076923076923,0.818182,0.4339622641509433,0.804444444444,0.6000000000000000,0.85710000,0.4371052631578947,0.2222222222222222,0.3,0.936651583710
HCP1529,0.2702702702702703,0.47997005,0.30631387,0.49580689,0.867768595041,0.4285714285714286,0.13160000,0.50000000,0.46823941978162115,0.895833333333,0.2307692307692308,1.000000,0.6289308176100629,0.515555555556,0E-16,0E-8,0.0,0.0,0.0,0E-12
HCP1530,0.4324324324324324,0.38150505,0.22105558,0.42497733,0.983471074380,0.1904761904761905,0.16665000,0E-8,0.31919980871921577,0.888888888889,0.3076923076923077,0.571429,0.5517658442186744,0.791111111111,0.1000000000000000,0.50000000,0.45614035087719296,0.0,0.2,0.837104072398
HCP1531,0.8918918918918919,0.71820791,0.33095338,0.38769266,0.983471074380,0.7619047619047619,0.30305000,0.50000000,0.5432374272734518,0.993055555556,0.7692307692307692,0.909091,0.5,0.946666666667,0.2000000000000000,0.40000000,0.5789473684210527,0.05555555555555555,0.2,0.257918552036
HCP1532,0.7567567567567568,0.47997005,0.25199496,0.40797824,0.975206611570,0.4523809523809524,0.32500000,0E-8,0.4058739140830478,0.986111111111,0.1538461538461538,0.500000,0.20367682631833572,0.751111111111,0.2000000000000000,0.66670000,0.4649122807017544,0.1111111111111111,0.0,0.805429864253
HCP1533,0.7567567567567568,0.62972669,0.47599048,0.62148685,1.000000000000,0.4285714285714286,0.26315000,0E-8,0.32557583486092295,0.923611111111,0.6153846153846154,1.000000,0.6935171746492501,0.746666666667,0.5000000000000000,1.00000000,0.4052631578947369,0.0,0.45,0.936651583710
HCP1534,0.4054054054054054,0.66541869,0.41621168,0.51937897,0.983471074380,0.5000000000000000,0.36365000,1.00000000,0.3492069817486252,1.000000000000,0.6153846153846154,1.000000,0.2128688921141751,1.000000000000,0.3000000000000000,0.60000000,0.43859649122807015,0.1111111111111111,0.2,0.837104072398
HCP1535,0.1351351351351351,0.64170723,0.62214756,0.79997733,0.851239669421,0.7619047619047619,0.27275000,0.50000000,0.4690364230493345,1.000000000000,0.6153846153846154,0.800000,0.35728108369617806,0.928888888889,0.5000000000000000,0.83330000,0.4473684210526316,0.0,0.0,0.515837104072
HCP1536,0.3243243243243243,0.40658929,0.20593588,0.37771985,1.000000000000,0.1428571428571429,0.21430000,0E-8,0.15860365027496612,0.888888888889,0.6923076923076923,1.000000,0.4731494920174166,0.924444444444,0.5000000000000000,0.83330000,0.3719298245614035,0.05555555555555555,0.0,0.904977375566
HCP1537,0.7567567567567568,0.50492949,0.44799104,0.69741614,0.809917355372,0.3333333333333333,0.36665000,1.00000000,0.5554714274328524,0.923611111111,0.6923076923076923,0.900000,0.8096274794388001,0.808888888889,0E-16,0E-8,0.0,0.0,0.0,0E-12
HCP1538,0.2432432432432432,0.62086609,0.36133277,0.47722121,1.000000000000,0.6666666666666667,0.22415000,0.33330000,0.6457718976647805,0.965277777778,0.5384615384615385,0.777778,0.32002902757619733,0.933333333333,0.5000000000000000,0.71430000,0.6578947368421053,0.16666666666666666,0.6,0.837104072398
HCP1539,0.8648648648648649,0.38749532,0.23337533,0.44344968,0.917355371901,0.1904761904761905,0.22220000,0E-8,0.29242049892404565,0.902777777778,0.4615384615384615,1.000000,0.5645863570391872,0.826666666667,0.5000000000000000,0.62500000,0.43333333333333335,0.0,0.65,0.968325791855
HCP1540,0.5675675675675676,0.69761637,0.52092958,0.62522665,1.000000000000,0.4047619047619048,0.38890000,0.50000000,0.41846656571291946,0.958333333333,0.2307692307692308,0.750000,0.16134494436381228,0.435555555556,0.4000000000000000,1.00000000,0.4956140350877193,0.3333333333333333,0.2,0.837104072398
HCP1541,0.7027027027027027,0.47997005,0.26249475,0.42497733,0.867768595041,0.4047619047619048,0.27780000,0.50000000,0.38367737307722966,0.951388888889,0.5384615384615385,0.777778,0.5135462022254474,0.773333333333,0.2000000000000000,0.66670000,0.5614035087719298,0.0,0.15,0.321266968326
HCP1542,0.1351351351351351,0.50305753,0.41481170,0.64755213,0.909090909091,0.4523809523809524,0.35000000,1.00000000,0.32139156770542754,0.965277777778,0.6923076923076923,0.900000,0.6523947750362844,0.880000000000,0.2000000000000000,1.00000000,0.4868421052631579,0.0,0.15,0.936651583710
HCP1543,0.1081081081081081,0.43192312,0.16155677,0.28331822,0.942148760331,0.1428571428571429,0.21430000,0E-8,0.4970112377460748,0.708333333333,0.6923076923076923,0.900000,0.44678277697145613,0.964444444444,0.2000000000000000,0.28570000,0.543859649122807,0.0,0.15,0.773755656109
HCP1544,0.1621621621621622,0.39086484,0.20005600,0.37771985,0.752066115702,0.2857142857142857,0.23075000,0E-8,0.34159560054196225,1.000000000000,0.5384615384615385,0.875000,0.2883405902273827,0.742222222222,0.1000000000000000,1.00000000,0.40350877192982454,0.0,0.0,0.484162895928
HCP1545,0.4054054054054054,0.46312243,0.26487470,0.44072983,0.942148760331,0.3095238095238095,0.25000000,0.50000000,0.3753885390930103,0.798611111111,0.4615384615384615,0.750000,0.5060474117077891,0.635555555556,0E-16,0E-8,0.0,0.0,0.0,0E-12
HCP1546,0.5945945945945946,0.42318732,0.09547809,0.16999093,0.909090909091,0.3095238095238095,0.35715000,1.00000000,0.4961345341515901,0.777777777778,0.6153846153846154,1.000000,0.8084179970972424,0.777777777778,0.3000000000000000,0.75000000,0.49412280701754385,0.05555555555555555,0.0,0.579185520362
HCP1547,0.2972972972972973,0.76363409,0.63628727,0.70829556,0.884297520661,0.6190476190476190,0.25925000,0.50000000,0.4530565075316809,1.000000000000,0.9230769230769231,1.000000,0.4818577648766328,0.991111111111,0.5000000000000000,0.83330000,0.48596491228070177,0.16666666666666666,0.3,0.968325791855
HCP1548,0.0810810810810811,0.45501061,0.16799664,0.28331822,0.826446280992,0.5476190476190476,0.29165000,0.33330000,0.37670359448473745,0.930555555556,0.3076923076923077,1.000000,0.20367682631833572,0.795555555556,0.3000000000000000,0.75000000,0.4649122807017544,0.16666666666666666,0.25,0.805429864253
HCP1549,0.4864864864864865,0.79196306,0.69998600,0.75555304,0.991735537190,0.7619047619047619,0.34850000,0.42860000,0.6647007252729736,0.937500000000,0.9230769230769231,0.923077,0.4107402031930333,0.955555555556,0.4000000000000000,0.66670000,0.41228070175438597,0.2777777777777778,0.0,0.968325791855
HCP1550,0.0270270270270270,0.34431549,0.30435391,0.62964642,0.966942148760,0.3333333333333333,0.33335000,1.00000000,0.6106639037220053,0.993055555556,0.6923076923076923,0.818182,0.44726656990807934,0.884444444444,0.3000000000000000,0.75000000,0.47078947368421054,0.1111111111111111,0.1,0.773755656109
HCP1551,0.7567567567567568,0.87932110,0.81198376,0.80156392,0.933884297521,0.3571428571428571,0.37500000,0.25000000,0.8045349485932894,0.972222222222,0.5384615384615385,0.875000,0.6149008224479923,0.964444444444,0.5000000000000000,1.00000000,0.37543859649122807,0.3888888888888889,0.1,0.904977375566
HCP1552,0.5135135135135135,0.46474479,0.17079658,0.28331822,0.842975206612,0.4523809523809524,0.22500000,0.25000000,0.54997210488563,0.944444444444,0.3076923076923077,0.571429,0.22351233671988388,0.893333333333,0.4000000000000000,0.80000000,0.48464912280701755,0.0,0.25,0.805429864253
HCP1553,0.6216216216216216,0.71571197,0.40445191,0.47529465,1.000000000000,0.5476190476190476,0.27085000,0.66670000,0.5653941181158842,0.986111111111,0.4615384615384615,0.750000,0.7539912917271407,0.568888888889,0.5000000000000000,1.00000000,0.48771929824561405,0.2777777777777778,0.2,0.647058823529
HCP1554,0.4324324324324324,0.57843504,0.40529189,0.56663645,0.942148760331,0.8333333333333333,0.27780000,0.70000000,0.7552402964852157,0.972222222222,0.5384615384615385,0.777778,0.8009192065795838,0.942222222222,0.1000000000000000,0.33330000,0.45614035087719296,0.0,0.05,1.000000000000
HCP1555,0.8648648648648649,0.52614501,0.15553689,0.23447416,0.884297520661,0.3809523809523810,0.29410000,0.60000000,0.4935841236949072,0.895833333333,0.3846153846153846,1.000000,0.6596516690856313,0.982222222222,0E-16,0E-8,0.0,0.0,0.0,0E-12
HCP1556,0.5405405405405405,0.30163484,0.20005600,0.45330916,0.834710743802,0.2142857142857143,0.15000000,1.00000000,0.29170319598310357,0.819444444444,0.4615384615384615,1.000000,0.37106918238993714,0.991111111111,0.2000000000000000,0.50000000,0.34210526315789475,0.0,0.0,0.352941176471
HCP1557,0.4324324324324324,0.80843629,0.73680526,0.78161831,1.000000000000,0.2619047619047619,0.33335000,0E-8,0.4243245397306129,0.979166666667,0.5384615384615385,1.000000,0.18892114175133043,0.791111111111,0.4000000000000000,0.80000000,0.27850877192982454,0.05555555555555555,0.1,1.000000000000
HCP1558,0.6486486486486486,0.45288906,0.24345513,0.41205802,0.966942148760,0.3095238095238095,0.03570000,0.66670000,0.38555033075635614,0.784722222222,0.5384615384615385,0.777778,0.2070633768746976,0.840000000000,0.2000000000000000,0.66670000,0.5175438596491229,0.0,0.2,0.352941176471
HCP1559,0.3513513513513514,0.46212405,0.23995520,0.39993200,0.925619834711,0.0714285714285714,0.12500000,0E-8,0.2713796126564119,0.437500000000,0.5384615384615385,0.777778,0.18553459119496854,0.951111111111,0.1000000000000000,1.00000000,0.2982456140350877,0.0,0.15,0.773755656109
HCP1560,0.5675675675675676,0.75564707,0.42321154,0.47529465,0.842975206612,0.5238095238095238,0.26085000,0.75000000,0.3186817565952021,0.951388888889,0.9230769230769231,0.923077,0.6432027092404451,0.817777777778,0.4000000000000000,1.00000000,0.6008771929824561,0.2222222222222222,0.25,0.868778280543
HCP1561,0.4864864864864865,0.38637215,0.17499650,0.33329556,1.000000000000,0.0952380952380952,0.50000000,0E-8,0.3451422650832868,0.986111111111,0.3076923076923077,0.800000,0.38872762457668114,0.964444444444,0.3000000000000000,1.00000000,0.3479824561403509,0.16666666666666666,0.1,1.000000000000
HCP1562,0.1081081081081081,0.23998502,0E-8,0E-8,1.000000000000,0.0952380952380952,0.10000000,0.50000000,0.23846337769984852,0.701388888889,0.3076923076923077,0.800000,0.843492985002419,0.866666666667,0.1000000000000000,1.00000000,0.38596491228070173,0.0,0.2,0.547511312217
HCP1563,0.5675675675675676,0.55247722,0.29301414,0.42497733,0.966942148760,0.2380952380952381,0.31820000,0.40000000,0.26109827050290907,0.986111111111,0.2307692307692308,0.750000,0.49395258829221095,0.648888888889,0.2000000000000000,1.00000000,0.4298245614035088,0.16666666666666666,0.05,0.547511312217
HCP1564,0.4864864864864865,0.51116935,0.38499230,0.59360834,0.933884297521,0.6428571428571429,0.33930000,0.60000000,0.7290587391408304,1.000000000000,0.9230769230769231,1.000000,0.38703434929850017,0.977777777778,0.4000000000000000,0.80000000,0.5153508771929824,0.5,0.45,0.936651583710
HCP1565,0.1081081081081081,0.47997005,0.21531569,0.34870807,0.859504132231,0.5476190476190476,0.27085000,0E-8,0.4193831194707898,0.944444444444,0.3846153846153846,0.833333,0.27019835510401546,0.982222222222,0.4000000000000000,0.66670000,0.40789473684210525,0.1111111111111111,0.05,0.579185520362
HCP1566,0.2162162162162162,0.56320978,0.23337533,0.33329556,1.000000000000,0.1904761904761905,0.38890000,1.00000000,0.4263170478998964,0.895833333333,0.6153846153846154,0.800000,0.49758103531688436,0.982222222222,0.6000000000000000,1.00000000,0.49271929824561406,0.1111111111111111,0.35,0.742081447964
HCP1567,0.9459459459459459,0.73181081,0.66316674,0.76495920,0.966942148760,0.2619047619047619,0.20835000,1.00000000,0.38535107993942774,0.951388888889,0.4615384615384615,0.600000,0.5943396226415094,0.897777777778,0.5000000000000000,1.00000000,0.4087719298245614,0.16666666666666666,0.3,1.000000000000
HCP1568,0.7837837837837838,0.54112068,0.24709506,0.36423391,0.991735537190,0.4523809523809524,0.32500000,0.75000000,0.4372758428309556,0.993055555556,0.3076923076923077,1.000000,0.5967585873246251,0.888888888889,0.3000000000000000,1.00000000,0.37429824561403513,0.0,0.3,0.678733031674
HCP1569,0.1621621621621622,0.79196306,0.74996500,0.80949683,0.958677685950,0.1428571428571429,0.57145000,0.60000000,0.5693392842910656,0.895833333333,0.6153846153846154,1.000000,0.23705853894533135,0.924444444444,0.7000000000000000,0.77780000,0.4599122807017544,0.16666666666666666,0.5,1.000000000000
HCP1570,0.8918918918918919,0.51403969,0.22903542,0.35165458,0.975206611570,0.4047619047619048,0.22220000,0.40000000,0.6250896628676178,0.576388888889,0.3846153846153846,1.000000,0.3451862602805999,0.715555555556,0E-16,0E-8,0.0,0.0,0.0,0E-12
HCP1571,0.5405405405405405,0.59877699,0.39997200,0.54397099,0.983471074380,0.3095238095238095,0.14285000,0E-8,0.40308440264605083,0.916666666667,0.3846153846153846,1.000000,0.5387034349298501,0.960000000000,0.2000000000000000,0.50000000,0.37719298245614036,0.0,0.0,0.742081447964
HCP1572,0.9729729729729730,0.60901036,0.38625227,0.51801904,0.892561983471,0.5714285714285714,0.22000000,0.66670000,0.5180122738503228,0.972222222222,0.9230769230769231,1.000000,0.5079825834542815,0.968888888889,0.3000000000000000,1.00000000,0.42692982456140355,0.2222222222222222,0.3,0.610859728507
HCP1573,0.1621621621621622,0.74741046,0.30001400,0.33998187,1.000000000000,0.7619047619047619,0.19695000,0.60000000,0.430222363911692,1.000000000000,0.2307692307692308,0.428571,0.6727140783744557,0.453333333333,0.3000000000000000,0.75000000,0.3655263157894737,0.0,0.25,1.000000000000
HCP1574,0.1621621621621622,0.65830525,0.60002800,0.75555304,0.743801652893,0.2619047619047619,0.25000000,0.33330000,0.425400494142026,0.937500000000,0.1538461538461538,0.666667,0.8306724721819062,0.631111111111,0.1000000000000000,1.00000000,0.6929824561403509,0.0,0.2,0.515837104072
HCP1575,0E-16,0.76363409,0.57272855,0.63746600,0.909090909091,0.5476190476190476,0.35415000,0.20000000,0.5582609388698493,0.979166666667,0.6923076923076923,1.000000,0.43009192065795837,0.831111111111,0.3000000000000000,0.75000000,0.43859649122807015,0.0,0.15,1.000000000000
HCP1576,0.9189189189189189,0.76962436,0.67492650,0.74626020,0.991735537190,0.5952380952380952,0.32690000,0.50000000,0.5259026062006855,0.930555555556,0.8461538461538462,0.916667,0.4859700048379294,0.955555555556,0.5000000000000000,1.00000000,0.6000000000000001,0.2222222222222222,0.35,0.904977375566
HCP1577,0.7027027027027027,0.63596655,0.46661067,0.60437443,0.950413223140,0.5476190476190476,0.25000000,0.25000000,0.6131346138519168,1.000000000000,0.6923076923076923,0.818182,0.51548137397194,0.862222222222,0.3000000000000000,0.50000000,0.4357017543859649,0.16666666666666666,0.15,0.805429864253
HCP1578,0.6216216216216216,0.68800699,0.37337253,0.45330916,0.900826446281,0.4523809523809524,0.32500000,0.50000000,0.5893042161472862,1.000000000000,0.2307692307692308,0.750000,0.5060474117077891,0.906666666667,0.5000000000000000,0.83330000,0.3877192982456141,0.2777777777777778,0.05,0.936651583710
HCP1579,0.7297297297297297,0.69649320,0.45709086,0.54941070,0.958677685950,0.7142857142857143,0.32260000,0.66670000,0.4544114130867937,0.944444444444,0.5384615384615385,0.777778,0.7177068214804063,0.982222222222,0.2000000000000000,0.66670000,0.32894736842105265,0.1111111111111111,0.0,0.257918552036
HCP1580,0.8378378378378378,0.25633346,0.10569789,0.26665911,0.983471074380,0.2380952380952381,0.09090000,0E-8,0.1680481389973699,0.875000000000,0.4615384615384615,0.857143,0.5897435897435898,0.875555555556,0.3000000000000000,0.75000000,0.45903508771929824,0.05555555555555555,0.0,0.837104072398
HCP1581,0.7567567567567568,0.28029452,0.16799664,0.39993200,0.867768595041,0.1190476190476190,0.41665000,1.00000000,0.3894954969315374,0.881944444444,0.3076923076923077,0.500000,0.47895500725689394,0.728888888889,0.3000000000000000,0.75000000,0.45614035087719296,0.05555555555555555,0.1,0.384615384615
HCP1582,0.8918918918918919,0.67278173,0.38177236,0.47223481,1.000000000000,0.2619047619047619,0.29165000,0E-8,0.4916314656890093,0.763888888889,0.6153846153846154,0.888889,0.6371552975326561,0.991111111111,0.3000000000000000,0.75000000,0.47956140350877197,0.05555555555555555,0.35,1.000000000000
HCP1583,0.8378378378378378,0.49170099,0.21125577,0.33578876,1.000000000000,0.4285714285714286,0.28945000,1.00000000,0.47832151111819565,0.965277777778,0.2307692307692308,0.750000,0.3488147073052733,0.813333333333,0.3000000000000000,0.75000000,0.45324561403508773,0.1111111111111111,0.25,0.968325791855
HCP1584,0.4324324324324324,0.64420317,0.33151337,0.42497733,0.884297520661,0.5238095238095238,0.23915000,0.50000000,0.3810871124571611,0.986111111111,0.7692307692307692,0.909091,0.614417029511369,0.973333333333,0.2000000000000000,0.40000000,0.4824561403508772,0.0,0.2,0.710407239819
HCP1585,0.9459459459459459,0.68800699,0.54038919,0.65605168,0.925619834711,0.3571428571428571,0.34375000,0.80000000,0.8682952100103613,0.951388888889,0.9230769230769231,1.000000,0.5684567005321722,0.831111111111,0.4000000000000000,0.80000000,0.3618421052631579,0.0,0.35,1.000000000000
HCP1586,0.2972972972972973,0.42318732,0.16967661,0.30224388,0.669421487603,0.2857142857142857,0.38460000,0E-8,0.26938710448712844,0.986111111111,0.3076923076923077,1.000000,0.3730043541364296,0.960000000000,0.2000000000000000,0.66670000,0.5307017543859649,0.2222222222222222,0.0,0.678733031674
HCP1587,0.5945945945945946,0.62173967,0.34999300,0.46169538,0.933884297521,0.0952380952380952,0.40000000,1.00000000,0.39387901490396104,0.701388888889,0.3846153846153846,1.000000,0.6257861635220127,0.804444444444,0.4000000000000000,0.66670000,0.6206140350877193,0.16666666666666666,0.3,0.742081447964
HCP1588,0.1081081081081081,0.67190815,0.32311354,0.39993200,0.958677685950,0.5476190476190476,0.27085000,0.62500000,0.6531840280545151,0.944444444444,0.3076923076923077,0.800000,0.6112723754233188,0.942222222222,0.3000000000000000,1.00000000,0.34210526315789475,0.1111111111111111,0.1,0.773755656109
HCP1589,0.6756756756756757,0.54636216,0.38723226,0.56663645,1.000000000000,0.2142857142857143,0.40000000,0E-8,0.5067745277755639,0.902777777778,0.3076923076923077,0.666667,0.5645863570391872,0.773333333333,0.6000000000000000,1.00000000,0.3800877192982456,0.16666666666666666,0.45,0.805429864253
HCP1590,0.4324324324324324,0.38150505,0.18423632,0.35414778,0.966942148760,0.4523809523809524,0.27500000,0.25000000,0.4230493345022715,0.833333333333,0.6923076923076923,1.000000,0.5241896468311562,0.764444444444,0.5000000000000000,0.83330000,0.4807017543859649,0.3333333333333333,0.25,0.805429864253
HCP1591,0.9189189189189189,0.56907525,0.57496850,0.81459655,1.000000000000,0.0714285714285714,0.37500000,0E-8,0.5166175181318243,0.645833333333,0.4615384615384615,1.000000,0.6371552975326561,0.951111111111,0.1000000000000000,1.00000000,0.7982456140350878,0.0,0.05,0.837104072398
HCP1592,0.0810810810810811,0.50492949,0.27999440,0.43585675,0.768595041322,0.2619047619047619,0.33335000,0E-8,0.37435243484498293,0.881944444444,0.6923076923076923,1.000000,0.5967585873246251,0.977777777778,0.2000000000000000,0.40000000,0.6666666666666666,0.16666666666666666,0.25,0.837104072398
HCP1593,0.7297297297297297,0.51815799,0.17135657,0.26155938,0.933884297521,0.1904761904761905,0.38890000,0E-8,0.2375866741053638,0.916666666667,0.6923076923076923,1.000000,0.4221093372036769,0.991111111111,0E-16,0E-8,0.0,0.0,0.0,0E-12
HCP1594,0.8648648648648649,0.66479471,0.28517430,0.35618767,1.000000000000,0.1666666666666667,0.12500000,1.00000000,0.3011078345421216,0.604166666667,0.3846153846153846,0.714286,0.36187711659409766,0.920000000000,0.1000000000000000,0.50000000,0.3508771929824561,0.0,0.0,0.873303167421
HCP1595,0.8648648648648649,0.22575814,0.07783844,0.21248867,0.842975206612,0.3809523809523810,0.17645000,1.00000000,0.43584123694907145,1.000000000000,0.2307692307692308,1.000000,0.6209482341557813,0.577777777778,0E-16,0E-8,0.0,0.0,0.0,0E-12
HCP1596,0.9459459459459459,0.66604268,0.39297214,0.49002720,0.991735537190,0.2142857142857143,0.45000000,0E-8,0.573882202917032,0.916666666667,0.5384615384615385,1.000000,0.7143202709240445,0.915555555556,0E-16,0E-8,0.0,0.0,0.0,0E-12
HCP1597,0.8648648648648649,0.66479471,0.46661067,0.58284225,0.900826446281,0.7380952380952381,0.28125000,0.66670000,0.7418506415876306,0.944444444444,0.5384615384615385,1.000000,0.5208030962747944,0.617777777778,0.5000000000000000,0.83330000,0.5789473684210527,0.2222222222222222,0.35,1.000000000000
HCP1598,0.4864864864864865,0.29277424,0.06999860,0.16194470,0.884297520661,0.2142857142857143,0.10000000,0E-8,0.06973778592492234,0.944444444444,0.3076923076923077,1.000000,0.318577648766328,0.631111111111,0.1000000000000000,0.33330000,0.21929824561403508,0.0,0.0,0.194570135747
HCP1599,0.5675675675675676,0.66866342,0.65112698,0.80949683,0.950413223140,0.8095238095238095,0.22855000,0.75000000,0.5889455646768152,0.986111111111,0.6153846153846154,1.000000,0.5604741170778906,0.711111111111,0.3000000000000000,0.75000000,0.4064035087719298,0.16666666666666666,0.2,1.000000000000
HCP1600,0.1621621621621622,0.70285786,0.65000700,0.77538531,1.000000000000,0.6190476190476190,0.31480000,0.66670000,0.6329799952179805,0.993055555556,0.6923076923076923,0.900000,0.5169327527818093,0.915555555556,0.3000000000000000,0.75000000,0.5379824561403509,0.3333333333333333,0.2,0.773755656109
HCP1601,0.8378378378378378,0.68014476,0.34341313,0.42089755,0.892561983471,0.0952380952380952,0.30000000,1.00000000,0.4831832310512474,0.847222222222,0.4615384615384615,0.750000,0.45162070633768747,0.977777777778,0.4000000000000000,1.00000000,0.33771929824561403,0.0,0.0,0.936651583710
HCP1602,0.2432432432432432,0.70136029,0.58714826,0.70149592,1.000000000000,0.1190476190476190,0.58335000,0.50000000,0.4685582210887065,0.972222222222,0.5384615384615385,0.777778,0.8655055636187711,0.946666666667,0.1000000000000000,0.50000000,0.35964912280701755,0.0,0.0,0.095022624434
HCP1603,0.3783783783783784,0.44527643,0.23337533,0.39993200,0.966942148760,0.2619047619047619,0.54165000,0E-8,0.4877659998405993,0.888888888889,0.3846153846153846,0.833333,0.556361877116594,0.991111111111,0.2000000000000000,1.00000000,0.37280701754385964,0.16666666666666666,0.1,0.837104072398
HCP1604,0.4054054054054054,0.69923874,0.52974941,0.63463282,0.876033057851,0.3571428571428571,0.31250000,1.00000000,0.5780664700725273,1.000000000000,0.8461538461538462,0.916667,0.41727140783744554,0.831111111111,0.3000000000000000,0.60000000,0.5672807017543859,0.16666666666666666,0.1,0.936651583710
HCP1605,0.7297297297297297,0.31436416,0.08567829,0.18891659,1.000000000000,0.2380952380952381,0.18180000,0E-8,0.3404399458037778,0.958333333333,0.3846153846153846,1.000000,0.7757619738751813,0.915555555556,0.1000000000000000,0.25000000,0.3157894736842105,0.0,0.0,0.420814479638
HCP1606,0.7837837837837838,0.78584800,0.43917122,0.47722121,0.991735537190,0.4523809523809524,0.45000000,0.80000000,0.47338009085837257,0.937500000000,0.4615384615384615,0.857143,0.39985486211901305,0.875555555556,0.5000000000000000,1.00000000,0.4473684210526316,0.1111111111111111,0.4,0.936651583710
HCP1607,0.1621621621621622,0.34631224,0.25003500,0.51507253,0.892561983471,0.6904761904761905,0.25000000,0.50000000,0.42033952339204594,1.000000000000,0.3846153846153846,1.000000,0.712868892114175,0.871111111111,0.2000000000000000,0.40000000,0.2807017543859649,0.05555555555555555,0.25,0.289592760181
HCP1608,0.4864864864864865,0.44877075,0.17499650,0.29827743,0.909090909091,0.4285714285714286,0.31580000,0.60000000,0.6003825615685026,0.944444444444,0.3846153846153846,1.000000,0.14199322689888724,0.848888888889,0.1000000000000000,1.00000000,0.43859649122807015,0.0,0.0,0.321266968326
HCP1609,0.6756756756756757,0.54636216,0.44673107,0.65378513,0.925619834711,0.1428571428571429,0.42855000,0E-8,0.5101617916633457,1.000000000000,0.3076923076923077,1.000000,0.4153362360909531,0.937777777778,0.7000000000000000,0.77780000,0.34710526315789475,0.1111111111111111,0.35,0.837104072398
HCP1610,0.6486486486486486,0.26294771,0.12179756,0.30224388,0.975206611570,0.4285714285714286,0.28945000,0.50000000,0.26926755399697144,0.784722222222,0.4615384615384615,1.000000,0.5645863570391872,1.000000000000,0.4000000000000000,1.00000000,0.3048245614035088,0.1111111111111111,0.25,1.000000000000
HCP1611,0.7297297297297297,0.39086484,0.14279714,0.26983228,1.000000000000,0.2380952380952381,0.22725000,0E-8,0.34028054515023515,0.819444444444,0.3846153846153846,0.625000,0.8055152394775037,0.991111111111,0.3000000000000000,0.50000000,0.523421052631579,0.16666666666666666,0.0,0.904977375566
HCP1612,0.5405405405405405,0.42056658,0.33333333,0.59644152,0.661157024793,0.0952380952380952,0.20000000,0E-8,0.23722802263489287,0.805555555556,0.5384615384615385,0.875000,0.557571359458152,0.608888888889,0.1000000000000000,0.25000000,0.30701754385964913,0.0,0.0,0.547511312217
HCP1613,0.2162162162162162,0.35517284,0.13999720,0.28331822,0.876033057851,0.2380952380952381,0.27275000,0.66670000,0.450506097074998,0.965277777778,0.3076923076923077,0.666667,0.6693275278180938,0.982222222222,0.3000000000000000,0.75000000,0.6491228070175439,0.0,0.2,0.773755656109
HCP1614,0.5675675675675676,0.55247722,0.26039479,0.37771985,0.975206611570,0.1666666666666667,0.31250000,0.50000000,0.5439945803777795,0.631944444444,0.2307692307692308,0.750000,0.681422351233672,0.688888888889,0.2000000000000000,0.66670000,0.618421052631579,0.0,0.05,0.805429864253
HCP1615,0.5945945945945946,0.22475977,0.12725745,0.34870807,0.768595041322,0.1904761904761905,0.33335000,0E-8,0.2928987008846737,0.819444444444,0.3076923076923077,1.000000,0.590711175616836,0.537777777778,0.1000000000000000,0.25000000,0.2982456140350877,0.0,0.1,0.194570135747
HCP1616,0.8918918918918919,0.30974666,0.17821644,0.39664551,0.859504132231,0.2142857142857143,0.40000000,0E-8,0.34745357455965575,0.979166666667,0.3076923076923077,1.000000,0.5967585873246251,0.795555555556,0.1000000000000000,0.50000000,0.6754385964912281,0.0,0.05,0.805429864253
HCP1617,1.0000000000000000,0.51166854,0.37967241,0.58488214,1.000000000000,0.8095238095238095,0.14285000,0.50000000,0.2853271698413964,0.986111111111,0.3076923076923077,1.000000,0.36090953072085147,0.995555555556,0.4000000000000000,0.80000000,0.5460526315789473,0.16666666666666666,0.4,0.968325791855
HCP1618,0.8378378378378378,0.79782853,0.55466891,0.59496827,1.000000000000,0.7619047619047619,0.21210000,1.00000000,0.4573603251773332,0.972222222222,0.3846153846153846,1.000000,0.2726173197871311,0.786666666667,0.3000000000000000,0.75000000,0.39473684210526316,0.2222222222222222,0.15,0.547511312217
HCP1619,0.7567567567567568,0.50492949,0.47599048,0.74093382,0.876033057851,0.4523809523809524,0.35000000,0.50000000,0.4797561170000797,0.930555555556,0.5384615384615385,0.700000,0.5725689404934687,0.760000000000,0.5000000000000000,0.71430000,0.5736842105263158,0.2222222222222222,0.0,0.904977375566
HCP1620,0.1891891891891892,0.58754524,0.33795324,0.46668178,0.917355371901,0.2619047619047619,0.41665000,1.00000000,0.3211923168884993,0.972222222222,0.3846153846153846,1.000000,0.17102080309627474,0.786666666667,0.2000000000000000,0.50000000,0.36403508771929827,0.1111111111111111,0.0,0.452488687783
HCP1621,0.5135135135135135,0.76912517,0.64874703,0.71770172,0.925619834711,0.3809523809523810,0.29410000,0E-8,0.5003188013070854,0.895833333333,1.0000000000000000,1.000000,0.5633768746976293,0.986666666667,0.2000000000000000,1.00000000,0.543859649122807,0.1111111111111111,0.0,0.642533936652
HCP1622,0.7297297297297297,0.79832772,0.42853143,0.45942883,0.884297520661,0.5476190476190476,0.41665000,0.50000000,0.7032358332669165,0.944444444444,0.7692307692307692,1.000000,0.5048379293662312,0.973333333333,0.4000000000000000,0.66670000,0.5197368421052632,0.3333333333333333,0.0,0.610859728507
HCP1623,0.5405405405405405,0.21252964,0.06663867,0.18891659,0.933884297521,0.1190476190476190,0.16665000,0E-8,0.14939826253287636,0.986111111111,0.2307692307692308,0.428571,0.6417513304305756,0.968888888889,0.2000000000000000,0.66670000,0.2675438596491228,0.1111111111111111,0.0,0.547511312217
HCP1624,0.2702702702702703,0.36303507,0.04381912,0.08714869,0.966942148760,0.4285714285714286,0.21055000,0.66670000,0.1540607316489998,0.784722222222,0.4615384615384615,0.857143,0.5553942912433478,0.986666666667,0.1000000000000000,0.20000000,0.5175438596491229,0.0,0.0,0.968325791855
HCP1625,0.7837837837837838,0.73692749,0.63138737,0.72404805,0.950413223140,0.2619047619047619,0.25000000,0.50000000,0.3633139395871523,0.909722222222,0.6153846153846154,0.888889,0.2716497339138848,0.928888888889,0.2000000000000000,0.50000000,0.2850877192982456,0.0,0.15,0.579185520362
HCP1626,0.2432432432432432,0.62086609,0.31611368,0.41749773,0.851239669421,0.5476190476190476,0.27085000,0.50000000,0.45389336096277993,0.881944444444,0.6153846153846154,0.888889,0.521528785679729,0.946666666667,0.2000000000000000,0.40000000,0.3508771929824561,0.1111111111111111,0.0,0.452488687783
HCP1627,0.5405405405405405,0.39086484,0.23337533,0.44072983,0.983471074380,0.4523809523809524,0.27500000,0.37500000,0.25408464174703116,0.993055555556,0.3846153846153846,0.714286,0.5759554910498307,0.662222222222,0.3000000000000000,0.75000000,0.345,0.0,0.2,0.936651583710
HCP1628,0.2972972972972973,0.46100087,0.33935321,0.56663645,0.991735537190,0.4285714285714286,0.28945000,0.60000000,0.5216386387184186,0.930555555556,0.5384615384615385,0.777778,0.38171262699564584,0.991111111111,0.1000000000000000,1.00000000,0.40350877192982454,0.0,0.05,0.904977375566
HCP1629,0.2162162162162162,0.47997005,0.23337533,0.37771985,0.983471074380,0.2619047619047619,0.50000000,0E-8,0.6429026859010124,0.944444444444,0.3076923076923077,0.800000,0.29680696661828737,0.853333333333,0.5000000000000000,0.71430000,0.4807017543859649,0.16666666666666666,0.15,1.000000000000
HCP1630,0.9189189189189189,0.59141395,0.49993000,0.68687670,0.834710743802,0.7142857142857143,0.24195000,0.60000000,0.4971307882362318,0.979166666667,0.5384615384615385,0.875000,0.5604741170778906,0.937777777778,0.4000000000000000,0.66670000,0.45614035087719296,0.05555555555555555,0.0,0.710407239819
HCP1631,0.5675675675675676,0.66866342,0.45583088,0.56663645,0.958677685950,0.6428571428571429,0.32145000,0.80000000,0.6155654738184427,0.972222222222,0.6923076923076923,0.818182,0.23391388485728107,0.955555555556,0.3000000000000000,0.75000000,0.5848245614035088,0.2777777777777778,0.05,0.805429864253
HCP1632,0.9189189189189189,0.47997005,0.22497550,0.36423391,0.975206611570,0.5238095238095238,0.32610000,0.33330000,0.4674424165139077,0.958333333333,0.9230769230769231,1.000000,0.46371552975326563,1.000000000000,0E-16,0E-8,0.0,0.0,0.0,0E-12
HCP1633,0.4054054054054054,0.63172345,0.52974941,0.68982321,0.942148760331,0.3809523809523810,0.41175000,0.60000000,0.6707978002709812,0.840277777778,0.6153846153846154,0.888889,0.6074020319303337,0.915555555556,0.3000000000000000,0.75000000,0.4006140350877193,0.05555555555555555,0.05,0.936651583710
HCP1634,0.5945945945945946,0.16797704,0.12725745,0.41205802,0.966942148760,0.1666666666666667,0.43750000,1.00000000,0.22770383358571772,0.972222222222,0.3846153846153846,0.714286,0.579583938074504,0.666666666667,0.1000000000000000,0.50000000,0.4473684210526316,0.05555555555555555,0.0,0.416289592760
HCP1635,0.4324324324324324,0.34855859,0.22105558,0.45330916,0.933884297521,0.4285714285714286,0.23685000,0.50000000,0.3927632103291623,0.993055555556,0.2307692307692308,1.000000,0.3306724721819061,0.706666666667,0.2000000000000000,0.50000000,0.5175438596491229,0.0,0.0,0.579185520362
HCP1636,0.5405405405405405,0.65830525,0.39997200,0.50362647,0.942148760331,0.2380952380952381,0.31820000,1.00000000,0.6767354746154459,0.986111111111,0.5384615384615385,0.875000,0.43952588292210937,0.933333333333,0.2000000000000000,0.66670000,0.5701754385964912,0.0,0.0,0.710407239819
HCP1637,0.9459459459459459,0.16248596,0.02449951,0.08091568,0.900826446281,0.1428571428571429,0.35715000,0E-8,0.3068064079062724,0.854166666667,0.6153846153846154,1.000000,0.38509917755200773,0.982222222222,0.5000000000000000,1.00000000,0.45263157894736844,0.0,0.35,0.678733031674
HCP1638,0.4594594594594595,0.33595407,0.21531569,0.45330916,0.743801652893,0.4285714285714286,0.23685000,0.50000000,0.6709572009245238,0.958333333333,0.6153846153846154,0.727273,0.3790517658442186,1.000000000000,0.2000000000000000,0.50000000,0.5043859649122807,0.0,0.1,0.642533936652
HCP1639,0.5135135135135135,0.43429427,0.17079658,0.29827743,0.933884297521,0.2142857142857143,0.20000000,0E-8,0.41037698254562843,0.930555555556,0.6153846153846154,0.800000,0.44920174165457183,0.777777777778,0.3000000000000000,1.00000000,0.38596491228070173,0.16666666666666666,0.2,0.610859728507
HCP1640,0.9459459459459459,0.70984650,0.51574969,0.61026745,0.876033057851,0.5952380952380952,0.32690000,0.80000000,0.5447118833187216,0.923611111111,0.4615384615384615,0.750000,0.6028059990324142,0.933333333333,0.4000000000000000,0.80000000,0.5942982456140351,0.0,0.3,0.710407239819
HCP1641,0.5675675675675676,0.52352427,0.16281674,0.24637353,1.000000000000,0.3571428571428571,0.28125000,0.50000000,0.2974017693472544,0.993055555556,0.3076923076923077,0.800000,0.2919690372520561,0.911111111111,0.1000000000000000,0.33330000,0.6666666666666666,0.0,0.0,0.321266968326
HCP1642,0.4594594594594595,0.62398602,0.57440851,0.75555304,0.760330578512,0.2857142857142857,0.23075000,0.20000000,0.47919821471268037,0.812500000000,0.4615384615384615,0.750000,0.3761490082244799,0.973333333333,0.3000000000000000,1.00000000,0.41228070175438597,0.3333333333333333,0.05,0.642533936652
HCP1643,0.6756756756756757,0.78534881,0.59568809,0.64755213,0.991735537190,0.5952380952380952,0.21155000,0.40000000,0.49011715948035384,0.972222222222,0.7692307692307692,0.909091,0.5989356555394292,1.000000000000,0.1000000000000000,0.20000000,0.43859649122807015,0.0,0.15,0.452488687783
HCP1644,0.1081081081081081,0.33595407,0.16155677,0.33998187,0.975206611570,0.3809523809523810,0.32355000,0E-8,0.416832709014107,0.916666666667,0.7692307692307692,1.000000,0.3016448959845186,0.968888888889,0.3000000000000000,0.75000000,0.41228070175438597,0.0,0.2,0.837104072398
HCP1645,0.9459459459459459,0.27193311,0.09827803,0.23855394,0.793388429752,0.1904761904761905,0.27780000,1.00000000,0.30106798437873594,0.868055555556,0.6923076923076923,1.000000,0.5430575713594582,0.968888888889,0E-16,0E-8,0.0,0.0,0.0,0E-12
HCP1646,0.2432432432432432,0.66117559,0.58714826,0.73662738,0.842975206612,0.4523809523809524,0.17500000,1.00000000,0.3419144018490476,0.868055555556,0.2307692307692308,0.750000,0.5604741170778906,0.173333333333,0.1000000000000000,0.33330000,0.30701754385964913,0.0,0.0,0.484162895928
HCP1647,0.4054054054054054,0.39560714,0.07573849,0.14165911,0.958677685950,0.4285714285714286,0.15790000,0E-8,0.4800749183071651,0.986111111111,0.5384615384615385,0.875000,0.5967585873246251,0.977777777778,0.1000000000000000,1.00000000,0.47368421052631576,0.0,0.15,0.416289592760
HCP1648,0.5135135135135135,0.31261700,0.17079658,0.37771985,1.000000000000,0.1904761904761905,0.27780000,0E-8,0.30170558699290667,0.972222222222,0.4615384615384615,0.750000,0.6451378809869376,0.853333333333,0.3000000000000000,0.50000000,0.39184210526315794,0.16666666666666666,0.05,0.678733031674
HCP1649,0.7297297297297297,0.84924498,0.62858743,0.63927924,0.942148760331,0.5476190476190476,0.31250000,0.50000000,0.4535745596556946,0.854166666667,0.8461538461538462,0.916667,0.7660861151427188,0.991111111111,0.3000000000000000,1.00000000,0.5409649122807018,0.2777777777777778,0.25,0.452488687783
HCP1650,0.4864864864864865,0.57356795,0.31499370,0.44344968,0.942148760331,0.3809523809523810,0.32355000,1.00000000,0.504702319279509,0.986111111111,0.5384615384615385,1.000000,0.36526366715045955,0.982222222222,0.3000000000000000,1.00000000,0.41228070175438597,0.16666666666666666,0.35,0.773755656109
HCP1651,0.4054054054054054,0.66541869,0.34047319,0.42497733,0.966942148760,0.4047619047619048,0.19445000,0.25000000,0.7162668366940305,1.000000000000,0.3846153846153846,0.714286,0.5312046444121915,0.564444444444,0.1000000000000000,0.25000000,0.4649122807017544,0.0,0.0,0.289592760181
HCP1652,0.6486486486486486,0.37139648,0.21307574,0.41749773,0.958677685950,0.4047619047619048,0.22220000,0.25000000,0.27122021200286917,0.944444444444,0.4615384615384615,0.857143,0.2167392356071601,0.684444444444,0.3000000000000000,1.00000000,0.40350877192982454,0.0,0.1,0.710407239819
HCP1653,0.6756756756756757,0.51978036,0.14895702,0.22665458,0.925619834711,0.3095238095238095,0.42855000,0.33330000,0.3776998485693792,0.680555555556,0.3076923076923077,0.800000,0.1274794388001935,0.591111111111,0.3000000000000000,1.00000000,0.4678070175438596,0.0,0.1,0.710407239819
HCP1654,0.8108108108108108,0.62398602,0.32311354,0.42497733,1.000000000000,0.2857142857142857,0.38460000,0.20000000,0.5224754921495178,0.902777777778,0.8461538461538462,1.000000,0.5263667150459604,0.902222222222,0.3000000000000000,0.60000000,0.345,0.16666666666666666,0.45,0.742081447964
HCP1655,0.4324324324324324,0.64420317,0.51574969,0.66103808,0.983471074380,0.5476190476190476,0.25000000,1.00000000,0.5144257591456124,0.993055555556,0.3846153846153846,1.000000,0.5967585873246251,0.546666666667,0.5000000000000000,1.00000000,0.39473684210526316,0.3333333333333333,0.45,0.773755656109
HCP1656,0.7027027027027027,0.66192437,0.52498950,0.65797824,0.917355371901,0.5000000000000000,0.34090000,0.66670000,0.4761297521319838,0.993055555556,0.3076923076923077,1.000000,0.3306724721819061,0.675555555556,0.6000000000000000,1.00000000,0.49271929824561406,0.1111111111111111,0.45,0.936651583710
HCP1657,0.9729729729729730,0.45850493,0.21727565,0.36423391,0.950413223140,0.4047619047619048,0.27780000,0.66670000,0.4698334263170479,0.986111111111,0.3076923076923077,0.666667,0.4233188195452346,0.644444444444,0.2000000000000000,1.00000000,0.31140350877192985,0.16666666666666666,0.0,0.742081447964
HCP1658,0.8378378378378378,0.63297142,0.42265155,0.54941070,1.000000000000,0.4761904761904762,0.52380000,0E-8,0.46548975850800983,0.951388888889,0.5384615384615385,1.000000,0.6555394291243347,0.928888888889,0.5000000000000000,1.00000000,0.5403508771929825,0.5,0.35,0.968325791855
HCP1659,0.3513513513513514,0.74741046,0.44001120,0.49864007,0.909090909091,0.2857142857142857,0.19230000,1.00000000,0.3951940702956882,0.638888888889,0.1538461538461538,0.400000,0.21456216739235603,0.782222222222,0.3000000000000000,0.75000000,0.5175438596491229,0.05555555555555555,0.25,0.900452488688
HCP1660,0.8108108108108108,0.45600899,0.21531569,0.36264733,0.966942148760,0.2380952380952381,0.40910000,0.50000000,0.5333944369171915,1.000000000000,0.3076923076923077,1.000000,0.409288824383164,0.484444444444,0.1000000000000000,1.00000000,0.4649122807017544,0.0,0.0,1.000000000000
HCP1661,0.1351351351351351,0.68800699,0.41481170,0.50362647,0.586776859504,0.3809523809523810,0.23530000,0E-8,0.7774368374910339,0.979166666667,0.3846153846153846,0.833333,0.9395258829221094,0.848888888889,0.4000000000000000,1.00000000,0.5175438596491229,0.2222222222222222,0.15,0.837104072398
HCP1662,0.7567567567567568,0.72956446,0.44799104,0.51801904,0.809917355372,0.5238095238095238,0.34785000,0.33330000,0.4309795170160197,0.993055555556,0.6923076923076923,1.000000,0.5295113691340106,0.986666666667,0.3000000000000000,0.75000000,0.49122807017543857,0.0,0.15,0.678733031674
HCP1663,0.8648648648648649,0.73418195,0.44071119,0.50702629,0.958677685950,0.6904761904761905,0.26665000,0.71430000,0.48672989559257196,0.965277777778,0.2307692307692308,0.750000,0.6572327044025157,0.804444444444,0.4000000000000000,1.00000000,0.5657894736842105,0.16666666666666666,0.15,0.773755656109
HCP1664,0.4864864864864865,0.69836516,0.62998740,0.75555304,0.983471074380,0.6428571428571429,0.23215000,1.00000000,0.4178688132621344,0.972222222222,0.7692307692307692,1.000000,0.3355104015481373,0.977777777778,0.4000000000000000,0.80000000,0.46710526315789475,0.0,0.1,1.000000000000
HCP1665,0.2162162162162162,0.81280419,0.74660507,0.78841795,0.826446280992,0.3333333333333333,0.20000000,1.00000000,0.6572487447198534,0.847222222222,0.6153846153846154,1.000000,0.5938558297048864,0.942222222222,0.2000000000000000,0.50000000,0.25,0.16666666666666666,0.15,0.416289592760
HCP1666,0.5945945945945946,0.56508174,0.38177236,0.54397099,0.884297520661,0.2142857142857143,0.45000000,1.00000000,0.2068621981350124,0.965277777778,0.6153846153846154,1.000000,0.6785195936139333,0.920000000000,0.4000000000000000,1.00000000,0.5087719298245614,0.05555555555555555,0.15,0.936651583710
HCP1667,0.2162162162162162,0.23037564,0.09337813,0.25181324,0.867768595041,0.1428571428571429,0.21430000,0.60000000,0.3930421614728621,0.881944444444,0.1538461538461538,0.666667,0.26608611514271885,0.822222222222,0.4000000000000000,1.00000000,0.26535087719298245,0.0,0.15,0.547511312217
HCP1668,0.1621621621621622,0.70285786,0.49993000,0.59644152,0.975206611570,0.2380952380952381,0.31820000,0E-8,0.2931378018649876,0.784722222222,0.4615384615384615,0.750000,0.3459119496855345,0.884444444444,0.1000000000000000,1.00000000,0.47368421052631576,0.0,0.1,0.194570135747
HCP1669,0.9459459459459459,0.70984650,0.51574969,0.61026745,0.983471074380,0.8809523809523810,0.36840000,0.60000000,0.4900374591535826,0.986111111111,0.5384615384615385,1.000000,0.5208030962747944,0.666666666667,0.4000000000000000,0.50000000,0.4451754385964912,0.1111111111111111,0.3,1.000000000000
HCP1670,0.5405405405405405,0.50967178,0.39997200,0.61820036,0.958677685950,0.4047619047619048,0.25000000,1.00000000,0.2722961664142823,0.958333333333,0.3076923076923077,1.000000,0.8023705853894533,0.960000000000,0.3000000000000000,1.00000000,0.4151754385964912,0.16666666666666666,0.2,0.579185520362
HCP1671,0.1081081081081081,0.33595407,0.32311354,0.67996374,0.950413223140,0.2142857142857143,0.10000000,0E-8,0.14780425599744954,1.000000000000,0.6153846153846154,1.000000,0.43347847121432026,0.835555555556,0.2000000000000000,0.66670000,0.24561403508771928,0.05555555555555555,0.05,0.420814479638
HCP1672,0.9189189189189189,0.50230875,0.44995100,0.70342248,1.000000000000,0.2380952380952381,0.50000000,0.66670000,0.5430381764565234,0.923611111111,0.3076923076923077,0.800000,0.49516207063376866,0.942222222222,0.6000000000000000,0.85710000,0.5335964912280702,0.2777777777777778,0.35,0.837104072398
HCP1673,0.7567567567567568,0.75452390,0.47599048,0.53513146,0.991735537190,0.2619047619047619,0.37500000,1.00000000,0.45516856619112145,0.979166666667,1.0000000000000000,1.000000,0.4666182873730043,0.973333333333,0.2000000000000000,0.66670000,0.31140350877192985,0.05555555555555555,0.05,0.610859728507
HCP1674,0.3513513513513514,0.71171846,0.48005040,0.56663645,0.975206611570,0.2142857142857143,0.50000000,1.00000000,0.5233123455806169,0.840277777778,0.4615384615384615,0.857143,0.6589259796806967,0.991111111111,0.2000000000000000,0.66670000,0.36403508771929827,0.05555555555555555,0.0,0.873303167421
HCP1675,0.8108108108108108,0.74391614,0.53842923,0.61253400,0.942148760331,0.3571428571428571,0.31250000,0.25000000,0.7328445046624693,0.993055555556,0.2307692307692308,0.750000,0.5362844702467344,0.880000000000,0.2000000000000000,1.00000000,0.3815789473684211,0.2777777777777778,0.35,0.547511312217
HCP1676,0.7297297297297297,0.31436416,0.17135657,0.37771985,0.884297520661,0.2857142857142857,0.15385000,0E-8,0.32442018012273854,0.986111111111,0.3846153846153846,1.000000,0.6886792452830188,0.786666666667,0.1000000000000000,0.50000000,0.7982456140350878,0.0,0.0,0.904977375566
HCP1677,0.4324324324324324,0.28291526,0.11045779,0.26155938,0.925619834711,0.2142857142857143,0.10000000,0.33330000,0.32095321590818526,0.743055555556,0.5384615384615385,0.875000,0.4608127721335267,0.697777777778,0.2000000000000000,1.00000000,0.4473684210526316,0.05555555555555555,0.4,0.936651583710
HCP1678,0.5405405405405405,0.62847872,0.46661067,0.61026745,0.710743801653,0.2619047619047619,0.25000000,1.00000000,0.6425041842671556,0.743055555556,0.5384615384615385,1.000000,0.7247218190614416,0.973333333333,0.8000000000000000,0.88890000,0.5241228070175439,0.3888888888888889,0.5,0.968325791855
HCP1679,0.5135135135135135,0.46474479,0.17079658,0.28331822,1.000000000000,0.3333333333333333,0.13335000,0.25000000,0.4051964613054913,0.916666666667,0.0769230769230769,0.500000,0.7056119980648282,0.853333333333,0.2000000000000000,1.00000000,0.6140350877192983,0.0,0.2,0.936651583710
HCP1680,0.6756756756756757,0.78534881,0.50636987,0.55043064,0.983471074380,0.6666666666666667,0.29310000,0.83330000,0.5084083844743763,0.972222222222,0.5384615384615385,0.700000,0.4129172714078374,0.897777777778,0.4000000000000000,1.00000000,0.5350877192982456,0.3888888888888889,0.4,0.773755656109
HCP1681,0.3243243243243243,0.62673156,0.28825423,0.37771985,0.983471074380,0.6428571428571429,0.19645000,1.00000000,0.322308121463298,0.951388888889,0.3846153846153846,0.714286,0.29608127721335264,0.888888888889,0.1000000000000000,1.00000000,0.3333333333333333,0.0,0.15,0.289592760181
HCP1682,0.2972972972972973,0.42318732,0.33935321,0.60437443,0.958677685950,0.3571428571428571,0.25000000,0.25000000,0.43839164740575437,0.868055555556,0.6153846153846154,0.727273,0.44726656990807934,0.955555555556,0.3000000000000000,0.60000000,0.6023684210526316,0.0,0.25,0.904977375566
HCP1683,0.6756756756756757,0.25421191,0.17877642,0.45330916,0.842975206612,0.1904761904761905,0.16665000,0E-8,0.22690683031800435,0.625000000000,0.6923076923076923,0.900000,0.5,1.000000000000,0.5000000000000000,0.83330000,0.4824561403508772,0.6111111111111112,0.0,0.710407239819
HCP1684,0.8108108108108108,0.04792213,0.02687946,0.14165911,0.933884297521,0.1666666666666667,0.37500000,0.50000000,0.24950187295767912,0.986111111111,0.1538461538461538,0.666667,0.6129656507014998,0.395555555556,0.1000000000000000,1.00000000,0.7543859649122807,0.0,0.0,0.126696832579
HCP1685,0.7027027027027027,0.76600524,0.58336833,0.64755213,0.975206611570,0.3333333333333333,0.20000000,0.66670000,0.37765999840599346,0.791666666667,0.6923076923076923,1.000000,0.6719883889695211,0.888888888889,0.4000000000000000,0.80000000,0.543859649122807,0.16666666666666666,0.15,0.742081447964
HCP1686,1.0000000000000000,0.78672158,0.49825003,0.54091115,0.991735537190,0.5238095238095238,0.26085000,1.00000000,0.6076751414680801,0.694444444444,1.0000000000000000,0.928571,0.39114658925979684,0.880000000000,0.4000000000000000,0.57140000,0.5657894736842105,0.16666666666666666,0.2,0.904977375566
HCP1687,0.3513513513513514,0.39086484,0.16001680,0.30224388,0.925619834711,0.3333333333333333,0.26665000,0.50000000,0.29401450545947244,0.944444444444,0.3846153846153846,0.714286,0.7039187227866472,0.920000000000,0.2000000000000000,1.00000000,0.34649122807017546,0.16666666666666666,0.2,0.678733031674
HCP1688,0.2702702702702703,0.40197180,0.17499650,0.32377607,0.752066115702,0.2857142857142857,0.11540000,1.00000000,0.20694189846178365,0.902777777778,0.4615384615384615,0.857143,0.39283986453797776,0.973333333333,0.4000000000000000,1.00000000,0.31798245614035087,0.2222222222222222,0.1,0.452488687783
HCP1689,0.5675675675675676,0.61063272,0.39073219,0.52300544,0.867768595041,0.6666666666666667,0.37930000,0.40000000,0.5969155973539493,1.000000000000,0.8461538461538462,0.916667,0.5483792936623125,0.924444444444,0.3000000000000000,0.60000000,0.3157894736842105,0.1111111111111111,0.1,0.868778280543
HCP1690,0.1351351351351351,0.22575814,0.15553689,0.42497733,0.966942148760,0.1428571428571429,0.21430000,0.50000000,0.2928987008846737,0.784722222222,0.5384615384615385,0.875000,0.5483792936623125,0.875555555556,0E-16,0E-8,0.0,0.0,0.0,0E-12
HCP1691,0.7297297297297297,0.69649320,0.54290914,0.65253853,0.975206611570,0.6190476190476190,0.37035000,0E-8,0.437953295608512,0.993055555556,0.3846153846153846,1.000000,0.5241896468311562,0.746666666667,0.3000000000000000,1.00000000,0.5028947368421053,0.5,0.25,0.484162895928
HCP1692,0.6756756756756757,0.62598278,0.29791404,0.39075249,1.000000000000,0.3571428571428571,0.34375000,1.00000000,0.46046863792141546,0.951388888889,0.3846153846153846,1.000000,0.3597000483792936,0.573333333333,0.2000000000000000,0.40000000,0.2982456140350877,0.0,0.0,0.389140271493
HCP1693,0.8918918918918919,0.60476725,0.40725185,0.54941070,0.818181818182,0.5238095238095238,0.17390000,0.50000000,0.5996652586275605,0.965277777778,0.5384615384615385,0.636364,0.3086598935655539,0.893333333333,0.4000000000000000,1.00000000,0.41228070175438597,0.3333333333333333,0.1,0.610859728507
HCP1694,0.5135135135135135,0.34294272,0.03415932,0.07082956,0.702479338843,0.1666666666666667,0.31250000,0E-8,0.20490954012911453,0.993055555556,0.2307692307692308,1.000000,0.28229317851959357,0.311111111111,0.1000000000000000,0.33330000,0.8333333333333334,0.0,0.2,0.837104072398
HCP1695,0.6756756756756757,0.17459129,0.02981940,0.09440163,0.801652892562,0.2380952380952381,0.13635000,0E-8,0.38921654578783776,0.993055555556,0.3076923076923077,1.000000,0.7418964683115626,0.853333333333,0.3000000000000000,0.75000000,0.5409649122807018,0.2222222222222222,0.2,0.968325791855
HCP1696,0.4054054054054054,0.56433296,0.30267395,0.43177697,0.842975206612,0.5238095238095238,0.32610000,1.00000000,0.45401291145293693,1.000000000000,0.8461538461538462,0.916667,0.5200774068698597,0.955555555556,0.4000000000000000,0.80000000,0.4649122807017544,0.16666666666666666,0.05,0.873303167421
HCP1697,0.6216216216216216,0.49382254,0.46661067,0.73912058,0.942148760331,0.4761904761904762,0.19050000,0.80000000,0.446281979756117,1.000000000000,0.6923076923076923,1.000000,0.6477987421383647,0.991111111111,0.3000000000000000,1.00000000,0.47956140350877197,0.2222222222222222,0.3,1.000000000000
HCP1698,0.0540540540540541,0.63596655,0.46661067,0.60437443,0.950413223140,0.3809523809523810,0.23530000,0.66670000,0.3952737706224596,1.000000000000,0.3076923076923077,0.666667,0.7581035316884374,0.986666666667,0.2000000000000000,0.66670000,0.40350877192982454,0.2777777777777778,0.2,0.352941176471
HCP1699,0.4864864864864865,0.41757145,0.20999580,0.37771985,0.933884297521,0.2857142857142857,0.26925000,0.33330000,0.37710209611859413,1.000000000000,0.1538461538461538,0.666667,0.7014997581035316,0.497777777778,0.5000000000000000,0.71430000,0.4842105263157895,0.05555555555555555,0.45,0.968325791855
HCP1700,0.6216216216216216,0.27193311,0.12445751,0.30224388,0.909090909091,0.3095238095238095,0.21430000,0.50000000,0.3031401928747908,0.902777777778,0.6153846153846154,0.800000,0.5507982583454282,0.831111111111,0.4000000000000000,0.66670000,0.5745614035087719,0.0,0.25,0.968325791855
HCP1701,0.1081081081081081,0.43192312,0.26921462,0.47223481,0.983471074380,0.4047619047619048,0.11110000,0.33330000,0.45074519805531205,0.986111111111,0.3846153846153846,0.833333,0.4879051765844219,0.640000000000,0.5000000000000000,1.00000000,0.4842105263157895,0.5555555555555556,0.7,0.968325791855
HCP1702,0.6216216216216216,0.82665668,0.55998880,0.58284225,1.000000000000,0.3333333333333333,0.40000000,0.25000000,0.5221965410058182,0.986111111111,0.3076923076923077,1.000000,0.5302370585389453,0.720000000000,0.3000000000000000,0.75000000,0.40938596491228074,0.3888888888888889,0.1,0.452488687783
HCP1703,0.7837837837837838,0.56558093,0.35685286,0.50804624,0.950413223140,0.6190476190476190,0.35185000,0.60000000,0.4815095241890492,0.937500000000,0.6153846153846154,1.000000,0.45162070633768747,0.955555555556,0.5000000000000000,0.83330000,0.7035087719298246,0.2222222222222222,0.75,0.968325791855
HCP1704,0.7567567567567568,0.50492949,0.25199496,0.39233908,0.867768595041,0.2380952380952381,0.09090000,0E-8,0.23121064796365665,0.895833333333,0.1538461538461538,0.500000,0.6149008224479923,0.368888888889,0.3000000000000000,0.60000000,0.5379824561403509,0.05555555555555555,0.0,0.968325791855
HCP1705,0.1351351351351351,0.22575814,0.10373793,0.28331822,0.900826446281,0.1190476190476190,0.08335000,0E-8,0.5426396748226668,0.868055555556,0.1538461538461538,0.666667,0.41944847605224966,0.977777777778,0.1000000000000000,1.00000000,0.5350877192982456,0.16666666666666666,0.1,0.936651583710
HCP1706,0.2702702702702703,0.36303507,0.13131737,0.26155938,0.652892561983,0.0952380952380952,0.20000000,0E-8,0.22045110384952582,0.972222222222,0.6153846153846154,1.000000,0.654329946782777,0.924444444444,0.1000000000000000,0.50000000,0.40350877192982454,0.0,0.0,0.352941176471
HCP1707,0.1891891891891892,0.45850493,0.24135517,0.40469175,0.942148760331,0.2142857142857143,0.10000000,0E-8,0.23690922132780745,0.923611111111,0.1538461538461538,0.666667,0.9354136429608128,0.386666666667,0E-16,0E-8,0.0,0.0,0.0,0E-12
HCP1708,0.7837837837837838,0.46773992,0.38429231,0.63463282,0.950413223140,0.1666666666666667,0.37500000,0.33330000,0.5956005419622222,0.604166666667,0.3846153846153846,1.000000,0.45645863570391865,0.951111111111,0.4000000000000000,1.00000000,0.4868421052631579,0.0,0.2,0.805429864253
HCP1709,0.7837837837837838,0.56558093,0.35685286,0.50804624,0.942148760331,0.3571428571428571,0.37500000,0.33330000,0.29760102016418266,0.951388888889,0.3076923076923077,1.000000,0.30648282535074983,0.848888888889,0.4000000000000000,0.57140000,0.3815789473684211,0.16666666666666666,0.2,0.773755656109
HCP1710,0.5675675675675676,0.26232372,0.09771805,0.24286038,0.942148760331,0.0714285714285714,0.62500000,0.33330000,0.17458356579261972,0.638888888889,0.3076923076923077,1.000000,0.590711175616836,0.742222222222,0.2000000000000000,0.50000000,0.42105263157894735,0.0,0.25,0.805429864253
HCP1711,0.2432432432432432,0.62086609,0.31611368,0.41749773,0.925619834711,0.5952380952380952,0.26925000,1.00000000,0.562644456842273,0.993055555556,0.7692307692307692,0.833333,0.3488147073052733,0.924444444444,0.2000000000000000,0.50000000,0.5614035087719298,0.0,0.1,0.837104072398
HCP1712,0.9189189189189189,0.72507176,0.42503150,0.49399365,0.966942148760,0.4047619047619048,0.19445000,1.00000000,0.3866661353311549,0.979166666667,0.3846153846153846,0.714286,0.40324141267537494,0.746666666667,0.3000000000000000,1.00000000,0.48833333333333334,0.0,0.25,1.000000000000
HCP1713,0.6486486486486486,0.12729315,0.03037939,0.11332729,0.950413223140,0.3333333333333333,0.23335000,0E-8,0.33569777636088305,0.909722222222,0.7692307692307692,1.000000,0.4201741654571842,0.835555555556,0.1000000000000000,1.00000000,0.7192982456140351,0.0,0.1,0.257918552036
HCP1714,0.5405405405405405,0.45026831,0.30001400,0.50997280,0.719008264463,0.2380952380952381,0.22725000,0E-8,0.19355224356419864,0.777777777778,0.6923076923076923,1.000000,0.3442186744073536,0.968888888889,0.7000000000000000,0.87500000,0.47868421052631577,0.3333333333333333,0.3,0.904977375566
HCP1715,0.8648648648648649,0.43379508,0.15553689,0.27198549,0.884297520661,0.0952380952380952,0.20000000,0E-8,0.38052921016976166,0.854166666667,0.1538461538461538,0.500000,0.2762457668118045,0.186666666667,0.4000000000000000,0.57140000,0.4298245614035088,0.0,0.25,1.000000000000
HCP1716,0.7027027027027027,0.50592787,0.26249475,0.40797824,1.000000000000,0.3095238095238095,0.25000000,0.42860000,0.3888180441539811,0.972222222222,0.3846153846153846,0.714286,0.4862119013062409,0.786666666667,0.1000000000000000,0.25000000,0.5087719298245614,0.0,0.0,0.289592760181
HCP1717,0.7567567567567568,0.43005117,0.30799384,0.54204442,1.000000000000,0.2857142857142857,0.23075000,1.00000000,0.4647326054036821,1.000000000000,0.4615384615384615,0.857143,0.5,0.857777777778,0E-16,0E-8,0.0,0.0,0.0,0E-12
HCP1718,0.5945945945945946,0.56508174,0.47725045,0.67996374,0.876033057851,0.3809523809523810,0.29410000,0.33330000,0.4248425918546266,0.986111111111,0.3846153846153846,1.000000,0.6451378809869376,0.946666666667,0.2000000000000000,0.50000000,0.5175438596491229,0.16666666666666666,0.05,0.837104072398
HCP1719,0.4594594594594595,0.49594409,0.39493210,0.62330009,1.000000000000,0.5000000000000000,0.29545000,0.25000000,0.37510958794931065,1.000000000000,0.2307692307692308,0.750000,0.681422351233672,0.662222222222,0.2000000000000000,0.40000000,0.34210526315789475,0.2777777777777778,0.0,1.000000000000
HCP1720,0.9189189189189189,0.70285786,0.60002800,0.71577516,1.000000000000,0.3809523809523810,0.20590000,0.50000000,0.5106001434605881,0.909722222222,0.3846153846153846,1.000000,0.4661344944363813,0.631111111111,0.2000000000000000,0.66670000,0.2850877192982456,0.1111111111111111,0.0,0.868778280543
HCP1721,0.3513513513513514,0.64045925,0.32003360,0.41205802,0.950413223140,0.5714285714285714,0.20000000,0.66670000,0.5101617916633457,0.979166666667,0.5384615384615385,1.000000,0.5691823899371069,0.857777777778,0.4000000000000000,0.66670000,0.4407894736842105,0.4444444444444444,0.5,0.710407239819
HCP1722,0.6216216216216216,0.57706227,0.31107378,0.43585675,0.991735537190,0.1904761904761905,0.22220000,0.75000000,0.5033474137243962,0.972222222222,0.3076923076923077,1.000000,0.8265602322206096,0.520000000000,0.4000000000000000,0.80000000,0.4473684210526316,0.2777777777777778,0.2,0.742081447964
HCP1723,0.8378378378378378,0.42106577,0.26417472,0.47223481,0.983471074380,0.1666666666666667,0.12500000,0E-8,0.2767195345500917,0.847222222222,0.4615384615384615,0.857143,0.762699564586357,0.764444444444,0.4000000000000000,1.00000000,0.4934210526315789,0.16666666666666666,0.1,0.837104072398
HCP1724,0.3783783783783784,0.65331337,0.46661067,0.59122847,1.000000000000,0.3571428571428571,0.31250000,1.00000000,0.5183709253207938,0.881944444444,0.6923076923076923,0.818182,0.6296565070149975,0.982222222222,0.6000000000000000,0.75000000,0.4371052631578947,0.05555555555555555,0.4,0.936651583710
HCP1725,0.1621621621621622,0.43541745,0.20005600,0.34870807,0.479338842975,0.1428571428571429,0.14285000,0E-8,0.3161711963019048,0.930555555556,0.2307692307692308,1.000000,0.556361877116594,0.244444444444,0E-16,0E-8,0.0,0.0,0.0,0E-12
HCP1726,0.6486486486486486,0.31723449,0.30435391,0.66659112,0.991735537190,0.7380952380952381,0.26565000,0.33330000,0.5230333944369172,0.965277777778,0.7692307692307692,1.000000,0.6620706337687471,0.964444444444,0.4000000000000000,1.00000000,0.5482456140350878,0.0,0.2,0.805429864253
HCP1727,0.8378378378378378,0.51528766,0.29049419,0.44526292,0.867768595041,0.1904761904761905,0.11110000,1.00000000,0.271977365107197,0.972222222222,0.4615384615384615,0.857143,0.40662796323173683,0.791111111111,0.5000000000000000,0.71430000,0.35964912280701755,0.1111111111111111,0.45,0.742081447964
HCP1728,0.6486486486486486,0.53425683,0.45653087,0.67996374,0.942148760331,0.3571428571428571,0.21875000,0E-8,0.305411652187774,1.000000000000,0.4615384615384615,1.000000,0.278180938558297,0.982222222222,0.3000000000000000,0.60000000,0.5935964912280702,0.0,0.35,0.936651583710
HCP1729,0.8108108108108108,0.50393111,0.26921462,0.41976428,0.884297520661,0.3809523809523810,0.32355000,1.00000000,0.6433410376982546,0.937500000000,0.3076923076923077,0.800000,0.46129656507014993,0.995555555556,0.1000000000000000,0.50000000,0.5263157894736842,0.0,0.15,0.579185520362
HCP1730,0.2972972972972973,0.72582054,0.25451491,0.29567090,1.000000000000,0.5238095238095238,0.36955000,0.50000000,0.582330437554794,1.000000000000,0.6923076923076923,1.000000,0.556361877116594,0.871111111111,0.2000000000000000,0.50000000,0.4780701754385965,0.0,0.0,0.226244343891
HCP1731,0.1081081081081081,0.38400100,0.21531569,0.41205802,0.818181818182,0.2380952380952381,0.18180000,0.33330000,0.2747270263808082,0.958333333333,0.1538461538461538,1.000000,0.2581035316884373,0.933333333333,0E-16,0E-8,0.0,0.0,0.0,0E-12
HCP1732,0.7027027027027027,0.53201048,0.20411592,0.30507706,0.909090909091,0.3809523809523810,0.26470000,1.00000000,0.39100980314019285,0.972222222222,0.3076923076923077,1.000000,0.7963231736816643,0.706666666667,0.3000000000000000,0.50000000,0.4502631578947368,0.16666666666666666,0.05,0.868778280543
HCP1733,0.8378378378378378,0.56233620,0.39619208,0.56663645,0.727272727273,0.4047619047619048,0.27780000,0.75000000,0.39395871523073245,0.805555555556,0.8461538461538462,1.000000,0.581277213352685,0.973333333333,0.5000000000000000,1.00000000,0.5070175438596491,0.0,0.35,0.936651583710
HCP1734,0.2162162162162162,0.35517284,0.09337813,0.18891659,0.975206611570,0.1190476190476190,0.16665000,0E-8,0.32461943093966683,0.375000000000,0.0769230769230769,0.333333,0.9837929366231253,0.208888888889,0.2000000000000000,1.00000000,0.33771929824561403,0.0,0.0,0.547511312217
HCP1735,0.7027027027027027,0.45401223,0.26249475,0.44344968,0.884297520661,0.3333333333333333,0.46665000,1.00000000,0.3831194707898302,0.965277777778,0.6923076923076923,0.818182,0.5350749879051766,0.897777777778,0.4000000000000000,0.66670000,0.41885964912280704,0.16666666666666666,0.2,1.000000000000
HCP1736,0.4054054054054054,0.42942718,0.26487470,0.46668178,0.851239669421,0.3571428571428571,0.50000000,0.50000000,0.45150235115963977,1.000000000000,0.4615384615384615,1.000000,0.3669569424286405,0.813333333333,0.2000000000000000,0.66670000,0.4780701754385965,0.0,0.0,0.837104072398
HCP1737,0.2432432432432432,0.58055660,0.22581548,0.31482321,0.933884297521,0.1190476190476190,0.16665000,0E-8,0.49481947875986293,0.784722222222,0.2307692307692308,0.600000,0.5919206579583938,0.955555555556,0.1000000000000000,0.50000000,0.2719298245614035,0.0,0.0,0.742081447964
HCP1738,0.5135135135135135,0.70822414,0.58042839,0.68800997,0.975206611570,0.6904761904761905,0.36665000,0.62500000,0.5975531999681198,0.972222222222,0.6153846153846154,0.800000,0.6523947750362844,0.866666666667,0.4000000000000000,0.80000000,0.4956140350877193,0.05555555555555555,0.3,0.904977375566
HCP1739,0.3783783783783784,0.37601398,0.15553689,0.30224388,0.661157024793,0.1666666666666667,0.31250000,1.00000000,0.47824181079142425,0.826388888889,0.5384615384615385,0.875000,0.3701015965166908,0.968888888889,0.3000000000000000,1.00000000,0.3655263157894737,0.0,0.0,0.642533936652
HCP1740,0.6216216216216216,0.66017721,0.40445191,0.50804624,0.834710743802,0.2380952380952381,0.27275000,1.00000000,0.4268351000239101,1.000000000000,0.2307692307692308,1.000000,0.4436381228834059,0.880000000000,0.2000000000000000,0.50000000,0.5482456140350878,0.1111111111111111,0.2,0.968325791855
HCP1741,0.2972972972972973,0.49893922,0.12725745,0.20002267,0.966942148760,0.3809523809523810,0.38235000,1.00000000,0.301785287319678,0.958333333333,0.6923076923076923,1.000000,0.4489598451862603,0.991111111111,0.1000000000000000,0.33330000,0.32456140350877194,0.1111111111111111,0.0,0.610859728507
HCP1742,0.3783783783783784,0.54935729,0.31107378,0.45330916,1.000000000000,0.2380952380952381,0.31820000,0E-8,0.2494620227942935,0.902777777778,0.4615384615384615,1.000000,0.22181906144170294,0.986666666667,0.2000000000000000,1.00000000,0.8596491228070176,0.1111111111111111,0.05,0.904977375566
HCP1743,0.5675675675675676,0.29127668,0.06509870,0.15106528,0.950413223140,0.1190476190476190,0.25000000,0E-8,0.21778114290268588,0.868055555556,0.1538461538461538,0.666667,0.5079825834542815,0.746666666667,0E-16,0E-8,0.0,0.0,0.0,0E-12
HCP1744,0.0810810810810811,0.60476725,0.44799104,0.60437443,0.859504132231,0.5714285714285714,0.26000000,0.33330000,0.3324699131266438,0.965277777778,0.4615384615384615,1.000000,0.5645863570391872,0.795555555556,0.4000000000000000,0.80000000,0.43640350877192985,0.1111111111111111,0.35,0.805429864253
HCP1745,0.8918918918918919,0.53675278,0.27999440,0.41557117,0.917355371901,0.7380952380952381,0.17190000,0.66670000,0.44516617518131824,1.000000000000,0.7692307692307692,0.909091,0.4978229317851959,0.960000000000,0.4000000000000000,0.66670000,0.38377192982456143,0.0,0.1,1.000000000000
HCP1746,0.8378378378378378,0.51528766,0.29049419,0.44526292,0.966942148760,0.4523809523809524,0.32500000,0E-8,0.3823224675221169,0.993055555556,0.6923076923076923,0.900000,0.43952588292210937,0.862222222222,0.7000000000000000,0.77780000,0.5275438596491228,0.0,0.05,0.968325791855
HCP1747,0.6216216216216216,0.74341695,0.34215316,0.38961922,0.983471074380,0.5714285714285714,0.28000000,0.50000000,0.495536781700805,0.972222222222,0.4615384615384615,0.666667,0.4112239961296565,0.875555555556,0.2000000000000000,0.66670000,0.37719298245614036,0.3333333333333333,0.0,0.678733031674
HCP1748,0.0810810810810811,0.40509173,0.16799664,0.30904352,0.942148760331,0.2857142857142857,0.03845000,0E-8,0.2226428628357376,0.895833333333,0.3076923076923077,1.000000,0.47581035316884374,0.786666666667,0.1000000000000000,0.25000000,0.2719298245614035,0.0,0.0,0.936651583710
HCP1749,0.3243243243243243,0.81030825,0.65882682,0.69741614,0.950413223140,0.4523809523809524,0.27500000,1.00000000,0.6158045747987568,0.854166666667,0.4615384615384615,1.000000,0.6209482341557813,0.946666666667,0.3000000000000000,1.00000000,0.4502631578947368,0.1111111111111111,0.15,0.773755656109
HCP1750,0.2162162162162162,0.18881817,0.18661627,0.56663645,0.760330578512,0.2857142857142857,0.30770000,0E-8,0.3310353072447597,0.784722222222,0.3846153846153846,1.000000,0.40324141267537494,0.951111111111,0.1000000000000000,0.50000000,0.35964912280701755,0.0,0.1,0.190045248869
HCP1751,0.9189189189189189,0.41307875,0.25003500,0.45330916,0.933884297521,0.2857142857142857,0.23075000,0E-8,0.5806567306925959,0.694444444444,0.3076923076923077,0.666667,0.5766811804547654,0.973333333333,0.1000000000000000,0.50000000,0.30701754385964913,0.0,0.2,0.452488687783
HCP1752,0.0810810810810811,0.45501061,0.22399552,0.37771985,1.000000000000,0.1666666666666667,0.37500000,1.00000000,0.31505539172710606,0.805555555556,0.4615384615384615,0.857143,0.4240445089501693,0.977777777778,0.4000000000000000,0.80000000,0.506578947368421,0.1111111111111111,0.0,0.710407239819
HCP1753,0.8108108108108108,0.52801697,0.40389192,0.60709429,0.909090909091,0.1428571428571429,0.14285000,0E-8,0.3100342711405117,0.902777777778,0.7692307692307692,0.909091,0.671504596032898,0.946666666667,0.2000000000000000,0.50000000,0.3026315789473684,0.1111111111111111,0.15,1.000000000000
HCP1754,0.3513513513513514,0.21252964,0.07993840,0.22665458,0.669421487603,0.3333333333333333,0.36665000,0.50000000,0.38590898222682707,0.875000000000,0.4615384615384615,1.000000,0.38316400580551524,0.640000000000,0E-16,0E-8,0.0,0.0,0.0,0E-12
HCP1755,0.9459459459459459,0.70984650,0.44211116,0.52300544,1.000000000000,0.5238095238095238,0.43480000,1.00000000,0.6496373635131906,0.854166666667,0.6923076923076923,0.900000,0.337929366231253,0.968888888889,0.5000000000000000,0.83330000,0.47368421052631576,0.16666666666666666,0.55,0.773755656109
HCP1756,0.7567567567567568,0.25533508,0.13999720,0.35414778,0.991735537190,0.2142857142857143,0.30000000,1.00000000,0.34872877978799716,0.840277777778,0E-16,0.000000,0.34687953555878087,0E-12,0.2000000000000000,1.00000000,0.32456140350877194,0.2222222222222222,0.0,0.742081447964
HCP1757,0.1621621621621622,0.30163484,0.04997900,0.11332729,0.859504132231,0.1190476190476190,0.08335000,0E-8,0.38112696262054674,0.854166666667,0.5384615384615385,0.875000,0.8236574746008709,0.920000000000,0.4000000000000000,0.80000000,0.5043859649122807,0.16666666666666666,0.35,0.868778280543
HCP1758,0.5135135135135135,0.64732310,0.34145317,0.43585675,1.000000000000,0.4523809523809524,0.20000000,0.66670000,0.5707738901729498,0.965277777778,0.5384615384615385,0.700000,0.5193517174649249,0.933333333333,0.1000000000000000,0.50000000,0.4298245614035088,0.16666666666666666,0.0,0.226244343891
HCP1759,0.3243243243243243,0.70023711,0.41173177,0.49274705,0.884297520661,0.1904761904761905,0.38890000,0E-8,0.4892006057224835,0.840277777778,0.3076923076923077,1.000000,0.22181906144170294,0.968888888889,0.3000000000000000,0.75000000,0.2807017543859649,0.1111111111111111,0.15,0.936651583710
HCP1760,0.2432432432432432,0.58055660,0.18059639,0.25181324,1.000000000000,0.4285714285714286,0.31580000,1.00000000,0.445325575834861,1.000000000000,0.6153846153846154,1.000000,0.4697629414610547,0.937777777778,0.3000000000000000,0.75000000,0.30991228070175436,0.0,0.2,0.873303167421
HCP1761,0.8918918918918919,0.76363409,0.53450931,0.59496827,0.942148760331,0.7142857142857143,0.24195000,0.14290000,0.532716984139635,0.965277777778,0.5384615384615385,0.700000,0.565312046444122,0.777777777778,0.6000000000000000,1.00000000,0.45324561403508773,0.3333333333333333,0.5,0.936651583710
HCP1762,0.3513513513513514,0.78310246,0.67996640,0.74093382,0.991735537190,0.5952380952380952,0.23075000,0.20000000,0.3578943173667012,0.986111111111,0.6923076923076923,0.818182,0.3967102080309627,0.960000000000,0.3000000000000000,0.75000000,0.6403508771929824,0.05555555555555555,0.15,0.904977375566
HCP1763,0.5135135135135135,0.58654686,0.30729385,0.42497733,0.966942148760,0.5714285714285714,0.44000000,0.60000000,0.5185303259743366,0.986111111111,0.7692307692307692,0.909091,0.4736332849540396,0.777777777778,0.1000000000000000,0.33330000,0.3157894736842105,0.0,0.15,0.873303167421
HCP1764,0.8378378378378378,0.79782853,0.55466891,0.59496827,0.950413223140,0.6666666666666667,0.25860000,0E-8,0.438311947078983,0.951388888889,0.4615384615384615,0.857143,0.613933236574746,0.680000000000,0.7000000000000000,0.87500000,0.4499122807017544,0.05555555555555555,0.5,0.805429864253
HCP1765,0.8108108108108108,0.74391614,0.61920762,0.70444243,1.000000000000,0.8333333333333333,0.29165000,0.71430000,0.7430062963258149,0.986111111111,0.3846153846153846,0.833333,0.5645863570391872,0.693333333333,0.4000000000000000,0.80000000,0.29605263157894735,0.16666666666666666,0.0,0.678733031674
HCP1766,0.8108108108108108,0.47997005,0.24233515,0.39233908,0.925619834711,0.4523809523809524,0.35000000,1.00000000,0.5070534789192636,0.840277777778,0.3076923076923077,0.800000,0.46129656507014993,0.937777777778,0.6000000000000000,0.75000000,0.3318421052631579,0.1111111111111111,0.15,0.936651583710
HCP1767,0.7837837837837838,0.27193311,0.10975780,0.26665911,0.867768595041,0.4285714285714286,0.31580000,0.60000000,0.3717223240615287,0.888888888889,0.1538461538461538,0.666667,0.5645863570391872,0.706666666667,0.1000000000000000,0.33330000,0.5614035087719298,0.16666666666666666,0.05,0.321266968326
HCP1768,0.9189189189189189,0.47997005,0.32493350,0.52617860,0.867768595041,0.2857142857142857,0.26925000,0.40000000,0.7872798278472942,0.784722222222,0.1538461538461538,0.400000,0.23391388485728107,0.613333333333,0.4000000000000000,0.80000000,0.5263157894736842,0.2777777777777778,0.1,0.352941176471
HCP1769,0.2702702702702703,0.28503682,0.08749825,0.20602901,0.859504132231,0.2142857142857143,0.25000000,0.75000000,0.35677851279190254,0.944444444444,0.7692307692307692,1.000000,0.5507982583454282,0.928888888889,0.5000000000000000,0.83330000,0.4982456140350877,0.16666666666666666,0.0,1.000000000000
HCP1770,0.9189189189189189,0.41307875,0.44995100,0.81595648,0.735537190083,0.2619047619047619,0.20835000,0.50000000,0.3381684864907946,0.819444444444,0.5384615384615385,0.777778,0.4005805515239478,0.986666666667,0.4000000000000000,1.00000000,0.5153508771929824,0.3333333333333333,0.2,0.904977375566
HCP1771,0.4054054054054054,0.32821665,0.22707546,0.48572076,0.884297520661,0.3571428571428571,0.31250000,0.66670000,0.4825057782736909,0.951388888889,0.2307692307692308,0.750000,0.7842283502660861,0.262222222222,0.5000000000000000,1.00000000,0.3508771929824561,0.2777777777777778,0.25,0.742081447964
HCP1772,0.2162162162162162,0.35517284,0.32661347,0.66103808,0.966942148760,0.4761904761904762,0.09525000,0.50000000,0.3043356977763608,0.958333333333,0.2307692307692308,0.750000,0.8205128205128205,0.591111111111,0.4000000000000000,0.80000000,0.4780701754385965,0.1111111111111111,0.6,0.710407239819
HCP1773,0.1351351351351351,0.59553226,0.25927481,0.35414778,1.000000000000,0.4761904761904762,0.30950000,0.25000000,0.34637762014824264,0.861111111111,0.3076923076923077,1.000000,0.7842283502660861,0.724444444444,0.1000000000000000,1.00000000,0.4824561403508772,0.16666666666666666,0.0,0.773755656109
HCP1774,0.2162162162162162,0.35517284,0.18661627,0.37771985,1.000000000000,0.2380952380952381,0.40910000,0.75000000,0.3709651709572009,0.986111111111,0.2307692307692308,1.000000,0.4274310595065312,0.706666666667,0.4000000000000000,0.80000000,0.5942982456140351,0.05555555555555555,0.1,0.289592760181
HCP1775,0.5135135135135135,0.67777362,0.47809044,0.58760199,0.892561983471,0.3809523809523810,0.47060000,0E-8,0.3809675619670041,0.986111111111,0.7692307692307692,0.909091,0.4407353652636671,0.982222222222,0.2000000000000000,0.40000000,0.25877192982456143,0.05555555555555555,0.15,0.868778280543
HCP1776,0.2432432432432432,0.29876451,0.13551729,0.30904352,0.933884297521,0.1904761904761905,0.27780000,0.33330000,0.7864429744161952,0.986111111111,0.3076923076923077,1.000000,0.3790517658442186,0.666666666667,0.2000000000000000,1.00000000,0.4342105263157895,0.1111111111111111,0.25,0.226244343891
HCP1777,0.1081081081081081,0.62398602,0.43077138,0.56663645,0.975206611570,0.3571428571428571,0.15625000,0.66670000,0.7483063680561092,0.951388888889,0.9230769230769231,0.923077,0.48693759071117565,0.968888888889,0.7000000000000000,1.00000000,0.47868421052631577,0.2777777777777778,0.7,1.000000000000
HCP1778,0.1081081081081081,0.47997005,0.26921462,0.43585675,0.834710743802,0.2380952380952381,0.40910000,0E-8,0.38040965967960466,1.000000000000,0.3076923076923077,1.000000,0.45162070633768747,0.951111111111,0.5000000000000000,1.00000000,0.5508771929824561,0.3333333333333333,0.2,0.968325791855
HCP1779,0.1621621621621622,0.52452265,0.25003500,0.37771985,0.966942148760,0.4523809523809524,0.25000000,0.25000000,0.346457320475014,0.993055555556,0.6923076923076923,0.900000,0.4661344944363813,0.773333333333,0.2000000000000000,0.50000000,0.4473684210526316,0.0,0.15,0.484162895928
HCP1780,0.4864864864864865,0.29277424,0.06999860,0.16194470,0.826446280992,0.2142857142857143,0.25000000,0E-8,0.13995377381047258,0.770833333333,0.2307692307692308,0.750000,0.6209482341557813,0.760000000000,0.1000000000000000,0.50000000,0.543859649122807,0.0,0.2,0.352941176471
HCP1781,0.8108108108108108,0.74391614,0.61920762,0.70444243,1.000000000000,0.7619047619047619,0.31820000,0.50000000,0.6713557025583806,1.000000000000,0.3846153846153846,0.833333,0.46371552975326563,0.724444444444,0.2000000000000000,0.50000000,0.42105263157894735,0.16666666666666666,0.0,0.742081447964
HCP1782,0.9189189189189189,0.54686135,0.44995100,0.65797824,0.876033057851,0.3095238095238095,0.25000000,0.66670000,0.5947636885311229,0.895833333333,0.3076923076923077,0.800000,0.4322689888727624,0.933333333333,0.5000000000000000,0.83330000,0.49473684210526314,0.2222222222222222,0.5,0.900452488688
HCP1783,0.3783783783783784,0.68800699,0.50552989,0.61389393,0.950413223140,0.2619047619047619,0.54165000,0.60000000,0.45732047501394757,0.854166666667,0.1538461538461538,0.400000,0.7177068214804063,0.480000000000,0.3000000000000000,1.00000000,0.5379824561403509,0.16666666666666666,0.05,0.837104072398
HCP1784,0.1891891891891892,0.41544989,0.24135517,0.43585675,0.983471074380,0.2380952380952381,0.22725000,1.00000000,0.24177094126085918,0.465277777778,0.5384615384615385,0.777778,0.5887760038703436,0.995555555556,0.2000000000000000,0.40000000,0.3684210526315789,0.1111111111111111,0.0,0.610859728507
HCP1785,0.4054054054054054,0.63172345,0.52974941,0.68982321,1.000000000000,0.2142857142857143,0.40000000,0E-8,0.6595202040328365,0.784722222222,0.5384615384615385,0.875000,0.5544267053701016,0.831111111111,0.3000000000000000,0.75000000,0.4357017543859649,0.3333333333333333,0.15,0.805429864253
HCP1786,0.4324324324324324,0.38150505,0.22105558,0.42497733,0.520661157025,0.0952380952380952,0E-8,0E-8,0.36462899497887946,0.909722222222,0.3076923076923077,0.800000,0.6499758103531689,0.373333333333,0.1000000000000000,0.50000000,0.2982456140350877,0.0,0.0,0.773755656109
HCP1787,0.2162162162162162,0.89591913,0.51336973,0.49864007,0.983471074380,0.2857142857142857,0.38460000,0E-8,0.5511277596238146,0.847222222222,0.6153846153846154,0.888889,0.6344944363812289,0.951111111111,0.2000000000000000,1.00000000,0.6096491228070176,0.16666666666666666,0.2,0.773755656109
HCP1788,0.5945945945945946,0.96218645,0.60450791,0.55213055,0.958677685950,0.4761904761904762,0.28570000,0.66670000,0.7764405834063921,0.993055555556,0.6153846153846154,0.888889,0.6289308176100629,1.000000000000,0.5000000000000000,0.83330000,0.4649122807017544,0.3888888888888889,0.25,0.805429864253
HCP1789,0.4864864864864865,0.47997005,0.20999580,0.33998187,0.909090909091,0.1666666666666667,0.06250000,0E-8,0.3833984219335299,0.701388888889,0.6923076923076923,0.900000,0.4153362360909531,0.848888888889,0.2000000000000000,0.66670000,0.34210526315789475,0.0,0.0,0.420814479638
HCP1790,0.6216216216216216,0.60476725,0.21783564,0.29385766,0.942148760331,0.5476190476190476,0.27085000,0.66670000,0.4929863712441221,0.965277777778,0.3076923076923077,1.000000,0.5241896468311562,0.933333333333,0.3000000000000000,0.75000000,0.4678070175438596,0.05555555555555555,0.35,0.547511312217
HCP1791,0.0540540540540541,0.42792961,0.05837883,0.10301451,0.826446280992,0.1190476190476190,0.58335000,0E-8,0.3378895353470949,0.979166666667,0.0769230769230769,0.333333,0.4678277697145622,0.328888888889,0.2000000000000000,1.00000000,0.5833333333333334,0.16666666666666666,0.05,0.968325791855
HCP1792,0.9189189189189189,0.50230875,0.27495450,0.42985041,1.000000000000,0.1190476190476190,0.08335000,0E-8,0.6900852793496454,0.534722222222,0.6923076923076923,0.900000,0.31615868408321235,0.835555555556,0.3000000000000000,1.00000000,0.5672807017543859,0.0,0.45,0.352941176471
HCP1793,0.6486486486486486,0.77836016,0.51742965,0.56663645,0.966942148760,0.2142857142857143,0.45000000,0.66670000,0.6197098908105523,0.722222222222,0.4615384615384615,0.857143,0.2581035316884373,0.751111111111,0.3000000000000000,0.75000000,0.44447368421052635,0.1111111111111111,0.05,0.936651583710
HCP1794,0.7297297297297297,0.77286909,0.65714686,0.72404805,0.991735537190,0.3571428571428571,0.34375000,1.00000000,0.3757471905634813,0.965277777778,0.6923076923076923,1.000000,0.5106434446057087,0.968888888889,0.5000000000000000,0.71430000,0.3719298245614035,0.6111111111111112,0.25,0.873303167421
HCP1795,0.9459459459459459,0.27193311,0.19655607,0.47722121,0.685950413223,0.0952380952380952,0.20000000,0.50000000,0.5198055312026779,0.881944444444,0.4615384615384615,1.000000,0.7218190614417029,0.933333333333,0.4000000000000000,0.66670000,0.5087719298245614,0.05555555555555555,0.5,1.000000000000
HCP1796,0.8108108108108108,0.45600899,0.29609408,0.49864007,0.760330578512,0.1904761904761905,0.27780000,0.66670000,0.47126803219893204,0.562500000000,0.8461538461538462,1.000000,0.5350749879051766,0.915555555556,0E-16,0E-8,0.0,0.0,0.0,0E-12
HCP1797,0.1621621621621622,0.34631224,0.20005600,0.41205802,0.859504132231,0.1190476190476190,0.50000000,0E-8,0.222961664142823,0.972222222222,0.6153846153846154,0.727273,0.4912917271407838,0.937777777778,0.2000000000000000,1.00000000,0.45614035087719296,0.05555555555555555,0.0,0.547511312217
HCP1798,0.7297297297297297,0.44178210,0.17135657,0.29567090,1.000000000000,0.4523809523809524,0.25000000,0E-8,0.3204750139475572,0.965277777778,0.3846153846153846,0.833333,0.6168359941944848,0.928888888889,0.1000000000000000,0.50000000,0.42105263157894735,0.0,0.05,0.837104072398
HCP1799,0.8648648648648649,0.59553226,0.31107378,0.42497733,0.975206611570,0.4523809523809524,0.20000000,0E-8,0.47055072925798996,0.986111111111,0.4615384615384615,0.750000,0.5786163522012578,0.506666666667,0.1000000000000000,0.25000000,0.5701754385964912,0.0,0.05,0.352941176471
HCP1800,0.3243243243243243,0.81030825,0.49405012,0.52300544,0.925619834711,0.3095238095238095,0.32145000,0.50000000,0.6157647246353711,0.979166666667,0.4615384615384615,1.000000,0.5926463473633284,0.924444444444,0E-16,0E-8,0.0,0.0,0.0,0E-12
HCP1801,0.6756756756756757,0.54636216,0.32759345,0.47948776,0.851239669421,0.4761904761904762,0.14285000,0.66670000,0.46831912010839244,0.916666666667,0.3846153846153846,0.714286,0.7210933720367683,0.960000000000,0.1000000000000000,0.33330000,0.3508771929824561,0.0,0.2,0.158371040724
HCP1802,0.7567567567567568,0.75452390,0.53198936,0.59814143,1.000000000000,0.5000000000000000,0.31820000,0.33330000,0.5478600462261896,1.000000000000,0.6153846153846154,0.888889,0.6103047895500726,0.857777777778,0.5000000000000000,0.83330000,0.4157894736842105,0.2222222222222222,0.5,0.773755656109
HCP1803,0.1621621621621622,0.61362785,0.39997200,0.53331822,0.867768595041,0.3809523809523810,0.26470000,1.00000000,0.758707260699769,0.965277777778,0.3076923076923077,1.000000,0.409288824383164,0.613333333333,0.2000000000000000,1.00000000,0.43859649122807015,0.0,0.05,0.547511312217
HCP1804,0.6216216216216216,0.52152752,0.27999440,0.42497733,0.900826446281,0.4047619047619048,0.08335000,0.66670000,0.3906511516697219,0.958333333333,0.6153846153846154,0.800000,0.4080793420416061,0.995555555556,0.2000000000000000,0.66670000,0.5526315789473685,0.0,0.2,0.257918552036
HCP1805,0.0270270270270270,0.72419818,0.48691026,0.56663645,0.933884297521,0.4761904761904762,0.19050000,0.66670000,0.6433410376982546,0.881944444444,0.8461538461538462,1.000000,0.5133043057571359,0.920000000000,0.2000000000000000,1.00000000,0.5745614035087719,0.0,0.15,0.805429864253
HCP1806,0.9189189189189189,0.61362785,0.30001400,0.39993200,0.966942148760,0.8095238095238095,0.27145000,0.50000000,0.5373794532557584,0.937500000000,0.3846153846153846,1.000000,0.712868892114175,0.960000000000,0.5000000000000000,0.83330000,0.3368421052631579,0.2777777777777778,0.3,0.904977375566
HCP1807,0.2972972972972973,0.42318732,0.33935321,0.60437443,0.768595041322,0.1904761904761905,0.27780000,0E-8,0.26508328684147603,0.986111111111,0.1538461538461538,0.666667,0.40324141267537494,0.862222222222,0.1000000000000000,0.33330000,0.39473684210526316,0.16666666666666666,0.0,0.158371040724
HCP1808,0.3243243243243243,0.18632223,0.12347753,0.37771985,0.685950413223,0.3095238095238095,0.17855000,0E-8,0.37483063680561085,0.819444444444,0.4615384615384615,0.857143,0.5275761973875182,0.960000000000,0.2000000000000000,0.40000000,0.34649122807017546,0.0,0.0,0.742081447964
HCP1809,0.1351351351351351,0.45688257,0.31107378,0.52300544,0.909090909091,0.5000000000000000,0.22725000,0.50000000,0.6303498844345262,0.972222222222,0.2307692307692308,0.600000,0.2919690372520561,0.657777777778,0.4000000000000000,0.80000000,0.34868421052631576,0.2222222222222222,0.4,0.678733031674
HCP1810,0.2432432432432432,0.41956820,0.13551729,0.24286038,0.966942148760,0.2857142857142857,0.30770000,1.00000000,0.19048378098350202,0.944444444444,0.3846153846153846,0.833333,0.3669569424286405,0.760000000000,0.1000000000000000,0.25000000,0.45614035087719296,0.0,0.0,0.805429864253
HCP1811,0.9189189189189189,0.16797704,0.02505950,0.08091568,0.991735537190,0.1666666666666667,0.25000000,0.50000000,0.18287239977683908,0.923611111111,0.0769230769230769,0.333333,0.2902757619738751,0.311111111111,0.4000000000000000,0.66670000,0.31798245614035087,0.16666666666666666,0.4,0.742081447964
HCP1812,0.5135135135135135,0.43429427,0.27313454,0.47722121,0.983471074380,0.4285714285714286,0.15790000,1.00000000,0.620945245875508,0.993055555556,0.4615384615384615,0.750000,0.4697629414610547,0.773333333333,0.2000000000000000,0.66670000,0.40350877192982454,0.05555555555555555,0.05,0.936651583710
HCP1813,0.6216216216216216,0.54935729,0.34215316,0.49864007,0.909090909091,0.4761904761904762,0.23810000,0.75000000,0.4323742727345183,0.993055555556,0.4615384615384615,0.750000,0.4153362360909531,0.706666666667,0.2000000000000000,0.66670000,0.5789473684210527,0.0,0.2,0.515837104072
HCP1814,0.1891891891891892,0.63060027,0.28965421,0.37771985,1.000000000000,0.3333333333333333,0.16665000,0.25000000,0.44592332828564596,0.791666666667,0.2307692307692308,1.000000,0.29850024189646834,0.622222222222,0.5000000000000000,0.62500000,0.5736842105263158,0.3333333333333333,0.25,0.936651583710
HCP1815,0.7837837837837838,0.61450144,0.30197396,0.40208522,1.000000000000,0.6190476190476190,0.31480000,0.50000000,0.706065194867299,0.965277777778,0.6923076923076923,0.900000,0.5483792936623125,0.977777777778,0.1000000000000000,1.00000000,0.2894736842105263,0.0,0.0,0.194570135747
HCP1816,0.2162162162162162,0.35517284,0.37337253,0.75555304,1.000000000000,0.3809523809523810,0.38235000,1.00000000,0.5137483063680561,0.944444444444,0.7692307692307692,0.909091,0.5725689404934687,0.764444444444,0.1000000000000000,1.00000000,0.21929824561403508,0.1111111111111111,0.0,0.289592760181
HCP1817,0.1081081081081081,0.67190815,0.48467031,0.59995467,0.942148760331,0.3095238095238095,0.07145000,0.33330000,0.48362158284848966,0.923611111111,0.2307692307692308,1.000000,0.6693275278180938,0.786666666667,0.5000000000000000,0.55560000,0.5368421052631579,0.16666666666666666,0.05,1.000000000000
HCP1818,0.4594594594594595,0.84799700,0.75388492,0.76767906,0.925619834711,0.4285714285714286,0.34210000,0.60000000,0.5501315055391728,0.965277777778,0.6153846153846154,0.888889,0.6961780358006773,0.951111111111,0.1000000000000000,0.33330000,0.4824561403508772,0.05555555555555555,0.0,0.452488687783
HCP1819,0.5405405405405405,0.33146138,0.26669467,0.56663645,1.000000000000,0.1904761904761905,0.22220000,0.50000000,0.16442177412927395,0.625000000000,0.3076923076923077,0.571429,0.35824866956942425,0.871111111111,0.2000000000000000,0.40000000,0.25,0.0,0.0,0.615384615385
HCP1820,0.2972972972972973,0.57456633,0.55144897,0.77538531,1.000000000000,0.1428571428571429,0.42855000,0.50000000,0.7109269148003509,0.819444444444,0.7692307692307692,0.909091,0.3855829704886308,0.928888888889,0.4000000000000000,0.66670000,0.4100877192982456,0.05555555555555555,0.25,0.936651583710
HCP1821,0.6216216216216216,0.66017721,0.52890942,0.66432457,0.892561983471,0.5952380952380952,0.17310000,1.00000000,0.4570016737068622,0.986111111111,0.6923076923076923,1.000000,0.5,0.960000000000,0.4000000000000000,1.00000000,0.40350877192982454,0.2222222222222222,0.2,0.936651583710
HCP1822,0.8378378378378378,0.44465244,0.31695366,0.54397099,1.000000000000,0.0476190476190476,0.66665000,0E-8,0.4468000318801307,0.888888888889,0.5384615384615385,1.000000,0.7731011127237541,0.822222222222,0.4000000000000000,0.80000000,0.5372807017543859,0.0,0.1,0.936651583710
HCP1823,0.7297297297297297,0.33994759,0.11423772,0.23855394,1.000000000000,0.2619047619047619,0.08335000,0E-8,0.21299912329640552,0.944444444444,0.2307692307692308,1.000000,0.5645863570391872,0.862222222222,0.2000000000000000,1.00000000,0.6008771929824561,0.0,0.0,0.805429864253
HCP1824,0.0810810810810811,0.20541620,0.05599888,0.16194470,0.743801652893,0.2142857142857143,0.15000000,0E-8,0.2656810392922611,0.715277777778,0.4615384615384615,0.857143,0.18553459119496854,0.942222222222,0.1000000000000000,0.50000000,0.49122807017543857,0.0,0.1,0.515837104072
HCP1825,0.7297297297297297,0.61999251,0.39997200,0.52889846,0.983471074380,0.2380952380952381,0.36365000,0E-8,0.4138837969235674,0.493055555556,0.6923076923076923,0.900000,0.6136913401064346,0.804444444444,0.6000000000000000,0.66670000,0.49412280701754385,0.05555555555555555,0.2,0.710407239819
HCP1826,0.7837837837837838,0.44327967,0.30197396,0.51937897,1.000000000000,0.5952380952380952,0.19230000,0.75000000,0.5139077070215987,0.909722222222,0.5384615384615385,0.875000,0.5241896468311562,0.920000000000,0.2000000000000000,0.66670000,0.4956140350877193,0.16666666666666666,0.0,0.384615384615
HCP1827,0.3513513513513514,0.60476725,0.27999440,0.37771985,0.851239669421,0.4047619047619048,0.30555000,0.66670000,0.306009404638559,0.944444444444,0.5384615384615385,0.875000,0.6603773584905661,0.840000000000,0.4000000000000000,0.80000000,0.6929824561403509,0.0,0.3,0.968325791855
HCP1828,0.7297297297297297,0.56907525,0.25717486,0.36423391,0.991735537190,0.6190476190476190,0.24075000,0.44440000,0.44054355622858055,0.993055555556,0.6923076923076923,0.900000,0.6306240928882438,0.804444444444,0.4000000000000000,0.66670000,0.5526315789473685,0.16666666666666666,0.2,0.773755656109
HCP1829,0.1891891891891892,0.75964058,0.53100938,0.59360834,0.991735537190,0.0952380952380952,0.50000000,0E-8,0.3790946042878776,0.784722222222,0.8461538461538462,1.000000,0.5703918722786646,0.964444444444,0.4000000000000000,0.80000000,0.4758771929824561,0.1111111111111111,0.35,0.837104072398
HCP1830,0.5945945945945946,0.62173967,0.41369173,0.54567090,1.000000000000,0.0952380952380952,0.50000000,0E-8,0.5002391009803141,0.958333333333,0.3846153846153846,0.714286,0.4791969037252056,0.902222222222,0.3000000000000000,0.60000000,0.40938596491228074,0.0,0.15,0.837104072398
HCP1831,0.8108108108108108,0.76800200,0.56530869,0.62624660,0.991735537190,0.2380952380952381,0.18180000,0.33330000,0.41228979038814056,0.958333333333,0.5384615384615385,0.777778,0.2743105950653121,0.937777777778,0.2000000000000000,1.00000000,0.5394736842105263,0.1111111111111111,0.2,0.868778280543
HCP1832,0.2432432432432432,0.37938350,0.18059639,0.34870807,0.752066115702,0.1428571428571429,0.50000000,0E-8,0.5573842352753646,0.895833333333,0.3846153846153846,1.000000,0.558055152394775,0.946666666667,0.6000000000000000,1.00000000,0.47219298245614033,0.2222222222222222,0.1,0.904977375566
HCP1833,0.4324324324324324,0.28291526,0.22105558,0.52300544,0.801652892562,0.2142857142857143,0.35000000,0E-8,0.5891846656571292,0.923611111111,0.7692307692307692,0.909091,0.5638606676342526,0.915555555556,0.3000000000000000,0.75000000,0.3537719298245614,0.16666666666666666,0.05,0.484162895928
HCP1834,0.5675675675675676,0.52352427,0.32563349,0.49274705,0.876033057851,0.1666666666666667,0.43750000,1.00000000,0.21881724715071335,0.743055555556,0.7692307692307692,0.909091,0.5638606676342526,0.786666666667,0.1000000000000000,1.00000000,0.38596491228070173,0.0,0.0,0.384615384615
HCP1835,0.8648648648648649,0.57244478,0.41481170,0.58488214,0.983471074380,0.3095238095238095,0.39285000,0.66670000,0.528971068781382,0.909722222222,0.8461538461538462,1.000000,0.5065312046444121,0.844444444444,0.7000000000000000,0.70000000,0.5514035087719298,0.3888888888888889,0.55,0.968325791855
HCP1836,0.2162162162162162,0.35517284,0.27999440,0.56663645,0.727272727273,0.2380952380952381,0.31820000,0.50000000,0.30094843388857895,0.750000000000,0.7692307692307692,1.000000,0.4733913884857281,0.960000000000,0E-16,0E-8,0.0,0.0,0.0,0E-12
HCP1837,0.6216216216216216,0.54935729,0.43553129,0.63463282,1.000000000000,0.4285714285714286,0.18420000,0E-8,0.4670040647166654,0.951388888889,0.5384615384615385,0.875000,0.7116594097726173,0.982222222222,0.3000000000000000,1.00000000,0.3800877192982456,0.2222222222222222,0.05,0.642533936652
HCP1838,0.4594594594594595,0.33595407,0.03583928,0.07558930,1.000000000000,0.3095238095238095,0.39285000,1.00000000,0.2808241013788157,0.909722222222,0.1538461538461538,0.666667,0.6047411707789065,0.777777777778,0.1000000000000000,0.50000000,0.40350877192982454,0.0,0.0,0.678733031674
HCP1839,0.2162162162162162,0.60476725,0.13999720,0.18891659,1.000000000000,0.3333333333333333,0.26665000,0.50000000,0.46046863792141546,0.958333333333,0.3846153846153846,0.833333,0.3144654088050314,0.982222222222,0.1000000000000000,0.50000000,0.3333333333333333,0.0,0.0,0.773755656109
HCP1840,0.8918918918918919,0.62748034,0.35629287,0.46668178,0.900826446281,0.4047619047619048,0.36110000,0.40000000,0.7433250976329004,1.000000000000,0.5384615384615385,0.875000,0.584663763909047,0.808888888889,0.3000000000000000,0.60000000,0.5409649122807018,0.0,0.3,0.837104072398
HCP1841,0.7837837837837838,0.51666043,0.21965561,0.33578876,1.000000000000,0.3571428571428571,0.28125000,0.75000000,0.2471507133179246,0.868055555556,0.5384615384615385,0.875000,0.5241896468311562,0.742222222222,0.1000000000000000,1.00000000,0.3684210526315789,0.0,0.15,0.610859728507
HCP1842,0.4324324324324324,0.61138151,0.29469411,0.39415231,0.917355371901,0.4523809523809524,0.25000000,0.50000000,0.7387821790069341,0.944444444444,0.2307692307692308,1.000000,0.5,0.862222222222,0.3000000000000000,1.00000000,0.4151754385964912,0.0,0.15,0.968325791855
HCP1843,0.2162162162162162,0.56320978,0.23337533,0.33329556,0.983471074380,0.4761904761904762,0.16665000,0.33330000,0.3468956722722563,0.909722222222,0.6153846153846154,0.888889,0.41388485728108365,0.937777777778,0.1000000000000000,0.25000000,0.7982456140350878,0.05555555555555555,0.0,0.904977375566
HCP1844,0.7297297297297297,0.61999251,0.57146857,0.75555304,0.900826446281,0.4285714285714286,0.23685000,0.50000000,0.7108073643101936,0.993055555556,0.6153846153846154,0.666667,0.556361877116594,0.977777777778,0.7000000000000000,0.87500000,0.4974561403508772,0.2777777777777778,0.4,0.968325791855
HCP1845,0.2972972972972973,0.46100087,0.33935321,0.56663645,1.000000000000,0.1190476190476190,0.25000000,0E-8,0.3153343428708058,0.868055555556,0.1538461538461538,0.666667,0.6129656507014998,0.746666666667,0.1000000000000000,1.00000000,0.3508771929824561,0.16666666666666666,0.15,0.384615384615
HCP1846,0.2162162162162162,0.68800699,0.65336693,0.79329102,0.983471074380,0.4047619047619048,0.27780000,0E-8,0.5236311468877022,0.965277777778,0.3076923076923077,1.000000,0.5120948234155781,0.951111111111,0.4000000000000000,1.00000000,0.6206140350877193,0.0,0.35,0.710407239819
HCP1847,0.5675675675675676,0.58155497,0.45583088,0.63463282,0.950413223140,0.1428571428571429,0.57145000,0E-8,0.47624930262214077,0.694444444444,0.3846153846153846,1.000000,0.7854378326076439,0.933333333333,0.2000000000000000,0.50000000,0.4605263157894737,0.0,0.05,0.678733031674
HCP1848,0.3783783783783784,0.61861974,0.31107378,0.41205802,0.942148760331,0.5714285714285714,0.24000000,0.80000000,0.7494620227942934,0.826388888889,0.2307692307692308,1.000000,0.5645863570391872,0.893333333333,0.3000000000000000,0.60000000,0.39184210526315794,0.0,0.3,1.000000000000
HCP1849,0E-16,0.76363409,0.50902982,0.56663645,0.950413223140,0.1904761904761905,0.33335000,0E-8,0.2298955925719296,0.770833333333,0.6923076923076923,0.818182,0.5350749879051766,0.982222222222,0.5000000000000000,1.00000000,0.5894736842105264,0.3333333333333333,0.45,0.742081447964
HCP1850,0.3243243243243243,0.40658929,0.37057259,0.67996374,0.983471074380,0.4047619047619048,0.36110000,1.00000000,0.5350282936160038,0.993055555556,0.2307692307692308,0.750000,0.32462506047411704,0.457777777778,0.2000000000000000,1.00000000,0.47368421052631576,0.16666666666666666,0.15,1.000000000000
HCP1851,0.6486486486486486,0.47997005,0.18255635,0.29567090,0.942148760331,0.2619047619047619,0.29165000,0E-8,0.5763529130469435,0.916666666667,0.5384615384615385,0.777778,0.45428156748911463,0.808888888889,0.2000000000000000,0.66670000,0.37719298245614036,0.0,0.0,0.773755656109
HCP1852,0.7027027027027027,0.58392612,0.46661067,0.64755213,0.991735537190,0.5238095238095238,0.23915000,0.50000000,0.4854546903642305,0.881944444444,0.2307692307692308,1.000000,0.37106918238993714,0.466666666667,0.3000000000000000,0.75000000,0.43859649122807015,0.3333333333333333,0.2,0.837104072398
HCP1853,0.1081081081081081,0.57593910,0.32311354,0.45330916,0.776859504132,0.6666666666666667,0.22415000,0.40000000,0.5117557981987727,0.972222222222,0.5384615384615385,0.875000,0.6240928882438317,0.991111111111,0.3000000000000000,0.60000000,0.5321929824561403,0.0,0.0,0.805429864253
HCP1854,0.5135135135135135,0.37339324,0.06831863,0.13327289,1.000000000000,0.1904761904761905,0.11110000,0.50000000,0.36678090380170564,0.763888888889,0.2307692307692308,0.600000,0.4080793420416061,0.920000000000,0.3000000000000000,0.60000000,0.46201754385964916,0.1111111111111111,0.0,0.936651583710
HCP1855,0.3783783783783784,0.82665668,0.34999300,0.36423391,0.933884297521,0.8095238095238095,0.31430000,0.72730000,0.7149517813023034,0.972222222222,0.3846153846153846,0.833333,0.6008708272859217,0.711111111111,0.3000000000000000,1.00000000,0.47956140350877197,0.2222222222222222,0.1,0.678733031674
HCP1856,0.3243243243243243,0.66354674,0.37057259,0.46362194,0.958677685950,0.6666666666666667,0.17240000,0.71430000,0.5065354267952499,0.958333333333,0.3076923076923077,0.800000,0.5822447992259313,0.742222222222,0.3000000000000000,0.75000000,0.520438596491228,0.0,0.0,0.904977375566
HCP1857,0.4594594594594595,0.71995507,0.46661067,0.54567090,0.958677685950,0.2619047619047619,0.25000000,0.50000000,0.5355861959034032,0.895833333333,0.4615384615384615,1.000000,0.09675858732462506,0.857777777778,0.4000000000000000,0.80000000,0.506578947368421,0.1111111111111111,0.35,0.968325791855
HCP1858,0.7837837837837838,0.71246724,0.57650847,0.67996374,0.917355371901,0.5000000000000000,0.20455000,0.50000000,0.6222204511038497,0.944444444444,0.3076923076923077,0.666667,0.35074987905176574,0.960000000000,0.1000000000000000,0.50000000,0.43859649122807015,0.0,0.2,0.352941176471
HCP1859,0.4054054054054054,0.49681767,0.26487470,0.41749773,0.743801652893,0.3333333333333333,0.50000000,0E-8,0.4420977126006217,0.965277777778,0.7692307692307692,0.909091,0.43831640058055144,0.995555555556,0.2000000000000000,0.50000000,0.37280701754385964,0.16666666666666666,0.05,0.936651583710
HCP1860,0.2162162162162162,0.60476725,0.51336973,0.69254306,0.975206611570,0.3809523809523810,0.29410000,1.00000000,0.47138758268908904,0.958333333333,0.2307692307692308,0.750000,0.5786163522012578,0.737777777778,0.4000000000000000,1.00000000,0.581140350877193,0.1111111111111111,0.25,0.968325791855
HCP1861,0.5405405405405405,0.74741046,0.49993000,0.56663645,1.000000000000,0.4761904761904762,0.30950000,1.00000000,0.5113174464015302,0.923611111111,0.4615384615384615,1.000000,0.5887760038703436,0.946666666667,0.5000000000000000,0.83330000,0.39473684210526316,0.2222222222222222,0.05,0.773755656109
HCP1862,0.2162162162162162,0.81280419,0.60660787,0.64052584,1.000000000000,0.0952380952380952,0.20000000,0E-8,0.34402646050848806,0.645833333333,0.2307692307692308,1.000000,0.8950169327527817,0.311111111111,0.3000000000000000,1.00000000,0.27780701754385967,0.05555555555555555,0.15,0.742081447964
HCP1863,0.3243243243243243,0.25970298,0.20593588,0.51507253,0.859504132231,0.0714285714285714,0.12500000,0.50000000,0.16167211285566274,0.812500000000,0.3076923076923077,1.000000,0.47581035316884374,0.911111111111,0.5000000000000000,0.83330000,0.6210526315789473,0.05555555555555555,0.05,0.837104072398
HCP1864,0.1351351351351351,0.45688257,0.25927481,0.43585675,0.884297520661,0.3571428571428571,0.40625000,0.33330000,0.31625089662867617,0.930555555556,0.4615384615384615,0.857143,0.4378326076439284,0.720000000000,0.4000000000000000,1.00000000,0.32456140350877194,0.0,0.0,0.773755656109
HCP1865,0.0810810810810811,0.55484837,0.16799664,0.24286038,0.719008264463,0.2380952380952381,0.27275000,0E-8,0.47569140033474133,0.854166666667,0.6923076923076923,0.900000,0.5967585873246251,0.986666666667,0.3000000000000000,0.60000000,0.611140350877193,0.1111111111111111,0.25,0.904977375566
HCP1866,0.2702702702702703,0.63596655,0.30631387,0.39664551,0.983471074380,0.5476190476190476,0.22915000,0.50000000,0.39216545787837737,0.944444444444,0.5384615384615385,0.875000,0.3669569424286405,0.937777777778,0.4000000000000000,0.66670000,0.39473684210526316,0.0,0.25,0.805429864253
HCP1867,0.6216216216216216,0.21652315,0.12445751,0.34870807,0.685950413223,0.1666666666666667,0.56250000,0E-8,0.4827847294173906,0.750000000000,0.6923076923076923,1.000000,0.6773101112723754,0.982222222222,0E-16,0E-8,0.0,0.0,0.0,0E-12
HCP1868,0.9189189189189189,0.59141395,0.37505250,0.51507253,0.950413223140,0.3095238095238095,0.39285000,0E-8,0.24834621821949474,0.652777777778,0.2307692307692308,1.000000,0.7498790517658441,0.888888888889,0.4000000000000000,1.00000000,0.48026315789473684,0.2222222222222222,0.35,0.900452488688
HCP1869,0.2162162162162162,0.52152752,0.27999440,0.42497733,0.925619834711,0.1904761904761905,0.22220000,1.00000000,0.6177173826412689,0.784722222222,0.8461538461538462,0.916667,0.6894049346879535,0.906666666667,0.3000000000000000,0.75000000,0.47657894736842105,0.1111111111111111,0.15,0.968325791855
HCP1870,0.3513513513513514,0.49781605,0.23995520,0.37771985,0.892561983471,0.4047619047619048,0.30555000,0.33330000,0.535386945086475,0.986111111111,0.5384615384615385,1.000000,0.7005321722302854,0.613333333333,0.3000000000000000,1.00000000,0.42692982456140355,0.2222222222222222,0.0,0.904977375566
HCP1871,0.1351351351351351,0.59553226,0.20733585,0.28331822,0.975206611570,0.4761904761904762,0.28570000,0.20000000,0.3681358093568184,0.958333333333,0.6923076923076923,1.000000,0.5457184325108854,0.960000000000,0.2000000000000000,0.50000000,0.3991228070175439,0.16666666666666666,0.3,1.000000000000
HCP1872,0.4054054054054054,0.56433296,0.34047319,0.48572076,1.000000000000,0.1904761904761905,0.27780000,0.50000000,0.45759942615764726,0.993055555556,0.6923076923076923,0.900000,0.5556361877116593,0.857777777778,0.1000000000000000,1.00000000,0.2543859649122807,0.0,0.0,0.352941176471
HCP1873,0.2972972972972973,0.57456633,0.29693406,0.41749773,0.975206611570,0.3809523809523810,0.41175000,0.33330000,0.7041125368614012,0.944444444444,0.2307692307692308,1.000000,0.6613449443638123,0.875555555556,0.3000000000000000,1.00000000,0.611140350877193,0.2777777777777778,0.2,0.710407239819
HCP1874,0.7297297297297297,0.61999251,0.39997200,0.52889846,0.942148760331,0.4047619047619048,0.30555000,1.00000000,0.4566031720730055,0.965277777778,0.6153846153846154,1.000000,0.7631833575229802,0.840000000000,0.5000000000000000,0.83330000,0.43333333333333335,0.0,0.2,0.968325791855
HCP1875,0.3783783783783784,0.20267066,0.07783844,0.22665458,0.685950413223,0.2380952380952381,0.22725000,0E-8,0.3188013070853591,0.986111111111,0.5384615384615385,1.000000,0.5241896468311562,0.782222222222,0.1000000000000000,0.50000000,0.4649122807017544,0.05555555555555555,0.0,0.352941176471
HCP1876,0.7837837837837838,0.61450144,0.24709506,0.32898912,0.991735537190,0.4285714285714286,0.28945000,0.50000000,0.4033633537897506,0.930555555556,0.3076923076923077,1.000000,0.6572327044025157,0.946666666667,0.3000000000000000,0.60000000,0.45903508771929824,0.0,0.1,0.742081447964
HCP1877,0.6216216216216216,0.57706227,0.46661067,0.65378513,0.991735537190,0.2142857142857143,0.15000000,0.33330000,0.4063521160436758,0.819444444444,0.3846153846153846,1.000000,0.8096274794388001,0.942222222222,0.2000000000000000,1.00000000,0.40789473684210525,0.1111111111111111,0.15,0.968325791855
HCP1878,0.1081081081081081,0.43192312,0.10765785,0.18891659,0.975206611570,0.1904761904761905,0.22220000,0E-8,0.5047820196062804,0.909722222222,0.8461538461538462,1.000000,0.4603289791969037,0.995555555556,0.2000000000000000,0.50000000,0.6052631578947368,0.0,0.15,0.904977375566
HCP1879,0.2972972972972973,0.80144765,0.42419152,0.45330916,0.942148760331,0.3809523809523810,0.29410000,0E-8,0.4434526181557345,0.986111111111,0.7692307692307692,1.000000,0.565312046444122,0.884444444444,0.5000000000000000,0.83330000,0.4929824561403509,0.2222222222222222,0.2,0.968325791855
HCP1880,0.8648648648648649,0.41058280,0.18143637,0.33057570,1.000000000000,0.2619047619047619,0.20835000,0.50000000,0.3161711963019048,0.895833333333,0.6153846153846154,1.000000,0.6028059990324142,0.871111111111,0.2000000000000000,1.00000000,0.47368421052631576,0.1111111111111111,0.0,0.610859728507
HCP1881,0.9189189189189189,0.34631224,0.17499650,0.36060743,0.975206611570,0.0952380952380952,0.30000000,0E-8,0.2469514625009963,0.805555555556,0.5384615384615385,0.875000,0.43662312530237046,0.800000000000,0.2000000000000000,0.66670000,0.543859649122807,0.16666666666666666,0.0,0.936651583710
HCP1882,0.2702702702702703,0.63596655,0.21881562,0.28331822,0.834710743802,0.1666666666666667,0.31250000,1.00000000,0.3649876464493504,0.847222222222,0.6923076923076923,0.818182,0.6473149492017417,0.982222222222,0E-16,0E-8,0.0,0.0,0.0,0E-12
HCP1883,0.2432432432432432,0.58055660,0.13551729,0.18891659,0.925619834711,0.1428571428571429,0.35715000,0E-8,0.26329002948912095,0.965277777778,0.4615384615384615,1.000000,0.5684567005321722,0.915555555556,0.1000000000000000,0.33330000,0.7456140350877193,0.0,0.15,0.904977375566
HCP1884,0.4054054054054054,0.69923874,0.49195016,0.58930190,0.975206611570,0.8333333333333333,0.30555000,0.40000000,0.6668127839324143,0.916666666667,0.4615384615384615,0.857143,0.582970488630866,0.955555555556,0.5000000000000000,1.00000000,0.3684210526315789,0.0,0.3,0.710407239819
HCP1885,0.4054054054054054,0.63172345,0.34047319,0.44344968,0.933884297521,0.7380952380952381,0.20315000,0.50000000,0.5913365744799556,0.937500000000,0.8461538461538462,0.916667,0.4697629414610547,0.986666666667,0.3000000000000000,0.75000000,0.3684210526315789,0.2777777777777778,0.15,0.647058823529
HCP1886,0.8918918918918919,0.49132659,0.25451491,0.40469175,0.975206611570,0.3095238095238095,0.25000000,0E-8,0.6780505300071732,0.812500000000,0.4615384615384615,0.857143,0.4966134494436381,1.000000000000,0.2000000000000000,1.00000000,0.5701754385964912,0.16666666666666666,0.1,0.904977375566
HCP1887,0.7027027027027027,0.47997005,0.20411592,0.33057570,1.000000000000,0.2380952380952381,0.22725000,0E-8,0.3235833266916395,0.951388888889,0.5384615384615385,0.700000,0.5943396226415094,0.733333333333,0.1000000000000000,1.00000000,0.7719298245614035,0.0,0.0,0.126696832579
HCP1888,0.1351351351351351,0.68800699,0.41481170,0.50362647,0.991735537190,0.2142857142857143,0.30000000,1.00000000,0.45716107436040493,0.958333333333,0.3846153846153846,1.000000,0.6886792452830188,0.911111111111,0.2000000000000000,0.66670000,0.38596491228070173,0.1111111111111111,0.0,0.773755656109
HCP1889,0.8378378378378378,0.60950955,0.29049419,0.38961922,0.909090909091,0.1428571428571429,0.35715000,1.00000000,0.4601099864509444,0.854166666667,0.1538461538461538,0.666667,0.7660861151427188,0.204444444444,0.1000000000000000,0.50000000,0.6403508771929824,0.0,0.2,0.257918552036
HCP1890,0.3243243243243243,0.84699863,0.61766765,0.62964642,0.917355371901,0.4523809523809524,0.37500000,0E-8,0.43926835100023914,0.965277777778,0.7692307692307692,0.833333,0.38509917755200773,0.955555555556,0.7000000000000000,0.87500000,0.5476315789473685,0.3333333333333333,0.75,1.000000000000
HCP1891,0.9729729729729730,0.67365531,0.33795324,0.41749773,0.859504132231,0.2142857142857143,0.25000000,0E-8,0.30262214075077715,0.881944444444,0.3846153846153846,1.000000,0.35486211901306236,0.853333333333,0.1000000000000000,0.33330000,0.35964912280701755,0.0,0.0,0.352941176471
HCP1892,0.9459459459459459,0.84125796,0.71230575,0.73028105,0.991735537190,0.4047619047619048,0.30555000,0.50000000,0.49717063839961745,0.979166666667,0.3846153846153846,0.833333,0.7902757619738752,0.746666666667,0.2000000000000000,0.66670000,0.40789473684210525,0.0,0.2,0.742081447964
HCP1893,0.7297297297297297,0.74741046,0.42853143,0.48572076,0.991735537190,0.1904761904761905,0.44445000,1.00000000,0.5053399218936797,0.951388888889,0.6923076923076923,1.000000,0.3896952104499274,0.626666666667,0.5000000000000000,1.00000000,0.5263157894736842,0.4444444444444444,0.5,0.968325791855
HCP1894,0.4324324324324324,0.41432672,0.11045779,0.20002267,0.884297520661,0.2619047619047619,0.12500000,0E-8,0.28791743046146495,0.909722222222,0.6923076923076923,1.000000,0.5590227382680212,0.986666666667,0.3000000000000000,0.50000000,0.3800877192982456,0.1111111111111111,0.1,0.547511312217
HCP1895,0.3243243243243243,0.70023711,0.28825423,0.34485494,0.801652892562,0.2380952380952381,0.22725000,0E-8,0.28751892882760816,0.951388888889,0.4615384615384615,1.000000,0.6572327044025157,0.897777777778,0.2000000000000000,1.00000000,0.32894736842105265,0.0,0.15,1.000000000000
HCP1896,0.3513513513513514,0.64045925,0.32003360,0.41205802,0.851239669421,0.2619047619047619,0.16665000,0E-8,0.39758508009882837,0.881944444444,0.4615384615384615,0.857143,0.4482341557813256,0.795555555556,0.3000000000000000,1.00000000,0.42692982456140355,0.0,0.0,0.547511312217
HCP1897,0.6756756756756757,0.25421191,0.02981940,0.07558930,0.942148760331,0.0952380952380952,0.10000000,0E-8,0.2981589224515821,0.625000000000,0.3846153846153846,1.000000,0.6015965166908563,0.822222222222,0.3000000000000000,0.60000000,0.37429824561403513,0.1111111111111111,0.05,0.868778280543
HCP1898,0.2702702702702703,0.51903157,0.48131037,0.73334089,0.876033057851,0.1190476190476190,0.16665000,0E-8,0.2697457559575995,0.777777777778,0.5384615384615385,1.000000,0.7073052733430092,0.835555555556,0.2000000000000000,0.40000000,0.3684210526315789,0.0,0.0,0.384615384615
HCP1899,0.5675675675675676,0.43641582,0.39073219,0.67996374,0.793388429752,0.5476190476190476,0.27085000,0.50000000,0.6170797800270982,0.993055555556,0.7692307692307692,1.000000,0.19762941461054667,0.982222222222,0.3000000000000000,0.50000000,0.4971052631578948,0.2777777777777778,0.05,0.547511312217
HCP1900,0.4594594594594595,0.46399601,0.39493210,0.65605168,0.983471074380,0.3333333333333333,0.13335000,0.50000000,0.4656093089981668,0.972222222222,0.6923076923076923,0.818182,0.3483309143686502,0.880000000000,0.5000000000000000,0.62500000,0.5035087719298246,0.3333333333333333,0.4,0.710407239819
HCP1901,0.8108108108108108,0.67190815,0.43077138,0.53331822,1.000000000000,0.2619047619047619,0.41665000,0E-8,0.13545070534789191,0.923611111111,0.4615384615384615,1.000000,0.29850024189646834,0.551111111111,0.2000000000000000,0.66670000,0.2324561403508772,0.0,0.1,0.742081447964
HCP1902,0.6486486486486486,0.56133783,0.30435391,0.43585675,0.942148760331,0.0714285714285714,0.37500000,0E-8,0.7578305571052842,0.979166666667,0.4615384615384615,1.000000,0.38703434929850017,0.960000000000,0.4000000000000000,0.66670000,0.3969298245614035,0.16666666666666666,0.3,0.742081447964
HCP1903,0.6486486486486486,0.56133783,0.33473331,0.47948776,0.958677685950,0.1904761904761905,0.16665000,0E-8,0.6650992269068304,0.979166666667,0.6923076923076923,0.900000,0.6862602805999033,0.857777777778,0.1000000000000000,0.50000000,0.2543859649122807,0.0,0.15,0.095022624434
HCP1904,0.7567567567567568,0.57980781,0.41999160,0.58612874,0.942148760331,0.2142857142857143,0.45000000,0E-8,0.5331553359368775,0.756944444444,0.3846153846153846,0.833333,0.5805515239477503,0.960000000000,0.6000000000000000,0.60000000,0.4357017543859649,0.05555555555555555,0.15,0.936651583710
HCP1905,0.8108108108108108,0.69599401,0.53842923,0.64755213,0.966942148760,0.2380952380952381,0.31820000,0E-8,0.87833745118355,1.000000000000,0.3076923076923077,1.000000,0.5362844702467344,1.000000000000,0.5000000000000000,0.83330000,0.3649122807017544,0.1111111111111111,0.2,0.936651583710
HCP1906,0.3243243243243243,0.40658929,0.16463671,0.30224388,0.867768595041,0.5714285714285714,0.18000000,0.75000000,0.37777954889615045,0.937500000000,0.4615384615384615,1.000000,0.4958877600387034,0.995555555556,0.6000000000000000,1.00000000,0.3304385964912281,0.3888888888888889,0.45,0.873303167421
HCP1907,0.8108108108108108,0.55197804,0.40389192,0.58612874,0.942148760331,0.3095238095238095,0.21430000,0.50000000,0.28106320235912974,0.875000000000,0.7692307692307692,0.909091,0.43831640058055144,0.964444444444,0.3000000000000000,0.75000000,0.48833333333333334,0.0,0.0,0.742081447964
HCP1908,0.3783783783783784,0.51466367,0.38891222,0.59644152,0.966942148760,0.4047619047619048,0.16665000,0E-8,0.4070694189846178,0.854166666667,0.2307692307692308,1.000000,0.7418964683115626,0.853333333333,0E-16,0E-8,0.0,0.0,0.0,0E-12
HCP1909,0.5945945945945946,0.25308873,0.12725745,0.32377607,0.719008264463,0.1904761904761905,0.33335000,1.00000000,0.37020801785287316,0.979166666667,0.2307692307692308,1.000000,0.2902757619738751,0.724444444444,0.2000000000000000,0.28570000,0.7149122807017544,0.16666666666666666,0.15,0.837104072398
HCP1910,0.5945945945945946,0.65019344,0.38177236,0.48572076,0.859504132231,0.3095238095238095,0.21430000,0E-8,0.3748704869689966,0.888888888889,0.2307692307692308,0.500000,0.4837929366231253,0.471111111111,0.2000000000000000,0.66670000,0.35964912280701755,0.05555555555555555,0.2,0.678733031674
HCP1911,0.6486486486486486,0.72419818,0.45653087,0.53127833,0.991735537190,0.5000000000000000,0.31820000,0.25000000,0.7167848888180441,0.902777777778,0.7692307692307692,1.000000,0.5532172230285438,0.982222222222,0.4000000000000000,1.00000000,0.4868421052631579,0.0,0.35,0.647058823529
HCP1912,0.1081081081081081,0.23998502,0.16155677,0.42497733,0.727272727273,0.3095238095238095,0.14285000,0E-8,0.6018570176137723,0.944444444444,0.2307692307692308,0.600000,0.5193517174649249,0.671111111111,0E-16,0E-8,0.0,0.0,0.0,0E-12
HCP1913,0.1081081081081081,0.52801697,0.16155677,0.24286038,0.958677685950,0.2380952380952381,0.22725000,0.50000000,0.5017932573523551,0.826388888889,0.3076923076923077,1.000000,0.409288824383164,0.644444444444,0.3000000000000000,0.42860000,0.4649122807017544,0.3333333333333333,0.0,0.968325791855
HCP1914,0.8648648648648649,0.73418195,0.54444911,0.62624660,0.991735537190,0.3571428571428571,0.18750000,0.60000000,0.42308918466565715,0.958333333333,0.3846153846153846,1.000000,0.5290275761973876,0.453333333333,0.6000000000000000,1.00000000,0.40789473684210525,0.3333333333333333,0.6,1.000000000000
HCP1915,0.1351351351351351,0.27193311,0.36301274,0.88145966,0.685950413223,0.3809523809523810,0.32355000,0.50000000,0.6258069658085599,0.979166666667,0.6153846153846154,0.727273,0.1151427189163038,0.795555555556,0.2000000000000000,1.00000000,0.4824561403508772,0.16666666666666666,0.1,0.710407239819
HCP1916,0.7567567567567568,0.38013229,0.19599608,0.37771985,0.826446280992,0.2857142857142857,0.42310000,1.00000000,0.36502749661273615,0.958333333333,0.5384615384615385,0.875000,0.4697629414610547,0.920000000000,0.2000000000000000,1.00000000,0.4824561403508772,0.0,0.15,0.647058823529
HCP1917,0.4324324324324324,0.84125796,0.66316674,0.67996374,1.000000000000,0.6904761904761905,0.25000000,0.66670000,0.6491591615525625,0.979166666667,0.6153846153846154,0.888889,0.4380745041122399,0.835555555556,0.1000000000000000,0.50000000,0.2894736842105263,0.16666666666666666,0.0,0.547511312217
HCP1918,1.0000000000000000,0.30013728,0.11857763,0.26983228,0.958677685950,0.0238095238095238,0.50000000,1.00000000,0.4006136925161394,0.916666666667,0.6923076923076923,1.000000,0.6961780358006773,0.964444444444,0.2000000000000000,1.00000000,0.4956140350877193,0.0,0.0,0.837104072398
HCP1919,0.3513513513513514,0.71171846,0.20005600,0.23606074,0.933884297521,0.4523809523809524,0.27500000,0.50000000,0.3282856459711485,0.986111111111,0.2307692307692308,1.000000,0.7014997581035316,0.720000000000,0.1000000000000000,0.50000000,0.6052631578947368,0.0,0.0,0.642533936652
HCP1920,0.8378378378378378,0.65655809,0.39619208,0.50000000,1.000000000000,0.5000000000000000,0.22725000,0.50000000,0.4985653941181159,0.861111111111,0.6923076923076923,0.900000,0.5362844702467344,0.920000000000,0.2000000000000000,1.00000000,0.6096491228070176,0.0,0.25,0.837104072398
HCP1921,0.7837837837837838,0.54112068,0.46661067,0.68800997,0.859504132231,0.1904761904761905,0.27780000,0.66670000,0.6516697218458597,0.847222222222,0.7692307692307692,0.909091,0.35703918722786643,0.791111111111,0.6000000000000000,1.00000000,0.4195614035087719,0.3333333333333333,0.55,1.000000000000
HCP1922,0.0810810810810811,0.30525396,0.05599888,0.12590662,0.925619834711,0.3095238095238095,0.21430000,0.50000000,0.22567147525304856,0.763888888889,0.3846153846153846,0.714286,0.7972907595549105,0.937777777778,0E-16,0E-8,0.0,0.0,0.0,0E-12
HCP1923,0.8648648648648649,0.15637090,0.07783844,0.26155938,0.983471074380,0.2619047619047619,0.29165000,0E-8,0.32525703355383756,1.000000000000,0.2307692307692308,1.000000,0.5241896468311562,0.386666666667,0.4000000000000000,1.00000000,0.4166666666666667,0.1111111111111111,0.25,1.000000000000
HCP1924,0.7567567567567568,0.47997005,0.22399552,0.36264733,0.900826446281,0.1428571428571429,0.14285000,0E-8,0.4575595759942616,0.069444444444,0.7692307692307692,0.833333,0.4436381228834059,0.995555555556,0.3000000000000000,1.00000000,0.6140350877192983,0.05555555555555555,0.15,0.904977375566
HCP1925,0.2702702702702703,0.08997878,0.08749825,0.37771985,0.933884297521,0.2857142857142857,0.30770000,0E-8,0.556866183151351,0.965277777778,0.3076923076923077,1.000000,0.5483792936623125,0.662222222222,0.2000000000000000,0.50000000,0.6798245614035088,0.1111111111111111,0.25,0.904977375566
HCP1926,0.5675675675675676,0.72669412,0.29301414,0.33998187,0.884297520661,0.2142857142857143,0.45000000,1.00000000,0.4921495178130231,0.763888888889,0.6153846153846154,0.800000,0.5387034349298501,0.942222222222,0.5000000000000000,0.83330000,0.3877192982456141,0.3888888888888889,0.4,0.805429864253
HCP1927,0.6216216216216216,0.63247223,0.49783004,0.64755213,0.735537190083,0.5476190476190476,0.22915000,1.00000000,0.6016577667968439,0.909722222222,0.7692307692307692,1.000000,0.4129172714078374,0.933333333333,0.6000000000000000,0.85710000,0.3962280701754386,0.3888888888888889,0.1,0.837104072398
HCP1928,0.1891891891891892,0.28628479,0.24135517,0.56663645,0.975206611570,0.2142857142857143,0.40000000,0.75000000,0.3816848649079462,0.909722222222,0.5384615384615385,1.000000,0.41364296081277213,0.671111111111,0.1000000000000000,1.00000000,0.5701754385964912,0.0,0.0,0.710407239819
HCP1929,0.5135135135135135,0.34294272,0.27313454,0.56663645,0.892561983471,0.3571428571428571,0.31250000,0.66670000,0.5680640790627242,1.000000000000,0.6153846153846154,0.888889,0.6182873730043541,0.906666666667,0.5000000000000000,0.71430000,0.36140350877192984,0.5,0.15,0.904977375566
HCP1930,0.8108108108108108,0.60002496,0.29609408,0.40208522,0.851239669421,0.1428571428571429,0.14285000,0E-8,0.1767753247788316,0.923611111111,0.5384615384615385,1.000000,0.40662796323173683,0.928888888889,0.3000000000000000,0.75000000,0.6257017543859649,0.1111111111111111,0.1,0.968325791855
HCP1931,0.7567567567567568,0.62972669,0.36399272,0.47529465,0.942148760331,0.3809523809523810,0.32355000,1.00000000,0.6351717542041924,0.930555555556,0.3076923076923077,1.000000,0.4818577648766328,0.835555555556,0.6000000000000000,0.85710000,0.5716666666666667,0.05555555555555555,0.55,0.904977375566
HCP1932,0.8648648648648649,0.41058280,0.25927481,0.47223481,1.000000000000,0.4285714285714286,0.21055000,0.50000000,0.6175579819877263,0.979166666667,0.7692307692307692,0.909091,0.39453313981615873,0.973333333333,0.1000000000000000,1.00000000,0.5526315789473685,0.0,0.0,0.710407239819
HCP1933,0.2972972972972973,0.68800699,0.55144897,0.66965095,0.933884297521,0.7142857142857143,0.25805000,0.57140000,0.37817805053000714,0.958333333333,0.3846153846153846,0.833333,0.4274310595065312,0.644444444444,0.2000000000000000,0.66670000,0.5043859649122807,0.16666666666666666,0.15,0.647058823529
HCP1934,0.4594594594594595,0.75190316,0.75388492,0.84995467,0.851239669421,0.6428571428571429,0.26785000,0.50000000,0.3792938551048059,1.000000000000,0.3846153846153846,1.000000,0.2581035316884373,0.835555555556,0.4000000000000000,0.80000000,0.45394736842105265,0.2777777777777778,0.35,0.773755656109
HCP1935,0.9729729729729730,0.50143517,0.43441131,0.67996374,0.925619834711,0.5476190476190476,0.22915000,0.66670000,0.5228739937833744,0.993055555556,0.3846153846153846,0.833333,0.6330430575713595,0.662222222222,0.4000000000000000,0.66670000,0.543859649122807,0.0,0.0,1.000000000000
HCP1936,0.6216216216216216,0.49382254,0.18661627,0.29567090,1.000000000000,0.1904761904761905,0.27780000,0.50000000,0.2169442894715869,0.791666666667,0.3846153846153846,0.833333,0.4557329462989841,0.728888888889,0.1000000000000000,0.50000000,0.19298245614035087,0.0,0.0,0.678733031674
HCP1937,0.1081081081081081,0.33595407,0.10765785,0.22665458,0.661157024793,0.2619047619047619,0.25000000,0E-8,0.5096835897027178,0.958333333333,0.2307692307692308,1.000000,0.3952588292210934,0.960000000000,0.5000000000000000,1.00000000,0.2631578947368421,0.1111111111111111,0.1,0.678733031674
HCP1938,0.9189189189189189,0.21252964,0.04997900,0.14165911,0.818181818182,0.1904761904761905,0.11110000,0E-8,0.1969793576153662,0.916666666667,0.5384615384615385,0.875000,0.5817610062893083,0.995555555556,0.4000000000000000,0.66670000,0.5855263157894737,0.0,0.15,1.000000000000
HCP1939,0.2972972972972973,0.61237988,0.50902982,0.67996374,0.892561983471,0.1904761904761905,0.27780000,1.00000000,0.4045987088547064,0.770833333333,0.6923076923076923,0.818182,0.4075955491049831,0.982222222222,0E-16,0E-8,0.0,0.0,0.0,0E-12
HCP1940,0.6216216216216216,0.71571197,0.46661067,0.54839075,0.909090909091,0.4047619047619048,0.30555000,0.57140000,0.2964055152626126,0.944444444444,0.3846153846153846,0.833333,0.5684567005321722,0.906666666667,0.3000000000000000,0.60000000,0.3157894736842105,0.3333333333333333,0.0,0.873303167421
HCP1941,0.6756756756756757,0.73218520,0.41705166,0.48073436,0.983471074380,0.4285714285714286,0.21055000,0.33330000,0.7112058659440504,0.979166666667,0.4615384615384615,1.000000,0.5684567005321722,0.977777777778,0.4000000000000000,1.00000000,0.34649122807017546,0.2777777777777778,0.1,0.384615384615
HCP1942,0.7297297297297297,0.31436416,0.25717486,0.56663645,0.991735537190,0.1428571428571429,0.28570000,0E-8,0.25221168406790473,0.993055555556,0.4615384615384615,0.857143,0.30309627479438794,0.991111111111,0.2000000000000000,0.50000000,0.5964912280701754,0.1111111111111111,0.0,0.904977375566
HCP1943,0.7837837837837838,0.68800699,0.30197396,0.36661378,0.958677685950,0.3095238095238095,0.39285000,0E-8,0.32362317685502506,0.986111111111,0.3076923076923077,1.000000,0.4153362360909531,0.924444444444,0.1000000000000000,0.50000000,0.18421052631578946,0.0,0.0,0.678733031674
HCP1944,0.5675675675675676,0.72669412,0.42321154,0.49104714,0.867768595041,0.3571428571428571,0.28125000,0E-8,0.6339363991392366,0.888888888889,0.6923076923076923,0.900000,0.5532172230285438,0.902222222222,0.1000000000000000,0.25000000,0.2631578947368421,0.0,0.0,0.547511312217
HCP1945,0.8648648648648649,0.43379508,0.28517430,0.49864007,0.917355371901,0.4761904761904762,0.23810000,0E-8,0.4556069179883637,0.868055555556,0.4615384615384615,1.000000,0.23391388485728107,1.000000000000,0.1000000000000000,0.50000000,0.2894736842105263,0.0,0.0,0.063348416290
HCP1946,0.5405405405405405,0.53937352,0.36665267,0.54204442,0.892561983471,0.3095238095238095,0.25000000,0E-8,0.4496692436438989,0.958333333333,0.2307692307692308,1.000000,0.5241896468311562,0.502222222222,0.5000000000000000,1.00000000,0.4105263157894737,0.2222222222222222,0.5,0.837104072398
HCP1947,0.5405405405405405,0.50967178,0.33333333,0.51507253,0.983471074380,0.1666666666666667,0.12500000,0E-8,0.2711405116760979,0.631944444444,0.7692307692307692,1.000000,0.38388969521044986,1.000000000000,0.1000000000000000,0.25000000,0.41228070175438597,0.0,0.0,0.321266968326
HCP1948,0.2702702702702703,0.67502808,0.69998600,0.86344062,0.975206611570,0.3333333333333333,0.13335000,1.00000000,0.48390053399218935,0.993055555556,0.6923076923076923,1.000000,0.4380745041122399,0.844444444444,0.7000000000000000,1.00000000,0.4686842105263158,0.2777777777777778,0.35,1.000000000000
HCP1949,0.7567567567567568,0.82940222,0.50398992,0.52300544,0.975206611570,0.7142857142857143,0.25805000,0.50000000,0.8633139395871525,0.937500000000,0.5384615384615385,1.000000,0.40324141267537494,0.968888888889,0.1000000000000000,1.00000000,0.3157894736842105,0.0,0.2,0.226244343891
HCP1950,0.5405405405405405,0.53937352,0.33333333,0.49274705,0.983471074380,0.3095238095238095,0.35715000,0.66670000,0.3870646369650116,0.944444444444,0.3846153846153846,1.000000,0.6693275278180938,0.835555555556,0.6000000000000000,0.85710000,0.4064035087719298,0.4444444444444444,0.0,0.547511312217
HCP1951,0.7567567567567568,0.65468614,0.33599328,0.42497733,0.942148760331,0.3333333333333333,0.46665000,1.00000000,0.3690922132780744,0.916666666667,0.3076923076923077,1.000000,0.7298016448959845,0.848888888889,0.4000000000000000,1.00000000,0.4692982456140351,0.0,0.0,0.936651583710
HCP1952,0.6486486486486486,0.39860227,0.15217696,0.28331822,0.917355371901,0.0714285714285714,0.12500000,0E-8,0.26878935203634335,0.465277777778,0.3846153846153846,1.000000,0.7757619738751813,0.511111111111,0.1000000000000000,1.00000000,0.9122807017543859,0.0,0.0,0.257918552036
HCP1953,0.2432432432432432,0.74166979,0.54192916,0.61820036,0.933884297521,0.3095238095238095,0.35715000,0.33330000,0.48537499003745915,0.833333333333,0.3846153846153846,1.000000,0.6015965166908563,0.968888888889,0.2000000000000000,0.66670000,0.30701754385964913,0.0,0.1,0.384615384615
HCP1954,0.7837837837837838,0.34543866,0.19221616,0.39664551,0.958677685950,0.1190476190476190,0.66665000,0E-8,0.17625727265481791,0.791666666667,0.4615384615384615,0.857143,0.5070149975810353,0.728888888889,0.2000000000000000,1.00000000,0.4342105263157895,0.16666666666666666,0.0,0.936651583710
HCP1955,0.5135135135135135,0.64732310,0.40977180,0.52300544,0.752066115702,0.2619047619047619,0.50000000,0.50000000,0.38375707340400095,1.000000000000,0.4615384615384615,1.000000,0.5321722302854378,0.982222222222,0.6000000000000000,1.00000000,0.49271929824561406,0.16666666666666666,0.2,0.837104072398
HCP1956,0.4054054054054054,0.59802820,0.37841243,0.51507253,1.000000000000,0.5714285714285714,0.36000000,0.33330000,0.5501315055391728,1.000000000000,0.3846153846153846,0.833333,0.43541364296081275,0.951111111111,0.2000000000000000,0.66670000,0.6403508771929824,0.05555555555555555,0.05,0.904977375566
HCP1957,0.8378378378378378,0.25633346,0.21125577,0.53331822,0.983471074380,0.4047619047619048,0.08335000,0.75000000,0.3296405515262613,0.868055555556,0.6923076923076923,1.000000,0.30914368650217705,0.746666666667,0.1000000000000000,0.50000000,0.37719298245614036,0.0,0.0,0.773755656109
HCP1958,0.4054054054054054,0.32821665,0.18913622,0.40469175,0.983471074380,0.2142857142857143,0.40000000,1.00000000,0.24711086315453895,0.937500000000,0.3076923076923077,1.000000,0.43952588292210937,0.693333333333,0.1000000000000000,1.00000000,0.20175438596491227,0.0,0.05,0.742081447964
HCP1959,0.2972972972972973,0.27193311,0.04241915,0.10301451,0.884297520661,0.0952380952380952,0.50000000,0E-8,0.3576950665497729,0.777777777778,0.2307692307692308,0.750000,0.39114658925979684,0.835555555556,0.1000000000000000,1.00000000,0.6929824561403509,0.0,0.15,0.642533936652
HCP1960,0.4324324324324324,0.57843504,0.36847263,0.51507253,0.925619834711,0.5476190476190476,0.29165000,0.66670000,0.5363433490077308,0.826388888889,0.4615384615384615,0.666667,0.4085631349782293,0.973333333333,0E-16,0E-8,0.0,0.0,0.0,0E-12
HCP1961,0.3513513513513514,0.81866966,0.55998880,0.58760199,0.933884297521,0.3095238095238095,0.32145000,1.00000000,0.6818362955288118,0.659722222222,0.6923076923076923,1.000000,0.2634252539912917,0.977777777778,0.1000000000000000,0.50000000,0.3508771929824561,0.0,0.15,0.416289592760
HCP1962,0.4864864864864865,0.19917634,0.03499930,0.10301451,0.966942148760,0.0952380952380952,0.20000000,0E-8,0.3206742647644856,0.777777777778,0.3846153846153846,0.625000,0.6149008224479923,0.977777777778,0E-16,0E-8,0.0,0.0,0.0,0E-12
HCP1963,0.8108108108108108,0.62398602,0.61920762,0.81459655,0.867768595041,0.6428571428571429,0.21430000,0.66670000,0.5477803458994182,0.951388888889,0.5384615384615385,0.875000,0.4729075955491049,0.964444444444,0.4000000000000000,0.80000000,0.4649122807017544,0.2222222222222222,0.0,0.936651583710
HCP1964,0.6486486486486486,0.69699239,0.48691026,0.58488214,0.975206611570,0.7857142857142857,0.33825000,1.00000000,0.5989081055232327,0.958333333333,0.4615384615384615,0.750000,0.3730043541364296,0.968888888889,0.2000000000000000,0.66670000,0.30701754385964913,0.0,0.1,0.610859728507
HCP1965,0.8918918918918919,0.67278173,0.40725185,0.50362647,0.991735537190,0.7380952380952381,0.25000000,0.60000000,0.5792221248107118,0.972222222222,0.6923076923076923,0.818182,0.6494920174165457,0.946666666667,0.5000000000000000,0.83330000,0.4614035087719298,0.2222222222222222,0.15,0.647058823529
HCP1966,0.2972972972972973,0.61237988,0.25451491,0.33998187,0.818181818182,0.3809523809523810,0.35295000,0E-8,0.3609627799473978,0.993055555556,0.5384615384615385,0.777778,0.33865505563618764,0.888888888889,0.1000000000000000,0.33330000,0.47368421052631576,0.0,0.0,0.158371040724
HCP1967,0.7297297297297297,0.74741046,0.54290914,0.61525385,0.917355371901,0.4523809523809524,0.42500000,0.50000000,0.3609627799473978,0.986111111111,0.7692307692307692,0.909091,0.48451862602805995,0.928888888889,0.1000000000000000,0.50000000,0.45614035087719296,0.0,0.0,0.837104072398
HCP1968,0.6486486486486486,0.39860227,0.24345513,0.45330916,0.876033057851,0.2142857142857143,0.20000000,0E-8,0.3784171515103212,1.000000000000,0.6923076923076923,1.000000,0.5619254958877601,0.973333333333,0.3000000000000000,0.75000000,0.27780701754385967,0.16666666666666666,0.35,0.936651583710
HCP1969,0.1621621621621622,0.34631224,0.25003500,0.51507253,0.958677685950,0.1428571428571429,0.21430000,1.00000000,0.6876544193831194,0.819444444444,0.3846153846153846,0.714286,0.1301402999516207,0.968888888889,0.2000000000000000,0.50000000,0.2894736842105263,0.0,0.0,0.773755656109
HCP1970,0.2162162162162162,0.27193311,0.04661907,0.11332729,0.752066115702,0.2857142857142857,0.19230000,0.50000000,0.34032039531362074,0.930555555556,0.3076923076923077,0.666667,0.4315432994678278,0.746666666667,0.1000000000000000,0.33330000,0.49122807017543857,0.16666666666666666,0.0,0.194570135747
HCP1971,0.9189189189189189,0.59141395,0.37505250,0.51507253,0.975206611570,0.3095238095238095,0.21430000,0.40000000,0.48433888578943174,0.993055555556,0.8461538461538462,1.000000,0.29559748427672955,0.871111111111,0.3000000000000000,0.60000000,0.21640350877192985,0.0,0.05,0.873303167421
HCP1972,0.2702702702702703,0.40197180,0.30631387,0.56663645,0.966942148760,0.3571428571428571,0.18750000,1.00000000,0.2701044074280705,0.937500000000,0.4615384615384615,0.857143,0.5449927431059506,0.897777777778,0.1000000000000000,0.50000000,0.4473684210526316,0.0,0.2,0.742081447964
HCP1973,0.8108108108108108,0.38400100,0.21531569,0.41205802,0.950413223140,0.5714285714285714,0.28000000,0.75000000,0.6934725432374275,0.618055555556,0.9230769230769231,1.000000,0.3809869375907111,0.768888888889,0.3000000000000000,0.60000000,0.3830701754385965,0.16666666666666666,0.25,0.773755656109
HCP1974,0.3243243243243243,0.55335080,0.24709506,0.35788758,0.818181818182,0.7619047619047619,0.28790000,0.75000000,0.6847852076193514,1.000000000000,0.2307692307692308,1.000000,0.5,0.711111111111,0.7000000000000000,1.00000000,0.6704385964912282,0.7222222222222222,0.4,0.968325791855
HCP1975,0.1621621621621622,0.65830525,0.34999300,0.44072983,0.917355371901,0.5238095238095238,0.32610000,0.33330000,0.6641029728221887,0.993055555556,0.3846153846153846,1.000000,0.558055152394775,0.782222222222,0.3000000000000000,0.75000000,0.611140350877193,0.2222222222222222,0.15,0.837104072398
HCP1976,0.7027027027027027,0.34993136,0.14587708,0.29827743,0.983471074380,0.1904761904761905,0.33335000,0E-8,0.33354586753805693,0.736111111111,0.6923076923076923,0.900000,0.41049830672472176,0.795555555556,0.2000000000000000,0.40000000,0.39473684210526316,0.16666666666666666,0.0,0.515837104072
HCP1977,0.1351351351351351,0.82665668,0.51854963,0.53966455,0.950413223140,0.5000000000000000,0.25000000,0.66670000,0.3287638479317766,0.958333333333,0.5384615384615385,0.777778,0.24455732946298986,0.604444444444,0.5000000000000000,0.83330000,0.4052631578947369,0.16666666666666666,0.45,0.837104072398
HCP1978,0.1621621621621622,0.30163484,0.30001400,0.67996374,0.900826446281,0.3333333333333333,0.33335000,0E-8,0.5521638638718419,0.687500000000,0.3846153846153846,1.000000,0.5628930817610063,0.964444444444,0.3000000000000000,0.75000000,0.47657894736842105,0.05555555555555555,0.3,0.710407239819
HCP1979,0.3243243243243243,0.22301260,0.12347753,0.33998187,0.942148760331,0.2380952380952381,0.04545000,1.00000000,0.3204351637841716,0.937500000000,0.3076923076923077,1.000000,0.5786163522012578,0.911111111111,0.3000000000000000,1.00000000,0.631578947368421,0.0,0.0,0.968325791855
HCP1980,0.8108108108108108,0.47997005,0.21531569,0.34870807,1.000000000000,0.2380952380952381,0.22725000,0.33330000,0.4310592173427911,0.895833333333,0.4615384615384615,0.857143,0.334059022738268,0.937777777778,0.2000000000000000,0.66670000,0.49122807017543857,0.0,0.0,0.904977375566
HCP1981,0.2432432432432432,0.66117559,0.49671007,0.62330009,0.793388429752,0.4523809523809524,0.27500000,0.50000000,0.43886984936638246,0.958333333333,0.6923076923076923,0.900000,0.32825350749879045,0.968888888889,0.1000000000000000,0.50000000,0.37719298245614036,0.16666666666666666,0.0,0.868778280543
HCP1982,0.3513513513513514,0.39086484,0.16001680,0.30224388,0.909090909091,0.3333333333333333,0.23335000,0E-8,0.37925400494142025,0.951388888889,0.6923076923076923,1.000000,0.35486211901306236,0.880000000000,0.1000000000000000,0.33330000,1.0,0.0,0.0,0.968325791855
HCP1983,0.1351351351351351,0.59553226,0.20733585,0.28331822,0.909090909091,0.5000000000000000,0.25000000,0.20000000,0.5308440264605084,0.986111111111,0.7692307692307692,1.000000,0.260522496371553,0.640000000000,0E-16,0E-8,0.0,0.0,0.0,0E-12
HCP1984,0.4054054054054054,0.86783976,0.64328713,0.64222575,0.983471074380,0.3095238095238095,0.39285000,0.20000000,0.77066230971547,0.944444444444,0.7692307692307692,0.833333,0.5019351717464925,1.000000000000,0.5000000000000000,0.83330000,0.4719298245614035,0.1111111111111111,0.35,0.452488687783
HCP1985,0.5405405405405405,0.42056658,0.23337533,0.41749773,0.975206611570,0.1904761904761905,0.11110000,0E-8,0.5075316808798916,0.930555555556,0.3846153846153846,0.714286,0.4308176100628931,0.866666666667,0.2000000000000000,1.00000000,0.34649122807017546,0.0,0.15,0.805429864253
HCP1986,0.2432432432432432,0.17808561,0.09029819,0.28331822,0.942148760331,0.2619047619047619,0.20835000,0E-8,0.44859328923248587,0.847222222222,0.1538461538461538,0.666667,0.8950169327527817,0.146666666667,0.1000000000000000,1.00000000,0.38596491228070173,0.0,0.0,0.515837104072
HCP1987,0.0540540540540541,0.63596655,0.46661067,0.60437443,0.966942148760,0.1904761904761905,0.33335000,1.00000000,0.7208894556467683,0.812500000000,0.6923076923076923,1.000000,0.46516690856313486,0.906666666667,0.4000000000000000,0.57140000,0.48464912280701755,0.1111111111111111,0.1,0.742081447964
HCP1988,0.3783783783783784,0.65331337,0.42783144,0.54204442,0.958677685950,0.3571428571428571,0.31250000,0E-8,0.37542838925639593,1.000000000000,0.5384615384615385,0.875000,0.6240928882438317,0.964444444444,0.6000000000000000,0.85710000,0.5789473684210527,0.3888888888888889,0.65,0.904977375566
HCP1989,0.1351351351351351,0.36440784,0.15553689,0.30904352,0.933884297521,0.0714285714285714,0.12500000,0E-8,0.28201960628038575,0.840277777778,0.2307692307692308,1.000000,0.22593130140299952,0.848888888889,0.2000000000000000,0.66670000,0.7017543859649122,0.0,0.0,0.968325791855
HCP1990,0.6486486486486486,0.69699239,0.48691026,0.58488214,0.950413223140,0.2142857142857143,0.30000000,0E-8,0.5587789909938632,0.895833333333,0.3076923076923077,1.000000,0.49395258829221095,0.768888888889,0.3000000000000000,0.60000000,0.5263157894736842,0.2222222222222222,0.05,0.936651583710
HCP1991,0.9459459459459459,0.60039935,0.41747165,0.56663645,0.909090909091,0.5000000000000000,0.36365000,0E-8,0.27596238144576396,0.993055555556,0.5384615384615385,0.875000,0.6209482341557813,0.911111111111,0.1000000000000000,1.00000000,0.32456140350877194,0.05555555555555555,0.0,0.678733031674
HCP1992,0.4054054054054054,0.39560714,0.18913622,0.35414778,0.925619834711,0.2142857142857143,0.15000000,0E-8,0.21598788555033077,0.979166666667,0.5384615384615385,0.875000,0.7087566521528786,0.915555555556,0.1000000000000000,0.33330000,0.43859649122807015,0.0,0.0,0.194570135747
HCP1993,0.4054054054054054,0.26070136,0.18913622,0.47223481,0.983471074380,0.2619047619047619,0.08335000,0E-8,0.18598071252092135,0.986111111111,0.4615384615384615,0.750000,0.4455732946298984,0.777777777778,0.2000000000000000,0.66670000,0.3201754385964912,0.0,0.1,0.610859728507
HCP1994,0.8648648648648649,0.71109447,0.59624808,0.70444243,1.000000000000,0.3095238095238095,0.42855000,1.00000000,0.1253287638479318,0.986111111111,0.2307692307692308,1.000000,0.2097242380261248,0.853333333333,0.7000000000000000,0.87500000,0.46114035087719296,0.05555555555555555,0.25,0.904977375566
HCP1995,0.6756756756756757,0.36053912,0.17877642,0.35788758,0.892561983471,0.3571428571428571,0.18750000,1.00000000,0.48537499003745915,0.923611111111,0.2307692307692308,1.000000,0.6371552975326561,0.897777777778,0.3000000000000000,1.00000000,0.3830701754385965,0.0,0.05,0.936651583710
HCP1996,0.4054054054054054,0.56433296,0.34047319,0.48572076,0.859504132231,0.3333333333333333,0.26665000,0.33330000,0.3726388778193991,0.986111111111,0.6153846153846154,0.727273,0.7310111272375422,0.960000000000,0.3000000000000000,0.60000000,0.631578947368421,0.16666666666666666,0.2,0.710407239819
HCP1997,0.8918918918918919,0.44590041,0.30547389,0.52300544,0.942148760331,0.0714285714285714,0.25000000,0E-8,0.8170877500597753,0.770833333333,0.3076923076923077,0.800000,0.1274794388001935,0.817777777778,0.2000000000000000,0.50000000,0.5263157894736842,0.0,0.05,0.321266968326
HCP1998,0.3513513513513514,0.53350805,0.20005600,0.29827743,0.925619834711,0.0952380952380952,0.10000000,0.50000000,0.5567864828245797,0.722222222222,0.1538461538461538,0.666667,0.556361877116594,0.893333333333,0E-16,0E-8,0.0,0.0,0.0,0E-12
HCP1999,0.3243243243243243,0.59004118,0.57650847,0.79329102,0.950413223140,0.1190476190476190,0.25000000,0E-8,0.4328524746951462,0.812500000000,0.4615384615384615,1.000000,0.6693275278180938,0.875555555556,0.3000000000000000,1.00000000,0.6491228070175439,0.0,0.2,0.837104072398
HCP2000,0.2972972972972973,0.27193311,0.08483830,0.20602901,0.834710743802,0.3333333333333333,0.40000000,0.33330000,0.41228979038814056,0.868055555556,0.3076923076923077,0.800000,0.6306240928882438,0.937777777778,0.4000000000000000,1.00000000,0.42105263157894735,0.2777777777777778,0.0,0.773755656109
