hcp_id,emails_delivered,emails_bounced,email_opens,email_clicks,email_open_rate,email_click_rate,email_ctor,last_email_activity,last_email_engagement,days_since_last_email_engagement,days_since_last_email_activity
HCP0016,56,2,33,13,0.5893,0.2321,0.3939,2026-08-14T08:50:14.000Z,2026-08-14T08:50:14.000Z,2,2
HCP0022,53,3,28,15,0.5283,0.2830,0.5357,2026-08-09T22:03:32.000Z,2026-08-02T04:40:35.000Z,14,7
HCP0036,34,0,13,4,0.3824,0.1176,0.3077,2026-08-11T07:15:15.000Z,2026-08-11T07:15:15.000Z,5,5
HCP0047,43,0,28,13,0.6512,0.3023,0.4643,2026-08-15T00:00:00.000Z,2026-08-15T00:00:00.000Z,1,1
HCP0069,45,1,28,10,0.6222,0.2222,0.3571,2026-08-15T00:00:00.000Z,2026-08-15T00:00:00.000Z,1,1
HCP0074,53,3,31,17,0.5849,0.3208,0.5484,2026-08-15T00:00:00.000Z,2026-08-15T00:00:00.000Z,1,1
HCP0087,28,1,15,2,0.5357,0.0714,0.1333,2026-08-13T20:57:29.000Z,2026-08-13T20:57:29.000Z,3,3
HCP0101,39,0,23,11,0.5897,0.2821,0.4783,2026-08-11T09:11:16.000Z,2026-08-09T05:07:14.000Z,7,5
HCP0109,57,0,33,19,0.5789,0.3333,0.5758,2026-08-14T23:30:59.000Z,2026-08-14T23:30:59.000Z,2,2
HCP0121,31,1,15,4,0.4839,0.1290,0.2667,2026-08-09T20:38:03.000Z,2026-08-09T20:38:03.000Z,7,7
HCP0136,36,1,30,14,0.8333,0.3889,0.4667,2026-08-14T00:47:06.000Z,2026-08-14T00:47:06.000Z,2,2
HCP0137,43,2,27,15,0.6279,0.3488,0.5556,2026-08-11T11:19:20.000Z,2026-08-11T11:19:20.000Z,5,5
HCP0146,50,2,18,6,0.3600,0.1200,0.3333,2026-08-13T14:09:13.000Z,2026-07-25T19:22:44.000Z,22,3
HCP0180,31,1,10,1,0.3226,0.0323,0.1000,2026-08-14T12:06:55.000Z,2026-06-10T17:42:37.000Z,67,2
HCP0226,46,3,18,7,0.3913,0.1522,0.3889,2026-08-04T03:20:15.000Z,2026-08-04T03:20:15.000Z,12,12
HCP0243,24,3,9,1,0.3750,0.0417,0.1111,2026-08-11T07:28:18.000Z,2026-08-06T01:03:10.000Z,10,5
HCP0251,31,1,16,7,0.5161,0.2258,0.4375,2026-07-31T09:31:18.000Z,2026-06-01T01:49:55.000Z,76,16
HCP0255,33,0,12,1,0.3636,0.0303,0.0833,2026-07-31T09:13:01.000Z,2026-07-28T18:12:59.000Z,19,16
HCP0256,51,3,31,17,0.6078,0.3333,0.5484,2026-08-13T18:56:00.000Z,2026-08-13T18:56:00.000Z,3,3
HCP0287,37,0,20,5,0.5405,0.1351,0.2500,2026-08-08T22:26:56.000Z,2026-07-04T21:53:24.000Z,43,8
HCP0318,54,1,31,17,0.5741,0.3148,0.5484,2026-08-15T00:00:00.000Z,2026-08-15T00:00:00.000Z,1,1
HCP0343,27,1,10,6,0.3704,0.2222,0.6000,2026-07-23T23:11:54.000Z,2026-07-02T02:31:05.000Z,45,24
HCP0352,26,0,9,3,0.3462,0.1154,0.3333,2026-08-11T10:23:18.000Z,2026-07-09T10:15:59.000Z,38,5
HCP0359,49,1,32,24,0.6531,0.4898,0.7500,2026-08-14T06:28:25.000Z,2026-08-14T06:28:25.000Z,2,2
HCP0403,31,2,17,6,0.5484,0.1935,0.3529,2026-08-03T12:58:03.000Z,2026-07-27T08:55:59.000Z,20,13
HCP0449,24,1,10,5,0.4167,0.2083,0.5000,2026-07-30T22:03:44.000Z,2026-07-30T22:03:44.000Z,17,17
HCP0452,26,1,15,9,0.5769,0.3462,0.6000,2026-08-09T11:43:35.000Z,2026-08-09T11:43:35.000Z,7,7
HCP0457,24,1,14,6,0.5833,0.2500,0.4286,2026-08-15T00:00:00.000Z,2026-08-15T00:00:00.000Z,1,1
HCP0470,37,2,17,6,0.4595,0.1622,0.3529,2026-08-13T13:27:19.000Z,2026-08-13T13:27:19.000Z,3,3
HCP0479,28,0,16,8,0.5714,0.2857,0.5000,2026-08-06T05:59:03.000Z,2026-07-02T02:04:01.000Z,45,10
HCP0480,29,0,19,1,0.6552,0.0345,0.0526,2026-08-09T11:45:33.000Z,2026-08-09T11:45:33.000Z,7,7
HCP0489,29,1,12,3,0.4138,0.1034,0.2500,2026-08-09T15:27:52.000Z,2026-07-15T03:31:42.000Z,32,7
HCP0496,51,1,27,16,0.5294,0.3137,0.5926,2026-08-11T07:02:16.000Z,2026-08-11T07:02:16.000Z,5,5
HCP0510,26,1,15,5,0.5769,0.1923,0.3333,2026-08-09T13:38:35.000Z,2026-07-02T23:49:13.000Z,45,7
HCP0516,31,1,19,8,0.6129,0.2581,0.4211,2026-08-13T10:01:22.000Z,2026-08-13T10:01:22.000Z,3,3
HCP0518,25,1,4,0,0.1600,0.0000,0.0000,2026-08-10T12:01:01.000Z,2026-07-12T20:27:40.000Z,35,6
HCP0524,49,1,29,17,0.5918,0.3469,0.5862,2026-07-30T05:36:50.000Z,2026-07-30T05:36:50.000Z,17,17
HCP0533,55,3,20,5,0.3636,0.0909,0.2500,2026-08-03T23:23:33.000Z,2026-07-17T00:42:26.000Z,30,13
HCP0537,43,0,20,9,0.4651,0.2093,0.4500,2026-08-12T15:18:07.000Z,2026-08-12T15:18:07.000Z,4,4
HCP0554,56,1,35,15,0.6250,0.2679,0.4286,2026-08-10T05:06:07.000Z,2026-08-10T05:06:07.000Z,6,6
HCP0569,25,2,22,10,0.8800,0.4000,0.4545,2026-08-12T04:44:57.000Z,2026-07-11T05:10:16.000Z,36,4
HCP0602,39,0,14,3,0.3590,0.0769,0.2143,2026-08-14T05:20:31.000Z,2026-07-24T03:41:38.000Z,23,2
HCP0608,38,1,18,11,0.4737,0.2895,0.6111,2026-08-15T00:00:00.000Z,2026-08-15T00:00:00.000Z,1,1
HCP0613,41,0,23,13,0.5610,0.3171,0.5652,2026-08-08T04:38:44.000Z,2026-08-08T04:38:44.000Z,8,8
HCP0630,38,0,20,9,0.5263,0.2368,0.4500,2026-08-15T00:00:00.000Z,2026-08-15T00:00:00.000Z,1,1
HCP0644,45,1,29,13,0.6444,0.2889,0.4483,2026-08-06T07:47:26.000Z,2026-07-24T08:07:07.000Z,23,10
HCP0675,56,2,29,13,0.5179,0.2321,0.4483,2026-08-12T10:58:29.000Z,2026-08-12T10:58:29.000Z,4,4
HCP0681,52,2,23,10,0.4423,0.1923,0.4348,2026-08-13T03:40:19.000Z,2026-08-02T18:52:28.000Z,14,3
HCP0685,30,1,8,2,0.2667,0.0667,0.2500,2026-08-12T09:00:18.000Z,2026-06-28T15:23:37.000Z,49,4
HCP0731,41,2,18,8,0.4390,0.1951,0.4444,2026-08-12T04:47:35.000Z,2026-08-12T04:47:35.000Z,4,4
HCP0759,33,2,20,11,0.6061,0.3333,0.5500,2026-08-15T00:00:00.000Z,2026-08-15T00:00:00.000Z,1,1
HCP0777,32,2,18,8,0.5625,0.2500,0.4444,2026-08-09T13:49:56.000Z,2026-08-05T11:34:12.000Z,11,7
HCP0792,31,0,18,9,0.5806,0.2903,0.5000,2026-08-12T15:05:12.000Z,2026-08-12T15:05:12.000Z,4,4
HCP0802,31,0,12,3,0.3871,0.0968,0.2500,2026-08-11T17:12:25.000Z,2026-07-29T19:42:19.000Z,18,5
HCP0806,30,2,17,8,0.5667,0.2667,0.4706,2026-08-04T15:23:56.000Z,2026-08-04T15:23:56.000Z,12,12
HCP0808,37,0,23,15,0.6216,0.4054,0.6522,2026-08-08T21:24:36.000Z,2026-08-01T09:53:35.000Z,15,8
HCP0822,49,1,17,6,0.3469,0.1224,0.3529,2026-08-12T20:49:16.000Z,2026-08-12T20:49:16.000Z,4,4
HCP0831,45,0,32,19,0.7111,0.4222,0.5938,2026-08-07T02:30:24.000Z,2026-08-07T02:30:24.000Z,9,9
HCP0853,43,0,23,8,0.5349,0.1860,0.3478,2026-08-07T13:16:16.000Z,2026-08-07T13:16:16.000Z,9,9
HCP0859,24,2,10,2,0.4167,0.0833,0.2000,2026-08-07T06:15:32.000Z,2026-08-07T06:15:32.000Z,9,9
HCP0897,53,3,25,11,0.4717,0.2075,0.4400,2026-08-15T00:00:00.000Z,2026-08-15T00:00:00.000Z,1,1
HCP0912,36,1,26,12,0.7222,0.3333,0.4615,2026-08-13T05:34:04.000Z,2026-08-12T21:17:38.000Z,4,3
HCP0926,47,0,27,16,0.5745,0.3404,0.5926,2026-08-15T00:00:00.000Z,2026-08-15T00:00:00.000Z,1,1
HCP0933,35,3,13,2,0.3714,0.0571,0.1538,2026-08-10T15:57:58.000Z,2026-07-23T12:16:06.000Z,24,6
HCP0937,22,5,13,7,0.5909,0.3182,0.5385,2026-08-15T00:00:00.000Z,2026-08-15T00:00:00.000Z,1,1
HCP0938,27,1,17,5,0.6296,0.1852,0.2941,2026-08-12T22:59:36.000Z,2026-07-15T08:41:18.000Z,32,4
HCP0949,49,3,14,3,0.2857,0.0612,0.2143,2026-08-13T10:33:57.000Z,2026-08-10T12:38:41.000Z,6,3
HCP0975,57,0,21,2,0.3684,0.0351,0.0952,2026-08-14T00:13:20.000Z,2026-08-12T11:55:03.000Z,4,2
HCP1008,48,2,38,17,0.7917,0.3542,0.4474,2026-08-13T01:00:44.000Z,2026-08-09T17:06:35.000Z,7,3
HCP1034,43,3,13,3,0.3023,0.0698,0.2308,2026-08-12T16:47:58.000Z,2026-08-07T22:30:07.000Z,9,4
HCP1058,51,1,18,5,0.3529,0.0980,0.2778,2026-08-12T13:01:00.000Z,2026-08-12T13:01:00.000Z,4,4
HCP1079,43,5,28,15,0.6512,0.3488,0.5357,2026-08-10T08:22:30.000Z,2026-08-10T08:22:30.000Z,6,6
HCP1133,38,2,16,3,0.4211,0.0789,0.1875,2026-08-14T10:59:01.000Z,2026-08-14T01:19:04.000Z,2,2
HCP1135,56,0,37,12,0.6607,0.2143,0.3243,2026-08-06T18:43:28.000Z,2026-08-06T18:43:28.000Z,10,10
HCP1142,32,0,21,13,0.6563,0.4063,0.6190,2026-08-15T00:00:00.000Z,2026-08-15T00:00:00.000Z,1,1
HCP1155,32,2,18,10,0.5625,0.3125,0.5556,2026-08-11T10:09:05.000Z,2026-08-11T10:09:05.000Z,5,5
HCP1161,50,4,14,3,0.2800,0.0600,0.2143,2026-08-13T07:30:22.000Z,2026-08-13T07:30:22.000Z,3,3
HCP1166,43,1,22,10,0.5116,0.2326,0.4545,2026-08-13T17:29:56.000Z,2026-08-13T17:29:56.000Z,3,3
HCP1187,33,1,7,1,0.2121,0.0303,0.1429,2026-08-13T14:41:50.000Z,2026-08-11T05:16:47.000Z,5,3
HCP1190,29,0,12,8,0.4138,0.2759,0.6667,2026-08-07T05:41:52.000Z,2026-08-07T05:41:52.000Z,9,9
HCP1207,42,2,12,4,0.2857,0.0952,0.3333,2026-08-15T00:00:00.000Z,2026-08-15T00:00:00.000Z,1,1
HCP1230,31,1,12,4,0.3871,0.1290,0.3333,2026-07-25T22:03:11.000Z,2026-07-06T08:22:23.000Z,41,22
HCP1232,25,0,21,15,0.8400,0.6000,0.7143,2026-08-07T21:04:46.000Z,2026-08-02T02:17:25.000Z,14,9
HCP1236,48,0,13,2,0.2708,0.0417,0.1538,2026-08-14T22:41:06.000Z,2026-08-07T08:47:13.000Z,9,2
HCP1241,37,0,29,19,0.7838,0.5135,0.6552,2026-08-08T18:05:36.000Z,2026-08-08T18:05:36.000Z,8,8
HCP1306,57,2,37,19,0.6491,0.3333,0.5135,2026-08-14T06:45:26.000Z,2026-08-02T13:15:42.000Z,14,2
HCP1337,35,0,21,13,0.6000,0.3714,0.6190,2026-08-07T08:24:32.000Z,2026-08-07T08:24:32.000Z,9,9
HCP1340,30,0,15,5,0.5000,0.1667,0.3333,2026-08-15T00:00:00.000Z,2026-08-15T00:00:00.000Z,1,1
HCP1353,45,1,14,6,0.3111,0.1333,0.4286,2026-08-13T21:49:06.000Z,2026-06-28T21:13:33.000Z,49,3
HCP1359,46,0,22,6,0.4783,0.1304,0.2727,2026-08-14T20:35:39.000Z,2026-08-14T00:07:53.000Z,2,2
HCP1368,38,2,23,13,0.6053,0.3421,0.5652,2026-08-15T00:00:00.000Z,2026-08-15T00:00:00.000Z,1,1
HCP1390,43,1,17,7,0.3953,0.1628,0.4118,2026-08-08T14:42:12.000Z,2026-07-27T14:27:32.000Z,20,8
HCP1403,31,0,20,14,0.6452,0.4516,0.7000,2026-08-12T05:08:21.000Z,2026-07-30T21:39:41.000Z,17,4
HCP1429,43,0,29,12,0.6744,0.2791,0.4138,2026-08-13T20:59:10.000Z,2026-08-13T20:59:10.000Z,3,3
HCP1433,34,0,16,6,0.4706,0.1765,0.3750,2026-08-08T17:33:16.000Z,2026-08-08T17:33:16.000Z,8,8
HCP1438,25,1,7,3,0.2800,0.1200,0.4286,2026-08-04T07:53:04.000Z,2026-07-11T22:05:13.000Z,36,12
HCP1452,28,0,23,10,0.8214,0.3571,0.4348,2026-08-15T00:00:00.000Z,2026-08-15T00:00:00.000Z,1,1
HCP1468,55,0,36,23,0.6545,0.4182,0.6389,2026-08-09T03:31:55.000Z,2026-08-01T23:32:59.000Z,15,7
HCP1479,44,0,26,10,0.5909,0.2273,0.3846,2026-08-13T01:02:41.000Z,2026-08-11T16:24:17.000Z,5,3
HCP1501,28,0,6,0,0.2143,0.0000,0.0000,2026-08-14T13:39:28.000Z,2026-07-03T07:30:59.000Z,44,2
HCP1519,38,4,27,15,0.7105,0.3947,0.5556,2026-08-05T19:58:20.000Z,2026-07-31T15:38:09.000Z,16,11
HCP1531,55,1,38,13,0.6909,0.2364,0.3421,2026-08-13T15:23:41.000Z,2026-08-13T15:23:41.000Z,3,3
HCP1548,25,3,12,3,0.4800,0.1200,0.2500,2026-08-12T18:59:49.000Z,2026-07-25T18:32:29.000Z,22,4
HCP1553,45,2,31,13,0.6889,0.2889,0.4194,2026-08-15T00:00:00.000Z,2026-08-15T00:00:00.000Z,1,1
HCP1556,42,1,15,6,0.3571,0.1429,0.4000,2026-08-09T15:42:36.000Z,2026-07-26T13:24:28.000Z,21,7
HCP1569,28,0,21,15,0.7500,0.5357,0.7143,2026-08-10T19:10:42.000Z,2026-08-10T19:10:42.000Z,6,6
HCP1575,22,3,16,9,0.7273,0.4091,0.5625,2026-08-10T18:05:13.000Z,2026-08-04T15:24:01.000Z,12,6
HCP1579,49,1,33,16,0.6735,0.3265,0.4848,2026-08-14T14:26:09.000Z,2026-08-10T13:34:26.000Z,6,2
HCP1584,38,0,24,9,0.6316,0.2368,0.3750,2026-08-01T09:10:25.000Z,2026-08-01T09:10:25.000Z,15,15
HCP1599,43,0,28,20,0.6512,0.4651,0.7143,2026-08-09T11:25:04.000Z,2026-08-09T11:25:04.000Z,7,7
HCP1602,31,0,21,13,0.6774,0.4194,0.6190,2026-08-15T00:00:00.000Z,2026-08-15T00:00:00.000Z,1,1
HCP1615,44,4,13,4,0.2955,0.0909,0.3077,2026-08-13T11:16:07.000Z,2026-07-18T01:23:23.000Z,29,3
HCP1634,44,1,11,4,0.2500,0.0909,0.3636,2026-08-13T10:50:46.000Z,2026-08-11T01:20:27.000Z,5,3
HCP1642,39,0,24,16,0.6154,0.4103,0.6667,2026-08-11T09:39:37.000Z,2026-07-17T04:26:33.000Z,30,5
HCP1650,40,1,23,9,0.5750,0.2250,0.3913,2026-08-11T03:26:10.000Z,2026-08-08T20:53:10.000Z,8,5
HCP1664,40,2,27,18,0.6750,0.4500,0.6667,2026-08-13T08:20:17.000Z,2026-08-13T08:20:17.000Z,3,3
HCP1680,47,3,35,17,0.7447,0.3617,0.4857,2026-08-13T13:22:15.000Z,2026-08-13T13:22:15.000Z,3,3
HCP1682,33,2,15,8,0.4545,0.2424,0.5333,2026-08-10T21:49:10.000Z,2026-08-10T07:52:05.000Z,6,6
HCP1690,27,1,8,3,0.2963,0.1111,0.3750,2026-08-14T10:31:18.000Z,2026-08-11T21:16:30.000Z,5,2
HCP1734,30,2,12,2,0.4000,0.0667,0.1667,2026-08-12T14:52:48.000Z,2026-08-12T14:52:48.000Z,4,4
HCP1740,45,6,29,13,0.6444,0.2889,0.4483,2026-08-12T15:10:28.000Z,2026-07-26T12:30:30.000Z,21,4
HCP1786,38,1,16,6,0.4211,0.1579,0.3750,2026-07-19T00:02:33.000Z,2026-06-18T03:45:20.000Z,59,28
HCP1799,54,1,32,12,0.5926,0.2222,0.3750,2026-08-12T22:10:25.000Z,2026-08-12T22:10:25.000Z,4,4
HCP1828,49,2,28,9,0.5714,0.1837,0.3214,2026-08-14T17:46:13.000Z,2026-08-14T17:46:13.000Z,2,2
HCP1859,37,1,19,7,0.5135,0.1892,0.3684,2026-07-23T14:48:37.000Z,2026-07-15T20:03:16.000Z,32,24
HCP1879,33,2,25,10,0.7576,0.3030,0.4000,2026-08-08T02:56:51.000Z,2026-08-08T02:56:51.000Z,8,8
HCP1893,49,1,35,15,0.7143,0.3061,0.4286,2026-08-14T19:48:00.000Z,2026-08-14T19:48:00.000Z,2,2
HCP1908,36,2,19,10,0.5278,0.2778,0.5263,2026-08-11T14:03:54.000Z,2026-08-11T14:03:54.000Z,5,5
HCP1965,55,3,36,16,0.6545,0.2909,0.4444,2026-08-14T07:14:56.000Z,2026-08-14T07:14:56.000Z,2,2
HCP1977,27,3,21,10,0.7778,0.3704,0.4762,2026-08-09T15:38:35.000Z,2026-08-09T15:38:35.000Z,7,7
HCP1978,28,0,10,6,0.3571,0.2143,0.6000,2026-08-03T13:12:00.000Z,2026-08-03T13:12:00.000Z,13,13
HCP1982,35,2,15,4,0.4286,0.1143,0.2667,2026-08-05T20:29:00.000Z,2026-08-04T21:39:05.000Z,12,11
HCP0001,31,2,22,10,0.7097,0.3226,0.4545,2026-08-14T21:13:45.000Z,2026-08-14T21:13:45.000Z,2,2
HCP0027,26,0,15,6,0.5769,0.2308,0.4000,2026-08-13T18:22:37.000Z,2026-07-29T10:52:40.000Z,18,3
HCP0041,38,0,32,15,0.8421,0.3947,0.4688,2026-08-15T00:00:00.000Z,2026-08-15T00:00:00.000Z,1,1
HCP0061,31,0,21,15,0.6774,0.4839,0.7143,2026-08-15T00:00:00.000Z,2026-08-15T00:00:00.000Z,1,1
HCP0098,25,0,18,4,0.7200,0.1600,0.2222,2026-08-14T02:25:48.000Z,2026-08-14T02:25:48.000Z,2,2
HCP0106,40,1,20,10,0.5000,0.2500,0.5000,2026-08-13T03:07:57.000Z,2026-07-29T11:01:43.000Z,18,3
HCP0110,43,2,30,17,0.6977,0.3953,0.5667,2026-08-10T17:29:20.000Z,2026-08-08T11:07:55.000Z,8,6
HCP0117,28,2,18,11,0.6429,0.3929,0.6111,2026-08-10T20:44:31.000Z,2026-08-02T23:38:28.000Z,14,6
HCP0141,37,1,20,5,0.5405,0.1351,0.2500,2026-08-02T07:11:31.000Z,2026-08-02T07:11:31.000Z,14,14
HCP0152,58,1,30,13,0.5172,0.2241,0.4333,2026-08-14T20:53:49.000Z,2026-08-14T20:53:49.000Z,2,2
HCP0156,40,0,23,8,0.5750,0.2000,0.3478,2026-08-15T00:00:00.000Z,2026-08-15T00:00:00.000Z,1,1
HCP0168,25,0,10,4,0.4000,0.1600,0.4000,2026-08-04T11:32:26.000Z,2026-07-23T18:42:19.000Z,24,12
HCP0188,33,5,17,11,0.5152,0.3333,0.6471,2026-08-15T00:00:00.000Z,2026-08-15T00:00:00.000Z,1,1
HCP0194,52,0,26,5,0.5000,0.0962,0.1923,2026-08-10T15:08:36.000Z,2026-08-10T15:08:36.000Z,6,6
HCP0200,50,2,28,17,0.5600,0.3400,0.6071,2026-08-13T23:21:27.000Z,2026-08-13T23:21:27.000Z,3,3
HCP0223,51,1,32,14,0.6275,0.2745,0.4375,2026-08-09T11:32:34.000Z,2026-08-09T11:32:34.000Z,7,7
HCP0233,34,0,23,12,0.6765,0.3529,0.5217,2026-08-09T15:34:08.000Z,2026-08-09T15:34:08.000Z,7,7
HCP0236,28,1,15,5,0.5357,0.1786,0.3333,2026-08-10T01:37:52.000Z,2026-08-10T01:37:52.000Z,6,6
HCP0258,42,3,21,8,0.5000,0.1905,0.3810,2026-08-10T04:28:29.000Z,2026-08-10T04:28:29.000Z,6,6
HCP0284,24,1,17,10,0.7083,0.4167,0.5882,2026-08-13T14:21:22.000Z,2026-08-13T14:21:22.000Z,3,3
HCP0297,46,0,37,24,0.8043,0.5217,0.6486,2026-08-09T05:04:51.000Z,2026-08-09T05:04:51.000Z,7,7
HCP0334,28,2,13,3,0.4643,0.1071,0.2308,2026-08-13T00:56:41.000Z,2026-08-13T00:56:41.000Z,3,3
HCP0342,57,2,26,6,0.4561,0.1053,0.2308,2026-08-13T20:40:16.000Z,2026-07-12T09:28:48.000Z,35,3
HCP0362,47,1,30,14,0.6383,0.2979,0.4667,2026-08-15T00:00:00.000Z,2026-08-15T00:00:00.000Z,1,1
HCP0373,54,2,27,9,0.5000,0.1667,0.3333,2026-08-15T00:00:00.000Z,2026-08-15T00:00:00.000Z,1,1
HCP0382,29,2,10,1,0.3448,0.0345,0.1000,2026-07-25T18:02:33.000Z,2026-07-11T05:32:11.000Z,36,22
HCP0401,43,3,22,9,0.5116,0.2093,0.4091,2026-08-13T10:42:36.000Z,2026-08-13T10:42:36.000Z,3,3
HCP0407,28,1,8,1,0.2857,0.0357,0.1250,2026-08-10T09:44:14.000Z,2026-07-20T20:23:53.000Z,27,6
HCP0409,28,1,25,12,0.8929,0.4286,0.4800,2026-08-14T00:07:02.000Z,2026-08-14T00:07:02.000Z,2,2
HCP0471,33,1,14,5,0.4242,0.1515,0.3571,2026-08-11T08:01:10.000Z,2026-07-29T15:41:29.000Z,18,5
HCP0499,36,0,21,6,0.5833,0.1667,0.2857,2026-07-27T06:36:33.000Z,2026-07-27T06:36:33.000Z,20,20
HCP0556,41,0,29,17,0.7073,0.4146,0.5862,2026-08-10T23:30:54.000Z,2026-08-10T23:30:54.000Z,6,6
HCP0561,32,0,18,12,0.5625,0.3750,0.6667,2026-08-15T00:00:00.000Z,2026-08-15T00:00:00.000Z,1,1
HCP0575,53,0,25,8,0.4717,0.1509,0.3200,2026-08-10T21:53:33.000Z,2026-08-10T21:53:33.000Z,6,6
HCP0597,48,0,19,10,0.3958,0.2083,0.5263,2026-08-14T09:04:53.000Z,2026-07-27T15:54:56.000Z,20,2
HCP0609,45,0,29,15,0.6444,0.3333,0.5172,2026-08-15T00:00:00.000Z,2026-08-15T00:00:00.000Z,1,1
HCP0620,56,2,25,11,0.4464,0.1964,0.4400,2026-08-14T04:01:48.000Z,2026-08-14T04:01:48.000Z,2,2
HCP0624,53,2,17,3,0.3208,0.0566,0.1765,2026-08-12T17:16:08.000Z,2026-07-20T10:44:39.000Z,27,4
HCP0633,57,2,38,21,0.6667,0.3684,0.5526,2026-08-14T04:13:34.000Z,2026-08-14T04:13:34.000Z,2,2
HCP0635,38,2,19,12,0.5000,0.3158,0.6316,2026-08-14T22:02:29.000Z,2026-08-08T15:24:09.000Z,8,2
HCP0637,33,0,16,9,0.4848,0.2727,0.5625,2026-08-10T04:25:08.000Z,2026-08-10T04:25:08.000Z,6,6
HCP0655,42,0,23,11,0.5476,0.2619,0.4783,2026-08-13T10:06:05.000Z,2026-08-09T04:01:49.000Z,7,3
HCP0677,39,3,20,2,0.5128,0.0513,0.1000,2026-08-12T13:13:37.000Z,2026-08-02T11:13:17.000Z,14,4
HCP0683,56,0,22,8,0.3929,0.1429,0.3636,2026-08-12T07:51:24.000Z,2026-08-12T07:51:24.000Z,4,4
HCP0722,49,1,32,18,0.6531,0.3673,0.5625,2026-08-07T00:59:48.000Z,2026-08-07T00:59:48.000Z,9,9
HCP0745,43,3,12,1,0.2791,0.0233,0.0833,2026-08-13T20:53:57.000Z,2026-07-24T14:37:51.000Z,23,3
HCP0749,45,2,24,11,0.5333,0.2444,0.4583,2026-08-03T06:01:45.000Z,2026-07-31T19:53:55.000Z,16,13
HCP0788,55,1,26,11,0.4727,0.2000,0.4231,2026-08-15T00:00:00.000Z,2026-08-15T00:00:00.000Z,1,1
HCP0810,24,3,10,2,0.4167,0.0833,0.2000,2026-08-12T03:46:21.000Z,2026-08-02T19:24:50.000Z,14,4
HCP0814,49,2,41,22,0.8367,0.4490,0.5366,2026-08-07T08:17:39.000Z,2026-07-30T01:15:56.000Z,17,9
HCP0817,27,0,11,3,0.4074,0.1111,0.2727,2026-08-08T22:48:37.000Z,2026-08-08T22:48:37.000Z,8,8
HCP0833,39,1,13,3,0.3333,0.0769,0.2308,2026-08-13T04:00:17.000Z,2026-08-05T11:32:30.000Z,11,3
HCP0839,52,1,33,10,0.6346,0.1923,0.3030,2026-08-11T03:17:01.000Z,2026-07-31T18:43:41.000Z,16,5
HCP0845,28,1,11,1,0.3929,0.0357,0.0909,2026-08-14T01:14:14.000Z,2026-07-18T05:23:44.000Z,29,2
HCP0852,29,1,20,10,0.6897,0.3448,0.5000,2026-08-11T04:39:30.000Z,2026-08-11T04:39:30.000Z,5,5
HCP0907,45,1,13,5,0.2889,0.1111,0.3846,2026-08-14T09:51:37.000Z,2026-07-19T23:08:16.000Z,28,2
HCP0917,34,1,21,10,0.6176,0.2941,0.4762,2026-08-09T02:07:13.000Z,2026-08-09T02:07:13.000Z,7,7
HCP0918,42,1,18,5,0.4286,0.1190,0.2778,2026-08-11T20:23:46.000Z,2026-06-19T13:36:21.000Z,58,5
HCP0947,35,1,16,3,0.4571,0.0857,0.1875,2026-08-11T09:21:22.000Z,2026-08-11T09:21:22.000Z,5,5
HCP0961,47,0,25,9,0.5319,0.1915,0.3600,2026-08-09T14:42:25.000Z,2026-08-07T03:27:07.000Z,9,7
HCP0980,38,4,19,7,0.5000,0.1842,0.3684,2026-08-15T00:00:00.000Z,2026-08-15T00:00:00.000Z,1,1
HCP0982,39,3,14,5,0.3590,0.1282,0.3571,2026-08-13T22:37:02.000Z,2026-07-28T17:23:35.000Z,19,3
HCP0995,52,0,29,20,0.5577,0.3846,0.6897,2026-08-12T08:21:34.000Z,2026-08-04T08:44:07.000Z,12,4
HCP1029,53,1,28,10,0.5283,0.1887,0.3571,2026-08-08T17:26:59.000Z,2026-08-08T17:26:59.000Z,8,8
HCP1033,57,1,31,4,0.5439,0.0702,0.1290,2026-08-14T16:22:18.000Z,2026-08-14T16:22:18.000Z,2,2
HCP1042,42,1,25,14,0.5952,0.3333,0.5600,2026-08-10T11:17:33.000Z,2026-08-08T03:44:37.000Z,8,6
HCP1043,53,1,22,5,0.4151,0.0943,0.2273,2026-08-09T03:54:12.000Z,2026-06-30T08:49:56.000Z,47,7
HCP1072,43,0,14,2,0.3256,0.0465,0.1429,2026-08-14T06:05:14.000Z,2026-08-01T05:14:18.000Z,15,2
HCP1090,57,1,34,17,0.5965,0.2982,0.5000,2026-08-09T04:37:25.000Z,2026-08-08T08:08:40.000Z,8,7
HCP1094,31,0,17,8,0.5484,0.2581,0.4706,2026-08-06T20:05:40.000Z,2026-08-06T20:05:40.000Z,10,10
HCP1106,57,2,16,4,0.2807,0.0702,0.2500,2026-08-14T14:39:00.000Z,2026-08-14T14:39:00.000Z,2,2
HCP1117,53,0,23,7,0.4340,0.1321,0.3043,2026-08-15T00:00:00.000Z,2026-08-15T00:00:00.000Z,1,1
HCP1134,26,0,15,5,0.5769,0.1923,0.3333,2026-07-07T09:38:25.000Z,2026-07-07T09:38:25.000Z,40,40
HCP1138,28,0,15,8,0.5357,0.2857,0.5333,2026-08-06T23:37:57.000Z,2026-08-06T23:37:57.000Z,10,10
HCP1199,26,0,21,13,0.8077,0.5000,0.6190,2026-08-11T03:49:02.000Z,2026-08-11T03:49:02.000Z,5,5
HCP1201,35,0,22,7,0.6286,0.2000,0.3182,2026-08-08T05:41:46.000Z,2026-08-08T05:41:46.000Z,8,8
HCP1235,52,1,29,16,0.5577,0.3077,0.5517,2026-08-07T20:33:25.000Z,2026-07-29T19:32:43.000Z,18,9
HCP1270,39,1,22,8,0.5641,0.2051,0.3636,2026-08-12T01:51:20.000Z,2026-08-12T01:51:20.000Z,4,4
HCP1285,55,1,32,12,0.5818,0.2182,0.3750,2026-08-12T08:06:07.000Z,2026-08-12T08:06:07.000Z,4,4
HCP1296,44,2,20,9,0.4545,0.2045,0.4500,2026-08-08T11:26:11.000Z,2026-07-06T06:27:33.000Z,41,8
HCP1317,41,1,19,9,0.4634,0.2195,0.4737,2026-08-14T23:06:57.000Z,2026-07-19T21:47:46.000Z,28,2
HCP1331,48,0,20,6,0.4167,0.1250,0.3000,2026-08-13T17:38:10.000Z,2026-07-29T15:39:27.000Z,18,3
HCP1334,27,0,16,7,0.5926,0.2593,0.4375,2026-08-14T13:50:17.000Z,2026-08-09T08:27:44.000Z,7,2
HCP1342,47,0,33,18,0.7021,0.3830,0.5455,2026-08-13T19:11:09.000Z,2026-08-13T19:11:09.000Z,3,3
HCP1358,54,0,30,18,0.5556,0.3333,0.6000,2026-08-14T11:28:29.000Z,2026-08-11T03:31:04.000Z,5,2
HCP1376,42,2,22,8,0.5238,0.1905,0.3636,2026-08-14T18:17:23.000Z,2026-08-14T14:46:03.000Z,2,2
HCP1379,25,2,17,6,0.6800,0.2400,0.3529,2026-08-10T00:40:41.000Z,2026-08-10T00:40:41.000Z,6,6
HCP1381,55,0,34,12,0.6182,0.2182,0.3529,2026-08-15T00:00:00.000Z,2026-08-15T00:00:00.000Z,1,1
HCP1382,26,2,11,2,0.4231,0.0769,0.1818,2026-07-24T22:40:57.000Z,2026-05-30T12:24:50.000Z,78,23
HCP1399,34,1,22,8,0.6471,0.2353,0.3636,2026-07-27T05:16:08.000Z,2026-07-27T05:16:08.000Z,20,20
HCP1425,42,2,18,7,0.4286,0.1667,0.3889,2026-08-13T06:43:49.000Z,2026-08-13T06:43:49.000Z,3,3
HCP1476,39,3,16,6,0.4103,0.1538,0.3750,2026-08-11T12:10:46.000Z,2026-07-20T01:56:27.000Z,27,5
HCP1480,53,1,16,3,0.3019,0.0566,0.1875,2026-08-13T19:13:56.000Z,2026-08-13T19:13:56.000Z,3,3
HCP1499,44,0,17,6,0.3864,0.1364,0.3529,2026-08-13T23:08:01.000Z,2026-08-13T23:08:01.000Z,3,3
HCP1505,48,1,36,16,0.7500,0.3333,0.4444,2026-08-11T10:23:20.000Z,2026-08-11T10:23:20.000Z,5,5
HCP1509,33,2,18,10,0.5455,0.3030,0.5556,2026-08-09T07:23:36.000Z,2026-08-09T07:23:36.000Z,7,7
HCP1514,50,2,26,13,0.5200,0.2600,0.5000,2026-08-11T15:49:58.000Z,2026-08-06T23:57:50.000Z,10,5
HCP1525,51,0,40,27,0.7843,0.5294,0.6750,2026-08-14T04:39:53.000Z,2026-08-14T04:39:53.000Z,2,2
HCP1534,37,2,24,11,0.6486,0.2973,0.4583,2026-08-13T19:40:17.000Z,2026-08-13T19:40:17.000Z,3,3
HCP1539,54,1,23,9,0.4259,0.1667,0.3913,2026-08-11T14:34:25.000Z,2026-08-05T21:53:01.000Z,11,5
HCP1543,26,2,12,3,0.4615,0.1154,0.2500,2026-08-10T11:49:16.000Z,2026-08-08T07:07:40.000Z,8,6
HCP1549,40,1,30,20,0.7500,0.5000,0.6667,2026-08-14T15:44:21.000Z,2026-08-14T15:44:21.000Z,2,2
HCP1551,50,3,41,29,0.8200,0.5800,0.7073,2026-08-07T19:50:26.000Z,2026-08-07T19:50:26.000Z,9,9
HCP1566,30,0,17,5,0.5667,0.1667,0.2941,2026-08-15T00:00:00.000Z,2026-08-15T00:00:00.000Z,1,1
HCP1570,55,1,29,9,0.5273,0.1636,0.3103,2026-08-12T20:27:43.000Z,2026-08-12T20:27:43.000Z,4,4
HCP1661,27,1,18,8,0.6667,0.2963,0.4444,2026-08-10T00:26:40.000Z,2026-06-26T17:21:04.000Z,51,6
HCP1667,30,0,9,2,0.3000,0.0667,0.2222,2026-08-09T20:23:28.000Z,2026-07-30T17:21:22.000Z,17,7
HCP1672,56,3,29,18,0.5179,0.3214,0.6207,2026-08-15T00:00:00.000Z,2026-08-15T00:00:00.000Z,1,1
HCP1674,35,1,24,12,0.6857,0.3429,0.5000,2026-08-12T11:49:16.000Z,2026-08-12T11:49:16.000Z,4,4
HCP1684,52,2,8,1,0.1538,0.0192,0.1250,2026-08-09T10:00:56.000Z,2026-08-07T22:14:02.000Z,9,7
HCP1710,43,3,14,3,0.3256,0.0698,0.2143,2026-08-14T14:04:40.000Z,2026-08-08T03:10:49.000Z,8,2
HCP1712,56,2,39,17,0.6964,0.3036,0.4359,2026-08-13T14:31:16.000Z,2026-08-11T06:04:53.000Z,5,3
HCP1718,44,2,25,15,0.5682,0.3409,0.6000,2026-07-31T23:51:55.000Z,2026-07-31T23:51:55.000Z,16,16
HCP1721,35,1,22,8,0.6286,0.2286,0.3636,2026-08-09T06:15:43.000Z,2026-08-09T06:15:43.000Z,7,7
HCP1763,41,1,24,9,0.5854,0.2195,0.3750,2026-08-11T04:07:20.000Z,2026-08-11T04:07:20.000Z,5,5
HCP1764,53,3,40,21,0.7547,0.3962,0.5250,2026-08-09T04:49:06.000Z,2026-08-09T04:49:06.000Z,7,7
HCP1787,30,1,25,11,0.8333,0.3667,0.4400,2026-08-13T04:28:32.000Z,2026-08-13T04:28:32.000Z,3,3
HCP1795,57,2,19,8,0.3333,0.1404,0.4211,2026-08-09T06:31:07.000Z,2026-07-08T19:58:38.000Z,39,7
HCP1800,34,1,26,12,0.7647,0.3529,0.4615,2026-08-06T03:34:33.000Z,2026-08-06T03:34:33.000Z,10,10
HCP1804,45,1,24,9,0.5333,0.2000,0.3750,2026-08-03T17:35:23.000Z,2026-08-03T17:35:23.000Z,13,13
HCP1831,52,0,38,21,0.7308,0.4038,0.5526,2026-08-14T10:39:20.000Z,2026-08-14T10:39:20.000Z,2,2
HCP1832,31,2,13,4,0.4194,0.1290,0.3077,2026-08-12T23:02:09.000Z,2026-07-16T22:15:59.000Z,31,4
HCP1850,34,1,15,9,0.4412,0.2647,0.6000,2026-08-13T09:16:08.000Z,2026-08-13T09:16:08.000Z,3,3
HCP1851,46,3,23,6,0.5000,0.1304,0.2609,2026-08-11T22:10:11.000Z,2026-08-08T20:46:30.000Z,8,5
HCP1854,41,1,17,2,0.4146,0.0488,0.1176,2026-08-15T00:00:00.000Z,2026-08-15T00:00:00.000Z,1,1
HCP1865,25,2,14,3,0.5600,0.1200,0.2143,2026-08-08T19:05:58.000Z,2026-07-12T14:31:14.000Z,35,8
HCP1891,58,1,38,14,0.6552,0.2414,0.3684,2026-08-11T07:45:54.000Z,2026-07-29T14:07:52.000Z,18,5
HCP1892,57,0,45,29,0.7895,0.5088,0.6444,2026-08-14T03:03:44.000Z,2026-08-14T03:03:44.000Z,2,2
HCP1902,46,3,26,10,0.5652,0.2174,0.3846,2026-08-10T20:37:49.000Z,2026-08-08T20:06:00.000Z,8,6
HCP1909,44,3,14,4,0.3182,0.0909,0.2857,2026-08-13T22:58:19.000Z,2026-07-12T13:48:55.000Z,35,3
HCP1910,44,2,28,12,0.6364,0.2727,0.4286,2026-08-08T19:55:39.000Z,2026-07-29T10:33:26.000Z,18,8
HCP1919,35,1,24,5,0.6857,0.1429,0.2083,2026-08-13T10:06:44.000Z,2026-08-07T14:59:45.000Z,9,3
HCP1944,43,4,30,13,0.6977,0.3023,0.4333,2026-08-08T16:39:32.000Z,2026-07-30T23:20:04.000Z,17,8
HCP1945,54,2,25,11,0.4630,0.2037,0.4400,2026-08-05T13:44:30.000Z,2026-08-05T13:44:30.000Z,11,11
HCP1947,42,0,22,10,0.5238,0.2381,0.4545,2026-08-13T00:00:22.000Z,2026-08-13T00:00:22.000Z,3,3
HCP1950,42,2,23,10,0.5476,0.2381,0.4348,2026-08-13T08:35:20.000Z,2026-08-13T08:35:20.000Z,3,3
HCP1985,42,2,19,7,0.4524,0.1667,0.3684,2026-08-12T10:10:20.000Z,2026-08-12T10:10:20.000Z,4,4
HCP1989,27,4,11,3,0.4074,0.1111,0.2727,2026-08-07T12:46:20.000Z,2026-08-07T12:46:20.000Z,9,9
HCP0007,38,2,21,3,0.5526,0.0789,0.1429,2026-08-15T00:00:00.000Z,2026-08-15T00:00:00.000Z,1,1
HCP0010,33,1,15,6,0.4545,0.1818,0.4000,2026-07-26T19:00:26.000Z,2026-07-08T12:04:25.000Z,39,21
HCP0017,51,2,36,15,0.7059,0.2941,0.4167,2026-08-15T00:00:00.000Z,2026-08-15T00:00:00.000Z,1,1
HCP0031,35,3,14,2,0.4000,0.0571,0.1429,2026-08-05T11:42:25.000Z,2026-08-05T11:42:25.000Z,11,11
HCP0092,33,0,13,6,0.3939,0.1818,0.4615,2026-08-10T16:22:28.000Z,2026-08-10T16:22:28.000Z,6,6
HCP0097,54,0,35,18,0.6481,0.3333,0.5143,2026-08-12T04:24:41.000Z,2026-08-07T01:33:16.000Z,9,4
HCP0099,41,1,19,9,0.4634,0.2195,0.4737,2026-08-13T08:48:03.000Z,2026-08-08T19:54:18.000Z,8,3
HCP0108,25,1,16,12,0.6400,0.4800,0.7500,2026-08-15T00:00:00.000Z,2026-08-15T00:00:00.000Z,1,1
HCP0111,30,1,17,2,0.5667,0.0667,0.1176,2026-07-18T08:15:37.000Z,2026-07-18T08:15:37.000Z,29,29
HCP0114,52,3,28,13,0.5385,0.2500,0.4643,2026-08-10T09:34:34.000Z,2026-08-10T09:34:34.000Z,6,6
HCP0120,53,0,31,12,0.5849,0.2264,0.3871,2026-08-12T22:45:42.000Z,2026-08-09T15:10:01.000Z,7,4
HCP0149,48,3,41,26,0.8542,0.5417,0.6341,2026-07-26T16:48:54.000Z,2026-07-26T16:48:54.000Z,21,21
HCP0153,44,0,21,7,0.4773,0.1591,0.3333,2026-08-14T02:39:40.000Z,2026-07-30T01:24:24.000Z,17,2
HCP0181,24,1,13,5,0.5417,0.2083,0.3846,2026-08-03T23:59:39.000Z,2026-08-02T17:46:55.000Z,14,13
HCP0197,44,0,19,7,0.4318,0.1591,0.3684,2026-08-13T19:43:30.000Z,2026-08-09T15:52:49.000Z,7,3
HCP0199,38,1,25,18,0.6579,0.4737,0.7200,2026-08-12T06:38:30.000Z,2026-08-12T06:38:30.000Z,4,4
HCP0201,24,3,15,5,0.6250,0.2083,0.3333,2026-07-27T14:20:22.000Z,2026-07-27T14:20:22.000Z,20,20
HCP0208,33,3,13,6,0.3939,0.1818,0.4615,2026-08-13T10:01:15.000Z,2026-08-12T16:21:10.000Z,4,3
HCP0229,42,2,22,7,0.5238,0.1667,0.3182,2026-08-11T14:45:30.000Z,2026-07-21T09:12:40.000Z,26,5
HCP0249,50,2,35,17,0.7000,0.3400,0.4857,2026-08-12T07:06:08.000Z,2026-08-08T02:22:24.000Z,8,4
HCP0260,39,0,19,4,0.4872,0.1026,0.2105,2026-08-11T10:22:28.000Z,2026-07-15T14:00:25.000Z,32,5
HCP0265,38,0,21,10,0.5526,0.2632,0.4762,2026-08-12T07:37:52.000Z,2026-08-08T11:25:22.000Z,8,4
HCP0273,41,1,20,8,0.4878,0.1951,0.4000,2026-08-13T20:46:15.000Z,2026-08-13T20:46:15.000Z,3,3
HCP0277,50,2,26,6,0.5200,0.1200,0.2308,2026-08-12T20:25:24.000Z,2026-08-12T20:25:24.000Z,4,4
HCP0280,48,0,21,7,0.4375,0.1458,0.3333,2026-08-07T21:39:26.000Z,2026-07-30T13:41:20.000Z,17,9
HCP0333,42,1,22,12,0.5238,0.2857,0.5455,2026-08-08T03:17:08.000Z,2026-08-08T03:17:08.000Z,8,8
HCP0347,39,3,27,14,0.6923,0.3590,0.5185,2026-08-15T00:00:00.000Z,2026-08-15T00:00:00.000Z,1,1
HCP0354,56,0,39,19,0.6964,0.3393,0.4872,2026-08-15T00:00:00.000Z,2026-08-15T00:00:00.000Z,1,1
HCP0360,55,1,27,11,0.4909,0.2000,0.4074,2026-08-13T14:53:07.000Z,2026-08-13T14:53:07.000Z,3,3
HCP0361,37,1,24,16,0.6486,0.4324,0.6667,2026-08-15T00:00:00.000Z,2026-08-15T00:00:00.000Z,1,1
HCP0379,55,1,22,11,0.4000,0.2000,0.5000,2026-08-13T08:46:39.000Z,2026-07-26T21:04:49.000Z,21,3
HCP0394,49,0,31,18,0.6327,0.3673,0.5806,2026-08-06T21:03:59.000Z,2026-08-06T21:03:59.000Z,10,10
HCP0405,38,1,25,7,0.6579,0.1842,0.2800,2026-07-22T21:09:15.000Z,2026-07-22T21:09:15.000Z,25,25
HCP0451,37,0,11,0,0.2973,0.0000,0.0000,2026-08-12T16:50:21.000Z,2026-08-07T09:10:55.000Z,9,4
HCP0484,54,3,22,7,0.4074,0.1296,0.3182,2026-08-13T07:40:33.000Z,2026-08-13T07:40:33.000Z,3,3
HCP0509,49,1,24,9,0.4898,0.1837,0.3750,2026-08-07T03:38:03.000Z,2026-07-28T11:50:58.000Z,19,9
HCP0514,52,1,15,2,0.2885,0.0385,0.1333,2026-08-05T06:05:59.000Z,2026-08-03T04:38:09.000Z,13,11
HCP0519,49,1,18,3,0.3673,0.0612,0.1667,2026-08-13T09:17:33.000Z,2026-08-13T09:17:33.000Z,3,3
HCP0538,32,1,11,5,0.3438,0.1563,0.4545,2026-08-04T09:25:05.000Z,2026-08-01T11:38:29.000Z,15,12
HCP0546,42,0,24,15,0.5714,0.3571,0.6250,2026-08-14T10:24:03.000Z,2026-08-14T10:24:03.000Z,2,2
HCP0564,26,1,19,10,0.7308,0.3846,0.5263,2026-08-15T00:00:00.000Z,2026-08-15T00:00:00.000Z,1,1
HCP0568,27,0,21,10,0.7778,0.3704,0.4762,2026-08-13T23:04:12.000Z,2026-07-30T00:13:31.000Z,17,3
HCP0588,57,1,42,26,0.7368,0.4561,0.6190,2026-08-14T10:59:43.000Z,2026-08-10T16:34:14.000Z,6,2
HCP0615,38,1,26,16,0.6842,0.4211,0.6154,2026-08-15T00:00:00.000Z,2026-08-15T00:00:00.000Z,1,1
HCP0623,40,1,27,17,0.6750,0.4250,0.6296,2026-08-14T03:21:29.000Z,2026-08-14T03:21:29.000Z,2,2
HCP0634,43,1,20,7,0.4651,0.1628,0.3500,2026-08-15T00:00:00.000Z,2026-08-15T00:00:00.000Z,1,1
HCP0636,50,2,37,21,0.7400,0.4200,0.5676,2026-08-13T12:22:06.000Z,2026-08-13T12:22:06.000Z,3,3
HCP0638,47,0,26,10,0.5532,0.2128,0.3846,2026-08-15T00:00:00.000Z,2026-08-15T00:00:00.000Z,1,1
HCP0656,28,2,6,2,0.2143,0.0714,0.3333,2026-08-11T13:41:51.000Z,2026-05-09T14:16:34.000Z,99,5
HCP0666,45,1,26,9,0.5778,0.2000,0.3462,2026-08-13T11:55:42.000Z,2026-08-05T10:08:29.000Z,11,3
HCP0669,37,1,19,8,0.5135,0.2162,0.4211,2026-08-15T00:00:00.000Z,2026-08-15T00:00:00.000Z,1,1
HCP0696,34,3,12,5,0.3529,0.1471,0.4167,2026-08-10T19:50:56.000Z,2026-08-10T19:50:56.000Z,6,6
HCP0715,44,2,24,10,0.5455,0.2273,0.4167,2026-08-13T19:45:03.000Z,2026-08-13T19:45:03.000Z,3,3
HCP0738,46,0,22,11,0.4783,0.2391,0.5000,2026-08-10T10:17:36.000Z,2026-08-10T10:17:36.000Z,6,6
HCP0752,46,1,20,5,0.4348,0.1087,0.2500,2026-08-13T10:26:01.000Z,2026-08-10T09:53:07.000Z,6,3
HCP0766,26,0,18,7,0.6923,0.2692,0.3889,2026-07-23T06:42:10.000Z,2026-07-23T06:42:10.000Z,24,24
HCP0768,37,1,18,8,0.4865,0.2162,0.4444,2026-08-09T01:33:31.000Z,2026-08-09T01:33:31.000Z,7,7
HCP0770,36,0,17,6,0.4722,0.1667,0.3529,2026-08-06T23:41:10.000Z,2026-07-24T20:56:40.000Z,23,10
HCP0785,33,0,24,13,0.7273,0.3939,0.5417,2026-08-14T18:15:29.000Z,2026-08-14T18:15:29.000Z,2,2
HCP0790,27,0,10,3,0.3704,0.1111,0.3000,2026-08-04T21:20:50.000Z,2026-08-04T10:17:51.000Z,12,12
HCP0825,38,4,17,10,0.4474,0.2632,0.5882,2026-08-04T19:19:05.000Z,2026-07-31T22:48:24.000Z,16,12
HCP0837,33,0,15,5,0.4545,0.1515,0.3333,2026-08-07T02:02:04.000Z,2026-08-07T02:02:04.000Z,9,9
HCP0881,52,2,34,11,0.6538,0.2115,0.3235,2026-08-15T00:00:00.000Z,2026-08-15T00:00:00.000Z,1,1
HCP0906,41,3,17,8,0.4146,0.1951,0.4706,2026-07-29T03:45:28.000Z,2026-07-29T03:45:28.000Z,18,18
HCP0974,33,0,12,6,0.3636,0.1818,0.5000,2026-08-13T23:52:52.000Z,2026-07-11T05:00:04.000Z,36,3
HCP0990,48,3,30,15,0.6250,0.3125,0.5000,2026-08-15T00:00:00.000Z,2026-08-15T00:00:00.000Z,1,1
HCP0991,55,1,30,15,0.5455,0.2727,0.5000,2026-08-15T00:00:00.000Z,2026-08-15T00:00:00.000Z,1,1
HCP1009,41,1,28,7,0.6829,0.1707,0.2500,2026-08-06T21:25:49.000Z,2026-08-06T21:25:49.000Z,10,10
HCP1012,50,2,15,9,0.3000,0.1800,0.6000,2026-08-12T22:23:52.000Z,2026-08-03T03:49:43.000Z,13,4
HCP1025,30,1,14,3,0.4667,0.1000,0.2143,2026-08-12T14:05:27.000Z,2026-07-04T10:59:57.000Z,43,4
HCP1027,49,2,15,7,0.3061,0.1429,0.4667,2026-08-13T07:01:48.000Z,2026-07-24T12:54:02.000Z,23,3
HCP1050,43,4,28,14,0.6512,0.3256,0.5000,2026-08-11T10:44:41.000Z,2026-08-11T10:44:41.000Z,5,5
HCP1060,40,2,20,2,0.5000,0.0500,0.1000,2026-08-11T04:44:16.000Z,2026-08-08T10:02:29.000Z,8,5
HCP1061,32,1,9,3,0.2813,0.0938,0.3333,2026-08-13T08:42:50.000Z,2026-07-14T04:09:09.000Z,33,3
HCP1085,37,1,23,7,0.6216,0.1892,0.3043,2026-08-02T11:09:50.000Z,2026-07-31T18:58:18.000Z,16,14
HCP1087,32,1,23,14,0.7188,0.4375,0.6087,2026-08-14T03:40:10.000Z,2026-08-14T03:40:10.000Z,2,2
HCP1105,43,2,27,16,0.6279,0.3721,0.5926,2026-08-09T12:26:55.000Z,2026-08-02T08:48:06.000Z,14,7
HCP1144,44,1,19,11,0.4318,0.2500,0.5789,2026-08-14T20:51:07.000Z,2026-08-14T01:40:02.000Z,2,2
HCP1162,39,0,28,11,0.7179,0.2821,0.3929,2026-08-06T22:24:06.000Z,2026-08-06T22:24:06.000Z,10,10
HCP1178,34,1,13,6,0.3824,0.1765,0.4615,2026-08-14T00:30:50.000Z,2026-06-21T01:26:17.000Z,56,2
HCP1192,26,0,13,3,0.5000,0.1154,0.2308,2026-08-03T09:06:32.000Z,2026-08-03T09:06:32.000Z,13,13
HCP1223,31,5,17,9,0.5484,0.2903,0.5294,2026-08-13T16:10:25.000Z,2026-08-13T16:10:25.000Z,3,3
HCP1243,29,0,15,9,0.5172,0.3103,0.6000,2026-08-12T13:28:49.000Z,2026-08-12T13:28:49.000Z,4,4
HCP1244,41,2,22,11,0.5366,0.2683,0.5000,2026-08-14T12:05:41.000Z,2026-08-11T04:53:39.000Z,5,2
HCP1254,51,2,34,8,0.6667,0.1569,0.2353,2026-08-08T23:39:57.000Z,2026-08-08T23:39:57.000Z,8,8
HCP1257,36,0,13,2,0.3611,0.0556,0.1538,2026-08-06T08:52:10.000Z,2026-07-29T12:02:31.000Z,18,10
HCP1260,53,0,34,14,0.6415,0.2642,0.4118,2026-08-10T09:43:29.000Z,2026-08-10T09:43:29.000Z,6,6
HCP1283,25,0,16,8,0.6400,0.3200,0.5000,2026-07-31T03:04:16.000Z,2026-07-31T03:04:16.000Z,16,16
HCP1288,51,2,27,14,0.5294,0.2745,0.5185,2026-08-06T18:45:35.000Z,2026-08-06T18:45:35.000Z,10,10
HCP1295,32,0,20,9,0.6250,0.2813,0.4500,2026-08-06T11:42:22.000Z,2026-08-06T11:42:22.000Z,10,10
HCP1312,53,1,28,17,0.5283,0.3208,0.6071,2026-08-13T07:15:23.000Z,2026-08-13T07:15:23.000Z,3,3
HCP1329,51,4,22,6,0.4314,0.1176,0.2727,2026-08-03T17:17:36.000Z,2026-08-03T03:10:23.000Z,13,13
HCP1333,51,1,33,15,0.6471,0.2941,0.4545,2026-08-14T00:40:59.000Z,2026-08-14T00:40:59.000Z,2,2
HCP1335,50,0,22,7,0.4400,0.1400,0.3182,2026-08-12T17:54:25.000Z,2026-08-12T17:54:25.000Z,4,4
HCP1339,54,1,31,14,0.5741,0.2593,0.4516,2026-08-13T22:58:26.000Z,2026-08-11T05:40:40.000Z,5,3
HCP1380,31,3,24,11,0.7742,0.3548,0.4583,2026-07-07T16:14:04.000Z,2026-06-28T03:08:57.000Z,49,40
HCP1392,30,2,11,2,0.3667,0.0667,0.1818,2026-08-10T23:00:00.000Z,2026-07-04T15:31:09.000Z,43,6
HCP1396,46,2,31,15,0.6739,0.3261,0.4839,2026-08-09T01:37:00.000Z,2026-08-09T01:37:00.000Z,7,7
HCP1432,35,1,16,8,0.4571,0.2286,0.5000,2026-08-05T10:44:19.000Z,2026-08-05T10:44:19.000Z,11,11
HCP1444,39,0,17,6,0.4359,0.1538,0.3529,2026-08-15T00:00:00.000Z,2026-08-15T00:00:00.000Z,1,1
HCP1450,53,1,20,9,0.3774,0.1698,0.4500,2026-08-12T08:17:24.000Z,2026-08-04T22:44:37.000Z,12,4
HCP1459,48,2,31,14,0.6458,0.2917,0.4516,2026-08-15T00:00:00.000Z,2026-08-15T00:00:00.000Z,1,1
HCP1461,56,2,44,26,0.7857,0.4643,0.5909,2026-08-15T00:00:00.000Z,2026-08-15T00:00:00.000Z,1,1
HCP1471,51,2,25,16,0.4902,0.3137,0.6400,2026-08-12T18:27:52.000Z,2026-08-12T18:27:52.000Z,4,4
HCP1490,40,1,29,11,0.7250,0.2750,0.3793,2026-08-03T18:18:01.000Z,2026-08-03T18:18:01.000Z,13,13
HCP1496,48,0,32,14,0.6667,0.2917,0.4375,2026-08-15T00:00:00.000Z,2026-08-15T00:00:00.000Z,1,1
HCP1500,53,0,44,32,0.8302,0.6038,0.7273,2026-08-11T00:45:15.000Z,2026-08-11T00:45:15.000Z,5,5
HCP1538,31,1,19,8,0.6129,0.2581,0.4211,2026-08-15T00:00:00.000Z,2026-08-15T00:00:00.000Z,1,1
HCP1545,37,1,18,7,0.4865,0.1892,0.3889,2026-08-13T22:41:55.000Z,2026-08-08T09:10:07.000Z,8,3
HCP1583,53,4,27,8,0.5094,0.1509,0.2963,2026-08-15T00:00:00.000Z,2026-08-15T00:00:00.000Z,1,1
HCP1588,26,0,17,6,0.6538,0.2308,0.3529,2026-08-10T16:40:07.000Z,2026-08-10T16:40:07.000Z,6,6
HCP1598,40,0,14,2,0.3500,0.0500,0.1429,2026-08-03T20:08:59.000Z,2026-08-01T01:59:03.000Z,15,13
HCP1603,36,1,17,6,0.4722,0.1667,0.3529,2026-08-11T17:04:38.000Z,2026-08-11T17:04:38.000Z,5,5
HCP1622,49,5,37,15,0.7551,0.3061,0.4054,2026-08-14T18:53:40.000Z,2026-08-01T14:06:49.000Z,15,2
HCP1631,43,2,28,14,0.6512,0.3256,0.5000,2026-08-14T15:48:47.000Z,2026-08-10T08:16:42.000Z,6,2
HCP1646,31,0,20,13,0.6452,0.4194,0.6500,2026-08-12T15:52:12.000Z,2026-07-27T10:04:33.000Z,20,4
HCP1653,47,2,25,5,0.5319,0.1064,0.2000,2026-08-10T07:06:07.000Z,2026-08-06T03:43:15.000Z,10,6
HCP1660,52,0,25,8,0.4808,0.1538,0.3200,2026-08-12T23:15:02.000Z,2026-08-11T12:29:41.000Z,5,4
HCP1668,28,0,19,10,0.6786,0.3571,0.5263,2026-08-12T01:05:04.000Z,2026-08-12T01:05:04.000Z,4,4
HCP1705,27,0,8,2,0.2963,0.0741,0.2500,2026-08-03T18:44:09.000Z,2026-08-03T18:44:09.000Z,13,13
HCP1727,53,2,28,11,0.5283,0.2075,0.3929,2026-08-12T08:11:15.000Z,2026-07-30T21:08:55.000Z,17,4
HCP1743,43,0,15,2,0.3488,0.0465,0.1333,2026-08-09T19:21:42.000Z,2026-08-09T19:21:42.000Z,7,7
HCP1755,57,2,39,18,0.6842,0.3158,0.4615,2026-08-15T00:00:00.000Z,2026-08-15T00:00:00.000Z,1,1
HCP1775,41,1,27,14,0.6585,0.3415,0.5185,2026-08-13T03:19:40.000Z,2026-08-02T14:43:07.000Z,14,3
HCP1813,45,2,25,11,0.5556,0.2444,0.4400,2026-08-06T11:14:12.000Z,2026-08-04T08:51:09.000Z,12,10
HCP1823,49,0,19,4,0.3878,0.0816,0.2105,2026-08-15T00:00:00.000Z,2026-08-15T00:00:00.000Z,1,1
HCP1839,30,2,18,3,0.6000,0.1000,0.1667,2026-08-15T00:00:00.000Z,2026-08-15T00:00:00.000Z,1,1
HCP1881,56,2,22,7,0.3929,0.1250,0.3182,2026-08-12T01:44:54.000Z,2026-08-12T01:44:54.000Z,4,4
HCP1922,25,2,9,1,0.3600,0.0400,0.1111,2026-08-10T16:35:19.000Z,2026-08-06T09:56:23.000Z,10,6
HCP1987,24,1,15,8,0.6250,0.3333,0.5333,2026-08-12T11:28:44.000Z,2026-08-11T22:15:57.000Z,5,4
HCP1997,55,1,26,12,0.4727,0.2182,0.4615,2026-08-08T08:05:47.000Z,2026-08-08T08:05:47.000Z,8,8
HCP0006,36,0,17,8,0.4722,0.2222,0.4706,2026-08-15T00:00:00.000Z,2026-08-15T00:00:00.000Z,1,1
HCP0020,36,2,25,8,0.6944,0.2222,0.3200,2026-08-03T13:07:55.000Z,2026-08-01T03:37:25.000Z,15,13
HCP0053,43,1,16,7,0.3721,0.1628,0.4375,2026-08-13T06:19:44.000Z,2026-07-30T08:52:02.000Z,17,3
HCP0089,54,2,13,1,0.2407,0.0185,0.0769,2026-08-14T18:32:47.000Z,2026-08-12T11:03:28.000Z,4,2
HCP0113,57,1,28,10,0.4912,0.1754,0.3571,2026-08-10T02:46:23.000Z,2026-08-10T02:46:23.000Z,6,6
HCP0150,24,1,18,9,0.7500,0.3750,0.5000,2026-08-12T18:16:57.000Z,2026-08-10T20:43:28.000Z,6,4
HCP0171,46,1,14,4,0.3043,0.0870,0.2857,2026-08-10T22:14:11.000Z,2026-07-30T04:41:54.000Z,17,6
HCP0196,36,3,22,11,0.6111,0.3056,0.5000,2026-08-11T01:35:53.000Z,2026-08-11T01:35:53.000Z,5,5
HCP0210,38,5,8,2,0.2105,0.0526,0.2500,2026-08-10T00:57:32.000Z,2026-08-03T11:24:11.000Z,13,6
HCP0220,36,0,21,6,0.5833,0.1667,0.2857,2026-08-15T00:00:00.000Z,2026-08-15T00:00:00.000Z,1,1
HCP0228,29,1,15,8,0.5172,0.2759,0.5333,2026-08-09T23:26:38.000Z,2026-07-28T07:20:35.000Z,19,7
HCP0230,25,2,18,10,0.7200,0.4000,0.5556,2026-07-30T09:01:44.000Z,2026-07-30T09:01:44.000Z,17,17
HCP0269,41,1,30,14,0.7317,0.3415,0.4667,2026-08-09T04:50:41.000Z,2026-08-09T04:50:41.000Z,7,7
HCP0274,24,4,8,2,0.3333,0.0833,0.2500,2026-07-23T10:26:21.000Z,2026-07-05T19:09:54.000Z,42,24
HCP0283,33,1,17,11,0.5152,0.3333,0.6471,2026-08-14T08:18:34.000Z,2026-08-13T13:45:43.000Z,3,2
HCP0288,30,1,23,12,0.7667,0.4000,0.5217,2026-08-13T05:56:11.000Z,2026-08-13T05:56:11.000Z,3,3
HCP0289,37,1,15,5,0.4054,0.1351,0.3333,2026-08-12T13:06:47.000Z,2026-08-08T02:18:47.000Z,8,4
HCP0310,36,1,26,9,0.7222,0.2500,0.3462,2026-08-06T03:30:07.000Z,2026-08-06T03:30:07.000Z,10,10
HCP0328,46,1,30,18,0.6522,0.3913,0.6000,2026-08-01T09:29:33.000Z,2026-07-02T08:46:41.000Z,45,15
HCP0377,39,1,18,5,0.4615,0.1282,0.2778,2026-08-10T09:08:50.000Z,2026-08-04T06:13:12.000Z,12,6
HCP0392,28,0,17,11,0.6071,0.3929,0.6471,2026-07-23T22:52:12.000Z,2026-07-23T22:52:12.000Z,24,24
HCP0466,36,0,24,12,0.6667,0.3333,0.5000,2026-08-13T13:30:42.000Z,2026-08-13T13:30:42.000Z,3,3
HCP0468,37,0,27,9,0.7297,0.2432,0.3333,2026-08-14T11:28:26.000Z,2026-08-14T11:28:26.000Z,2,2
HCP0473,32,2,15,10,0.4688,0.3125,0.6667,2026-07-28T07:13:26.000Z,2026-07-28T07:13:26.000Z,19,19
HCP0474,51,0,36,25,0.7059,0.4902,0.6944,2026-08-09T10:48:30.000Z,2026-08-09T10:48:30.000Z,7,7
HCP0478,59,0,20,5,0.3390,0.0847,0.2500,2026-08-11T09:39:09.000Z,2026-08-11T09:39:09.000Z,5,5
HCP0481,47,1,35,17,0.7447,0.3617,0.4857,2026-08-12T07:30:10.000Z,2026-08-12T07:30:10.000Z,4,4
HCP0531,36,0,13,3,0.3611,0.0833,0.2308,2026-08-15T00:00:00.000Z,2026-08-15T00:00:00.000Z,1,1
HCP0544,38,3,24,19,0.6316,0.5000,0.7917,2026-08-12T20:42:15.000Z,2026-08-12T20:42:15.000Z,4,4
HCP0565,27,0,15,8,0.5556,0.2963,0.5333,2026-08-09T10:17:50.000Z,2026-08-09T10:17:50.000Z,7,7
HCP0571,53,2,26,11,0.4906,0.2075,0.4231,2026-08-13T18:07:24.000Z,2026-08-08T03:57:15.000Z,8,3
HCP0582,43,0,24,6,0.5581,0.1395,0.2500,2026-08-14T05:34:48.000Z,2026-08-14T05:34:48.000Z,2,2
HCP0585,53,1,27,14,0.5094,0.2642,0.5185,2026-08-07T15:05:10.000Z,2026-08-07T15:05:10.000Z,9,9
HCP0604,49,0,37,26,0.7551,0.5306,0.7027,2026-08-14T03:58:43.000Z,2026-08-14T03:58:43.000Z,2,2
HCP0640,50,4,27,8,0.5400,0.1600,0.2963,2026-08-15T00:00:00.000Z,2026-08-15T00:00:00.000Z,1,1
HCP0645,37,1,20,10,0.5405,0.2703,0.5000,2026-08-05T16:44:51.000Z,2026-07-11T19:18:31.000Z,36,11
HCP0664,36,0,28,15,0.7778,0.4167,0.5357,2026-08-04T12:07:33.000Z,2026-08-04T12:07:33.000Z,12,12
HCP0671,48,1,29,15,0.6042,0.3125,0.5172,2026-08-15T00:00:00.000Z,2026-08-15T00:00:00.000Z,1,1
HCP0694,36,3,23,7,0.6389,0.1944,0.3043,2026-08-04T20:50:33.000Z,2026-07-27T16:34:14.000Z,20,12
HCP0751,50,0,43,28,0.8600,0.5600,0.6512,2026-08-05T11:52:19.000Z,2026-07-30T22:53:07.000Z,17,11
HCP0757,49,4,27,10,0.5510,0.2041,0.3704,2026-08-05T19:14:15.000Z,2026-08-04T14:55:03.000Z,12,11
HCP0765,50,1,31,10,0.6200,0.2000,0.3226,2026-08-15T00:00:00.000Z,2026-08-15T00:00:00.000Z,1,1
HCP0773,38,1,18,3,0.4737,0.0789,0.1667,2026-08-08T16:25:53.000Z,2026-08-08T16:25:53.000Z,8,8
HCP0782,25,2,14,3,0.5600,0.1200,0.2143,2026-07-31T20:11:20.000Z,2026-07-30T18:41:05.000Z,17,16
HCP0809,42,0,22,10,0.5238,0.2381,0.4545,2026-08-15T00:00:00.000Z,2026-08-15T00:00:00.000Z,1,1
HCP0818,35,3,20,10,0.5714,0.2857,0.5000,2026-08-13T15:13:03.000Z,2026-08-11T22:58:27.000Z,5,3
HCP0819,36,0,16,10,0.4444,0.2778,0.6250,2026-08-15T00:00:00.000Z,2026-08-15T00:00:00.000Z,1,1
HCP0820,43,1,31,20,0.7209,0.4651,0.6452,2026-08-15T00:00:00.000Z,2026-08-15T00:00:00.000Z,1,1
HCP0829,52,2,23,12,0.4423,0.2308,0.5217,2026-08-14T07:32:25.000Z,2026-08-09T19:36:10.000Z,7,2
HCP0838,57,1,25,12,0.4386,0.2105,0.4800,2026-08-15T00:00:00.000Z,2026-08-15T00:00:00.000Z,1,1
HCP0847,27,1,10,1,0.3704,0.0370,0.1000,2026-08-12T12:42:56.000Z,2026-07-05T09:56:04.000Z,42,4
HCP0865,56,1,33,15,0.5893,0.2679,0.4545,2026-08-15T00:00:00.000Z,2026-08-15T00:00:00.000Z,1,1
HCP0869,46,1,19,7,0.4130,0.1522,0.3684,2026-08-15T00:00:00.000Z,2026-08-15T00:00:00.000Z,1,1
HCP0874,28,2,12,3,0.4286,0.1071,0.2500,2026-08-03T22:33:30.000Z,2026-07-29T01:25:27.000Z,18,13
HCP0875,59,0,44,33,0.7458,0.5593,0.7500,2026-08-12T01:56:15.000Z,2026-08-12T01:56:15.000Z,4,4
HCP0900,52,1,27,15,0.5192,0.2885,0.5556,2026-08-01T21:47:01.000Z,2026-08-01T21:47:01.000Z,15,15
HCP0901,46,1,29,16,0.6304,0.3478,0.5517,2026-08-13T21:25:04.000Z,2026-08-13T21:25:04.000Z,3,3
HCP0902,36,1,23,15,0.6389,0.4167,0.6522,2026-08-11T10:05:59.000Z,2026-08-11T10:05:59.000Z,5,5
HCP0913,50,3,31,10,0.6200,0.2000,0.3226,2026-08-15T00:00:00.000Z,2026-08-15T00:00:00.000Z,1,1
HCP0923,56,3,26,9,0.4643,0.1607,0.3462,2026-08-12T11:38:52.000Z,2026-07-31T15:33:34.000Z,16,4
HCP0927,42,4,19,3,0.4524,0.0714,0.1579,2026-08-14T15:33:23.000Z,2026-08-14T15:33:23.000Z,2,2
HCP0930,25,0,13,5,0.5200,0.2000,0.3846,2026-07-20T23:46:49.000Z,2026-07-20T23:46:49.000Z,27,27
HCP0971,40,1,26,11,0.6500,0.2750,0.4231,2026-08-11T12:51:37.000Z,2026-08-11T12:51:37.000Z,5,5
HCP0987,55,1,35,22,0.6364,0.4000,0.6286,2026-08-15T00:00:00.000Z,2026-08-15T00:00:00.000Z,1,1
HCP1022,40,1,16,4,0.4000,0.1000,0.2500,2026-08-12T18:17:49.000Z,2026-08-08T23:52:40.000Z,8,4
HCP1037,39,0,22,14,0.5641,0.3590,0.6364,2026-08-10T05:17:15.000Z,2026-08-10T05:17:15.000Z,6,6
HCP1068,45,1,28,12,0.6222,0.2667,0.4286,2026-08-15T00:00:00.000Z,2026-08-15T00:00:00.000Z,1,1
HCP1070,44,1,31,13,0.7045,0.2955,0.4194,2026-08-08T11:53:09.000Z,2026-08-08T11:53:09.000Z,8,8
HCP1077,40,0,34,22,0.8500,0.5500,0.6471,2026-08-15T00:00:00.000Z,2026-08-15T00:00:00.000Z,1,1
HCP1100,47,0,24,9,0.5106,0.1915,0.3750,2026-08-13T20:53:56.000Z,2026-08-13T08:46:37.000Z,3,3
HCP1122,35,2,12,5,0.3429,0.1429,0.4167,2026-08-15T00:00:00.000Z,2026-08-15T00:00:00.000Z,1,1
HCP1180,55,1,22,11,0.4000,0.2000,0.5000,2026-08-09T00:52:32.000Z,2026-07-28T16:52:12.000Z,19,7
HCP1205,27,2,20,11,0.7407,0.4074,0.5500,2026-08-10T18:37:38.000Z,2026-08-01T01:50:46.000Z,15,6
HCP1221,42,0,19,6,0.4524,0.1429,0.3158,2026-08-14T18:02:02.000Z,2026-08-14T18:02:02.000Z,2,2
HCP1226,26,0,14,5,0.5385,0.1923,0.3571,2026-08-11T08:40:09.000Z,2026-08-01T11:06:48.000Z,15,5
HCP1256,27,0,17,4,0.6296,0.1481,0.2353,2026-07-29T12:42:11.000Z,2026-05-06T18:01:55.000Z,102,18
HCP1266,25,1,10,2,0.4000,0.0800,0.2000,2026-08-13T09:06:29.000Z,2026-07-27T02:25:31.000Z,20,3
HCP1282,36,0,21,11,0.5833,0.3056,0.5238,2026-08-05T08:34:09.000Z,2026-08-05T08:34:09.000Z,11,11
HCP1289,42,1,20,7,0.4762,0.1667,0.3500,2026-08-10T11:48:03.000Z,2026-08-09T08:22:41.000Z,7,6
HCP1319,46,1,24,15,0.5217,0.3261,0.6250,2026-08-06T22:40:12.000Z,2026-08-06T22:40:12.000Z,10,10
HCP1322,34,0,16,7,0.4706,0.2059,0.4375,2026-07-31T11:22:53.000Z,2026-07-31T11:22:53.000Z,16,16
HCP1325,47,1,30,17,0.6383,0.3617,0.5667,2026-08-13T08:36:04.000Z,2026-08-13T08:36:04.000Z,3,3
HCP1327,30,1,12,3,0.4000,0.1000,0.2500,2026-08-14T08:46:19.000Z,2026-07-28T17:37:48.000Z,19,2
HCP1343,26,1,17,6,0.6538,0.2308,0.3529,2026-08-08T23:23:27.000Z,2026-08-08T23:23:27.000Z,8,8
HCP1349,34,0,15,2,0.4412,0.0588,0.1333,2026-08-05T10:36:46.000Z,2026-07-24T11:26:37.000Z,23,11
HCP1355,59,0,21,6,0.3559,0.1017,0.2857,2026-08-12T03:25:01.000Z,2026-08-12T03:25:01.000Z,4,4
HCP1369,30,1,16,7,0.5333,0.2333,0.4375,2026-08-14T22:19:33.000Z,2026-07-31T17:19:54.000Z,16,2
HCP1374,31,1,17,6,0.5484,0.1935,0.3529,2026-08-09T15:03:07.000Z,2026-07-18T22:20:58.000Z,29,7
HCP1391,46,3,31,15,0.6739,0.3261,0.4839,2026-08-09T03:11:29.000Z,2026-08-09T03:11:29.000Z,7,7
HCP1394,25,2,16,6,0.6400,0.2400,0.3750,2026-08-03T03:30:56.000Z,2026-08-03T03:30:56.000Z,13,13
HCP1416,44,2,22,8,0.5000,0.1818,0.3636,2026-08-15T00:00:00.000Z,2026-08-15T00:00:00.000Z,1,1
HCP1436,53,2,18,5,0.3396,0.0943,0.2778,2026-08-05T05:44:11.000Z,2026-07-16T19:25:55.000Z,31,11
HCP1446,45,3,19,7,0.4222,0.1556,0.3684,2026-08-12T20:35:58.000Z,2026-08-04T10:55:06.000Z,12,4
HCP1460,45,1,20,6,0.4444,0.1333,0.3000,2026-08-13T20:28:18.000Z,2026-08-13T20:28:18.000Z,3,3
HCP1462,34,1,18,8,0.5294,0.2353,0.4444,2026-08-07T18:07:02.000Z,2026-08-07T18:07:02.000Z,9,9
HCP1469,26,2,17,8,0.6538,0.3077,0.4706,2026-08-15T00:00:00.000Z,2026-08-15T00:00:00.000Z,1,1
HCP1475,55,0,26,8,0.4727,0.1455,0.3077,2026-08-13T01:39:38.000Z,2026-08-13T01:39:38.000Z,3,3
HCP1515,38,2,21,8,0.5526,0.2105,0.3810,2026-08-12T04:16:28.000Z,2026-08-12T04:16:28.000Z,4,4
HCP1536,34,2,15,5,0.4412,0.1471,0.3333,2026-08-15T00:00:00.000Z,2026-08-15T00:00:00.000Z,1,1
HCP1546,44,1,20,3,0.4545,0.0682,0.1500,2026-08-12T03:54:40.000Z,2026-08-04T09:17:01.000Z,12,4
HCP1547,33,2,24,15,0.7273,0.4545,0.6250,2026-08-12T04:23:32.000Z,2026-08-01T23:15:14.000Z,15,4
HCP1552,41,1,20,5,0.4878,0.1220,0.2500,2026-07-27T14:52:55.000Z,2026-07-27T14:52:55.000Z,20,20
HCP1554,38,1,22,11,0.5789,0.2895,0.5000,2026-08-08T17:05:48.000Z,2026-08-08T17:05:48.000Z,8,8
HCP1560,43,0,31,13,0.7209,0.3023,0.4194,2026-08-03T03:55:03.000Z,2026-07-27T04:26:59.000Z,20,13
HCP1568,51,0,28,9,0.5490,0.1765,0.3214,2026-08-14T21:30:32.000Z,2026-08-14T21:30:32.000Z,2,2
HCP1608,40,2,19,5,0.4750,0.1250,0.2632,2026-08-13T00:02:51.000Z,2026-08-04T21:34:20.000Z,12,3
HCP1610,46,1,15,4,0.3261,0.0870,0.2667,2026-08-12T07:46:56.000Z,2026-08-12T07:46:56.000Z,4,4
HCP1624,32,1,13,1,0.4063,0.0313,0.0769,2026-08-14T12:00:12.000Z,2026-08-11T23:41:05.000Z,5,2
HCP1637,57,2,14,1,0.2456,0.0175,0.0714,2026-08-09T22:14:56.000Z,2026-08-03T21:37:48.000Z,13,7
HCP1638,39,4,15,6,0.3846,0.1538,0.4000,2026-08-13T21:09:25.000Z,2026-07-15T23:26:51.000Z,32,3
HCP1641,43,1,23,5,0.5349,0.1163,0.2174,2026-08-15T00:00:00.000Z,2026-08-15T00:00:00.000Z,1,1
HCP1669,57,1,39,21,0.6842,0.3684,0.5385,2026-08-13T12:32:39.000Z,2026-08-13T12:32:39.000Z,3,3
HCP1730,33,3,23,6,0.6970,0.1818,0.2609,2026-08-15T00:00:00.000Z,2026-08-15T00:00:00.000Z,1,1
HCP1739,36,0,15,4,0.4167,0.1111,0.2667,2026-07-27T13:05:15.000Z,2026-07-05T10:32:42.000Z,42,20
HCP1746,53,2,28,11,0.5283,0.2075,0.3929,2026-08-13T03:16:52.000Z,2026-08-11T02:45:58.000Z,5,3
HCP1759,34,1,23,10,0.6765,0.2941,0.4348,2026-08-01T03:18:19.000Z,2026-08-01T03:18:19.000Z,15,15
HCP1774,30,1,12,4,0.4000,0.1333,0.3333,2026-08-15T00:00:00.000Z,2026-08-15T00:00:00.000Z,1,1
HCP1793,46,2,34,17,0.7391,0.3696,0.5000,2026-08-11T07:09:36.000Z,2026-08-11T01:06:38.000Z,5,5
HCP1801,47,1,26,11,0.5532,0.2340,0.4231,2026-07-31T10:15:25.000Z,2026-07-28T20:38:52.000Z,19,16
HCP1811,56,3,14,1,0.2500,0.0179,0.0714,2026-08-14T03:15:51.000Z,2026-08-14T03:15:51.000Z,2,2
HCP1883,31,0,18,3,0.5806,0.0968,0.1667,2026-08-06T16:34:18.000Z,2026-08-06T16:34:18.000Z,10,10
HCP1886,55,1,28,10,0.5091,0.1818,0.3571,2026-08-12T09:10:14.000Z,2026-08-12T09:10:14.000Z,4,4
HCP1898,32,1,17,11,0.5313,0.3438,0.6471,2026-08-07T10:13:11.000Z,2026-07-31T20:17:51.000Z,16,9
HCP1937,26,0,10,2,0.3846,0.0769,0.2000,2026-07-29T20:53:14.000Z,2026-07-05T05:28:31.000Z,42,18
HCP1967,49,0,35,19,0.7143,0.3878,0.5429,2026-08-05T19:19:14.000Z,2026-08-05T19:19:14.000Z,11,11
HCP1986,31,0,8,2,0.2581,0.0645,0.2500,2026-08-08T20:51:12.000Z,2026-08-08T20:51:12.000Z,8,8
HCP1991,57,2,34,17,0.5965,0.2982,0.5000,2026-08-12T04:36:13.000Z,2026-08-04T04:58:55.000Z,12,4
HCP1996,37,1,21,9,0.5676,0.2432,0.4286,2026-07-29T17:46:46.000Z,2026-07-29T17:46:46.000Z,18,18
HCP0033,41,1,26,11,0.6341,0.2683,0.4231,2026-08-15T00:00:00.000Z,2026-08-15T00:00:00.000Z,1,1
HCP0048,36,1,15,4,0.4167,0.1111,0.2667,2026-08-13T19:29:21.000Z,2026-08-12T23:56:27.000Z,4,3
HCP0055,33,1,15,7,0.4545,0.2121,0.4667,2026-08-12T06:30:20.000Z,2026-08-12T06:30:20.000Z,4,4
HCP0090,34,3,21,8,0.6176,0.2353,0.3810,2026-08-09T14:37:41.000Z,2026-08-07T07:13:14.000Z,9,7
HCP0123,35,0,16,2,0.4571,0.0571,0.1250,2026-08-15T00:00:00.000Z,2026-08-15T00:00:00.000Z,1,1
HCP0144,33,0,20,9,0.6061,0.2727,0.4500,2026-07-27T16:13:24.000Z,2026-07-27T16:13:24.000Z,20,20
HCP0187,54,1,37,14,0.6852,0.2593,0.3784,2026-08-10T13:59:48.000Z,2026-08-10T13:59:48.000Z,6,6
HCP0189,30,0,16,5,0.5333,0.1667,0.3125,2026-08-15T00:00:00.000Z,2026-08-15T00:00:00.000Z,1,1
HCP0206,55,1,33,11,0.6000,0.2000,0.3333,2026-08-14T16:03:18.000Z,2026-08-14T16:03:18.000Z,2,2
HCP0237,44,1,30,19,0.6818,0.4318,0.6333,2026-08-09T08:47:16.000Z,2026-08-09T08:47:16.000Z,7,7
HCP0240,37,1,19,6,0.5135,0.1622,0.3158,2026-08-15T00:00:00.000Z,2026-08-15T00:00:00.000Z,1,1
HCP0247,37,2,6,1,0.1622,0.0270,0.1667,2026-08-02T14:18:00.000Z,2026-08-02T14:18:00.000Z,14,14
HCP0259,41,2,18,5,0.4390,0.1220,0.2778,2026-08-14T07:46:43.000Z,2026-07-22T04:45:02.000Z,25,2
HCP0271,48,0,22,8,0.4583,0.1667,0.3636,2026-08-15T00:00:00.000Z,2026-08-15T00:00:00.000Z,1,1
HCP0294,45,1,20,8,0.4444,0.1778,0.4000,2026-08-14T08:50:27.000Z,2026-08-13T11:01:34.000Z,3,2
HCP0295,38,2,20,10,0.5263,0.2632,0.5000,2026-08-14T12:21:34.000Z,2026-07-08T08:40:45.000Z,39,2
HCP0309,43,3,14,3,0.3256,0.0698,0.2143,2026-08-09T06:43:16.000Z,2026-07-20T09:15:55.000Z,27,7
HCP0341,32,1,19,10,0.5938,0.3125,0.5263,2026-08-11T07:22:06.000Z,2026-08-11T07:22:06.000Z,5,5
HCP0346,32,1,18,4,0.5625,0.1250,0.2222,2026-08-11T10:13:59.000Z,2026-07-03T01:37:30.000Z,44,5
HCP0372,45,1,17,2,0.3778,0.0444,0.1176,2026-08-07T13:04:47.000Z,2026-07-30T06:46:07.000Z,17,9
HCP0429,40,0,21,4,0.5250,0.1000,0.1905,2026-08-15T00:00:00.000Z,2026-08-15T00:00:00.000Z,1,1
HCP0463,56,2,30,13,0.5357,0.2321,0.4333,2026-08-14T04:33:50.000Z,2026-07-30T14:34:31.000Z,17,2
HCP0493,42,2,24,6,0.5714,0.1429,0.2500,2026-08-15T00:00:00.000Z,2026-08-15T00:00:00.000Z,1,1
HCP0504,46,3,29,20,0.6304,0.4348,0.6897,2026-08-10T05:26:49.000Z,2026-08-10T05:26:49.000Z,6,6
HCP0517,37,1,23,10,0.6216,0.2703,0.4348,2026-08-14T16:34:40.000Z,2026-08-14T16:34:40.000Z,2,2
HCP0536,37,0,20,10,0.5405,0.2703,0.5000,2026-08-13T15:39:03.000Z,2026-08-13T15:39:03.000Z,3,3
HCP0545,38,1,27,13,0.7105,0.3421,0.4815,2026-08-10T20:14:58.000Z,2026-08-10T20:14:58.000Z,6,6
HCP0550,44,0,30,13,0.6818,0.2955,0.4333,2026-08-15T00:00:00.000Z,2026-08-15T00:00:00.000Z,1,1
HCP0566,30,0,18,6,0.6000,0.2000,0.3333,2026-08-11T10:36:50.000Z,2026-08-11T10:36:50.000Z,5,5
HCP0586,26,0,13,6,0.5000,0.2308,0.4615,2026-08-15T00:00:00.000Z,2026-08-15T00:00:00.000Z,1,1
HCP0594,45,0,23,8,0.5111,0.1778,0.3478,2026-08-04T12:47:02.000Z,2026-08-04T12:47:02.000Z,12,12
HCP0642,54,1,23,12,0.4259,0.2222,0.5217,2026-08-12T03:04:09.000Z,2026-08-01T14:38:50.000Z,15,4
HCP0712,51,4,27,4,0.5294,0.0784,0.1481,2026-08-12T01:33:50.000Z,2026-08-06T06:32:04.000Z,10,4
HCP0714,44,2,13,1,0.2955,0.0227,0.0769,2026-08-12T10:58:35.000Z,2026-07-18T00:26:16.000Z,29,4
HCP0721,34,1,21,10,0.6176,0.2941,0.4762,2026-08-02T00:36:11.000Z,2026-08-02T00:36:11.000Z,14,14
HCP0763,45,3,28,13,0.6222,0.2889,0.4643,2026-08-14T02:15:08.000Z,2026-08-14T02:15:08.000Z,2,2
HCP0769,54,1,23,9,0.4259,0.1667,0.3913,2026-08-14T13:51:34.000Z,2026-07-30T22:59:19.000Z,17,2
HCP0778,38,0,25,17,0.6579,0.4474,0.6800,2026-08-15T00:00:00.000Z,2026-08-15T00:00:00.000Z,1,1
HCP0783,33,1,15,6,0.4545,0.1818,0.4000,2026-08-04T10:36:39.000Z,2026-08-01T22:23:31.000Z,15,12
HCP0795,41,1,17,3,0.4146,0.0732,0.1765,2026-08-11T16:18:26.000Z,2026-08-07T00:31:44.000Z,9,5
HCP0796,24,1,3,0,0.1250,0.0000,0.0000,2026-07-28T23:49:56.000Z,2026-04-16T22:46:15.000Z,122,19
HCP0816,41,2,28,15,0.6829,0.3659,0.5357,2026-08-14T06:59:34.000Z,2026-08-14T06:59:34.000Z,2,2
HCP0848,55,2,16,3,0.2909,0.0545,0.1875,2026-08-15T00:00:00.000Z,2026-08-15T00:00:00.000Z,1,1
HCP0876,26,0,9,3,0.3462,0.1154,0.3333,2026-07-26T02:25:21.000Z,2026-06-14T04:30:41.000Z,63,21
HCP0886,35,1,29,15,0.8286,0.4286,0.5172,2026-08-01T07:40:10.000Z,2026-07-24T02:04:11.000Z,23,15
HCP0888,46,2,31,16,0.6739,0.3478,0.5161,2026-08-15T00:00:00.000Z,2026-08-15T00:00:00.000Z,1,1
HCP0903,26,0,13,4,0.5000,0.1538,0.3077,2026-08-10T07:57:03.000Z,2026-08-05T10:39:59.000Z,11,6
HCP0911,25,0,19,11,0.7600,0.4400,0.5789,2026-08-15T00:00:00.000Z,2026-08-15T00:00:00.000Z,1,1
HCP0932,37,2,17,4,0.4595,0.1081,0.2353,2026-08-12T19:03:59.000Z,2026-08-12T13:20:06.000Z,4,4
HCP0939,29,0,11,4,0.3793,0.1379,0.3636,2026-08-05T01:42:18.000Z,2026-08-05T01:42:18.000Z,11,11
HCP0951,38,2,29,19,0.7632,0.5000,0.6552,2026-08-15T00:00:00.000Z,2026-08-15T00:00:00.000Z,1,1
HCP0978,24,1,10,3,0.4167,0.1250,0.3000,2026-08-13T23:27:15.000Z,2026-07-27T14:09:53.000Z,20,3
HCP0985,33,0,21,8,0.6364,0.2424,0.3810,2026-08-05T15:50:44.000Z,2026-08-05T15:50:44.000Z,11,11
HCP0993,53,4,21,5,0.3962,0.0943,0.2381,2026-08-12T19:06:42.000Z,2026-07-31T20:32:59.000Z,16,4
HCP1000,31,2,18,9,0.5806,0.2903,0.5000,2026-08-15T00:00:00.000Z,2026-08-15T00:00:00.000Z,1,1
HCP1002,27,2,18,9,0.6667,0.3333,0.5000,2026-08-14T13:49:15.000Z,2026-08-14T13:49:15.000Z,2,2
HCP1003,32,0,16,9,0.5000,0.2813,0.5625,2026-08-15T00:00:00.000Z,2026-08-15T00:00:00.000Z,1,1
HCP1036,52,3,24,9,0.4615,0.1731,0.3750,2026-08-03T17:09:45.000Z,2026-08-03T17:09:45.000Z,13,13
HCP1065,32,1,26,17,0.8125,0.5313,0.6538,2026-08-10T06:44:20.000Z,2026-08-10T06:44:20.000Z,6,6
HCP1188,56,2,20,5,0.3571,0.0893,0.2500,2026-08-13T01:29:35.000Z,2026-08-06T02:45:33.000Z,10,3
HCP1242,26,0,17,8,0.6538,0.3077,0.4706,2026-08-08T03:16:50.000Z,2026-08-08T03:16:50.000Z,8,8
HCP1263,29,0,18,7,0.6207,0.2414,0.3889,2026-08-09T18:13:15.000Z,2026-08-04T23:59:54.000Z,12,7
HCP1278,51,2,37,15,0.7255,0.2941,0.4054,2026-08-13T12:47:32.000Z,2026-08-13T12:47:32.000Z,3,3
HCP1294,47,2,14,3,0.2979,0.0638,0.2143,2026-08-13T16:52:39.000Z,2026-08-05T12:22:51.000Z,11,3
HCP1302,52,3,31,13,0.5962,0.2500,0.4194,2026-08-01T05:24:00.000Z,2026-07-28T17:21:21.000Z,19,15
HCP1347,39,1,32,17,0.8205,0.4359,0.5313,2026-08-15T00:00:00.000Z,2026-08-15T00:00:00.000Z,1,1
HCP1385,37,2,23,13,0.6216,0.3514,0.5652,2026-08-13T02:04:21.000Z,2026-07-14T19:10:11.000Z,33,3
HCP1405,50,3,17,3,0.3400,0.0600,0.1765,2026-08-07T00:05:40.000Z,2026-07-22T13:55:40.000Z,25,9
HCP1435,23,2,10,6,0.4348,0.2609,0.6000,2026-07-31T00:55:31.000Z,2026-07-31T00:55:31.000Z,16,16
HCP1491,39,2,17,8,0.4359,0.2051,0.4706,2026-08-11T18:44:37.000Z,2026-08-11T01:01:01.000Z,5,5
HCP1492,51,0,29,7,0.5686,0.1373,0.2414,2026-08-14T08:57:59.000Z,2026-07-31T17:03:00.000Z,16,2
HCP1511,47,0,33,17,0.7021,0.3617,0.5152,2026-08-10T06:53:31.000Z,2026-08-10T06:53:31.000Z,6,6
HCP1518,52,0,41,22,0.7885,0.4231,0.5366,2026-08-13T21:11:31.000Z,2026-08-13T21:11:31.000Z,3,3
HCP1523,57,2,25,7,0.4386,0.1228,0.2800,2026-08-13T03:34:14.000Z,2026-07-27T05:54:59.000Z,20,3
HCP1559,35,1,17,6,0.4857,0.1714,0.3529,2026-08-06T04:04:48.000Z,2026-08-06T04:04:48.000Z,10,10
HCP1580,53,4,17,4,0.3208,0.0755,0.2353,2026-08-13T23:55:32.000Z,2026-08-13T23:55:32.000Z,3,3
HCP1581,50,4,17,6,0.3400,0.1200,0.3529,2026-08-10T10:02:22.000Z,2026-07-30T10:59:28.000Z,17,6
HCP1593,49,2,26,6,0.5306,0.1224,0.2308,2026-08-09T02:18:29.000Z,2026-08-07T02:56:48.000Z,9,7
HCP1627,42,3,18,7,0.4286,0.1667,0.3889,2026-08-13T00:17:14.000Z,2026-08-13T00:17:14.000Z,3,3
HCP1632,56,1,28,9,0.5000,0.1607,0.3214,2026-08-12T03:36:05.000Z,2026-08-12T03:36:05.000Z,4,4
HCP1647,37,2,16,2,0.4324,0.0541,0.1250,2026-08-10T17:44:39.000Z,2026-08-10T17:44:39.000Z,6,6
HCP1693,55,2,33,16,0.6000,0.2909,0.4848,2026-08-14T08:00:57.000Z,2026-07-24T22:57:42.000Z,23,2
HCP1706,32,1,13,3,0.4063,0.0938,0.2308,2026-08-14T01:21:59.000Z,2026-07-04T09:30:39.000Z,43,2
HCP1724,36,2,23,12,0.6389,0.3333,0.5217,2026-08-15T00:00:00.000Z,2026-08-15T00:00:00.000Z,1,1
HCP1729,52,0,27,10,0.5192,0.1923,0.3704,2026-08-13T14:50:19.000Z,2026-08-01T02:17:20.000Z,15,3
HCP1732,48,2,26,7,0.5417,0.1458,0.2692,2026-08-04T20:47:28.000Z,2026-08-04T20:47:28.000Z,12,12
HCP1760,31,2,18,4,0.5806,0.1290,0.2222,2026-08-15T00:00:00.000Z,2026-08-15T00:00:00.000Z,1,1
HCP1771,37,0,14,6,0.3784,0.1622,0.4286,2026-08-14T08:43:42.000Z,2026-08-01T19:48:34.000Z,15,2
HCP1802,50,1,36,19,0.7200,0.3800,0.5278,2026-08-15T00:00:00.000Z,2026-08-15T00:00:00.000Z,1,1
HCP1812,41,2,19,8,0.4634,0.1951,0.4211,2026-08-13T19:26:47.000Z,2026-08-13T00:01:08.000Z,3,3
HCP1814,29,0,18,6,0.6207,0.2069,0.3333,2026-08-15T00:00:00.000Z,2026-08-15T00:00:00.000Z,1,1
HCP1824,25,0,7,1,0.2800,0.0400,0.1429,2026-07-24T04:21:15.000Z,2026-07-15T23:22:15.000Z,32,23
HCP1878,26,1,12,2,0.4615,0.0769,0.1667,2026-08-12T00:28:38.000Z,2026-08-12T00:28:38.000Z,4,4
HCP1903,46,1,26,11,0.5652,0.2391,0.4231,2026-08-10T20:41:46.000Z,2026-08-10T20:41:46.000Z,6,6
HCP1915,27,2,9,7,0.3333,0.2593,0.7778,2026-08-10T11:09:25.000Z,2026-07-08T12:47:13.000Z,39,6
HCP1936,45,0,23,6,0.5111,0.1333,0.2609,2026-08-15T00:00:00.000Z,2026-08-15T00:00:00.000Z,1,1
HCP1952,46,2,20,5,0.4348,0.1087,0.2500,2026-08-05T11:16:58.000Z,2026-08-05T11:16:58.000Z,11,11
HCP1970,30,3,10,1,0.3333,0.0333,0.1000,2026-08-08T11:04:02.000Z,2026-07-16T20:06:25.000Z,31,8
HCP0003,55,3,35,13,0.6364,0.2364,0.3714,2026-08-09T18:14:37.000Z,2026-08-09T18:14:37.000Z,7,7
HCP0009,50,0,16,3,0.3200,0.0600,0.1875,2026-08-13T00:10:47.000Z,2026-08-04T19:38:34.000Z,12,3
HCP0023,42,3,20,10,0.4762,0.2381,0.5000,2026-08-13T12:52:04.000Z,2026-08-13T12:52:04.000Z,3,3
HCP0091,26,0,18,10,0.6923,0.3846,0.5556,2026-08-12T03:27:22.000Z,2026-08-04T21:55:57.000Z,12,4
HCP0143,34,1,20,8,0.5882,0.2353,0.4000,2026-08-08T04:36:43.000Z,2026-07-26T15:31:05.000Z,21,8
HCP0158,31,0,15,3,0.4839,0.0968,0.2000,2026-08-05T18:30:23.000Z,2026-07-27T10:06:41.000Z,20,11
HCP0162,43,1,24,6,0.5581,0.1395,0.2500,2026-08-12T16:17:10.000Z,2026-08-12T16:17:10.000Z,4,4
HCP0172,53,4,19,3,0.3585,0.0566,0.1579,2026-08-14T01:11:41.000Z,2026-08-10T04:28:37.000Z,6,2
HCP0173,38,2,23,8,0.6053,0.2105,0.3478,2026-08-04T21:03:41.000Z,2026-07-26T13:14:33.000Z,21,12
HCP0203,37,0,23,9,0.6216,0.2432,0.3913,2026-08-09T14:53:50.000Z,2026-08-09T14:53:50.000Z,7,7
HCP0204,59,0,26,12,0.4407,0.2034,0.4615,2026-08-08T09:01:14.000Z,2026-08-07T13:41:45.000Z,9,8
HCP0205,31,0,23,12,0.7419,0.3871,0.5217,2026-08-14T20:22:04.000Z,2026-08-14T20:22:04.000Z,2,2
HCP0227,30,1,20,13,0.6667,0.4333,0.6500,2026-08-13T12:44:57.000Z,2026-08-09T09:17:32.000Z,7,3
HCP0238,49,2,34,18,0.6939,0.3673,0.5294,2026-08-09T18:40:31.000Z,2026-08-07T05:00:39.000Z,9,7
HCP0239,31,0,16,6,0.5161,0.1935,0.3750,2026-08-09T23:44:54.000Z,2026-08-09T23:44:54.000Z,7,7
HCP0245,56,1,35,17,0.6250,0.3036,0.4857,2026-08-09T19:53:42.000Z,2026-07-25T12:40:51.000Z,22,7
HCP0253,28,1,19,11,0.6786,0.3929,0.5789,2026-07-19T20:38:58.000Z,2026-07-15T04:12:09.000Z,32,28
HCP0272,50,2,22,8,0.4400,0.1600,0.3636,2026-08-14T20:23:14.000Z,2026-08-14T20:23:14.000Z,2,2
HCP0299,42,0,12,2,0.2857,0.0476,0.1667,2026-08-14T19:04:23.000Z,2026-07-27T14:23:30.000Z,20,2
HCP0312,30,0,22,8,0.7333,0.2667,0.3636,2026-08-10T02:17:05.000Z,2026-08-10T02:17:05.000Z,6,6
HCP0314,27,1,10,5,0.3704,0.1852,0.5000,2026-08-03T09:16:05.000Z,2026-08-02T23:54:38.000Z,14,13
HCP0324,49,1,24,13,0.4898,0.2653,0.5417,2026-08-05T21:58:09.000Z,2026-08-05T21:58:09.000Z,11,11
HCP0344,31,0,14,7,0.4516,0.2258,0.5000,2026-07-30T09:57:43.000Z,2026-07-30T09:57:43.000Z,17,17
HCP0345,45,0,27,13,0.6000,0.2889,0.4815,2026-08-04T11:24:30.000Z,2026-08-04T11:24:30.000Z,12,12
HCP0375,46,0,23,11,0.5000,0.2391,0.4783,2026-08-04T08:09:02.000Z,2026-08-04T08:09:02.000Z,12,12
HCP0399,57,1,46,29,0.8070,0.5088,0.6304,2026-08-09T20:57:22.000Z,2026-08-09T20:57:22.000Z,7,7
HCP0402,46,0,29,12,0.6304,0.2609,0.4138,2026-08-14T09:06:24.000Z,2026-08-14T00:07:07.000Z,2,2
HCP0415,36,3,26,9,0.7222,0.2500,0.3462,2026-08-14T15:45:23.000Z,2026-08-14T15:45:23.000Z,2,2
HCP0421,51,0,33,20,0.6471,0.3922,0.6061,2026-08-15T00:00:00.000Z,2026-08-15T00:00:00.000Z,1,1
HCP0422,36,0,28,13,0.7778,0.3611,0.4643,2026-08-14T08:16:07.000Z,2026-08-14T08:16:07.000Z,2,2
HCP0432,34,1,21,8,0.6176,0.2353,0.3810,2026-08-10T07:59:07.000Z,2026-08-10T07:59:07.000Z,6,6
HCP0448,35,0,29,19,0.8286,0.5429,0.6552,2026-08-15T00:00:00.000Z,2026-08-15T00:00:00.000Z,1,1
HCP0487,28,0,16,6,0.5714,0.2143,0.3750,2026-08-13T18:10:42.000Z,2026-08-05T21:34:11.000Z,11,3
HCP0497,44,0,20,9,0.4545,0.2045,0.4500,2026-08-12T08:41:04.000Z,2026-08-10T13:32:26.000Z,6,4
HCP0498,26,0,19,7,0.7308,0.2692,0.3684,2026-08-12T08:06:33.000Z,2026-08-12T08:06:33.000Z,4,4
HCP0506,39,2,22,11,0.5641,0.2821,0.5000,2026-08-14T17:18:49.000Z,2026-08-14T17:18:49.000Z,2,2
HCP0507,43,0,24,10,0.5581,0.2326,0.4167,2026-08-13T19:09:07.000Z,2026-08-13T19:09:07.000Z,3,3
HCP0520,34,0,18,9,0.5294,0.2647,0.5000,2026-08-03T16:05:04.000Z,2026-08-03T16:05:04.000Z,13,13
HCP0527,24,1,11,5,0.4583,0.2083,0.4545,2026-07-18T11:16:43.000Z,2026-07-12T04:29:23.000Z,35,29
HCP0539,40,4,24,10,0.6000,0.2500,0.4167,2026-08-14T09:05:25.000Z,2026-08-14T09:05:25.000Z,2,2
HCP0553,51,1,33,15,0.6471,0.2941,0.4545,2026-08-07T14:37:50.000Z,2026-08-07T14:37:50.000Z,9,9
HCP0589,36,2,22,11,0.6111,0.3056,0.5000,2026-08-15T00:00:00.000Z,2026-08-15T00:00:00.000Z,1,1
HCP0591,52,2,39,24,0.7500,0.4615,0.6154,2026-08-10T22:37:10.000Z,2026-08-10T22:37:10.000Z,6,6
HCP0593,45,2,14,4,0.3111,0.0889,0.2857,2026-08-08T14:05:25.000Z,2026-08-08T14:05:25.000Z,8,8
HCP0622,25,0,10,1,0.4000,0.0400,0.1000,2026-08-14T10:15:12.000Z,2026-08-14T05:52:39.000Z,2,2
HCP0658,43,2,27,7,0.6279,0.1628,0.2593,2026-08-14T01:48:33.000Z,2026-08-14T01:48:33.000Z,2,2
HCP0678,44,1,33,20,0.7500,0.4545,0.6061,2026-07-26T07:51:24.000Z,2026-07-26T07:51:24.000Z,21,21
HCP0695,56,3,33,12,0.5893,0.2143,0.3636,2026-08-15T00:00:00.000Z,2026-08-15T00:00:00.000Z,1,1
HCP0701,29,2,19,5,0.6552,0.1724,0.2632,2026-08-13T19:36:07.000Z,2026-08-08T11:12:46.000Z,8,3
HCP0705,53,1,26,9,0.4906,0.1698,0.3462,2026-08-15T00:00:00.000Z,2026-08-15T00:00:00.000Z,1,1
HCP0718,31,1,16,8,0.5161,0.2581,0.5000,2026-08-04T13:03:50.000Z,2026-08-04T13:03:50.000Z,12,12
HCP0755,30,1,12,4,0.4000,0.1333,0.3333,2026-08-14T16:30:40.000Z,2026-08-14T16:30:40.000Z,2,2
HCP0772,57,2,44,27,0.7719,0.4737,0.6136,2026-08-13T14:49:26.000Z,2026-08-13T14:49:26.000Z,3,3
HCP0775,34,0,9,3,0.2647,0.0882,0.3333,2026-07-30T18:44:40.000Z,2026-07-14T09:30:53.000Z,33,17
HCP0789,49,0,32,20,0.6531,0.4082,0.6250,2026-08-11T20:02:13.000Z,2026-08-11T20:02:13.000Z,5,5
HCP0801,33,4,18,9,0.5455,0.2727,0.5000,2026-08-07T07:05:48.000Z,2026-08-07T07:05:48.000Z,9,9
HCP0824,43,2,14,4,0.3256,0.0930,0.2857,2026-08-11T12:16:26.000Z,2026-08-11T12:16:26.000Z,5,5
HCP0826,31,1,13,3,0.4194,0.0968,0.2308,2026-08-07T23:15:52.000Z,2026-08-07T23:15:52.000Z,9,9
HCP0872,32,4,15,3,0.4688,0.0938,0.2000,2026-08-06T01:33:00.000Z,2026-07-23T18:48:23.000Z,24,10
HCP0890,26,0,14,5,0.5385,0.1923,0.3571,2026-08-15T00:00:00.000Z,2026-08-15T00:00:00.000Z,1,1
HCP0957,33,1,14,7,0.4242,0.2121,0.5000,2026-08-11T23:21:40.000Z,2026-08-05T05:32:41.000Z,11,5
HCP0960,28,1,11,4,0.3929,0.1429,0.3636,2026-08-08T17:10:41.000Z,2026-08-07T19:43:34.000Z,9,8
HCP0984,40,0,17,7,0.4250,0.1750,0.4118,2026-07-18T18:13:50.000Z,2026-07-15T10:55:36.000Z,32,29
HCP1019,35,3,29,13,0.8286,0.3714,0.4483,2026-08-13T07:13:10.000Z,2026-07-31T22:48:28.000Z,16,3
HCP1021,36,1,23,11,0.6389,0.3056,0.4783,2026-08-06T06:00:45.000Z,2026-08-06T06:00:45.000Z,10,10
HCP1041,53,1,22,6,0.4151,0.1132,0.2727,2026-08-15T00:00:00.000Z,2026-08-15T00:00:00.000Z,1,1
HCP1051,41,1,14,4,0.3415,0.0976,0.2857,2026-08-13T21:50:52.000Z,2026-08-13T21:50:52.000Z,3,3
HCP1066,44,1,23,6,0.5227,0.1364,0.2609,2026-08-12T18:44:13.000Z,2026-08-12T18:44:13.000Z,4,4
HCP1071,33,2,15,7,0.4545,0.2121,0.4667,2026-08-11T20:23:42.000Z,2026-08-11T20:23:42.000Z,5,5
HCP1093,30,0,14,4,0.4667,0.1333,0.2857,2026-08-01T05:18:37.000Z,2026-06-18T06:03:40.000Z,59,15
HCP1098,36,0,18,8,0.5000,0.2222,0.4444,2026-08-11T01:52:56.000Z,2026-07-26T10:22:46.000Z,21,5
HCP1107,55,1,26,11,0.4727,0.2000,0.4231,2026-08-12T04:20:09.000Z,2026-08-12T04:20:09.000Z,4,4
HCP1119,25,0,8,2,0.3200,0.0800,0.2500,2026-08-15T00:00:00.000Z,2026-08-15T00:00:00.000Z,1,1
HCP1126,29,0,20,10,0.6897,0.3448,0.5000,2026-08-10T09:10:26.000Z,2026-08-01T06:27:28.000Z,15,6
HCP1127,44,0,25,8,0.5682,0.1818,0.3200,2026-08-15T00:00:00.000Z,2026-08-15T00:00:00.000Z,1,1
HCP1131,55,3,39,25,0.7091,0.4545,0.6410,2026-07-22T04:27:43.000Z,2026-07-22T01:34:34.000Z,25,25
HCP1140,24,1,20,9,0.8333,0.3750,0.4500,2026-08-14T03:10:49.000Z,2026-08-14T03:10:49.000Z,2,2
HCP1148,51,3,25,8,0.4902,0.1569,0.3200,2026-08-14T11:17:58.000Z,2026-08-14T11:17:58.000Z,2,2
HCP1156,57,1,25,11,0.4386,0.1930,0.4400,2026-08-14T05:47:09.000Z,2026-08-14T05:47:09.000Z,2,2
HCP1171,56,2,23,9,0.4107,0.1607,0.3913,2026-08-13T09:44:06.000Z,2026-08-13T09:44:06.000Z,3,3
HCP1183,24,1,12,5,0.5000,0.2083,0.4167,2026-08-14T05:09:03.000Z,2026-06-14T19:29:19.000Z,63,2
HCP1189,41,0,21,6,0.5122,0.1463,0.2857,2026-08-15T00:00:00.000Z,2026-08-15T00:00:00.000Z,1,1
HCP1229,56,2,16,4,0.2857,0.0714,0.2500,2026-08-14T12:06:52.000Z,2026-08-14T12:06:52.000Z,2,2
HCP1258,43,0,22,7,0.5116,0.1628,0.3182,2026-08-15T00:00:00.000Z,2026-08-15T00:00:00.000Z,1,1
HCP1264,50,2,31,8,0.6200,0.1600,0.2581,2026-08-13T19:26:40.000Z,2026-08-12T22:18:24.000Z,4,3
HCP1299,29,1,22,17,0.7586,0.5862,0.7727,2026-07-31T15:18:44.000Z,2026-07-16T01:14:32.000Z,31,16
HCP1321,36,1,20,10,0.5556,0.2778,0.5000,2026-08-14T15:34:40.000Z,2026-08-10T07:41:59.000Z,6,2
HCP1344,58,1,31,11,0.5345,0.1897,0.3548,2026-08-09T03:45:51.000Z,2026-07-28T00:07:10.000Z,19,7
HCP1362,52,3,32,11,0.6154,0.2115,0.3438,2026-08-09T23:11:11.000Z,2026-07-27T01:15:15.000Z,20,7
HCP1371,43,0,21,6,0.4884,0.1395,0.2857,2026-08-11T06:20:18.000Z,2026-07-28T09:52:23.000Z,19,5
HCP1375,38,3,13,4,0.3421,0.1053,0.3077,2026-08-11T04:04:59.000Z,2026-08-11T03:29:56.000Z,5,5
HCP1378,32,3,12,6,0.3750,0.1875,0.5000,2026-08-07T03:42:39.000Z,2026-07-15T17:57:39.000Z,32,9
HCP1384,26,0,20,7,0.7692,0.2692,0.3500,2026-08-10T12:47:34.000Z,2026-08-06T03:56:21.000Z,10,6
HCP1481,34,0,12,7,0.3529,0.2059,0.5833,2026-08-12T20:56:04.000Z,2026-08-01T09:30:24.000Z,15,4
HCP1522,34,1,17,6,0.5000,0.1765,0.3529,2026-08-15T00:00:00.000Z,2026-08-15T00:00:00.000Z,1,1
HCP1527,27,1,19,6,0.7037,0.2222,0.3158,2026-08-08T23:14:28.000Z,2026-08-08T23:14:28.000Z,8,8
HCP1541,48,1,24,9,0.5000,0.1875,0.3750,2026-08-13T11:20:31.000Z,2026-07-30T09:42:21.000Z,17,3
HCP1564,40,0,21,11,0.5250,0.2750,0.5238,2026-08-07T21:25:01.000Z,2026-08-07T05:37:46.000Z,9,9
HCP1633,37,2,23,14,0.6216,0.3784,0.6087,2026-08-11T16:27:56.000Z,2026-08-08T19:46:28.000Z,8,5
HCP1655,38,1,24,14,0.6316,0.3684,0.5833,2026-08-14T15:03:25.000Z,2026-08-13T13:44:36.000Z,3,2
HCP1657,58,1,28,9,0.4828,0.1552,0.3214,2026-08-14T15:22:01.000Z,2026-08-09T19:58:51.000Z,7,2
HCP1663,54,1,38,17,0.7037,0.3148,0.4474,2026-08-10T14:30:13.000Z,2026-08-10T14:30:13.000Z,6,6
HCP1665,30,0,23,16,0.7667,0.5333,0.6957,2026-08-09T11:44:01.000Z,2026-07-25T22:40:14.000Z,22,7
HCP1671,26,0,10,6,0.3846,0.2308,0.6000,2026-08-09T15:23:18.000Z,2026-08-09T15:23:18.000Z,7,7
HCP1677,38,1,13,3,0.3421,0.0789,0.2308,2026-08-12T16:47:17.000Z,2026-08-06T09:48:47.000Z,10,4
HCP1681,34,1,21,7,0.6176,0.2059,0.3333,2026-08-13T15:47:04.000Z,2026-08-13T15:47:04.000Z,3,3
HCP1688,32,2,14,4,0.4375,0.1250,0.2857,2026-08-08T08:47:56.000Z,2026-07-16T14:55:06.000Z,31,8
HCP1702,45,0,35,18,0.7778,0.4000,0.5143,2026-08-15T00:00:00.000Z,2026-08-15T00:00:00.000Z,1,1
HCP1733,53,1,30,15,0.5660,0.2830,0.5000,2026-08-11T09:28:56.000Z,2026-07-13T05:33:07.000Z,34,5
HCP1761,55,2,40,21,0.7273,0.3818,0.5250,2026-08-12T23:49:45.000Z,2026-08-08T09:18:32.000Z,8,4
HCP1767,51,1,17,4,0.3333,0.0784,0.2353,2026-08-12T01:52:19.000Z,2026-07-30T17:28:27.000Z,17,4
HCP1779,28,0,15,5,0.5357,0.1786,0.3333,2026-08-11T09:33:28.000Z,2026-08-11T09:33:28.000Z,5,5
HCP1782,56,3,31,18,0.5536,0.3214,0.5806,2026-08-14T06:13:14.000Z,2026-07-31T11:07:40.000Z,16,2
HCP1785,37,1,23,14,0.6216,0.3784,0.6087,2026-08-15T00:00:00.000Z,2026-08-15T00:00:00.000Z,1,1
HCP1807,33,1,15,8,0.4545,0.2424,0.5333,2026-08-12T15:49:16.000Z,2026-07-18T22:00:31.000Z,29,4
HCP1808,34,1,9,3,0.2647,0.0882,0.3333,2026-08-11T11:10:53.000Z,2026-07-08T16:45:30.000Z,39,5
HCP1810,31,4,14,3,0.4516,0.0968,0.2143,2026-08-11T21:19:09.000Z,2026-08-11T21:19:09.000Z,5,5
HCP1826,51,0,24,11,0.4706,0.2157,0.4583,2026-08-15T00:00:00.000Z,2026-08-15T00:00:00.000Z,1,1
HCP1841,51,1,27,8,0.5294,0.1569,0.2963,2026-08-15T00:00:00.000Z,2026-08-15T00:00:00.000Z,1,1
HCP1845,33,1,16,8,0.4848,0.2424,0.5000,2026-08-15T00:00:00.000Z,2026-08-15T00:00:00.000Z,1,1
HCP1868,56,2,33,15,0.5893,0.2679,0.4545,2026-08-09T17:16:25.000Z,2026-08-09T12:43:00.000Z,7,7
HCP1873,33,1,19,7,0.5758,0.2121,0.3684,2026-08-12T08:25:21.000Z,2026-08-12T08:25:21.000Z,4,4
HCP1899,43,3,20,12,0.4651,0.2791,0.6000,2026-08-02T13:27:41.000Z,2026-07-21T00:33:22.000Z,26,14
HCP1912,26,1,8,3,0.3077,0.1154,0.3750,2026-08-13T19:51:52.000Z,2026-07-13T03:29:29.000Z,34,3
HCP1921,51,1,28,17,0.5490,0.3333,0.6071,2026-07-30T23:24:20.000Z,2026-07-29T12:20:11.000Z,18,17
HCP1930,52,4,31,11,0.5962,0.2115,0.3548,2026-08-08T06:59:26.000Z,2026-07-28T10:14:08.000Z,19,8
HCP1962,40,2,11,1,0.2750,0.0250,0.0909,2026-08-11T19:17:29.000Z,2026-08-11T19:17:29.000Z,5,5
HCP1966,33,0,20,6,0.6061,0.1818,0.3000,2026-08-06T08:22:58.000Z,2026-07-24T17:50:13.000Z,23,10
HCP1972,32,2,14,7,0.4375,0.2188,0.5000,2026-08-12T23:16:12.000Z,2026-08-11T12:53:22.000Z,5,4
HCP1973,52,0,22,8,0.4231,0.1538,0.3636,2026-08-09T07:57:40.000Z,2026-08-09T07:57:40.000Z,7,7
HCP1992,37,2,16,5,0.4324,0.1351,0.3125,2026-08-06T03:23:51.000Z,2026-08-06T03:23:51.000Z,10,10
HCP0026,45,0,13,1,0.2889,0.0222,0.0769,2026-08-13T17:17:27.000Z,2026-08-05T15:14:30.000Z,11,3
HCP0042,51,1,35,17,0.6863,0.3333,0.4857,2026-08-11T09:34:42.000Z,2026-08-11T09:34:42.000Z,5,5
HCP0046,48,1,23,8,0.4792,0.1667,0.3478,2026-08-15T00:00:00.000Z,2026-08-15T00:00:00.000Z,1,1
HCP0051,33,1,10,4,0.3030,0.1212,0.4000,2026-08-13T04:41:39.000Z,2026-07-15T04:02:04.000Z,32,3
HCP0052,43,1,22,13,0.5116,0.3023,0.5909,2026-08-02T23:57:21.000Z,2026-08-02T23:57:21.000Z,14,14
HCP0065,24,1,11,5,0.4583,0.2083,0.4545,2026-08-02T04:50:25.000Z,2026-06-24T16:55:49.000Z,53,14
HCP0070,50,1,16,6,0.3200,0.1200,0.3750,2026-08-09T14:32:27.000Z,2026-07-12T04:29:06.000Z,35,7
HCP0072,22,3,16,10,0.7273,0.4545,0.6250,2026-08-11T16:49:49.000Z,2026-07-10T12:16:47.000Z,37,5
HCP0079,35,1,27,8,0.7714,0.2286,0.2963,2026-08-13T14:45:05.000Z,2026-08-13T14:45:05.000Z,3,3
HCP0086,34,1,22,10,0.6471,0.2941,0.4545,2026-08-15T00:00:00.000Z,2026-08-15T00:00:00.000Z,1,1
HCP0093,42,1,30,17,0.7143,0.4048,0.5667,2026-08-15T00:00:00.000Z,2026-08-15T00:00:00.000Z,1,1
HCP0095,45,2,27,14,0.6000,0.3111,0.5185,2026-08-14T18:21:34.000Z,2026-08-05T00:19:52.000Z,11,2
HCP0096,28,3,21,9,0.7500,0.3214,0.4286,2026-08-07T23:20:10.000Z,2026-08-07T23:20:10.000Z,9,9
HCP0100,46,1,24,16,0.5217,0.3478,0.6667,2026-08-01T18:53:32.000Z,2026-08-01T18:53:32.000Z,15,15
HCP0107,46,1,24,12,0.5217,0.2609,0.5000,2026-08-10T21:22:43.000Z,2026-07-28T03:09:49.000Z,19,6
HCP0127,33,0,17,10,0.5152,0.3030,0.5882,2026-08-10T18:43:16.000Z,2026-08-10T07:46:54.000Z,6,6
HCP0161,45,0,13,4,0.2889,0.0889,0.3077,2026-07-25T07:29:29.000Z,2026-07-12T15:33:32.000Z,35,22
HCP0165,50,1,33,20,0.6600,0.4000,0.6061,2026-08-08T05:13:35.000Z,2026-08-08T05:13:35.000Z,8,8
HCP0174,39,1,23,10,0.5897,0.2564,0.4348,2026-08-10T11:05:40.000Z,2026-08-08T23:46:47.000Z,8,6
HCP0198,39,2,26,16,0.6667,0.4103,0.6154,2026-08-14T17:32:51.000Z,2026-08-14T17:32:51.000Z,2,2
HCP0212,53,2,26,10,0.4906,0.1887,0.3846,2026-08-10T11:32:03.000Z,2026-08-10T11:32:03.000Z,6,6
HCP0213,52,1,37,19,0.7115,0.3654,0.5135,2026-08-12T21:16:22.000Z,2026-08-12T21:16:22.000Z,4,4
HCP0221,26,2,18,11,0.6923,0.4231,0.6111,2026-08-12T14:51:34.000Z,2026-08-12T14:51:34.000Z,4,4
HCP0225,35,1,20,12,0.5714,0.3429,0.6000,2026-08-14T23:00:29.000Z,2026-08-14T23:00:29.000Z,2,2
HCP0232,37,2,26,13,0.7027,0.3514,0.5000,2026-08-07T02:13:17.000Z,2026-08-06T13:40:44.000Z,10,9
HCP0235,41,1,17,0,0.4146,0.0000,0.0000,2026-08-11T05:19:09.000Z,2026-08-05T14:50:37.000Z,11,5
HCP0250,52,3,27,11,0.5192,0.2115,0.4074,2026-08-09T06:52:40.000Z,2026-08-01T20:31:42.000Z,15,7
HCP0252,43,1,25,15,0.5814,0.3488,0.6000,2026-08-12T19:09:58.000Z,2026-08-12T19:09:58.000Z,4,4
HCP0262,43,0,22,8,0.5116,0.1860,0.3636,2026-08-09T02:21:34.000Z,2026-08-01T21:19:38.000Z,15,7
HCP0291,44,1,31,15,0.7045,0.3409,0.4839,2026-07-31T11:39:37.000Z,2026-07-14T13:21:34.000Z,33,16
HCP0307,56,2,26,9,0.4643,0.1607,0.3462,2026-08-13T20:15:25.000Z,2026-08-01T00:13:32.000Z,15,3
HCP0317,49,0,29,11,0.5918,0.2245,0.3793,2026-08-08T22:53:50.000Z,2026-08-08T22:53:50.000Z,8,8
HCP0329,52,0,33,17,0.6346,0.3269,0.5152,2026-08-05T00:02:41.000Z,2026-08-04T15:22:00.000Z,12,11
HCP0335,26,0,12,4,0.4615,0.1538,0.3333,2026-08-08T22:26:48.000Z,2026-07-23T01:48:17.000Z,24,8
HCP0357,27,1,15,8,0.5556,0.2963,0.5333,2026-07-04T22:11:35.000Z,2026-07-04T22:11:35.000Z,43,43
HCP0366,29,1,17,9,0.5862,0.3103,0.5294,2026-08-13T19:04:05.000Z,2026-08-13T19:04:05.000Z,3,3
HCP0378,35,0,19,5,0.5429,0.1429,0.2632,2026-08-14T18:42:42.000Z,2026-08-07T06:42:44.000Z,9,2
HCP0395,47,2,26,7,0.5532,0.1489,0.2692,2026-08-10T04:28:17.000Z,2026-08-02T06:03:27.000Z,14,6
HCP0414,40,0,19,7,0.4750,0.1750,0.3684,2026-08-05T02:17:22.000Z,2026-08-04T17:07:04.000Z,12,11
HCP0428,39,0,19,2,0.4872,0.0513,0.1053,2026-08-14T15:36:44.000Z,2026-07-14T19:45:19.000Z,33,2
HCP0439,25,0,9,3,0.3600,0.1200,0.3333,2026-08-14T06:24:37.000Z,2026-08-14T06:24:37.000Z,2,2
HCP0454,28,0,17,7,0.6071,0.2500,0.4118,2026-07-10T17:14:47.000Z,2026-06-29T19:35:52.000Z,48,37
HCP0458,39,2,12,0,0.3077,0.0000,0.0000,2026-08-12T16:39:49.000Z,2026-08-12T16:39:49.000Z,4,4
HCP0476,36,0,16,4,0.4444,0.1111,0.2500,2026-08-08T07:26:37.000Z,2026-08-03T04:16:14.000Z,13,8
HCP0502,42,0,33,14,0.7857,0.3333,0.4242,2026-08-14T06:30:59.000Z,2026-08-14T06:30:59.000Z,2,2
HCP0523,57,0,39,23,0.6842,0.4035,0.5897,2026-08-13T15:09:29.000Z,2026-08-13T15:09:29.000Z,3,3
HCP0541,30,0,17,11,0.5667,0.3667,0.6471,2026-08-04T07:11:01.000Z,2026-08-04T07:11:01.000Z,12,12
HCP0576,40,1,21,9,0.5250,0.2250,0.4286,2026-08-08T15:41:04.000Z,2026-08-08T15:41:04.000Z,8,8
HCP0577,28,0,20,10,0.7143,0.3571,0.5000,2026-08-13T15:48:05.000Z,2026-08-08T02:45:56.000Z,8,3
HCP0579,40,1,16,4,0.4000,0.1000,0.2500,2026-08-11T00:02:23.000Z,2026-07-22T14:24:18.000Z,25,5
HCP0584,34,2,19,7,0.5588,0.2059,0.3684,2026-08-07T16:51:49.000Z,2026-08-07T16:51:49.000Z,9,9
HCP0610,40,4,26,14,0.6500,0.3500,0.5385,2026-08-12T23:37:31.000Z,2026-08-12T23:37:31.000Z,4,4
HCP0617,29,2,17,8,0.5862,0.2759,0.4706,2026-08-06T15:19:12.000Z,2026-08-06T15:19:12.000Z,10,10
HCP0679,35,0,19,9,0.5429,0.2571,0.4737,2026-08-12T17:50:40.000Z,2026-08-12T17:50:40.000Z,4,4
HCP0691,52,0,29,11,0.5577,0.2115,0.3793,2026-08-12T17:47:04.000Z,2026-08-12T17:47:04.000Z,4,4
HCP0702,28,1,16,7,0.5714,0.2500,0.4375,2026-08-06T11:59:53.000Z,2026-07-27T06:13:58.000Z,20,10
HCP0703,25,1,11,2,0.4400,0.0800,0.1818,2026-08-10T18:30:11.000Z,2026-08-06T05:58:38.000Z,10,6
HCP0723,40,2,25,10,0.6250,0.2500,0.4000,2026-08-14T11:03:46.000Z,2026-08-14T11:03:46.000Z,2,2
HCP0754,43,1,21,7,0.4884,0.1628,0.3333,2026-08-13T05:48:56.000Z,2026-08-13T05:48:56.000Z,3,3
HCP0793,30,0,22,15,0.7333,0.5000,0.6818,2026-08-14T10:00:15.000Z,2026-07-08T12:55:10.000Z,39,2
HCP0812,51,1,17,3,0.3333,0.0588,0.1765,2026-08-13T22:18:04.000Z,2026-08-05T14:21:14.000Z,11,3
HCP0823,42,1,30,11,0.7143,0.2619,0.3667,2026-08-15T00:00:00.000Z,2026-08-15T00:00:00.000Z,1,1
HCP0858,34,2,8,1,0.2353,0.0294,0.1250,2026-08-04T14:03:12.000Z,2026-07-21T10:37:08.000Z,26,12
HCP0862,43,1,18,6,0.4186,0.1395,0.3333,2026-08-06T22:27:57.000Z,2026-08-01T23:50:25.000Z,15,10
HCP0894,32,2,9,3,0.2813,0.0938,0.3333,2026-08-07T04:01:31.000Z,2026-07-16T00:22:51.000Z,31,9
HCP0896,27,0,11,3,0.4074,0.1111,0.2727,2026-08-02T13:14:27.000Z,2026-08-02T09:01:36.000Z,14,14
HCP0899,32,1,21,12,0.6563,0.3750,0.5714,2026-08-15T00:00:00.000Z,2026-08-15T00:00:00.000Z,1,1
HCP0946,29,1,15,9,0.5172,0.3103,0.6000,2026-08-13T13:07:02.000Z,2026-08-13T13:07:02.000Z,3,3
HCP0973,32,1,22,6,0.6875,0.1875,0.2727,2026-08-03T16:21:35.000Z,2026-07-31T21:54:57.000Z,16,13
HCP0981,43,3,16,7,0.3721,0.1628,0.4375,2026-07-30T13:59:29.000Z,2026-07-24T14:11:57.000Z,23,17
HCP0998,53,2,23,7,0.4340,0.1321,0.3043,2026-08-13T09:59:08.000Z,2026-07-30T08:11:38.000Z,17,3
HCP1028,46,1,37,17,0.8043,0.3696,0.4595,2026-08-15T00:00:00.000Z,2026-08-15T00:00:00.000Z,1,1
HCP1045,40,0,16,7,0.4000,0.1750,0.4375,2026-08-07T02:26:51.000Z,2026-08-07T02:26:51.000Z,9,9
HCP1062,48,2,23,11,0.4792,0.2292,0.4783,2026-08-14T17:55:44.000Z,2026-08-14T17:55:44.000Z,2,2
HCP1069,34,0,13,2,0.3824,0.0588,0.1538,2026-08-14T00:58:48.000Z,2026-07-23T20:40:50.000Z,24,2
HCP1073,27,2,9,4,0.3333,0.1481,0.4444,2026-08-09T21:30:48.000Z,2026-08-09T21:30:48.000Z,7,7
HCP1091,44,4,18,6,0.4091,0.1364,0.3333,2026-08-14T18:49:37.000Z,2026-08-14T18:49:37.000Z,2,2
HCP1097,52,1,17,1,0.3269,0.0192,0.0588,2026-08-14T16:23:19.000Z,2026-07-11T12:11:00.000Z,36,2
HCP1130,37,2,15,2,0.4054,0.0541,0.1333,2026-08-11T04:57:10.000Z,2026-08-04T11:48:52.000Z,12,5
HCP1151,49,0,28,16,0.5714,0.3265,0.5714,2026-08-13T03:06:58.000Z,2026-08-03T04:59:30.000Z,13,3
HCP1185,38,1,17,6,0.4474,0.1579,0.3529,2026-08-15T00:00:00.000Z,2026-08-15T00:00:00.000Z,1,1
HCP1211,28,0,12,0,0.4286,0.0000,0.0000,2026-08-03T09:40:56.000Z,2026-08-03T09:40:56.000Z,13,13
HCP1271,51,3,21,2,0.4118,0.0392,0.0952,2026-08-10T10:10:39.000Z,2026-08-06T11:50:24.000Z,10,6
HCP1276,41,1,27,10,0.6585,0.2439,0.3704,2026-08-15T00:00:00.000Z,2026-08-15T00:00:00.000Z,1,1
HCP1314,37,1,13,6,0.3514,0.1622,0.4615,2026-08-14T16:47:43.000Z,2026-08-14T16:47:43.000Z,2,2
HCP1326,46,6,16,5,0.3478,0.1087,0.3125,2026-08-14T04:09:51.000Z,2026-07-29T09:48:36.000Z,18,2
HCP1348,35,3,19,6,0.5429,0.1714,0.3158,2026-08-12T07:02:17.000Z,2026-08-12T07:02:17.000Z,4,4
HCP1356,55,0,30,12,0.5455,0.2182,0.4000,2026-08-15T00:00:00.000Z,2026-08-15T00:00:00.000Z,1,1
HCP1410,33,2,23,12,0.6970,0.3636,0.5217,2026-08-15T00:00:00.000Z,2026-08-15T00:00:00.000Z,1,1
HCP1417,56,0,29,13,0.5179,0.2321,0.4483,2026-08-15T00:00:00.000Z,2026-08-15T00:00:00.000Z,1,1
HCP1426,26,2,13,3,0.5000,0.1154,0.2308,2026-08-14T21:57:09.000Z,2026-08-14T21:57:09.000Z,2,2
HCP1437,25,2,12,4,0.4800,0.1600,0.3333,2026-08-01T13:03:55.000Z,2026-06-17T22:11:25.000Z,60,15
HCP1458,55,3,22,8,0.4000,0.1455,0.3636,2026-08-11T03:23:23.000Z,2026-08-11T03:23:23.000Z,5,5
HCP1464,56,1,32,12,0.5714,0.2143,0.3750,2026-08-10T08:42:45.000Z,2026-08-10T08:36:39.000Z,6,6
HCP1493,35,0,17,7,0.4857,0.2000,0.4118,2026-08-09T18:02:34.000Z,2026-08-09T18:02:34.000Z,7,7
HCP1502,52,1,32,20,0.6154,0.3846,0.6250,2026-08-14T04:39:54.000Z,2026-08-14T04:39:54.000Z,2,2
HCP1537,50,0,26,16,0.5200,0.3200,0.6154,2026-08-14T10:48:13.000Z,2026-07-23T14:06:54.000Z,24,2
HCP1614,43,3,24,8,0.5581,0.1860,0.3333,2026-08-12T19:05:16.000Z,2026-08-12T01:00:48.000Z,4,4
HCP1618,53,1,40,21,0.7547,0.3962,0.5250,2026-08-15T00:00:00.000Z,2026-08-15T00:00:00.000Z,1,1
HCP1629,30,0,15,5,0.5000,0.1667,0.3333,2026-08-13T15:09:29.000Z,2026-08-13T15:09:29.000Z,3,3
HCP1651,37,0,24,9,0.6486,0.2432,0.3750,2026-08-11T14:02:49.000Z,2026-08-11T14:02:49.000Z,5,5
HCP1652,46,3,19,7,0.4130,0.1522,0.3684,2026-08-10T11:58:39.000Z,2026-08-10T11:58:39.000Z,6,6
HCP1678,42,0,26,14,0.6190,0.3333,0.5385,2026-07-26T07:37:34.000Z,2026-07-11T17:02:50.000Z,36,21
HCP1689,43,1,26,12,0.6047,0.2791,0.4615,2026-08-03T08:06:47.000Z,2026-07-30T20:05:34.000Z,17,13
HCP1697,45,3,23,15,0.5111,0.3333,0.6522,2026-08-08T18:44:44.000Z,2026-08-08T18:44:44.000Z,8,8
HCP1700,45,5,15,4,0.3333,0.0889,0.2667,2026-08-10T14:21:31.000Z,2026-08-04T02:07:07.000Z,12,6
HCP1714,42,1,20,9,0.4762,0.2143,0.4500,2026-08-11T18:15:04.000Z,2026-07-12T10:29:08.000Z,35,5
HCP1722,45,0,26,10,0.5778,0.2222,0.3846,2026-08-14T04:23:09.000Z,2026-08-14T04:23:09.000Z,2,2
HCP1792,56,1,29,11,0.5179,0.1964,0.3793,2026-08-15T00:00:00.000Z,2026-08-15T00:00:00.000Z,1,1
HCP1846,30,0,20,14,0.6667,0.4667,0.7000,2026-08-13T23:11:01.000Z,2026-08-13T23:11:01.000Z,3,3
HCP1863,34,0,11,5,0.3235,0.1471,0.4545,2026-08-01T04:38:14.000Z,2026-07-29T07:41:19.000Z,18,15
HCP1874,49,0,30,14,0.6122,0.2857,0.4667,2026-08-09T16:43:54.000Z,2026-08-08T19:08:17.000Z,8,7
HCP1884,37,0,25,13,0.6757,0.3514,0.5200,2026-08-12T05:48:41.000Z,2026-08-12T05:48:41.000Z,4,4
HCP1890,34,0,27,15,0.7941,0.4412,0.5556,2026-08-07T07:06:23.000Z,2026-08-05T22:31:14.000Z,11,9
HCP1907,52,0,29,15,0.5577,0.2885,0.5172,2026-08-08T05:06:45.000Z,2026-08-08T05:06:45.000Z,8,8
HCP1927,45,1,28,16,0.6222,0.3556,0.5714,2026-08-13T13:50:53.000Z,2026-07-14T03:49:52.000Z,33,3
HCP1929,41,0,16,8,0.3902,0.1951,0.5000,2026-08-10T12:03:49.000Z,2026-08-02T11:15:22.000Z,14,6
HCP1941,47,1,33,14,0.7021,0.2979,0.4242,2026-08-13T06:26:55.000Z,2026-08-13T06:26:55.000Z,3,3
HCP1954,51,1,20,7,0.3922,0.1373,0.3500,2026-08-10T14:43:39.000Z,2026-08-10T14:43:39.000Z,6,6
HCP1955,41,0,26,12,0.6341,0.2927,0.4615,2026-08-12T11:29:09.000Z,2026-07-16T13:41:08.000Z,31,4
HCP1974,34,2,19,6,0.5588,0.1765,0.3158,2026-08-10T02:37:50.000Z,2026-07-24T22:58:49.000Z,23,6
HCP1990,46,0,31,16,0.6739,0.3478,0.5161,2026-08-13T11:51:33.000Z,2026-08-09T07:53:59.000Z,7,3
HCP0002,55,2,19,9,0.3455,0.1636,0.4737,2026-08-15T00:00:00.000Z,2026-08-15T00:00:00.000Z,1,1
HCP0057,44,1,24,11,0.5455,0.2500,0.4583,2026-08-15T00:00:00.000Z,2026-08-15T00:00:00.000Z,1,1
HCP0066,54,1,28,9,0.5185,0.1667,0.3214,2026-08-11T20:34:08.000Z,2026-08-11T20:34:08.000Z,5,5
HCP0068,47,2,26,15,0.5532,0.3191,0.5769,2026-08-12T21:11:02.000Z,2026-08-12T21:11:02.000Z,4,4
HCP0073,35,1,17,10,0.4857,0.2857,0.5882,2026-08-11T08:14:41.000Z,2026-08-03T06:10:00.000Z,13,5
HCP0077,48,1,20,5,0.4167,0.1042,0.2500,2026-08-02T22:07:00.000Z,2026-08-02T22:07:00.000Z,14,14
HCP0102,53,0,26,10,0.4906,0.1887,0.3846,2026-08-11T20:53:55.000Z,2026-08-11T20:53:55.000Z,5,5
HCP0124,50,4,24,11,0.4800,0.2200,0.4583,2026-08-13T11:13:00.000Z,2026-08-05T03:34:01.000Z,11,3
HCP0126,35,0,23,12,0.6571,0.3429,0.5217,2026-08-06T22:55:36.000Z,2026-08-06T22:55:36.000Z,10,10
HCP0130,40,3,26,16,0.6500,0.4000,0.6154,2026-08-08T16:58:26.000Z,2026-08-08T16:58:26.000Z,8,8
HCP0132,25,1,9,5,0.3600,0.2000,0.5556,2026-08-09T03:13:14.000Z,2026-06-04T12:15:57.000Z,73,7
HCP0140,26,1,9,3,0.3462,0.1154,0.3333,2026-08-02T08:40:29.000Z,2026-07-30T17:11:49.000Z,17,14
HCP0147,45,0,22,11,0.4889,0.2444,0.5000,2026-08-12T22:58:39.000Z,2026-08-10T11:14:40.000Z,6,4
HCP0169,47,3,22,4,0.4681,0.0851,0.1818,2026-08-07T19:58:19.000Z,2026-08-05T13:09:54.000Z,11,9
HCP0175,35,0,27,10,0.7714,0.2857,0.3704,2026-08-13T02:01:40.000Z,2026-08-13T02:01:40.000Z,3,3
HCP0178,41,0,27,14,0.6585,0.3415,0.5185,2026-08-15T00:00:00.000Z,2026-08-15T00:00:00.000Z,1,1
HCP0182,42,2,23,9,0.5476,0.2143,0.3913,2026-08-10T02:15:33.000Z,2026-08-10T02:15:33.000Z,6,6
HCP0231,32,0,15,5,0.4688,0.1563,0.3333,2026-08-14T02:53:39.000Z,2026-08-14T02:53:39.000Z,2,2
HCP0266,48,0,19,6,0.3958,0.1250,0.3158,2026-08-12T20:57:56.000Z,2026-08-10T03:49:37.000Z,6,4
HCP0282,55,4,25,4,0.4545,0.0727,0.1600,2026-08-13T00:55:07.000Z,2026-08-13T00:21:37.000Z,3,3
HCP0286,43,1,31,9,0.7209,0.2093,0.2903,2026-08-12T10:42:09.000Z,2026-08-01T12:38:06.000Z,15,4
HCP0290,35,0,25,15,0.7143,0.4286,0.6000,2026-07-31T15:37:02.000Z,2026-07-23T10:56:22.000Z,24,16
HCP0302,42,2,16,6,0.3810,0.1429,0.3750,2026-08-07T19:28:08.000Z,2026-08-07T19:28:08.000Z,9,9
HCP0303,32,0,11,2,0.3438,0.0625,0.1818,2026-08-13T09:56:50.000Z,2026-06-28T13:29:40.000Z,49,3
HCP0304,44,0,27,11,0.6136,0.2500,0.4074,2026-08-09T10:24:22.000Z,2026-08-08T20:53:19.000Z,8,7
HCP0313,25,0,7,4,0.2800,0.1600,0.5714,2026-08-13T01:41:15.000Z,2026-08-08T19:04:43.000Z,8,3
HCP0316,28,0,17,4,0.6071,0.1429,0.2353,2026-08-15T00:00:00.000Z,2026-08-15T00:00:00.000Z,1,1
HCP0331,45,2,32,23,0.7111,0.5111,0.7188,2026-08-09T07:46:54.000Z,2026-08-09T07:46:54.000Z,7,7
HCP0339,52,1,31,14,0.5962,0.2692,0.4516,2026-08-14T15:27:23.000Z,2026-08-14T15:27:23.000Z,2,2
HCP0368,42,1,33,20,0.7857,0.4762,0.6061,2026-08-11T19:09:53.000Z,2026-08-11T19:09:53.000Z,5,5
HCP0371,41,1,16,3,0.3902,0.0732,0.1875,2026-08-08T01:33:51.000Z,2026-07-19T08:31:03.000Z,28,8
HCP0410,46,0,10,1,0.2174,0.0217,0.1000,2026-08-12T02:50:10.000Z,2026-07-28T22:17:57.000Z,19,4
HCP0430,35,1,19,6,0.5429,0.1714,0.3158,2026-08-06T03:10:19.000Z,2026-08-06T03:10:19.000Z,10,10
HCP0436,56,2,22,6,0.3929,0.1071,0.2727,2026-08-15T00:00:00.000Z,2026-08-15T00:00:00.000Z,1,1
HCP0447,47,2,28,18,0.5957,0.3830,0.6429,2026-08-15T00:00:00.000Z,2026-08-15T00:00:00.000Z,1,1
HCP0462,31,0,17,7,0.5484,0.2258,0.4118,2026-08-13T08:54:16.000Z,2026-08-13T08:54:16.000Z,3,3
HCP0467,53,2,34,19,0.6415,0.3585,0.5588,2026-08-12T18:46:38.000Z,2026-08-12T18:46:38.000Z,4,4
HCP0482,25,1,11,4,0.4400,0.1600,0.3636,2026-08-14T02:50:55.000Z,2026-08-14T02:50:55.000Z,2,2
HCP0491,43,1,27,10,0.6279,0.2326,0.3704,2026-08-13T22:48:53.000Z,2026-08-13T22:48:53.000Z,3,3
HCP0525,48,1,27,12,0.5625,0.2500,0.4444,2026-08-15T00:00:00.000Z,2026-08-15T00:00:00.000Z,1,1
HCP0529,43,2,20,5,0.4651,0.1163,0.2500,2026-08-11T15:19:22.000Z,2026-07-23T19:35:28.000Z,24,5
HCP0530,46,2,28,14,0.6087,0.3043,0.5000,2026-08-10T11:28:55.000Z,2026-08-10T11:28:55.000Z,6,6
HCP0555,25,0,15,12,0.6000,0.4800,0.8000,2026-08-06T16:07:11.000Z,2026-06-10T19:51:57.000Z,67,10
HCP0567,54,2,30,12,0.5556,0.2222,0.4000,2026-08-13T13:26:10.000Z,2026-08-05T00:42:32.000Z,11,3
HCP0598,32,1,22,5,0.6875,0.1563,0.2273,2026-08-15T00:00:00.000Z,2026-08-15T00:00:00.000Z,1,1
HCP0605,35,1,17,5,0.4857,0.1429,0.2941,2026-08-12T07:20:50.000Z,2026-08-12T07:20:50.000Z,4,4
HCP0606,54,2,32,17,0.5926,0.3148,0.5313,2026-08-09T02:15:49.000Z,2026-07-29T09:44:03.000Z,18,7
HCP0628,54,2,32,15,0.5926,0.2778,0.4688,2026-08-15T00:00:00.000Z,2026-08-15T00:00:00.000Z,1,1
HCP0657,38,0,25,9,0.6579,0.2368,0.3600,2026-08-10T20:22:06.000Z,2026-08-07T03:33:29.000Z,9,6
HCP0661,40,0,15,3,0.3750,0.0750,0.2000,2026-08-13T22:08:09.000Z,2026-08-09T16:38:51.000Z,7,3
HCP0663,30,0,18,7,0.6000,0.2333,0.3889,2026-08-12T07:53:38.000Z,2026-08-12T07:53:38.000Z,4,4
HCP0680,42,0,25,13,0.5952,0.3095,0.5200,2026-08-04T03:37:14.000Z,2026-08-04T03:37:14.000Z,12,12
HCP0689,50,1,39,17,0.7800,0.3400,0.4359,2026-08-09T11:20:37.000Z,2026-08-09T11:20:37.000Z,7,7
HCP0693,50,8,26,13,0.5200,0.2600,0.5000,2026-08-13T06:37:32.000Z,2026-08-13T06:37:32.000Z,3,3
HCP0697,43,0,19,6,0.4419,0.1395,0.3158,2026-08-10T23:51:35.000Z,2026-07-11T06:02:46.000Z,36,6
HCP0708,47,1,29,13,0.6170,0.2766,0.4483,2026-08-09T12:59:16.000Z,2026-08-09T12:59:16.000Z,7,7
HCP0709,37,1,18,4,0.4865,0.1081,0.2222,2026-08-13T19:54:09.000Z,2026-08-13T19:54:09.000Z,3,3
HCP0711,32,1,14,3,0.4375,0.0938,0.2143,2026-08-13T20:09:20.000Z,2026-07-23T19:23:19.000Z,24,3
HCP0725,26,0,14,5,0.5385,0.1923,0.3571,2026-08-15T00:00:00.000Z,2026-08-15T00:00:00.000Z,1,1
HCP0728,44,3,28,14,0.6364,0.3182,0.5000,2026-08-14T15:51:03.000Z,2026-08-14T15:51:03.000Z,2,2
HCP0733,36,1,20,7,0.5556,0.1944,0.3500,2026-08-13T11:46:50.000Z,2026-08-13T11:46:50.000Z,3,3
HCP0746,40,1,27,11,0.6750,0.2750,0.4074,2026-08-14T15:09:50.000Z,2026-08-14T15:09:50.000Z,2,2
HCP0750,41,2,30,21,0.7317,0.5122,0.7000,2026-08-15T00:00:00.000Z,2026-08-15T00:00:00.000Z,1,1
HCP0760,47,2,18,4,0.3830,0.0851,0.2222,2026-08-10T10:35:57.000Z,2026-07-27T04:59:52.000Z,20,6
HCP0776,28,3,12,3,0.4286,0.1071,0.2500,2026-07-29T02:53:54.000Z,2026-06-18T21:49:17.000Z,59,18
HCP0803,43,1,20,11,0.4651,0.2558,0.5500,2026-08-10T09:25:21.000Z,2026-07-23T13:14:17.000Z,24,6
HCP0828,51,0,31,16,0.6078,0.3137,0.5161,2026-08-15T00:00:00.000Z,2026-08-15T00:00:00.000Z,1,1
HCP0841,54,4,21,5,0.3889,0.0926,0.2381,2026-08-13T00:28:10.000Z,2026-08-05T20:57:59.000Z,11,3
HCP0844,51,1,36,19,0.7059,0.3725,0.5278,2026-08-15T00:00:00.000Z,2026-08-15T00:00:00.000Z,1,1
HCP0904,26,3,12,5,0.4615,0.1923,0.4167,2026-08-14T08:15:45.000Z,2026-06-20T01:02:12.000Z,57,2
HCP0915,52,1,37,18,0.7115,0.3462,0.4865,2026-08-10T00:34:35.000Z,2026-08-10T00:34:35.000Z,6,6
HCP0935,47,1,20,1,0.4255,0.0213,0.0500,2026-08-07T15:32:08.000Z,2026-07-19T15:27:30.000Z,28,9
HCP0952,35,1,25,7,0.7143,0.2000,0.2800,2026-08-09T09:31:01.000Z,2026-08-09T03:06:35.000Z,7,7
HCP0964,27,0,17,7,0.6296,0.2593,0.4118,2026-08-12T15:05:09.000Z,2026-08-12T15:05:09.000Z,4,4
HCP0966,41,1,25,15,0.6098,0.3659,0.6000,2026-08-09T11:25:41.000Z,2026-07-11T19:25:16.000Z,36,7
HCP0988,23,2,13,7,0.5652,0.3043,0.5385,2026-08-15T00:00:00.000Z,2026-08-15T00:00:00.000Z,1,1
HCP1007,36,1,14,5,0.3889,0.1389,0.3571,2026-08-04T15:09:11.000Z,2026-08-04T15:09:11.000Z,12,12
HCP1010,56,2,41,22,0.7321,0.3929,0.5366,2026-08-12T16:18:39.000Z,2026-07-30T09:18:18.000Z,17,4
HCP1015,51,1,34,18,0.6667,0.3529,0.5294,2026-08-13T04:09:35.000Z,2026-08-13T04:09:35.000Z,3,3
HCP1016,30,0,13,2,0.4333,0.0667,0.1538,2026-08-04T16:52:42.000Z,2026-08-04T09:01:46.000Z,12,12
HCP1024,47,0,33,23,0.7021,0.4894,0.6970,2026-08-14T00:55:59.000Z,2026-08-14T00:55:59.000Z,2,2
HCP1030,26,3,3,1,0.1154,0.0385,0.3333,2026-08-10T17:08:59.000Z,2026-07-04T10:26:42.000Z,43,6
HCP1056,36,4,19,6,0.5278,0.1667,0.3158,2026-08-10T07:14:02.000Z,2026-07-10T08:34:41.000Z,37,6
HCP1067,45,0,25,13,0.5556,0.2889,0.5200,2026-08-09T17:11:02.000Z,2026-07-15T16:57:37.000Z,32,7
HCP1089,54,0,36,22,0.6667,0.4074,0.6111,2026-08-11T06:57:31.000Z,2026-08-10T04:39:59.000Z,6,5
HCP1096,30,1,6,1,0.2000,0.0333,0.1667,2026-07-15T11:02:41.000Z,2026-06-12T16:38:34.000Z,65,32
HCP1103,51,3,19,2,0.3725,0.0392,0.1053,2026-08-14T04:24:32.000Z,2026-08-03T10:04:07.000Z,13,2
HCP1111,27,0,16,8,0.5926,0.2963,0.5000,2026-08-03T07:39:50.000Z,2026-07-27T20:48:11.000Z,20,13
HCP1112,25,1,15,7,0.6000,0.2800,0.4667,2026-07-20T21:16:58.000Z,2026-06-22T21:54:50.000Z,55,27
HCP1137,35,0,23,11,0.6571,0.3143,0.4783,2026-08-05T05:29:29.000Z,2026-08-05T05:29:29.000Z,11,11
HCP1139,49,3,26,10,0.5306,0.2041,0.3846,2026-08-11T06:54:55.000Z,2026-08-11T00:47:11.000Z,5,5
HCP1143,32,1,12,2,0.3750,0.0625,0.1667,2026-08-06T20:00:28.000Z,2026-08-04T11:36:24.000Z,12,10
HCP1167,38,0,24,10,0.6316,0.2632,0.4167,2026-08-09T02:25:28.000Z,2026-08-09T02:25:28.000Z,7,7
HCP1172,49,2,32,18,0.6531,0.3673,0.5625,2026-08-06T06:35:36.000Z,2026-08-05T05:56:45.000Z,11,10
HCP1174,26,2,14,7,0.5385,0.2692,0.5000,2026-08-11T08:28:58.000Z,2026-08-11T08:28:58.000Z,5,5
HCP1184,26,2,13,5,0.5000,0.1923,0.3846,2026-08-12T12:57:33.000Z,2026-08-12T12:57:33.000Z,4,4
HCP1224,44,3,22,11,0.5000,0.2500,0.5000,2026-08-14T02:13:17.000Z,2026-08-09T17:40:29.000Z,7,2
HCP1228,30,1,14,3,0.4667,0.1000,0.2143,2026-08-12T00:40:57.000Z,2026-07-22T17:08:36.000Z,25,4
HCP1253,49,1,41,21,0.8367,0.4286,0.5122,2026-08-09T19:51:54.000Z,2026-08-06T01:46:13.000Z,10,7
HCP1269,58,1,27,7,0.4655,0.1207,0.2593,2026-08-13T11:31:39.000Z,2026-08-13T11:31:39.000Z,3,3
HCP1273,48,2,7,1,0.1458,0.0208,0.1429,2026-08-14T22:16:02.000Z,2026-08-14T22:16:02.000Z,2,2
HCP1280,40,1,23,16,0.5750,0.4000,0.6957,2026-07-27T00:03:23.000Z,2026-07-27T00:03:23.000Z,20,20
HCP1284,46,1,40,27,0.8696,0.5870,0.6750,2026-08-15T00:00:00.000Z,2026-08-15T00:00:00.000Z,1,1
HCP1291,24,2,20,11,0.8333,0.4583,0.5500,2026-08-13T08:51:03.000Z,2026-08-13T08:51:03.000Z,3,3
HCP1293,52,1,40,23,0.7692,0.4423,0.5750,2026-08-13T20:45:34.000Z,2026-08-13T20:45:34.000Z,3,3
HCP1300,55,0,16,2,0.2909,0.0364,0.1250,2026-08-15T00:00:00.000Z,2026-08-15T00:00:00.000Z,1,1
HCP1309,29,0,12,6,0.4138,0.2069,0.5000,2026-08-15T00:00:00.000Z,2026-08-15T00:00:00.000Z,1,1
HCP1318,48,5,17,5,0.3542,0.1042,0.2941,2026-08-12T16:26:11.000Z,2026-08-12T16:26:11.000Z,4,4
HCP1366,37,1,32,17,0.8649,0.4595,0.5313,2026-08-12T00:22:02.000Z,2026-08-12T00:22:02.000Z,4,4
HCP1404,33,2,19,7,0.5758,0.2121,0.3684,2026-08-10T00:34:29.000Z,2026-07-26T21:49:34.000Z,21,6
HCP1419,38,2,19,6,0.5000,0.1579,0.3158,2026-08-12T15:02:22.000Z,2026-08-12T15:02:22.000Z,4,4
HCP1420,48,2,33,17,0.6875,0.3542,0.5152,2026-08-15T00:00:00.000Z,2026-08-15T00:00:00.000Z,1,1
HCP1424,56,0,35,15,0.6250,0.2679,0.4286,2026-08-06T22:13:39.000Z,2026-08-06T22:13:39.000Z,10,10
HCP1445,56,3,38,11,0.6786,0.1964,0.2895,2026-08-13T03:29:20.000Z,2026-08-13T03:29:20.000Z,3,3
HCP1448,25,0,11,3,0.4400,0.1200,0.2727,2026-07-25T13:41:17.000Z,2026-07-19T10:12:18.000Z,28,22
HCP1465,25,1,10,4,0.4000,0.1600,0.4000,2026-08-07T15:21:12.000Z,2026-08-07T15:21:12.000Z,9,9
HCP1472,42,3,15,2,0.3571,0.0476,0.1333,2026-08-13T20:55:37.000Z,2026-08-13T20:55:37.000Z,3,3
HCP1485,52,2,42,25,0.8077,0.4808,0.5952,2026-08-14T01:07:40.000Z,2026-08-14T01:07:40.000Z,2,2
HCP1495,49,0,22,7,0.4490,0.1429,0.3182,2026-08-15T00:00:00.000Z,2026-08-15T00:00:00.000Z,1,1
HCP1506,53,2,27,10,0.5094,0.1887,0.3704,2026-08-11T15:04:03.000Z,2026-08-11T15:04:03.000Z,5,5
HCP1507,32,2,12,3,0.3750,0.0938,0.2500,2026-08-14T17:32:23.000Z,2026-07-02T12:38:28.000Z,45,2
HCP1508,31,0,15,4,0.4839,0.1290,0.2667,2026-08-09T23:01:51.000Z,2026-07-17T05:39:04.000Z,30,7
HCP1512,25,1,7,1,0.2800,0.0400,0.1429,2026-08-10T19:45:01.000Z,2026-07-06T15:38:35.000Z,41,6
HCP1521,25,0,11,4,0.4400,0.1600,0.3636,2026-08-12T13:30:57.000Z,2026-08-12T13:30:57.000Z,4,4
HCP1524,49,4,35,14,0.7143,0.2857,0.4000,2026-08-12T09:40:42.000Z,2026-08-09T09:16:17.000Z,7,4
HCP1555,54,1,29,6,0.5370,0.1111,0.2069,2026-08-10T15:20:47.000Z,2026-08-01T22:07:21.000Z,15,6
HCP1571,42,2,25,12,0.5952,0.2857,0.4800,2026-08-13T03:53:29.000Z,2026-08-13T02:17:39.000Z,3,3
HCP1576,56,2,41,27,0.7321,0.4821,0.6585,2026-08-14T22:30:25.000Z,2026-08-14T22:30:25.000Z,2,2
HCP1585,57,0,38,22,0.6667,0.3860,0.5789,2026-08-14T09:07:51.000Z,2026-08-06T03:00:33.000Z,10,2
HCP1586,33,3,15,4,0.4545,0.1212,0.2667,2026-08-08T12:27:38.000Z,2026-07-06T12:33:00.000Z,41,8
HCP1592,25,1,13,5,0.5200,0.2000,0.3846,2026-08-05T11:19:28.000Z,2026-07-18T00:14:41.000Z,29,11
HCP1596,57,2,37,16,0.6491,0.2807,0.4324,2026-08-14T23:27:26.000Z,2026-08-14T23:27:26.000Z,2,2
HCP1694,41,2,16,1,0.3902,0.0244,0.0625,2026-08-12T23:52:51.000Z,2026-07-10T03:12:37.000Z,37,4
HCP1701,26,0,12,5,0.4615,0.1923,0.4167,2026-08-13T15:54:57.000Z,2026-08-13T15:54:57.000Z,3,3
HCP1707,29,2,14,5,0.4828,0.1724,0.3571,2026-08-08T15:14:08.000Z,2026-08-08T15:14:08.000Z,8,8
HCP1751,56,2,25,10,0.4464,0.1786,0.4000,2026-08-07T08:33:24.000Z,2026-08-07T08:33:24.000Z,9,9
HCP1758,41,1,26,10,0.6341,0.2439,0.3846,2026-08-15T00:00:00.000Z,2026-08-15T00:00:00.000Z,1,1
HCP1769,32,2,11,2,0.3438,0.0625,0.1818,2026-08-09T18:03:10.000Z,2026-07-29T01:32:54.000Z,18,7
HCP1778,26,2,13,5,0.5000,0.1923,0.3846,2026-08-09T19:39:02.000Z,2026-07-26T10:41:15.000Z,21,7
HCP1791,24,2,11,1,0.4583,0.0417,0.0909,2026-07-25T23:23:18.000Z,2026-07-25T23:23:18.000Z,22,22
HCP1796,52,0,25,11,0.4808,0.2115,0.4400,2026-08-06T04:23:43.000Z,2026-07-17T20:03:16.000Z,30,10
HCP1805,23,2,16,8,0.6957,0.3478,0.5000,2026-08-07T21:37:21.000Z,2026-08-07T21:37:21.000Z,9,9
HCP1818,39,1,31,21,0.7949,0.5385,0.6774,2026-08-06T07:02:04.000Z,2026-08-06T07:02:04.000Z,10,10
HCP1855,36,0,28,9,0.7778,0.2500,0.3214,2026-08-10T14:50:55.000Z,2026-08-07T17:20:00.000Z,9,6
HCP1858,51,1,35,21,0.6863,0.4118,0.6000,2026-08-05T23:36:44.000Z,2026-08-05T23:36:44.000Z,11,11
HCP1860,30,0,18,11,0.6000,0.3667,0.6111,2026-08-12T07:31:37.000Z,2026-08-12T07:31:37.000Z,4,4
HCP1882,32,1,20,5,0.6250,0.1563,0.2500,2026-08-09T05:00:59.000Z,2026-07-26T06:34:52.000Z,21,7
HCP1888,27,1,18,8,0.6667,0.2963,0.4444,2026-08-14T02:46:25.000Z,2026-08-14T02:46:25.000Z,2,2
HCP1928,29,1,10,5,0.3448,0.1724,0.5000,2026-08-12T06:22:36.000Z,2026-08-12T06:22:36.000Z,4,4
HCP1940,45,0,31,15,0.6889,0.3333,0.4839,2026-08-04T14:04:57.000Z,2026-08-04T14:04:57.000Z,12,12
HCP1948,32,0,21,16,0.6563,0.5000,0.7619,2026-08-12T21:35:55.000Z,2026-08-12T21:35:55.000Z,4,4
HCP1949,50,2,39,18,0.7800,0.3600,0.4615,2026-08-12T00:49:51.000Z,2026-08-12T00:49:51.000Z,4,4
HCP1956,37,0,22,10,0.5946,0.2703,0.4545,2026-08-15T00:00:00.000Z,2026-08-15T00:00:00.000Z,1,1
HCP1959,33,0,11,1,0.3333,0.0303,0.0909,2026-08-14T00:26:42.000Z,2026-08-01T14:54:49.000Z,15,2
HCP1971,56,1,33,15,0.5893,0.2679,0.4545,2026-08-12T15:18:16.000Z,2026-08-12T15:18:16.000Z,4,4
HCP1995,47,2,19,6,0.4043,0.1277,0.3158,2026-08-13T09:29:35.000Z,2026-08-02T08:30:16.000Z,14,3
HCP0013,41,1,14,4,0.3415,0.0976,0.2857,2026-08-12T14:13:15.000Z,2026-08-12T14:13:15.000Z,4,4
HCP0045,32,1,24,11,0.7500,0.3438,0.4583,2026-08-10T03:39:32.000Z,2026-08-10T03:39:32.000Z,6,6
HCP0081,54,3,33,11,0.6111,0.2037,0.3333,2026-08-15T00:00:00.000Z,2026-08-15T00:00:00.000Z,1,1
HCP0083,36,1,20,9,0.5556,0.2500,0.4500,2026-08-15T00:00:00.000Z,2026-08-15T00:00:00.000Z,1,1
HCP0129,52,0,22,6,0.4231,0.1154,0.2727,2026-08-06T15:29:52.000Z,2026-08-03T12:15:32.000Z,13,10
HCP0133,25,0,13,9,0.5200,0.3600,0.6923,2026-07-31T06:13:01.000Z,2026-07-31T06:13:01.000Z,16,16
HCP0134,44,1,26,13,0.5909,0.2955,0.5000,2026-08-12T11:15:45.000Z,2026-07-31T20:53:57.000Z,16,4
HCP0163,42,0,24,10,0.5714,0.2381,0.4167,2026-08-15T00:00:00.000Z,2026-08-15T00:00:00.000Z,1,1
HCP0170,42,0,21,8,0.5000,0.1905,0.3810,2026-08-13T00:29:36.000Z,2026-08-01T12:06:56.000Z,15,3
HCP0179,47,1,19,4,0.4043,0.0851,0.2105,2026-08-10T23:34:54.000Z,2026-08-10T23:34:54.000Z,6,6
HCP0218,52,2,30,16,0.5769,0.3077,0.5333,2026-08-13T09:49:47.000Z,2026-08-13T09:49:47.000Z,3,3
HCP0241,52,2,32,19,0.6154,0.3654,0.5938,2026-07-31T22:49:13.000Z,2026-07-31T22:49:13.000Z,16,16
HCP0242,25,0,15,13,0.6000,0.5200,0.8667,2026-08-03T19:24:29.000Z,2026-07-30T17:54:50.000Z,17,13
HCP0264,25,0,18,6,0.7200,0.2400,0.3333,2026-08-07T19:44:52.000Z,2026-08-07T19:44:52.000Z,9,9
HCP0268,26,1,9,2,0.3462,0.0769,0.2222,2026-08-11T14:10:45.000Z,2026-08-11T14:10:45.000Z,5,5
HCP0293,51,0,19,5,0.3725,0.0980,0.2632,2026-08-11T14:28:05.000Z,2026-07-24T00:26:33.000Z,23,5
HCP0358,37,1,22,13,0.5946,0.3514,0.5909,2026-08-15T00:00:00.000Z,2026-08-15T00:00:00.000Z,1,1
HCP0420,45,0,34,24,0.7556,0.5333,0.7059,2026-07-30T16:06:16.000Z,2026-07-30T16:06:16.000Z,17,17
HCP0431,32,0,18,6,0.5625,0.1875,0.3333,2026-07-10T16:16:37.000Z,2026-07-10T16:16:37.000Z,37,37
HCP0437,29,0,15,6,0.5172,0.2069,0.4000,2026-07-27T05:02:02.000Z,2026-07-26T07:21:21.000Z,21,20
HCP0441,44,1,30,10,0.6818,0.2273,0.3333,2026-08-15T00:00:00.000Z,2026-08-15T00:00:00.000Z,1,1
HCP0464,42,1,21,7,0.5000,0.1667,0.3333,2026-08-01T06:24:03.000Z,2026-06-29T09:04:11.000Z,48,15
HCP0477,36,0,18,4,0.5000,0.1111,0.2222,2026-08-05T06:42:18.000Z,2026-06-19T21:55:54.000Z,58,11
HCP0486,53,1,32,10,0.6038,0.1887,0.3125,2026-08-11T18:57:03.000Z,2026-08-11T18:57:03.000Z,5,5
HCP0488,50,4,31,14,0.6200,0.2800,0.4516,2026-08-14T15:24:48.000Z,2026-08-14T15:24:48.000Z,2,2
HCP0501,36,5,17,4,0.4722,0.1111,0.2353,2026-08-04T16:25:42.000Z,2026-08-04T16:25:42.000Z,12,12
HCP0508,30,0,13,9,0.4333,0.3000,0.6923,2026-08-13T20:56:07.000Z,2026-08-13T20:56:07.000Z,3,3
HCP0513,35,0,22,8,0.6286,0.2286,0.3636,2026-07-08T07:27:57.000Z,2026-07-08T07:27:57.000Z,39,39
HCP0522,29,2,14,2,0.4828,0.0690,0.1429,2026-07-22T00:26:28.000Z,2026-07-22T00:26:28.000Z,25,25
HCP0542,35,0,19,9,0.5429,0.2571,0.4737,2026-08-11T11:55:39.000Z,2026-08-11T11:55:39.000Z,5,5
HCP0590,25,1,20,13,0.8000,0.5200,0.6500,2026-07-26T04:52:10.000Z,2026-07-26T04:52:10.000Z,21,21
HCP0612,38,2,14,3,0.3684,0.0789,0.2143,2026-08-07T10:44:26.000Z,2026-08-03T15:22:33.000Z,13,9
HCP0619,47,1,17,4,0.3617,0.0851,0.2353,2026-08-11T10:00:58.000Z,2026-08-11T10:00:58.000Z,5,5
HCP0629,39,0,20,4,0.5128,0.1026,0.2000,2026-08-13T19:39:53.000Z,2026-08-13T19:39:53.000Z,3,3
HCP0650,54,0,39,20,0.7222,0.3704,0.5128,2026-08-15T00:00:00.000Z,2026-08-15T00:00:00.000Z,1,1
HCP0651,48,1,30,11,0.6250,0.2292,0.3667,2026-08-13T14:54:33.000Z,2026-08-13T14:54:33.000Z,3,3
HCP0652,28,1,16,7,0.5714,0.2500,0.4375,2026-08-11T00:53:11.000Z,2026-08-11T00:53:11.000Z,5,5
HCP0662,51,0,44,27,0.8627,0.5294,0.6136,2026-08-15T00:00:00.000Z,2026-08-15T00:00:00.000Z,1,1
HCP0673,33,4,20,6,0.6061,0.1818,0.3000,2026-08-11T07:18:21.000Z,2026-08-11T07:18:21.000Z,5,5
HCP0686,53,6,25,12,0.4717,0.2264,0.4800,2026-08-15T00:00:00.000Z,2026-08-15T00:00:00.000Z,1,1
HCP0706,34,1,9,3,0.2647,0.0882,0.3333,2026-08-14T11:21:15.000Z,2026-08-14T11:21:15.000Z,2,2
HCP0707,28,1,19,11,0.6786,0.3929,0.5789,2026-08-10T08:30:53.000Z,2026-07-31T06:54:42.000Z,16,6
HCP0717,39,1,20,4,0.5128,0.1026,0.2000,2026-08-14T18:23:12.000Z,2026-08-14T18:23:12.000Z,2,2
HCP0730,47,1,25,8,0.5319,0.1702,0.3200,2026-08-14T20:57:30.000Z,2026-08-14T20:57:30.000Z,2,2
HCP0744,38,3,13,4,0.3421,0.1053,0.3077,2026-08-13T04:43:50.000Z,2026-08-11T21:17:57.000Z,5,3
HCP0753,35,0,18,8,0.5143,0.2286,0.4444,2026-08-04T04:36:31.000Z,2026-08-04T04:36:31.000Z,12,12
HCP0758,42,0,17,2,0.4048,0.0476,0.1176,2026-08-12T06:38:29.000Z,2026-08-12T06:38:29.000Z,4,4
HCP0779,32,2,14,6,0.4375,0.1875,0.4286,2026-08-06T06:44:43.000Z,2026-08-06T06:44:43.000Z,10,10
HCP0794,52,2,35,17,0.6731,0.3269,0.4857,2026-08-13T22:01:22.000Z,2026-08-13T22:01:22.000Z,3,3
HCP0811,57,0,40,21,0.7018,0.3684,0.5250,2026-08-12T11:52:34.000Z,2026-08-12T11:52:34.000Z,4,4
HCP0821,45,2,22,9,0.4889,0.2000,0.4091,2026-08-05T18:58:26.000Z,2026-07-30T06:35:48.000Z,17,11
HCP0834,35,3,19,9,0.5429,0.2571,0.4737,2026-08-14T21:03:03.000Z,2026-08-08T01:49:57.000Z,8,2
HCP0836,48,1,24,9,0.5000,0.1875,0.3750,2026-08-06T23:14:51.000Z,2026-08-06T23:14:51.000Z,10,10
HCP0851,42,1,30,22,0.7143,0.5238,0.7333,2026-08-15T00:00:00.000Z,2026-08-15T00:00:00.000Z,1,1
HCP0854,44,1,31,17,0.7045,0.3864,0.5484,2026-08-14T11:49:56.000Z,2026-08-14T11:49:56.000Z,2,2
HCP0870,53,1,33,19,0.6226,0.3585,0.5758,2026-07-31T16:56:26.000Z,2026-07-31T16:56:26.000Z,16,16
HCP0873,27,0,21,13,0.7778,0.4815,0.6190,2026-08-15T00:00:00.000Z,2026-08-15T00:00:00.000Z,1,1
HCP0898,51,0,31,14,0.6078,0.2745,0.4516,2026-08-15T00:00:00.000Z,2026-08-15T00:00:00.000Z,1,1
HCP0925,32,1,16,9,0.5000,0.2813,0.5625,2026-08-06T23:41:18.000Z,2026-08-06T23:41:18.000Z,10,10
HCP0945,31,0,18,5,0.5806,0.1613,0.2778,2026-08-12T02:21:04.000Z,2026-08-03T10:28:59.000Z,13,4
HCP0954,35,0,23,17,0.6571,0.4857,0.7391,2026-08-09T14:35:53.000Z,2026-08-09T14:35:53.000Z,7,7
HCP0956,48,4,36,17,0.7500,0.3542,0.4722,2026-08-15T00:00:00.000Z,2026-08-15T00:00:00.000Z,1,1
HCP0963,42,3,23,11,0.5476,0.2619,0.4783,2026-08-02T17:59:54.000Z,2026-08-02T17:59:54.000Z,14,14
HCP0997,31,3,12,7,0.3871,0.2258,0.5833,2026-08-12T21:34:45.000Z,2026-07-02T00:38:27.000Z,45,4
HCP1052,46,1,24,6,0.5217,0.1304,0.2500,2026-08-12T14:10:53.000Z,2026-07-22T16:20:39.000Z,25,4
HCP1054,50,1,10,1,0.2000,0.0200,0.1000,2026-08-07T18:26:03.000Z,2026-07-20T15:11:14.000Z,27,9
HCP1055,38,1,24,15,0.6316,0.3947,0.6250,2026-08-13T13:52:13.000Z,2026-07-28T13:55:53.000Z,19,3
HCP1063,43,0,25,10,0.5814,0.2326,0.4000,2026-08-11T06:58:10.000Z,2026-08-03T09:18:06.000Z,13,5
HCP1064,43,2,29,18,0.6744,0.4186,0.6207,2026-08-14T09:34:13.000Z,2026-08-14T09:34:13.000Z,2,2
HCP1088,50,3,34,13,0.6800,0.2600,0.3824,2026-08-10T05:54:24.000Z,2026-08-10T05:54:24.000Z,6,6
HCP1102,47,0,18,7,0.3830,0.1489,0.3889,2026-08-13T01:15:47.000Z,2026-07-23T19:14:12.000Z,24,3
HCP1115,31,0,16,7,0.5161,0.2258,0.4375,2026-08-08T20:48:11.000Z,2026-08-08T20:48:11.000Z,8,8
HCP1120,26,2,12,4,0.4615,0.1538,0.3333,2026-08-07T10:13:09.000Z,2026-08-07T10:13:09.000Z,9,9
HCP1154,43,0,22,7,0.5116,0.1628,0.3182,2026-07-30T18:16:15.000Z,2026-07-30T18:16:15.000Z,17,17
HCP1173,30,1,15,6,0.5000,0.2000,0.4000,2026-08-15T00:00:00.000Z,2026-08-15T00:00:00.000Z,1,1
HCP1203,33,0,17,3,0.5152,0.0909,0.1765,2026-08-07T14:25:17.000Z,2026-07-28T04:49:16.000Z,19,9
HCP1240,45,1,16,6,0.3556,0.1333,0.3750,2026-08-05T00:55:06.000Z,2026-07-27T08:30:33.000Z,20,11
HCP1245,31,0,25,13,0.8065,0.4194,0.5200,2026-08-03T12:38:21.000Z,2026-08-03T12:38:21.000Z,13,13
HCP1287,29,3,21,11,0.7241,0.3793,0.5238,2026-08-13T15:35:34.000Z,2026-08-04T12:31:50.000Z,12,3
HCP1290,24,1,8,3,0.3333,0.1250,0.3750,2026-07-22T23:21:13.000Z,2026-05-29T19:39:12.000Z,79,25
HCP1297,54,4,32,17,0.5926,0.3148,0.5313,2026-08-15T00:00:00.000Z,2026-08-15T00:00:00.000Z,1,1
HCP1303,26,1,12,6,0.4615,0.2308,0.5000,2026-08-14T17:11:03.000Z,2026-08-14T17:11:03.000Z,2,2
HCP1305,24,2,11,5,0.4583,0.2083,0.4545,2026-08-07T22:01:51.000Z,2026-07-29T18:20:11.000Z,18,9
HCP1352,37,0,14,3,0.3784,0.0811,0.2143,2026-08-11T01:32:53.000Z,2026-08-08T08:47:47.000Z,8,5
HCP1361,25,1,14,5,0.5600,0.2000,0.3571,2026-08-05T21:18:07.000Z,2026-08-05T21:18:07.000Z,11,11
HCP1386,55,0,22,5,0.4000,0.0909,0.2273,2026-08-15T00:00:00.000Z,2026-08-15T00:00:00.000Z,1,1
HCP1395,58,1,32,7,0.5517,0.1207,0.2188,2026-08-15T00:00:00.000Z,2026-08-15T00:00:00.000Z,1,1
HCP1409,28,0,8,1,0.2857,0.0357,0.1250,2026-08-08T00:31:27.000Z,2026-08-08T00:31:27.000Z,8,8
HCP1414,27,0,8,4,0.2963,0.1481,0.5000,2026-08-15T00:00:00.000Z,2026-08-15T00:00:00.000Z,1,1
HCP1418,43,2,16,1,0.3721,0.0233,0.0625,2026-07-29T23:11:25.000Z,2026-07-29T10:24:50.000Z,18,18
HCP1427,40,1,24,9,0.6000,0.2250,0.3750,2026-07-28T03:25:24.000Z,2026-07-28T03:25:24.000Z,19,19
HCP1430,51,2,18,3,0.3529,0.0588,0.1667,2026-08-11T05:24:23.000Z,2026-08-11T05:24:23.000Z,5,5
HCP1447,48,1,31,14,0.6458,0.2917,0.4516,2026-08-15T00:00:00.000Z,2026-08-15T00:00:00.000Z,1,1
HCP1453,37,1,15,5,0.4054,0.1351,0.3333,2026-08-12T22:02:02.000Z,2026-08-12T22:02:02.000Z,4,4
HCP1477,47,2,31,15,0.6596,0.3191,0.4839,2026-08-14T10:03:20.000Z,2026-08-14T10:03:20.000Z,2,2
HCP1482,43,2,27,13,0.6279,0.3023,0.4815,2026-08-05T14:23:04.000Z,2026-08-05T14:23:04.000Z,11,11
HCP1510,51,3,22,4,0.4314,0.0784,0.1818,2026-08-11T17:12:20.000Z,2026-08-07T20:19:22.000Z,9,5
HCP1517,29,0,11,3,0.3793,0.1034,0.2727,2026-08-14T00:51:39.000Z,2026-08-14T00:51:39.000Z,2,2
HCP1530,38,0,16,6,0.4211,0.1579,0.3750,2026-08-13T19:51:55.000Z,2026-08-13T19:51:55.000Z,3,3
HCP1572,58,0,35,16,0.6034,0.2759,0.4571,2026-08-11T09:07:43.000Z,2026-08-02T13:17:02.000Z,14,5
HCP1577,48,2,30,16,0.6250,0.3333,0.5333,2026-08-09T14:15:37.000Z,2026-08-09T14:15:37.000Z,7,7
HCP1616,55,2,20,7,0.3636,0.1273,0.3500,2026-08-10T06:41:28.000Z,2026-07-29T08:58:54.000Z,18,6
HCP1670,42,0,22,12,0.5238,0.2857,0.5455,2026-08-12T18:41:25.000Z,2026-08-10T04:39:30.000Z,6,4
HCP1683,47,4,15,6,0.3191,0.1277,0.4000,2026-08-03T00:08:30.000Z,2026-07-27T07:40:10.000Z,20,13
HCP1687,35,0,15,4,0.4286,0.1143,0.2667,2026-08-13T10:00:16.000Z,2026-08-06T09:09:38.000Z,10,3
HCP1691,49,2,33,19,0.6735,0.3878,0.5758,2026-08-14T11:22:37.000Z,2026-08-12T07:27:38.000Z,4,2
HCP1703,51,3,29,13,0.5686,0.2549,0.4483,2026-08-11T06:25:38.000Z,2026-08-09T09:19:45.000Z,7,5
HCP1731,26,0,11,4,0.4231,0.1538,0.3636,2026-07-24T01:09:46.000Z,2026-07-24T01:09:46.000Z,23,23
HCP1750,30,0,8,4,0.2667,0.1333,0.5000,2026-08-09T01:58:20.000Z,2026-07-17T18:06:41.000Z,30,7
HCP1783,36,1,24,13,0.6667,0.3611,0.5417,2026-08-09T22:43:16.000Z,2026-08-09T22:43:16.000Z,7,7
HCP1789,40,1,20,6,0.5000,0.1500,0.3000,2026-08-09T18:16:51.000Z,2026-08-04T02:51:20.000Z,12,7
HCP1790,45,0,27,7,0.6000,0.1556,0.2593,2026-08-14T02:17:12.000Z,2026-08-08T00:07:56.000Z,8,2
HCP1794,49,1,36,23,0.7347,0.4694,0.6389,2026-08-14T22:59:45.000Z,2026-08-14T22:59:45.000Z,2,2
HCP1822,53,2,25,12,0.4717,0.2264,0.4800,2026-08-15T00:00:00.000Z,2026-08-15T00:00:00.000Z,1,1
HCP1847,43,0,25,14,0.5814,0.3256,0.5600,2026-08-09T07:00:10.000Z,2026-08-09T07:00:10.000Z,7,7
HCP1861,42,0,30,15,0.7143,0.3571,0.5000,2026-08-15T00:00:00.000Z,2026-08-15T00:00:00.000Z,1,1
HCP1876,51,1,31,9,0.6078,0.1765,0.2903,2026-08-14T10:10:19.000Z,2026-08-14T10:10:19.000Z,2,2
HCP1901,52,3,34,16,0.6538,0.3077,0.4706,2026-08-15T00:00:00.000Z,2026-08-15T00:00:00.000Z,1,1
HCP1905,52,2,35,20,0.6731,0.3846,0.5714,2026-08-14T12:57:47.000Z,2026-08-11T22:59:22.000Z,5,2
HCP1917,38,2,30,18,0.7895,0.4737,0.6000,2026-08-15T00:00:00.000Z,2026-08-15T00:00:00.000Z,1,1
HCP1957,53,3,17,8,0.3208,0.1509,0.4706,2026-08-13T22:54:08.000Z,2026-08-13T11:10:37.000Z,3,3
HCP1983,27,2,16,4,0.5926,0.1481,0.2500,2026-08-04T20:32:10.000Z,2026-08-04T20:32:10.000Z,12,12
HCP0004,51,1,34,13,0.6667,0.2549,0.3824,2026-08-13T13:25:31.000Z,2026-08-13T13:25:31.000Z,3,3
HCP0021,32,0,14,6,0.4375,0.1875,0.4286,2026-07-23T12:52:33.000Z,2026-07-23T12:52:33.000Z,24,24
HCP0024,47,1,30,15,0.6383,0.3191,0.5000,2026-08-01T21:44:22.000Z,2026-08-01T21:44:22.000Z,15,15
HCP0059,24,2,12,5,0.5000,0.2083,0.4167,2026-08-07T09:48:33.000Z,2026-08-07T09:48:33.000Z,9,9
HCP0071,42,3,21,7,0.5000,0.1667,0.3333,2026-08-14T00:06:19.000Z,2026-08-14T00:06:19.000Z,2,2
HCP0094,48,1,26,10,0.5417,0.2083,0.3846,2026-08-15T00:00:00.000Z,2026-08-15T00:00:00.000Z,1,1
HCP0177,47,2,21,12,0.4468,0.2553,0.5714,2026-08-15T00:00:00.000Z,2026-08-15T00:00:00.000Z,1,1
HCP0183,39,2,12,2,0.3077,0.0513,0.1667,2026-08-08T01:30:34.000Z,2026-08-08T01:30:34.000Z,8,8
HCP0184,37,1,11,1,0.2973,0.0270,0.0909,2026-08-14T17:17:13.000Z,2026-07-21T22:36:31.000Z,26,2
HCP0185,43,0,23,7,0.5349,0.1628,0.3043,2026-08-09T03:16:37.000Z,2026-07-25T19:25:42.000Z,22,7
HCP0209,45,0,24,12,0.5333,0.2667,0.5000,2026-08-11T10:09:48.000Z,2026-08-11T10:09:48.000Z,5,5
HCP0224,24,1,21,15,0.8750,0.6250,0.7143,2026-08-05T19:52:16.000Z,2026-08-05T19:52:16.000Z,11,11
HCP0244,40,0,23,10,0.5750,0.2500,0.4348,2026-08-11T12:04:59.000Z,2026-08-11T12:04:59.000Z,5,5
HCP0267,34,0,14,3,0.4118,0.0882,0.2143,2026-08-03T04:08:28.000Z,2026-08-03T04:08:28.000Z,13,13
HCP0296,27,2,13,2,0.4815,0.0741,0.1538,2026-08-11T17:02:42.000Z,2026-07-27T01:51:59.000Z,20,5
HCP0306,44,0,21,10,0.4773,0.2273,0.4762,2026-08-13T02:55:29.000Z,2026-08-13T02:55:29.000Z,3,3
HCP0323,40,1,31,20,0.7750,0.5000,0.6452,2026-08-12T08:59:47.000Z,2026-08-12T08:59:47.000Z,4,4
HCP0340,50,0,34,16,0.6800,0.3200,0.4706,2026-08-11T10:13:07.000Z,2026-08-11T10:13:07.000Z,5,5
HCP0349,26,1,11,4,0.4231,0.1538,0.3636,2026-08-10T09:28:59.000Z,2026-08-10T09:28:59.000Z,6,6
HCP0355,39,2,21,10,0.5385,0.2564,0.4762,2026-08-14T18:20:29.000Z,2026-08-09T22:10:25.000Z,7,2
HCP0369,51,0,25,11,0.4902,0.2157,0.4400,2026-08-02T08:22:26.000Z,2026-07-22T01:29:18.000Z,25,14
HCP0423,44,1,20,9,0.4545,0.2045,0.4500,2026-08-12T23:53:42.000Z,2026-08-04T21:24:44.000Z,12,4
HCP0424,49,0,26,12,0.5306,0.2449,0.4615,2026-08-02T04:07:16.000Z,2026-08-02T04:07:16.000Z,14,14
HCP0438,48,1,29,12,0.6042,0.2500,0.4138,2026-08-14T19:16:17.000Z,2026-08-02T08:56:53.000Z,14,2
HCP0442,35,0,27,17,0.7714,0.4857,0.6296,2026-08-01T20:30:29.000Z,2026-08-01T20:30:29.000Z,15,15
HCP0444,57,2,39,22,0.6842,0.3860,0.5641,2026-08-03T07:35:10.000Z,2026-08-03T07:35:10.000Z,13,13
HCP0446,29,0,18,11,0.6207,0.3793,0.6111,2026-08-11T02:52:19.000Z,2026-08-11T02:52:19.000Z,5,5
HCP0455,39,2,12,3,0.3077,0.0769,0.2500,2026-08-06T19:10:20.000Z,2026-08-06T19:10:20.000Z,10,10
HCP0469,30,1,10,4,0.3333,0.1333,0.4000,2026-08-15T00:00:00.000Z,2026-08-15T00:00:00.000Z,1,1
HCP0485,24,3,19,7,0.7917,0.2917,0.3684,2026-08-10T12:10:03.000Z,2026-08-10T12:10:03.000Z,6,6
HCP0515,35,0,18,7,0.5143,0.2000,0.3889,2026-08-14T14:02:03.000Z,2026-08-14T14:02:03.000Z,2,2
HCP0534,56,0,31,16,0.5536,0.2857,0.5161,2026-08-04T06:50:37.000Z,2026-08-04T06:50:37.000Z,12,12
HCP0549,54,2,38,25,0.7037,0.4630,0.6579,2026-07-28T11:32:21.000Z,2026-07-28T11:32:21.000Z,19,19
HCP0558,25,0,8,4,0.3200,0.1600,0.5000,2026-07-22T15:46:15.000Z,2026-05-30T08:14:11.000Z,78,25
HCP0574,28,1,17,13,0.6071,0.4643,0.7647,2026-08-14T18:35:24.000Z,2026-08-11T00:15:59.000Z,5,2
HCP0611,36,2,29,17,0.8056,0.4722,0.5862,2026-08-06T02:32:59.000Z,2026-08-06T02:32:59.000Z,10,10
HCP0618,42,0,13,3,0.3095,0.0714,0.2308,2026-08-12T13:17:59.000Z,2026-08-04T09:57:50.000Z,12,4
HCP0626,32,1,20,9,0.6250,0.2813,0.4500,2026-08-12T21:06:20.000Z,2026-08-10T11:30:55.000Z,6,4
HCP0631,50,2,25,12,0.5000,0.2400,0.4800,2026-08-11T00:26:09.000Z,2026-08-10T10:28:04.000Z,6,5
HCP0639,44,1,29,15,0.6591,0.3409,0.5172,2026-08-11T22:18:25.000Z,2026-08-11T22:18:25.000Z,5,5
HCP0653,33,1,28,20,0.8485,0.6061,0.7143,2026-08-10T01:41:09.000Z,2026-08-09T16:35:26.000Z,7,6
HCP0654,56,2,37,15,0.6607,0.2679,0.4054,2026-08-14T17:46:43.000Z,2026-08-14T17:46:43.000Z,2,2
HCP0660,30,1,14,7,0.4667,0.2333,0.5000,2026-08-09T23:22:05.000Z,2026-08-09T23:22:05.000Z,7,7
HCP0665,45,1,38,22,0.8444,0.4889,0.5789,2026-08-15T00:00:00.000Z,2026-08-15T00:00:00.000Z,1,1
HCP0667,45,3,20,7,0.4444,0.1556,0.3500,2026-08-12T07:39:49.000Z,2026-08-12T07:39:49.000Z,4,4
HCP0676,56,1,42,20,0.7500,0.3571,0.4762,2026-08-09T16:13:23.000Z,2026-08-03T13:19:37.000Z,13,7
HCP0720,45,1,29,12,0.6444,0.2667,0.4138,2026-08-11T05:04:47.000Z,2026-08-06T21:25:51.000Z,10,5
HCP0740,43,0,26,11,0.6047,0.2558,0.4231,2026-08-10T11:36:23.000Z,2026-08-10T11:36:23.000Z,6,6
HCP0784,31,0,13,6,0.4194,0.1935,0.4615,2026-08-09T02:02:20.000Z,2026-08-09T02:02:20.000Z,7,7
HCP0797,57,2,41,26,0.7193,0.4561,0.6341,2026-08-15T00:00:00.000Z,2026-08-15T00:00:00.000Z,1,1
HCP0800,52,0,31,8,0.5962,0.1538,0.2581,2026-08-06T11:32:38.000Z,2026-07-30T22:58:42.000Z,17,10
HCP0843,28,1,11,3,0.3929,0.1071,0.2727,2026-08-08T02:54:08.000Z,2026-08-02T05:42:42.000Z,14,8
HCP0849,36,1,22,14,0.6111,0.3889,0.6364,2026-08-15T00:00:00.000Z,2026-08-15T00:00:00.000Z,1,1
HCP0850,56,0,36,16,0.6429,0.2857,0.4444,2026-08-15T00:00:00.000Z,2026-08-15T00:00:00.000Z,1,1
HCP0860,25,1,15,5,0.6000,0.2000,0.3333,2026-07-29T20:02:53.000Z,2026-07-29T20:02:53.000Z,18,18
HCP0861,44,3,24,10,0.5455,0.2273,0.4167,2026-08-07T13:03:05.000Z,2026-07-17T10:09:25.000Z,30,9
HCP0892,43,2,12,6,0.2791,0.1395,0.5000,2026-08-12T03:08:29.000Z,2026-07-23T18:32:29.000Z,24,4
HCP0924,53,1,30,16,0.5660,0.3019,0.5333,2026-08-08T01:01:25.000Z,2026-08-03T21:59:45.000Z,13,8
HCP0941,54,2,36,19,0.6667,0.3519,0.5278,2026-08-10T17:16:10.000Z,2026-08-03T16:07:38.000Z,13,6
HCP0944,37,0,16,9,0.4324,0.2432,0.5625,2026-08-12T00:45:52.000Z,2026-06-22T19:29:19.000Z,55,4
HCP0955,43,0,17,2,0.3953,0.0465,0.1176,2026-08-15T00:00:00.000Z,2026-08-15T00:00:00.000Z,1,1
HCP0959,33,1,14,5,0.4242,0.1515,0.3571,2026-08-13T14:49:11.000Z,2026-08-13T14:49:11.000Z,3,3
HCP0965,40,1,19,10,0.4750,0.2500,0.5263,2026-08-15T00:00:00.000Z,2026-08-15T00:00:00.000Z,1,1
HCP0969,26,0,15,4,0.5769,0.1538,0.2667,2026-08-07T02:47:15.000Z,2026-08-07T02:47:15.000Z,9,9
HCP0989,33,2,5,2,0.1515,0.0606,0.4000,2026-07-19T11:12:42.000Z,2026-06-14T17:29:20.000Z,63,28
HCP0994,27,0,18,6,0.6667,0.2222,0.3333,2026-08-11T15:59:40.000Z,2026-08-11T15:59:40.000Z,5,5
HCP1023,23,4,12,7,0.5217,0.3043,0.5833,2026-08-12T15:08:01.000Z,2026-08-12T15:08:01.000Z,4,4
HCP1046,56,1,29,10,0.5179,0.1786,0.3448,2026-08-11T23:58:35.000Z,2026-07-26T19:44:02.000Z,21,5
HCP1047,36,0,15,6,0.4167,0.1667,0.4000,2026-08-11T13:35:34.000Z,2026-08-11T13:35:34.000Z,5,5
HCP1059,46,0,25,8,0.5435,0.1739,0.3200,2026-08-03T16:01:13.000Z,2026-08-03T16:01:13.000Z,13,13
HCP1074,48,1,22,9,0.4583,0.1875,0.4091,2026-08-15T00:00:00.000Z,2026-08-15T00:00:00.000Z,1,1
HCP1078,43,0,26,12,0.6047,0.2791,0.4615,2026-08-07T06:09:20.000Z,2026-08-06T22:04:08.000Z,10,9
HCP1086,45,0,25,5,0.5556,0.1111,0.2000,2026-08-02T15:53:06.000Z,2026-07-23T18:39:43.000Z,24,14
HCP1104,42,0,28,15,0.6667,0.3571,0.5357,2026-08-04T21:49:10.000Z,2026-08-04T21:49:10.000Z,12,12
HCP1125,51,1,28,9,0.5490,0.1765,0.3214,2026-08-15T00:00:00.000Z,2026-08-15T00:00:00.000Z,1,1
HCP1177,32,3,9,3,0.2813,0.0938,0.3333,2026-08-02T23:46:31.000Z,2026-07-02T15:32:44.000Z,45,14
HCP1208,28,2,12,7,0.4286,0.2500,0.5833,2026-08-04T12:13:56.000Z,2026-08-04T12:13:56.000Z,12,12
HCP1213,40,2,9,3,0.2250,0.0750,0.3333,2026-08-14T23:00:17.000Z,2026-07-24T09:56:21.000Z,23,2
HCP1227,36,2,13,4,0.3611,0.1111,0.3077,2026-07-22T15:18:24.000Z,2026-07-05T16:33:01.000Z,42,25
HCP1262,33,1,22,12,0.6667,0.3636,0.5455,2026-08-11T04:56:52.000Z,2026-08-11T04:56:52.000Z,5,5
HCP1265,46,1,23,9,0.5000,0.1957,0.3913,2026-08-14T04:31:17.000Z,2026-07-26T11:12:57.000Z,21,2
HCP1268,34,0,24,16,0.7059,0.4706,0.6667,2026-08-09T15:22:04.000Z,2026-08-09T15:22:04.000Z,7,7
HCP1307,30,0,7,1,0.2333,0.0333,0.1429,2026-08-01T22:02:00.000Z,2026-06-26T07:37:32.000Z,51,15
HCP1311,27,1,8,3,0.2963,0.1111,0.3750,2026-07-30T21:13:11.000Z,2026-07-06T06:16:56.000Z,41,17
HCP1320,49,0,25,15,0.5102,0.3061,0.6000,2026-08-02T06:34:35.000Z,2026-08-02T06:34:35.000Z,14,14
HCP1328,28,0,21,11,0.7500,0.3929,0.5238,2026-08-13T20:25:15.000Z,2026-08-13T20:25:15.000Z,3,3
HCP1346,24,1,11,4,0.4583,0.1667,0.3636,2026-08-06T22:45:04.000Z,2026-08-06T22:45:04.000Z,10,10
HCP1372,58,0,28,10,0.4828,0.1724,0.3571,2026-08-08T09:53:09.000Z,2026-07-30T06:00:15.000Z,17,8
HCP1411,46,1,19,6,0.4130,0.1304,0.3158,2026-08-13T03:31:03.000Z,2026-08-13T03:31:03.000Z,3,3
HCP1434,43,2,22,8,0.5116,0.1860,0.3636,2026-08-05T11:39:06.000Z,2026-07-17T13:15:24.000Z,30,11
HCP1441,47,1,27,12,0.5745,0.2553,0.4444,2026-08-14T17:24:54.000Z,2026-08-14T17:24:54.000Z,2,2
HCP1443,55,2,40,21,0.7273,0.3818,0.5250,2026-08-06T15:55:06.000Z,2026-08-06T15:55:06.000Z,10,10
HCP1463,47,0,15,4,0.3191,0.0851,0.2667,2026-08-13T05:49:49.000Z,2026-08-13T05:49:49.000Z,3,3
HCP1474,51,2,36,16,0.7059,0.3137,0.4444,2026-08-09T06:27:06.000Z,2026-08-09T06:27:06.000Z,7,7
HCP1497,26,0,16,7,0.6154,0.2692,0.4375,2026-08-15T00:00:00.000Z,2026-08-15T00:00:00.000Z,1,1
HCP1533,50,1,31,17,0.6200,0.3400,0.5484,2026-08-15T00:00:00.000Z,2026-08-15T00:00:00.000Z,1,1
HCP1558,46,3,22,8,0.4783,0.1739,0.3636,2026-08-11T21:22:31.000Z,2026-08-11T21:22:31.000Z,5,5
HCP1600,28,0,19,13,0.6786,0.4643,0.6842,2026-08-15T00:00:00.000Z,2026-08-15T00:00:00.000Z,1,1
HCP1613,30,0,12,3,0.4000,0.1000,0.2500,2026-07-31T04:49:39.000Z,2026-07-31T04:49:39.000Z,16,16
HCP1628,33,0,16,8,0.4848,0.2424,0.5000,2026-08-14T15:30:05.000Z,2026-08-14T15:30:05.000Z,2,2
HCP1658,53,1,33,16,0.6226,0.3019,0.4848,2026-08-15T00:00:00.000Z,2026-08-15T00:00:00.000Z,1,1
HCP1695,47,2,12,1,0.2553,0.0213,0.0833,2026-08-11T23:27:16.000Z,2026-07-22T02:51:18.000Z,25,5
HCP1720,56,2,38,24,0.6786,0.4286,0.6316,2026-08-15T00:00:00.000Z,2026-08-15T00:00:00.000Z,1,1
HCP1736,37,3,17,7,0.4595,0.1892,0.4118,2026-08-01T19:20:35.000Z,2026-07-28T15:20:43.000Z,19,15
HCP1748,25,1,11,3,0.4400,0.1200,0.2727,2026-08-08T05:24:19.000Z,2026-08-08T05:24:19.000Z,8,8
HCP1762,35,1,26,17,0.7429,0.4857,0.6538,2026-08-14T08:39:33.000Z,2026-08-14T08:39:33.000Z,2,2
HCP1819,42,4,16,8,0.3810,0.1905,0.5000,2026-08-15T00:00:00.000Z,2026-08-15T00:00:00.000Z,1,1
HCP1852,48,0,28,16,0.5833,0.3333,0.5714,2026-08-14T21:34:11.000Z,2026-08-14T21:34:11.000Z,2,2
HCP1872,37,2,21,9,0.5676,0.2432,0.4286,2026-08-15T00:00:00.000Z,2026-08-15T00:00:00.000Z,1,1
HCP1875,36,1,10,2,0.2778,0.0556,0.2000,2026-07-15T16:33:16.000Z,2026-07-08T15:23:23.000Z,39,32
HCP1895,34,1,23,7,0.6765,0.2059,0.3043,2026-08-11T03:27:37.000Z,2026-07-22T05:33:37.000Z,25,5
HCP1896,35,2,22,8,0.6286,0.2286,0.3636,2026-08-11T09:14:41.000Z,2026-07-28T11:35:35.000Z,19,5
HCP1964,46,0,31,16,0.6739,0.3478,0.5161,2026-08-12T10:14:41.000Z,2026-08-12T10:14:41.000Z,4,4
HCP1980,52,1,26,8,0.5000,0.1538,0.3077,2026-08-15T00:00:00.000Z,2026-08-15T00:00:00.000Z,1,1
HCP0005,36,1,21,6,0.5833,0.1667,0.2857,2026-08-13T00:23:01.000Z,2026-08-13T00:23:01.000Z,3,3
HCP0014,43,0,23,8,0.5349,0.1860,0.3478,2026-08-14T15:03:11.000Z,2026-08-07T01:43:43.000Z,9,2
HCP0025,35,0,24,16,0.6857,0.4571,0.6667,2026-08-15T00:00:00.000Z,2026-08-15T00:00:00.000Z,1,1
HCP0029,50,2,22,12,0.4400,0.2400,0.5455,2026-08-14T23:47:25.000Z,2026-08-07T09:12:20.000Z,9,2
HCP0040,46,1,33,20,0.7174,0.4348,0.6061,2026-08-13T20:47:50.000Z,2026-08-13T20:47:50.000Z,3,3
HCP0044,52,3,15,1,0.2885,0.0192,0.0667,2026-08-13T21:00:26.000Z,2026-08-13T21:00:26.000Z,3,3
HCP0078,57,2,38,18,0.6667,0.3158,0.4737,2026-08-13T19:22:48.000Z,2026-08-13T19:22:48.000Z,3,3
HCP0082,55,2,24,8,0.4364,0.1455,0.3333,2026-08-09T17:02:06.000Z,2026-08-09T17:02:06.000Z,7,7
HCP0084,27,0,18,6,0.6667,0.2222,0.3333,2026-07-31T21:20:30.000Z,2026-07-22T01:29:00.000Z,25,16
HCP0122,41,2,14,4,0.3415,0.0976,0.2857,2026-08-13T01:47:49.000Z,2026-07-20T03:25:48.000Z,27,3
HCP0154,28,4,19,8,0.6786,0.2857,0.4211,2026-08-12T10:46:21.000Z,2026-07-10T04:27:06.000Z,37,4
HCP0167,31,1,19,10,0.6129,0.3226,0.5263,2026-08-10T08:38:14.000Z,2026-08-10T08:38:14.000Z,6,6
HCP0207,50,0,20,13,0.4000,0.2600,0.6500,2026-08-15T00:00:00.000Z,2026-08-15T00:00:00.000Z,1,1
HCP0211,32,1,19,13,0.5938,0.4063,0.6842,2026-08-14T14:17:28.000Z,2026-08-08T04:33:25.000Z,8,2
HCP0246,23,2,8,2,0.3478,0.0870,0.2500,2026-08-14T13:58:49.000Z,2026-08-03T18:47:43.000Z,13,2
HCP0257,30,2,16,8,0.5333,0.2667,0.5000,2026-08-07T21:51:25.000Z,2026-07-26T10:53:03.000Z,21,9
HCP0298,50,1,37,18,0.7400,0.3600,0.4865,2026-08-14T21:17:28.000Z,2026-08-09T02:51:33.000Z,7,2
HCP0326,37,0,19,13,0.5135,0.3514,0.6842,2026-08-14T02:48:12.000Z,2026-08-09T22:02:27.000Z,7,2
HCP0330,26,0,14,3,0.5385,0.1154,0.2143,2026-08-09T04:24:52.000Z,2026-07-26T01:02:30.000Z,21,7
HCP0338,43,0,29,14,0.6744,0.3256,0.4828,2026-08-13T14:55:17.000Z,2026-08-06T21:44:52.000Z,10,3
HCP0364,34,2,22,8,0.6471,0.2353,0.3636,2026-08-02T18:52:58.000Z,2026-07-22T04:30:49.000Z,25,14
HCP0370,53,1,11,4,0.2075,0.0755,0.3636,2026-08-13T09:25:44.000Z,2026-07-29T15:44:47.000Z,18,3
HCP0374,30,1,15,6,0.5000,0.2000,0.4000,2026-08-13T17:56:50.000Z,2026-08-12T21:53:52.000Z,4,3
HCP0388,56,2,30,12,0.5357,0.2143,0.4000,2026-08-14T09:54:22.000Z,2026-08-14T09:54:22.000Z,2,2
HCP0389,50,2,26,7,0.5200,0.1400,0.2692,2026-08-08T18:33:29.000Z,2026-08-08T18:33:29.000Z,8,8
HCP0404,50,0,35,17,0.7000,0.3400,0.4857,2026-08-09T16:34:19.000Z,2026-07-29T17:29:42.000Z,18,7
HCP0427,37,0,25,13,0.6757,0.3514,0.5200,2026-08-12T17:19:18.000Z,2026-08-12T17:19:18.000Z,4,4
HCP0445,48,1,34,19,0.7083,0.3958,0.5588,2026-08-09T02:30:06.000Z,2026-08-09T02:30:06.000Z,7,7
HCP0450,27,1,23,16,0.8519,0.5926,0.6957,2026-08-13T05:13:05.000Z,2026-08-13T05:13:05.000Z,3,3
HCP0453,53,1,23,4,0.4340,0.0755,0.1739,2026-08-10T20:56:23.000Z,2026-08-10T20:56:23.000Z,6,6
HCP0461,26,3,8,1,0.3077,0.0385,0.1250,2026-08-15T00:00:00.000Z,2026-08-15T00:00:00.000Z,1,1
HCP0472,37,0,17,6,0.4595,0.1622,0.3529,2026-08-01T08:04:30.000Z,2026-07-29T23:23:11.000Z,18,15
HCP0532,46,1,36,21,0.7826,0.4565,0.5833,2026-07-27T11:32:13.000Z,2026-07-27T10:05:04.000Z,20,20
HCP0580,49,3,41,27,0.8367,0.5510,0.6585,2026-08-10T02:55:25.000Z,2026-08-10T02:55:25.000Z,6,6
HCP0595,36,0,27,14,0.7500,0.3889,0.5185,2026-08-02T19:49:22.000Z,2026-08-02T19:49:22.000Z,14,14
HCP0641,53,3,25,6,0.4717,0.1132,0.2400,2026-08-05T00:00:03.000Z,2026-08-02T04:39:39.000Z,14,11
HCP0647,32,0,15,4,0.4688,0.1250,0.2667,2026-07-29T09:38:15.000Z,2026-07-29T09:38:15.000Z,18,18
HCP0670,47,4,24,6,0.5106,0.1277,0.2500,2026-07-27T13:09:53.000Z,2026-07-07T11:03:38.000Z,40,20
HCP0687,57,1,30,11,0.5263,0.1930,0.3667,2026-08-15T00:00:00.000Z,2026-08-15T00:00:00.000Z,1,1
HCP0726,52,0,27,12,0.5192,0.2308,0.4444,2026-08-14T07:22:20.000Z,2026-08-14T07:22:20.000Z,2,2
HCP0732,34,1,20,2,0.5882,0.0588,0.1000,2026-08-11T17:17:22.000Z,2026-08-11T17:17:22.000Z,5,5
HCP0736,47,1,19,4,0.4043,0.0851,0.2105,2026-08-05T23:38:28.000Z,2026-07-24T07:37:09.000Z,23,11
HCP0737,44,1,27,15,0.6136,0.3409,0.5556,2026-08-10T19:29:14.000Z,2026-08-06T23:19:31.000Z,10,6
HCP0748,47,2,27,12,0.5745,0.2553,0.4444,2026-08-13T21:25:25.000Z,2026-08-13T21:25:25.000Z,3,3
HCP0774,54,3,26,9,0.4815,0.1667,0.3462,2026-08-13T07:08:25.000Z,2026-08-13T07:08:25.000Z,3,3
HCP0781,41,2,24,11,0.5854,0.2683,0.4583,2026-08-10T01:19:59.000Z,2026-07-29T07:47:51.000Z,18,6
HCP0799,36,0,18,6,0.5000,0.1667,0.3333,2026-08-13T17:15:12.000Z,2026-07-30T00:35:37.000Z,17,3
HCP0813,53,2,28,8,0.5283,0.1509,0.2857,2026-08-11T22:32:05.000Z,2026-08-11T22:32:05.000Z,5,5
HCP0867,50,0,25,11,0.5000,0.2200,0.4400,2026-08-10T21:48:16.000Z,2026-07-28T02:12:45.000Z,19,6
HCP0882,28,2,16,2,0.5714,0.0714,0.1250,2026-08-15T00:00:00.000Z,2026-08-15T00:00:00.000Z,1,1
HCP0895,39,1,19,4,0.4872,0.1026,0.2105,2026-08-14T03:45:45.000Z,2026-08-05T04:35:27.000Z,11,2
HCP0931,41,2,21,6,0.5122,0.1463,0.2857,2026-08-12T00:53:19.000Z,2026-08-02T22:20:24.000Z,14,4
HCP0986,41,2,18,6,0.4390,0.1463,0.3333,2026-08-11T01:07:14.000Z,2026-06-28T23:24:00.000Z,49,5
HCP1004,42,1,25,9,0.5952,0.2143,0.3600,2026-08-13T09:49:07.000Z,2026-08-12T12:39:52.000Z,4,3
HCP1005,26,1,16,5,0.6154,0.1923,0.3125,2026-08-14T03:49:27.000Z,2026-08-14T03:49:27.000Z,2,2
HCP1013,33,0,24,10,0.7273,0.3030,0.4167,2026-07-29T13:03:10.000Z,2026-07-29T13:03:10.000Z,18,18
HCP1039,58,1,26,7,0.4483,0.1207,0.2692,2026-08-10T02:48:41.000Z,2026-08-10T02:48:41.000Z,6,6
HCP1124,48,0,28,15,0.5833,0.3125,0.5357,2026-08-15T00:00:00.000Z,2026-08-15T00:00:00.000Z,1,1
HCP1132,28,0,22,8,0.7857,0.2857,0.3636,2026-08-14T01:38:30.000Z,2026-08-14T01:38:30.000Z,2,2
HCP1136,37,1,29,13,0.7838,0.3514,0.4483,2026-08-11T22:24:50.000Z,2026-08-11T22:24:50.000Z,5,5
HCP1152,53,0,32,10,0.6038,0.1887,0.3125,2026-08-08T00:53:54.000Z,2026-08-08T00:53:54.000Z,8,8
HCP1159,25,1,16,9,0.6400,0.3600,0.5625,2026-08-08T10:12:27.000Z,2026-08-08T10:12:27.000Z,8,8
HCP1169,44,1,32,20,0.7273,0.4545,0.6250,2026-08-07T00:11:55.000Z,2026-08-07T00:11:55.000Z,9,9
HCP1176,51,2,26,11,0.5098,0.2157,0.4231,2026-08-14T05:29:58.000Z,2026-08-14T05:29:58.000Z,2,2
HCP1186,26,1,17,6,0.6538,0.2308,0.3529,2026-08-09T20:59:07.000Z,2026-08-09T20:59:07.000Z,7,7
HCP1194,44,1,27,13,0.6136,0.2955,0.4815,2026-08-12T00:05:41.000Z,2026-08-01T00:33:03.000Z,15,4
HCP1202,32,1,19,11,0.5938,0.3438,0.5789,2026-08-08T00:49:38.000Z,2026-08-08T00:49:38.000Z,8,8
HCP1209,49,0,23,5,0.4694,0.1020,0.2174,2026-08-14T07:32:30.000Z,2026-08-14T07:32:30.000Z,2,2
HCP1216,52,3,36,16,0.6923,0.3077,0.4444,2026-08-15T00:00:00.000Z,2026-08-15T00:00:00.000Z,1,1
HCP1219,31,0,16,8,0.5161,0.2581,0.5000,2026-08-14T15:52:09.000Z,2026-07-13T05:43:13.000Z,34,2
HCP1222,28,3,22,13,0.7857,0.4643,0.5909,2026-08-09T02:18:16.000Z,2026-08-09T02:18:16.000Z,7,7
HCP1225,37,0,26,3,0.7027,0.0811,0.1154,2026-08-10T02:37:55.000Z,2026-07-27T19:04:49.000Z,20,6
HCP1234,38,0,26,11,0.6842,0.2895,0.4231,2026-07-29T09:57:20.000Z,2026-07-17T09:58:55.000Z,30,18
HCP1252,35,1,20,11,0.5714,0.3143,0.5500,2026-08-14T02:45:49.000Z,2026-07-27T22:55:44.000Z,20,2
HCP1259,53,1,20,9,0.3774,0.1698,0.4500,2026-08-12T14:32:34.000Z,2026-08-12T14:32:34.000Z,4,4
HCP1261,54,4,22,4,0.4074,0.0741,0.1818,2026-08-14T12:38:09.000Z,2026-08-14T12:38:09.000Z,2,2
HCP1286,28,1,11,5,0.3929,0.1786,0.4545,2026-08-12T20:09:20.000Z,2026-07-23T08:53:32.000Z,24,4
HCP1292,30,0,13,4,0.4333,0.1333,0.3077,2026-08-02T17:45:48.000Z,2026-08-02T17:45:48.000Z,14,14
HCP1308,36,0,23,6,0.6389,0.1667,0.2609,2026-08-14T02:45:42.000Z,2026-08-14T02:45:42.000Z,2,2
HCP1370,47,1,28,12,0.5957,0.2553,0.4286,2026-08-12T19:26:08.000Z,2026-08-12T06:30:06.000Z,4,4
HCP1387,50,2,26,16,0.5200,0.3200,0.6154,2026-08-15T00:00:00.000Z,2026-08-15T00:00:00.000Z,1,1
HCP1400,51,2,24,15,0.4706,0.2941,0.6250,2026-08-13T05:32:03.000Z,2026-08-10T15:21:29.000Z,6,3
HCP1406,30,0,24,16,0.8000,0.5333,0.6667,2026-08-05T15:09:23.000Z,2026-08-05T15:09:23.000Z,11,11
HCP1407,39,3,10,4,0.2564,0.1026,0.4000,2026-08-14T21:49:41.000Z,2026-08-07T04:23:29.000Z,9,2
HCP1439,47,2,21,4,0.4468,0.0851,0.1905,2026-08-12T21:47:31.000Z,2026-08-08T01:19:08.000Z,8,4
HCP1442,54,2,18,4,0.3333,0.0741,0.2222,2026-08-07T23:19:22.000Z,2026-08-06T04:18:39.000Z,10,9
HCP1466,26,1,11,3,0.4231,0.1154,0.2727,2026-08-09T03:43:15.000Z,2026-08-09T03:43:15.000Z,7,7
HCP1478,42,0,24,11,0.5714,0.2619,0.4583,2026-08-15T00:00:00.000Z,2026-08-15T00:00:00.000Z,1,1
HCP1484,51,2,30,10,0.5882,0.1961,0.3333,2026-08-12T10:57:33.000Z,2026-08-12T10:57:33.000Z,4,4
HCP1488,51,1,23,8,0.4510,0.1569,0.3478,2026-08-12T20:17:37.000Z,2026-08-12T20:17:37.000Z,4,4
HCP1494,43,0,18,10,0.4186,0.2326,0.5556,2026-08-12T08:46:51.000Z,2026-08-12T08:46:51.000Z,4,4
HCP1504,27,0,12,2,0.4444,0.0741,0.1667,2026-08-12T19:50:00.000Z,2026-08-12T19:50:00.000Z,4,4
HCP1520,28,1,14,3,0.5000,0.1071,0.2143,2026-07-28T10:41:14.000Z,2026-07-28T10:41:14.000Z,19,19
HCP1535,27,0,17,12,0.6296,0.4444,0.7059,2026-08-11T00:56:39.000Z,2026-07-28T17:34:19.000Z,19,5
HCP1589,47,5,26,13,0.5532,0.2766,0.5000,2026-08-15T00:00:00.000Z,2026-08-15T00:00:00.000Z,1,1
HCP1607,28,0,11,5,0.3929,0.1786,0.4545,2026-08-02T18:37:30.000Z,2026-08-02T18:37:30.000Z,14,14
HCP1619,50,2,26,17,0.5200,0.3400,0.6538,2026-08-02T06:48:13.000Z,2026-07-31T05:01:39.000Z,16,14
HCP1620,29,1,17,7,0.5862,0.2414,0.4118,2026-08-05T15:38:22.000Z,2026-08-05T15:38:22.000Z,11,11
HCP1623,42,1,12,2,0.2857,0.0476,0.1667,2026-08-14T19:24:47.000Z,2026-08-07T00:41:51.000Z,9,2
HCP1639,41,0,19,5,0.4634,0.1220,0.2632,2026-08-07T15:13:40.000Z,2026-08-07T15:13:40.000Z,9,9
HCP1640,57,1,39,21,0.6842,0.3684,0.5385,2026-07-31T22:45:00.000Z,2026-07-31T22:45:00.000Z,16,16
HCP1673,50,2,36,17,0.7200,0.3400,0.4722,2026-08-14T15:22:59.000Z,2026-08-14T15:22:59.000Z,2,2
HCP1676,49,2,18,6,0.3673,0.1224,0.3333,2026-08-14T18:27:47.000Z,2026-08-01T03:53:47.000Z,15,2
HCP1709,51,2,29,13,0.5686,0.2549,0.4483,2026-08-08T23:04:50.000Z,2026-08-08T23:04:50.000Z,8,8
HCP1716,48,0,25,9,0.5208,0.1875,0.3600,2026-08-15T00:00:00.000Z,2026-08-15T00:00:00.000Z,1,1
HCP1726,46,1,17,10,0.3696,0.2174,0.5882,2026-08-14T16:29:23.000Z,2026-08-14T16:29:23.000Z,2,2
HCP1735,48,1,23,9,0.4792,0.1875,0.3913,2026-08-09T14:23:11.000Z,2026-08-01T17:44:17.000Z,15,7
HCP1737,31,2,18,5,0.5806,0.1613,0.2778,2026-08-07T04:10:52.000Z,2026-08-07T04:10:52.000Z,9,9
HCP1745,55,1,30,11,0.5455,0.2000,0.3667,2026-08-09T20:25:20.000Z,2026-08-05T05:46:49.000Z,11,7
HCP1747,45,3,32,11,0.7111,0.2444,0.3438,2026-08-13T13:49:48.000Z,2026-08-13T13:49:48.000Z,3,3
HCP1754,35,0,10,2,0.2857,0.0571,0.2000,2026-08-08T08:47:36.000Z,2026-07-06T18:01:56.000Z,41,8
HCP1768,56,2,28,13,0.5000,0.2321,0.4643,2026-08-12T22:56:09.000Z,2026-07-30T11:05:50.000Z,17,4
HCP1777,26,0,16,8,0.6154,0.3077,0.5000,2026-08-14T00:07:12.000Z,2026-08-12T01:50:52.000Z,4,2
HCP1797,28,3,11,4,0.3929,0.1429,0.3636,2026-08-14T01:11:57.000Z,2026-07-29T14:31:18.000Z,18,2
HCP1806,56,1,34,12,0.6071,0.2143,0.3529,2026-08-13T10:38:30.000Z,2026-08-11T16:45:19.000Z,5,3
HCP1835,54,1,31,16,0.5741,0.2963,0.5161,2026-08-13T21:09:10.000Z,2026-08-13T21:09:10.000Z,3,3
HCP1840,55,2,34,14,0.6182,0.2545,0.4118,2026-08-03T20:22:59.000Z,2026-08-03T20:22:59.000Z,13,13
HCP1920,53,5,34,15,0.6415,0.2830,0.4412,2026-08-15T00:00:00.000Z,2026-08-15T00:00:00.000Z,1,1
HCP0012,53,1,17,7,0.3208,0.1321,0.4118,2026-08-10T01:58:21.000Z,2026-08-09T17:12:49.000Z,7,6
HCP0015,31,0,22,13,0.7097,0.4194,0.5909,2026-08-15T00:00:00.000Z,2026-08-15T00:00:00.000Z,1,1
HCP0034,29,0,16,5,0.5517,0.1724,0.3125,2026-08-15T00:00:00.000Z,2026-08-15T00:00:00.000Z,1,1
HCP0058,29,0,10,3,0.3448,0.1034,0.3000,2026-08-10T05:43:47.000Z,2026-07-16T23:57:17.000Z,31,6
HCP0062,37,3,25,15,0.6757,0.4054,0.6000,2026-08-09T10:23:02.000Z,2026-08-09T10:23:02.000Z,7,7
HCP0085,38,1,24,11,0.6316,0.2895,0.4583,2026-08-12T19:40:51.000Z,2026-08-05T01:01:18.000Z,11,4
HCP0088,52,2,30,12,0.5769,0.2308,0.4000,2026-08-07T17:52:27.000Z,2026-08-04T05:22:26.000Z,12,9
HCP0103,36,0,11,2,0.3056,0.0556,0.1818,2026-08-11T07:28:19.000Z,2026-08-11T07:28:19.000Z,5,5
HCP0128,54,5,23,9,0.4259,0.1667,0.3913,2026-08-14T23:24:10.000Z,2026-08-14T23:24:10.000Z,2,2
HCP0142,29,3,15,6,0.5172,0.2069,0.4000,2026-08-11T00:59:57.000Z,2026-08-05T21:02:42.000Z,11,5
HCP0159,22,3,16,10,0.7273,0.4545,0.6250,2026-08-13T05:26:40.000Z,2026-08-13T05:26:40.000Z,3,3
HCP0160,36,4,18,7,0.5000,0.1944,0.3889,2026-08-14T23:53:40.000Z,2026-08-10T22:39:10.000Z,6,2
HCP0176,54,1,24,9,0.4444,0.1667,0.3750,2026-08-15T00:00:00.000Z,2026-08-15T00:00:00.000Z,1,1
HCP0190,34,1,22,10,0.6471,0.2941,0.4545,2026-08-08T21:00:13.000Z,2026-08-08T08:45:28.000Z,8,8
HCP0192,54,4,14,3,0.2593,0.0556,0.2143,2026-08-12T07:47:13.000Z,2026-08-12T07:47:13.000Z,4,4
HCP0202,26,0,9,4,0.3462,0.1538,0.4444,2026-08-03T13:29:39.000Z,2026-08-03T13:29:39.000Z,13,13
HCP0285,38,0,23,11,0.6053,0.2895,0.4783,2026-08-10T05:53:19.000Z,2026-08-10T05:53:19.000Z,6,6
HCP0301,41,1,24,9,0.5854,0.2195,0.3750,2026-08-05T20:55:57.000Z,2026-08-05T20:55:57.000Z,11,11
HCP0308,25,0,12,8,0.4800,0.3200,0.6667,2026-08-14T09:54:31.000Z,2026-08-14T09:54:31.000Z,2,2
HCP0322,56,2,31,11,0.5536,0.1964,0.3548,2026-08-13T12:16:25.000Z,2026-07-26T16:07:59.000Z,21,3
HCP0327,54,1,36,19,0.6667,0.3519,0.5278,2026-08-09T11:05:41.000Z,2026-08-09T11:05:41.000Z,7,7
HCP0332,36,2,21,7,0.5833,0.1944,0.3333,2026-08-13T09:36:20.000Z,2026-08-11T16:30:42.000Z,5,3
HCP0337,50,1,36,20,0.7200,0.4000,0.5556,2026-08-12T14:44:43.000Z,2026-08-12T14:44:43.000Z,4,4
HCP0363,31,0,22,14,0.7097,0.4516,0.6364,2026-08-09T15:47:17.000Z,2026-08-09T15:47:17.000Z,7,7
HCP0384,43,0,26,12,0.6047,0.2791,0.4615,2026-08-15T00:00:00.000Z,2026-08-15T00:00:00.000Z,1,1
HCP0385,53,0,15,1,0.2830,0.0189,0.0667,2026-08-13T00:29:42.000Z,2026-08-13T00:29:42.000Z,3,3
HCP0386,34,0,17,10,0.5000,0.2941,0.5882,2026-08-15T00:00:00.000Z,2026-08-15T00:00:00.000Z,1,1
HCP0391,47,1,34,22,0.7234,0.4681,0.6471,2026-08-14T04:59:06.000Z,2026-08-14T04:59:06.000Z,2,2
HCP0396,32,0,18,8,0.5625,0.2500,0.4444,2026-07-30T15:17:04.000Z,2026-07-18T04:09:42.000Z,29,17
HCP0413,43,0,27,14,0.6279,0.3256,0.5185,2026-07-30T03:34:15.000Z,2026-07-30T03:34:15.000Z,17,17
HCP0417,23,2,15,6,0.6522,0.2609,0.4000,2026-08-14T11:49:14.000Z,2026-07-29T03:44:55.000Z,18,2
HCP0492,34,4,23,11,0.6765,0.3235,0.4783,2026-08-13T15:21:36.000Z,2026-08-13T15:21:36.000Z,3,3
HCP0505,32,0,18,6,0.5625,0.1875,0.3333,2026-08-08T18:46:52.000Z,2026-08-08T18:46:52.000Z,8,8
HCP0511,32,0,12,4,0.3750,0.1250,0.3333,2026-08-10T23:00:11.000Z,2026-08-07T22:31:44.000Z,9,6
HCP0535,46,0,38,24,0.8261,0.5217,0.6316,2026-08-11T12:08:16.000Z,2026-08-04T00:55:19.000Z,12,5
HCP0572,48,0,24,7,0.5000,0.1458,0.2917,2026-08-07T01:15:08.000Z,2026-08-07T01:15:08.000Z,9,9
HCP0583,31,1,26,13,0.8387,0.4194,0.5000,2026-07-30T00:01:35.000Z,2026-07-30T00:01:35.000Z,17,17
HCP0599,35,0,19,10,0.5429,0.2857,0.5263,2026-08-09T09:55:03.000Z,2026-08-09T09:55:03.000Z,7,7
HCP0603,53,2,27,13,0.5094,0.2453,0.4815,2026-08-13T07:09:33.000Z,2026-08-10T08:06:51.000Z,6,3
HCP0607,28,0,19,8,0.6786,0.2857,0.4211,2026-08-13T15:56:32.000Z,2026-07-26T05:00:58.000Z,21,3
HCP0614,58,1,30,17,0.5172,0.2931,0.5667,2026-08-15T00:00:00.000Z,2026-08-15T00:00:00.000Z,1,1
HCP0643,38,0,12,4,0.3158,0.1053,0.3333,2026-08-12T04:29:00.000Z,2026-08-12T04:29:00.000Z,4,4
HCP0646,46,1,22,8,0.4783,0.1739,0.3636,2026-07-31T22:55:59.000Z,2026-07-31T22:55:59.000Z,16,16
HCP0684,39,1,16,6,0.4103,0.1538,0.3750,2026-08-12T16:37:16.000Z,2026-08-11T14:06:04.000Z,5,4
HCP0690,36,1,6,2,0.1667,0.0556,0.3333,2026-07-30T01:09:45.000Z,2026-07-16T03:28:46.000Z,31,17
HCP0716,58,0,24,5,0.4138,0.0862,0.2083,2026-08-15T00:00:00.000Z,2026-08-15T00:00:00.000Z,1,1
HCP0727,24,1,10,2,0.4167,0.0833,0.2000,2026-08-02T08:49:56.000Z,2026-07-06T05:13:48.000Z,41,14
HCP0747,56,1,24,13,0.4286,0.2321,0.5417,2026-08-13T23:31:40.000Z,2026-08-13T23:31:40.000Z,3,3
HCP0786,31,0,10,4,0.3226,0.1290,0.4000,2026-07-22T10:02:13.000Z,2026-07-07T05:18:54.000Z,40,25
HCP0804,37,2,26,15,0.7027,0.4054,0.5769,2026-08-12T11:28:37.000Z,2026-08-12T11:28:37.000Z,4,4
HCP0827,32,1,16,5,0.5000,0.1563,0.3125,2026-08-15T00:00:00.000Z,2026-08-15T00:00:00.000Z,1,1
HCP0842,45,1,29,14,0.6444,0.3111,0.4828,2026-08-14T10:05:09.000Z,2026-08-14T10:05:09.000Z,2,2
HCP0871,42,3,13,3,0.3095,0.0714,0.2308,2026-08-12T19:45:20.000Z,2026-08-04T09:24:56.000Z,12,4
HCP0878,36,2,25,19,0.6944,0.5278,0.7600,2026-08-11T15:42:00.000Z,2026-08-11T15:42:00.000Z,5,5
HCP0883,42,0,27,14,0.6429,0.3333,0.5185,2026-08-12T12:52:31.000Z,2026-08-12T12:52:31.000Z,4,4
HCP0887,39,1,21,11,0.5385,0.2821,0.5238,2026-08-11T16:12:22.000Z,2026-08-11T16:12:22.000Z,5,5
HCP0905,56,3,34,16,0.6071,0.2857,0.4706,2026-08-14T18:05:57.000Z,2026-08-09T08:34:13.000Z,7,2
HCP0908,34,3,14,3,0.4118,0.0882,0.2143,2026-08-11T14:22:03.000Z,2026-08-11T14:22:03.000Z,5,5
HCP0928,55,2,16,5,0.2909,0.0909,0.3125,2026-08-09T04:21:20.000Z,2026-07-24T02:07:47.000Z,23,7
HCP0940,55,3,15,7,0.2727,0.1273,0.4667,2026-08-12T15:11:24.000Z,2026-08-03T19:37:40.000Z,13,4
HCP0958,35,1,17,7,0.4857,0.2000,0.4118,2026-08-14T10:52:28.000Z,2026-08-14T10:52:28.000Z,2,2
HCP0968,49,0,28,14,0.5714,0.2857,0.5000,2026-08-14T22:04:45.000Z,2026-08-14T12:33:03.000Z,2,2
HCP0972,58,1,36,22,0.6207,0.3793,0.6111,2026-08-12T18:36:24.000Z,2026-08-11T23:06:51.000Z,5,4
HCP0976,35,0,24,11,0.6857,0.3143,0.4583,2026-08-13T06:03:56.000Z,2026-08-13T06:03:56.000Z,3,3
HCP1006,44,2,29,15,0.6591,0.3409,0.5172,2026-08-13T16:33:33.000Z,2026-08-13T16:33:33.000Z,3,3
HCP1011,55,2,30,9,0.5455,0.1636,0.3000,2026-08-15T00:00:00.000Z,2026-08-15T00:00:00.000Z,1,1
HCP1017,51,0,29,16,0.5686,0.3137,0.5517,2026-08-13T16:08:26.000Z,2026-08-13T15:55:26.000Z,3,3
HCP1076,24,1,7,4,0.2917,0.1667,0.5714,2026-08-02T00:58:29.000Z,2026-07-21T10:20:14.000Z,26,14
HCP1081,28,1,9,3,0.3214,0.1071,0.3333,2026-08-15T00:00:00.000Z,2026-08-15T00:00:00.000Z,1,1
HCP1109,52,1,38,21,0.7308,0.4038,0.5526,2026-08-15T00:00:00.000Z,2026-08-15T00:00:00.000Z,1,1
HCP1113,50,1,26,12,0.5200,0.2400,0.4615,2026-08-15T00:00:00.000Z,2026-08-15T00:00:00.000Z,1,1
HCP1114,24,1,16,7,0.6667,0.2917,0.4375,2026-08-11T09:41:08.000Z,2026-08-11T09:41:08.000Z,5,5
HCP1141,37,0,31,23,0.8378,0.6216,0.7419,2026-08-12T22:52:37.000Z,2026-08-12T22:52:37.000Z,4,4
HCP1146,51,2,37,18,0.7255,0.3529,0.4865,2026-08-07T20:19:24.000Z,2026-08-07T20:19:24.000Z,9,9
HCP1170,35,0,17,11,0.4857,0.3143,0.6471,2026-08-14T01:49:15.000Z,2026-08-11T11:07:31.000Z,5,2
HCP1179,35,1,17,6,0.4857,0.1714,0.3529,2026-08-05T17:41:34.000Z,2026-07-17T15:30:59.000Z,30,11
HCP1193,23,2,7,2,0.3043,0.0870,0.2857,2026-08-09T05:28:56.000Z,2026-06-18T09:21:39.000Z,59,7
HCP1195,41,3,23,10,0.5610,0.2439,0.4348,2026-08-14T15:21:46.000Z,2026-08-14T15:21:46.000Z,2,2
HCP1198,55,0,20,5,0.3636,0.0909,0.2500,2026-08-14T03:17:53.000Z,2026-08-06T01:36:14.000Z,10,2
HCP1210,42,0,23,9,0.5476,0.2143,0.3913,2026-08-03T21:24:20.000Z,2026-08-03T09:00:59.000Z,13,13
HCP1215,30,0,23,10,0.7667,0.3333,0.4348,2026-07-30T23:30:53.000Z,2026-07-30T23:30:53.000Z,17,17
HCP1217,46,2,19,3,0.4130,0.0652,0.1579,2026-08-14T10:59:13.000Z,2026-08-14T10:59:13.000Z,2,2
HCP1218,48,0,29,14,0.6042,0.2917,0.4828,2026-08-14T10:36:59.000Z,2026-08-14T10:36:59.000Z,2,2
HCP1220,57,0,43,15,0.7544,0.2632,0.3488,2026-08-07T02:41:52.000Z,2026-08-07T02:41:52.000Z,9,9
HCP1251,28,1,13,7,0.4643,0.2500,0.5385,2026-08-12T09:30:33.000Z,2026-08-10T08:21:28.000Z,6,4
HCP1267,25,1,9,5,0.3600,0.2000,0.5556,2026-08-10T09:51:58.000Z,2026-08-10T09:51:58.000Z,6,6
HCP1316,45,1,25,16,0.5556,0.3556,0.6400,2026-08-15T00:00:00.000Z,2026-08-15T00:00:00.000Z,1,1
HCP1350,45,3,19,4,0.4222,0.0889,0.2105,2026-08-14T03:40:41.000Z,2026-08-06T15:09:23.000Z,10,2
HCP1373,36,1,15,6,0.4167,0.1667,0.4000,2026-08-10T19:14:08.000Z,2026-08-10T19:14:08.000Z,6,6
HCP1408,50,1,30,13,0.6000,0.2600,0.4333,2026-08-09T01:56:37.000Z,2026-08-09T01:56:37.000Z,7,7
HCP1423,36,1,19,9,0.5278,0.2500,0.4737,2026-08-09T17:28:51.000Z,2026-08-09T17:28:51.000Z,7,7
HCP1440,41,2,18,6,0.4390,0.1463,0.3333,2026-08-15T00:00:00.000Z,2026-08-15T00:00:00.000Z,1,1
HCP1455,43,3,22,7,0.5116,0.1628,0.3182,2026-08-14T09:00:30.000Z,2026-08-14T09:00:30.000Z,2,2
HCP1513,30,0,11,4,0.3667,0.1333,0.3636,2026-08-11T11:08:12.000Z,2026-08-11T11:08:12.000Z,5,5
HCP1516,31,0,15,0,0.4839,0.0000,0.0000,2026-08-09T21:19:14.000Z,2026-07-27T05:58:47.000Z,20,7
HCP1528,55,1,25,7,0.4545,0.1273,0.2800,2026-08-12T18:03:51.000Z,2026-08-12T03:21:34.000Z,4,4
HCP1542,27,1,14,8,0.5185,0.2963,0.5714,2026-08-04T23:09:07.000Z,2026-08-04T23:09:07.000Z,12,12
HCP1561,40,1,17,5,0.4250,0.1250,0.2941,2026-08-15T00:00:00.000Z,2026-08-15T00:00:00.000Z,1,1
HCP1563,43,1,24,9,0.5581,0.2093,0.3750,2026-08-12T12:00:29.000Z,2026-08-11T14:49:28.000Z,5,4
HCP1582,55,4,36,15,0.6545,0.2727,0.4167,2026-08-15T00:00:00.000Z,2026-08-15T00:00:00.000Z,1,1
HCP1594,54,0,35,11,0.6481,0.2037,0.3143,2026-08-15T00:00:00.000Z,2026-08-15T00:00:00.000Z,1,1
HCP1626,31,1,19,7,0.6129,0.2258,0.3684,2026-07-28T14:50:27.000Z,2026-07-28T14:50:27.000Z,19,19
HCP1643,47,0,35,20,0.7447,0.4255,0.5714,2026-08-14T17:47:20.000Z,2026-08-14T17:47:20.000Z,2,2
HCP1648,41,0,15,5,0.3659,0.1220,0.3333,2026-08-15T00:00:00.000Z,2026-08-15T00:00:00.000Z,1,1
HCP1649,49,0,39,22,0.7959,0.4490,0.5641,2026-08-08T02:15:15.000Z,2026-08-08T02:15:15.000Z,8,8
HCP1662,50,2,35,16,0.7000,0.3200,0.4571,2026-08-08T00:41:12.000Z,2026-07-23T19:36:19.000Z,24,8
HCP1708,51,2,25,14,0.4902,0.2745,0.5600,2026-08-10T20:30:24.000Z,2026-08-09T04:17:53.000Z,7,6
HCP1715,54,4,25,6,0.4630,0.1111,0.2400,2026-08-13T18:04:29.000Z,2026-08-01T19:17:13.000Z,15,3
HCP1723,53,2,24,10,0.4528,0.1887,0.4167,2026-08-13T04:05:30.000Z,2026-08-13T04:05:30.000Z,3,3
HCP1741,33,2,17,3,0.5152,0.0909,0.1765,2026-08-14T19:14:46.000Z,2026-08-11T02:06:08.000Z,5,2
HCP1836,30,2,12,6,0.4000,0.2000,0.5000,2026-07-13T05:17:52.000Z,2026-07-13T05:17:52.000Z,34,34
HCP1838,39,0,15,1,0.3846,0.0256,0.0667,2026-08-15T00:00:00.000Z,2026-08-15T00:00:00.000Z,1,1
HCP1842,38,0,23,8,0.6053,0.2105,0.3478,2026-08-09T05:14:27.000Z,2026-08-05T06:22:00.000Z,11,7
HCP1869,30,2,16,6,0.5333,0.2000,0.3750,2026-08-06T13:50:05.000Z,2026-08-06T13:50:05.000Z,10,10
HCP1906,34,0,15,4,0.4412,0.1176,0.2667,2026-08-08T17:04:44.000Z,2026-07-30T14:19:15.000Z,17,8
HCP1918,59,0,21,5,0.3559,0.0847,0.2381,2026-08-10T09:34:26.000Z,2026-08-10T09:34:26.000Z,6,6
HCP1925,32,0,6,2,0.1875,0.0625,0.3333,2026-08-07T20:24:45.000Z,2026-08-07T20:24:45.000Z,9,9
HCP1942,49,1,18,9,0.3673,0.1837,0.5000,2026-08-14T00:18:48.000Z,2026-08-14T00:18:48.000Z,2,2
HCP1968,46,5,20,8,0.4348,0.1739,0.4000,2026-08-08T02:35:43.000Z,2026-07-31T18:45:45.000Z,16,8
HCP1981,31,1,20,11,0.6452,0.3548,0.5500,2026-07-30T14:31:19.000Z,2026-07-21T21:40:46.000Z,26,17
HCP1984,37,1,30,17,0.8108,0.4595,0.5667,2026-08-13T03:37:32.000Z,2026-08-13T03:37:32.000Z,3,3
HCP1988,36,2,23,11,0.6389,0.3056,0.4783,2026-08-10T15:52:01.000Z,2026-08-10T15:52:01.000Z,6,6
HCP1994,54,1,37,23,0.6852,0.4259,0.6216,2026-08-15T00:00:00.000Z,2026-08-15T00:00:00.000Z,1,1
HCP1998,35,0,19,5,0.5429,0.1429,0.2632,2026-08-13T04:03:24.000Z,2026-08-06T02:00:18.000Z,10,3
HCP0032,53,1,29,9,0.5472,0.1698,0.3103,2026-08-15T00:00:00.000Z,2026-08-15T00:00:00.000Z,1,1
HCP0035,46,0,28,12,0.6087,0.2609,0.4286,2026-08-11T05:17:47.000Z,2026-08-10T09:56:01.000Z,6,5
HCP0039,32,0,13,3,0.4063,0.0938,0.2308,2026-08-08T01:20:15.000Z,2026-07-26T05:42:16.000Z,21,8
HCP0049,29,0,11,2,0.3793,0.0690,0.1818,2026-08-13T06:44:22.000Z,2026-07-18T03:37:48.000Z,29,3
HCP0063,39,1,19,9,0.4872,0.2308,0.4737,2026-08-08T22:32:17.000Z,2026-08-08T15:56:36.000Z,8,8
HCP0067,57,2,33,15,0.5789,0.2632,0.4545,2026-08-10T12:15:09.000Z,2026-08-10T12:15:09.000Z,6,6
HCP0080,53,1,26,6,0.4906,0.1132,0.2308,2026-08-14T00:04:34.000Z,2026-08-08T04:21:25.000Z,8,2
HCP0104,51,1,22,5,0.4314,0.0980,0.2273,2026-08-08T10:08:35.000Z,2026-08-02T20:55:03.000Z,14,8
HCP0105,55,1,35,17,0.6364,0.3091,0.4857,2026-07-27T20:40:33.000Z,2026-07-22T18:53:24.000Z,25,20
HCP0116,50,0,33,15,0.6600,0.3000,0.4545,2026-08-10T13:30:32.000Z,2026-08-10T13:30:32.000Z,6,6
HCP0139,38,1,18,5,0.4737,0.1316,0.2778,2026-08-13T10:04:03.000Z,2026-08-13T10:04:03.000Z,3,3
HCP0148,41,2,18,7,0.4390,0.1707,0.3889,2026-08-08T09:02:50.000Z,2026-08-08T09:02:50.000Z,8,8
HCP0195,31,1,18,10,0.5806,0.3226,0.5556,2026-08-04T07:09:36.000Z,2026-08-04T07:09:36.000Z,12,12
HCP0219,33,3,25,16,0.7576,0.4848,0.6400,2026-08-15T00:00:00.000Z,2026-08-15T00:00:00.000Z,1,1
HCP0248,26,1,14,4,0.5385,0.1538,0.2857,2026-07-30T17:25:05.000Z,2026-07-30T17:25:05.000Z,17,17
HCP0254,57,1,28,13,0.4912,0.2281,0.4643,2026-08-09T17:42:12.000Z,2026-08-05T18:08:54.000Z,11,7
HCP0292,45,1,29,15,0.6444,0.3333,0.5172,2026-08-14T02:02:50.000Z,2026-08-13T07:25:07.000Z,3,2
HCP0300,39,0,33,17,0.8462,0.4359,0.5152,2026-08-13T11:07:32.000Z,2026-08-13T11:07:32.000Z,3,3
HCP0305,39,0,28,17,0.7179,0.4359,0.6071,2026-08-12T07:43:33.000Z,2026-08-01T12:04:32.000Z,15,4
HCP0319,42,0,26,9,0.6190,0.2143,0.3462,2026-08-11T05:51:31.000Z,2026-07-31T22:16:08.000Z,16,5
HCP0320,33,4,23,12,0.6970,0.3636,0.5217,2026-08-14T05:18:10.000Z,2026-08-04T15:08:11.000Z,12,2
HCP0325,53,3,23,6,0.4340,0.1132,0.2609,2026-08-12T20:22:27.000Z,2026-08-12T20:22:27.000Z,4,4
HCP0376,54,2,32,21,0.5926,0.3889,0.6563,2026-08-12T01:44:14.000Z,2026-08-01T23:38:22.000Z,15,4
HCP0383,26,2,13,5,0.5000,0.1923,0.3846,2026-08-06T04:49:15.000Z,2026-07-17T09:53:24.000Z,30,10
HCP0390,26,0,14,5,0.5385,0.1923,0.3571,2026-08-03T16:40:42.000Z,2026-07-19T22:40:56.000Z,28,13
HCP0397,52,0,27,7,0.5192,0.1346,0.2593,2026-08-14T19:03:51.000Z,2026-08-14T19:03:51.000Z,2,2
HCP0400,44,2,23,7,0.5227,0.1591,0.3043,2026-08-14T07:19:21.000Z,2026-08-09T02:28:22.000Z,7,2
HCP0406,39,2,29,8,0.7436,0.2051,0.2759,2026-08-14T12:02:57.000Z,2026-08-14T12:02:57.000Z,2,2
HCP0408,28,1,20,14,0.7143,0.5000,0.7000,2026-08-15T00:00:00.000Z,2026-08-15T00:00:00.000Z,1,1
HCP0416,38,1,12,3,0.3158,0.0789,0.2500,2026-08-04T09:30:47.000Z,2026-07-09T02:35:37.000Z,38,12
HCP0433,41,1,21,6,0.5122,0.1463,0.2857,2026-08-12T20:41:34.000Z,2026-08-12T20:41:34.000Z,4,4
HCP0456,59,0,20,10,0.3390,0.1695,0.5000,2026-08-13T03:10:33.000Z,2026-08-02T15:41:43.000Z,14,3
HCP0495,50,2,21,11,0.4200,0.2200,0.5238,2026-08-13T23:24:37.000Z,2026-08-13T23:24:37.000Z,3,3
HCP0500,32,1,24,15,0.7500,0.4688,0.6250,2026-08-06T00:51:46.000Z,2026-08-06T00:51:46.000Z,10,10
HCP0512,34,0,14,7,0.4118,0.2059,0.5000,2026-08-07T09:21:15.000Z,2026-08-07T09:21:15.000Z,9,9
HCP0560,31,2,13,3,0.4194,0.0968,0.2308,2026-08-11T14:44:54.000Z,2026-08-11T14:44:54.000Z,5,5
HCP0573,54,1,33,16,0.6111,0.2963,0.4848,2026-08-11T07:00:44.000Z,2026-08-11T07:00:44.000Z,5,5
HCP0601,38,0,27,16,0.7105,0.4211,0.5926,2026-08-08T16:53:05.000Z,2026-08-08T16:53:05.000Z,8,8
HCP0616,34,1,19,7,0.5588,0.2059,0.3684,2026-08-15T00:00:00.000Z,2026-08-15T00:00:00.000Z,1,1
HCP0621,34,1,10,1,0.2941,0.0294,0.1000,2026-08-11T08:52:10.000Z,2026-08-11T08:52:10.000Z,5,5
HCP0649,33,0,13,1,0.3939,0.0303,0.0769,2026-08-04T08:49:14.000Z,2026-07-25T04:54:31.000Z,22,12
HCP0688,45,0,23,11,0.5111,0.2444,0.4783,2026-08-14T16:07:29.000Z,2026-08-02T18:37:14.000Z,14,2
HCP0699,24,1,9,4,0.3750,0.1667,0.4444,2026-08-10T06:40:25.000Z,2026-07-08T18:43:50.000Z,39,6
HCP0729,28,1,14,4,0.5000,0.1429,0.2857,2026-08-08T10:58:29.000Z,2026-08-08T10:58:29.000Z,8,8
HCP0762,39,0,16,5,0.4103,0.1282,0.3125,2026-07-30T12:48:32.000Z,2026-07-30T12:48:32.000Z,17,17
HCP0807,27,0,12,3,0.4444,0.1111,0.2500,2026-07-01T19:12:17.000Z,2026-06-10T16:36:27.000Z,67,46
HCP0815,24,1,22,15,0.9167,0.6250,0.6818,2026-08-15T00:00:00.000Z,2026-08-15T00:00:00.000Z,1,1
HCP0832,44,2,20,6,0.4545,0.1364,0.3000,2026-08-01T21:49:23.000Z,2026-07-01T20:27:35.000Z,46,15
HCP0856,34,2,16,4,0.4706,0.1176,0.2500,2026-08-06T12:56:19.000Z,2026-08-06T12:56:19.000Z,10,10
HCP0863,42,1,24,10,0.5714,0.2381,0.4167,2026-08-12T15:52:04.000Z,2026-08-12T15:52:04.000Z,4,4
HCP0866,45,1,32,19,0.7111,0.4222,0.5938,2026-08-14T19:47:42.000Z,2026-08-14T19:47:42.000Z,2,2
HCP0868,36,1,22,4,0.6111,0.1111,0.1818,2026-08-11T05:44:31.000Z,2026-08-11T05:44:31.000Z,5,5
HCP0877,48,3,29,13,0.6042,0.2708,0.4483,2026-08-10T17:21:35.000Z,2026-08-10T17:21:35.000Z,6,6
HCP0893,27,1,24,12,0.8889,0.4444,0.5000,2026-08-09T12:51:24.000Z,2026-08-09T12:51:24.000Z,7,7
HCP0910,36,4,24,16,0.6667,0.4444,0.6667,2026-08-11T09:04:05.000Z,2026-08-11T09:04:05.000Z,5,5
HCP0919,59,0,31,14,0.5254,0.2373,0.4516,2026-08-08T12:18:20.000Z,2026-08-02T17:03:25.000Z,14,8
HCP0948,40,2,30,15,0.7500,0.3750,0.5000,2026-08-08T05:58:34.000Z,2026-08-08T05:58:34.000Z,8,8
HCP0967,29,0,17,10,0.5862,0.3448,0.5882,2026-08-04T22:53:35.000Z,2026-08-04T22:53:35.000Z,12,12
HCP0977,45,1,17,1,0.3778,0.0222,0.0588,2026-08-14T02:44:34.000Z,2026-08-14T02:44:34.000Z,2,2
HCP0999,31,0,19,13,0.6129,0.4194,0.6842,2026-08-15T00:00:00.000Z,2026-08-15T00:00:00.000Z,1,1
HCP1026,35,1,16,4,0.4571,0.1143,0.2500,2026-08-14T03:01:13.000Z,2026-07-15T12:41:06.000Z,32,2
HCP1032,40,1,32,15,0.8000,0.3750,0.4688,2026-08-09T06:27:38.000Z,2026-08-09T06:27:38.000Z,7,7
HCP1044,40,2,26,10,0.6500,0.2500,0.3846,2026-08-12T16:56:08.000Z,2026-08-08T12:40:58.000Z,8,4
HCP1049,45,2,30,17,0.6667,0.3778,0.5667,2026-08-14T20:26:23.000Z,2026-08-12T13:36:31.000Z,4,2
HCP1092,37,1,13,4,0.3514,0.1081,0.3077,2026-08-13T12:36:58.000Z,2026-08-13T12:36:58.000Z,3,3
HCP1099,45,1,29,13,0.6444,0.2889,0.4483,2026-08-14T22:53:33.000Z,2026-08-12T20:09:29.000Z,4,2
HCP1116,38,1,19,7,0.5000,0.1842,0.3684,2026-08-14T11:23:04.000Z,2026-08-11T02:48:41.000Z,5,2
HCP1118,51,2,33,18,0.6471,0.3529,0.5455,2026-08-13T19:02:43.000Z,2026-08-13T19:02:43.000Z,3,3
HCP1123,43,2,37,21,0.8605,0.4884,0.5676,2026-07-17T18:07:06.000Z,2026-07-17T18:07:06.000Z,30,30
HCP1128,51,2,26,7,0.5098,0.1373,0.2692,2026-08-10T00:21:33.000Z,2026-07-12T10:52:28.000Z,35,6
HCP1129,56,1,33,12,0.5893,0.2143,0.3636,2026-08-07T03:56:29.000Z,2026-08-06T04:00:19.000Z,10,9
HCP1147,37,0,23,9,0.6216,0.2432,0.3913,2026-08-15T00:00:00.000Z,2026-08-15T00:00:00.000Z,1,1
HCP1150,52,4,28,14,0.5385,0.2692,0.5000,2026-08-08T20:39:15.000Z,2026-08-06T03:37:10.000Z,10,8
HCP1157,54,1,34,18,0.6296,0.3333,0.5294,2026-08-15T00:00:00.000Z,2026-08-15T00:00:00.000Z,1,1
HCP1165,25,0,10,2,0.4000,0.0800,0.2000,2026-08-10T05:02:03.000Z,2026-08-10T05:02:03.000Z,6,6
HCP1168,26,0,15,5,0.5769,0.1923,0.3333,2026-08-15T00:00:00.000Z,2026-08-15T00:00:00.000Z,1,1
HCP1182,44,1,18,7,0.4091,0.1591,0.3889,2026-08-05T15:19:44.000Z,2026-07-31T23:19:34.000Z,16,11
HCP1204,49,0,25,8,0.5102,0.1633,0.3200,2026-08-10T13:28:14.000Z,2026-07-10T04:57:26.000Z,37,6
HCP1237,30,1,16,5,0.5333,0.1667,0.3125,2026-08-11T10:12:18.000Z,2026-08-11T10:12:18.000Z,5,5
HCP1246,40,2,7,0,0.1750,0.0000,0.0000,2026-08-10T23:06:34.000Z,2026-07-12T22:09:18.000Z,35,6
HCP1250,59,0,32,16,0.5424,0.2712,0.5000,2026-08-08T09:47:21.000Z,2026-07-31T19:22:24.000Z,16,8
HCP1272,29,0,13,6,0.4483,0.2069,0.4615,2026-07-20T16:06:35.000Z,2026-07-20T16:06:35.000Z,27,27
HCP1274,45,0,30,19,0.6667,0.4222,0.6333,2026-08-13T06:58:49.000Z,2026-08-13T06:58:49.000Z,3,3
HCP1277,30,1,18,7,0.6000,0.2333,0.3889,2026-08-15T00:00:00.000Z,2026-08-15T00:00:00.000Z,1,1
HCP1281,44,0,23,10,0.5227,0.2273,0.4348,2026-08-12T09:11:29.000Z,2026-08-12T09:11:29.000Z,4,4
HCP1298,35,2,16,6,0.4571,0.1714,0.3750,2026-08-15T00:00:00.000Z,2026-08-15T00:00:00.000Z,1,1
HCP1304,28,0,11,0,0.3929,0.0000,0.0000,2026-08-08T16:55:51.000Z,2026-08-08T16:55:51.000Z,8,8
HCP1310,31,2,17,11,0.5484,0.3548,0.6471,2026-08-15T00:00:00.000Z,2026-08-15T00:00:00.000Z,1,1
HCP1324,27,1,19,9,0.7037,0.3333,0.4737,2026-08-02T04:28:27.000Z,2026-08-02T04:28:27.000Z,14,14
HCP1338,39,0,16,2,0.4103,0.0513,0.1250,2026-08-12T22:25:15.000Z,2026-08-12T22:25:15.000Z,4,4
HCP1402,49,3,20,5,0.4082,0.1020,0.2500,2026-08-15T00:00:00.000Z,2026-08-15T00:00:00.000Z,1,1
HCP1456,31,0,14,8,0.4516,0.2581,0.5714,2026-08-10T00:13:56.000Z,2026-08-10T00:13:56.000Z,6,6
HCP1470,32,3,21,7,0.6563,0.2188,0.3333,2026-07-06T08:27:31.000Z,2026-07-05T03:55:44.000Z,42,41
HCP1498,34,1,19,10,0.5588,0.2941,0.5263,2026-08-05T03:39:37.000Z,2026-08-05T03:39:37.000Z,11,11
HCP1565,26,1,13,4,0.5000,0.1538,0.3077,2026-07-29T02:59:14.000Z,2026-07-29T02:59:14.000Z,18,18
HCP1573,28,0,20,6,0.7143,0.2143,0.3000,2026-08-15T00:00:00.000Z,2026-08-15T00:00:00.000Z,1,1
HCP1578,45,0,30,12,0.6667,0.2667,0.4000,2026-08-03T17:15:48.000Z,2026-08-03T17:15:48.000Z,13,13
HCP1591,56,2,32,23,0.5714,0.4107,0.7188,2026-08-15T00:00:00.000Z,2026-08-15T00:00:00.000Z,1,1
HCP1604,37,0,25,14,0.6757,0.3784,0.5600,2026-07-31T06:02:30.000Z,2026-07-31T06:02:30.000Z,16,16
HCP1636,42,2,27,12,0.6429,0.2857,0.4444,2026-08-08T17:14:22.000Z,2026-08-08T17:14:22.000Z,8,8
HCP1644,26,2,10,3,0.3846,0.1154,0.3000,2026-08-12T07:54:59.000Z,2026-08-12T07:54:59.000Z,4,4
HCP1666,44,2,25,12,0.5682,0.2727,0.4800,2026-08-13T13:58:34.000Z,2026-08-01T20:40:18.000Z,15,3
HCP1685,48,0,35,20,0.7292,0.4167,0.5714,2026-08-12T17:05:42.000Z,2026-08-12T17:05:42.000Z,4,4
HCP1692,47,0,29,10,0.6170,0.2128,0.3448,2026-08-15T00:00:00.000Z,2026-08-15T00:00:00.000Z,1,1
HCP1717,50,4,23,11,0.4600,0.2200,0.4783,2026-08-15T00:00:00.000Z,2026-08-15T00:00:00.000Z,1,1
HCP1757,28,1,10,1,0.3571,0.0357,0.1000,2026-08-13T18:31:40.000Z,2026-07-29T17:19:39.000Z,18,3
HCP1770,56,2,25,18,0.4464,0.3214,0.7200,2026-08-12T06:57:24.000Z,2026-07-14T14:34:38.000Z,33,4
HCP1784,29,1,13,5,0.4483,0.1724,0.3846,2026-08-13T11:08:09.000Z,2026-08-13T11:08:09.000Z,3,3
HCP1798,49,0,23,6,0.4694,0.1224,0.2609,2026-08-15T00:00:00.000Z,2026-08-15T00:00:00.000Z,1,1
HCP1803,28,1,17,8,0.6071,0.2857,0.4706,2026-08-06T12:26:26.000Z,2026-07-30T09:44:32.000Z,17,10
HCP1817,26,0,17,9,0.6538,0.3462,0.5294,2026-08-08T09:45:02.000Z,2026-08-08T09:45:02.000Z,8,8
HCP1820,33,2,19,13,0.5758,0.3939,0.6842,2026-08-15T00:00:00.000Z,2026-08-15T00:00:00.000Z,1,1
HCP1821,45,1,29,17,0.6444,0.3778,0.5862,2026-08-13T12:18:54.000Z,2026-08-02T20:08:00.000Z,14,3
HCP1829,29,1,21,11,0.7241,0.3793,0.5238,2026-08-14T06:41:55.000Z,2026-08-14T06:41:55.000Z,2,2
HCP1833,38,1,13,6,0.3421,0.1579,0.4615,2026-08-09T10:07:59.000Z,2026-07-22T08:26:17.000Z,25,7
HCP1837,45,1,25,14,0.5556,0.3111,0.5600,2026-08-15T00:00:00.000Z,2026-08-15T00:00:00.000Z,1,1
HCP1857,39,0,27,13,0.6923,0.3333,0.4815,2026-08-10T07:58:34.000Z,2026-08-10T07:58:34.000Z,6,6
HCP1877,45,1,26,15,0.5778,0.3333,0.5769,2026-08-14T07:03:06.000Z,2026-08-14T07:03:06.000Z,2,2
HCP1889,53,1,32,11,0.6038,0.2075,0.3438,2026-08-07T04:55:28.000Z,2026-08-04T09:29:04.000Z,12,9
HCP1900,39,2,19,11,0.4872,0.2821,0.5789,2026-08-13T20:38:22.000Z,2026-08-13T20:38:22.000Z,3,3
HCP1904,50,0,29,15,0.5800,0.3000,0.5172,2026-08-10T02:10:47.000Z,2026-08-08T21:37:53.000Z,8,6
HCP1916,50,0,21,7,0.4200,0.1400,0.3333,2026-08-10T04:22:10.000Z,2026-07-25T04:32:42.000Z,22,6
HCP1975,28,1,18,7,0.6429,0.2500,0.3889,2026-08-14T09:57:14.000Z,2026-08-05T19:43:27.000Z,11,2
HCP1979,34,0,10,3,0.2941,0.0882,0.3000,2026-08-14T17:08:48.000Z,2026-08-08T03:38:30.000Z,8,2
HCP1993,37,1,12,5,0.3243,0.1351,0.4167,2026-08-13T01:46:52.000Z,2026-08-13T01:46:52.000Z,3,3
HCP0008,49,0,27,12,0.5510,0.2449,0.4444,2026-08-06T03:42:33.000Z,2026-08-06T03:42:33.000Z,10,10
HCP0011,50,4,33,18,0.6600,0.3600,0.5455,2026-08-11T14:53:28.000Z,2026-08-11T14:53:28.000Z,5,5
HCP0030,45,2,19,6,0.4222,0.1333,0.3158,2026-08-03T06:43:00.000Z,2026-07-30T01:53:21.000Z,17,13
HCP0037,56,1,22,3,0.3929,0.0536,0.1364,2026-08-04T10:25:16.000Z,2026-07-13T04:38:14.000Z,34,12
HCP0054,37,2,22,6,0.5946,0.1622,0.2727,2026-08-15T00:00:00.000Z,2026-08-15T00:00:00.000Z,1,1
HCP0075,53,1,32,13,0.6038,0.2453,0.4063,2026-08-09T16:29:03.000Z,2026-08-09T16:29:03.000Z,7,7
HCP0076,32,2,19,11,0.5938,0.3438,0.5789,2026-08-15T00:00:00.000Z,2026-08-15T00:00:00.000Z,1,1
HCP0118,53,1,35,23,0.6604,0.4340,0.6571,2026-08-10T01:00:57.000Z,2026-08-10T01:00:57.000Z,6,6
HCP0119,47,1,27,12,0.5745,0.2553,0.4444,2026-08-13T05:36:57.000Z,2026-08-13T05:36:57.000Z,3,3
HCP0166,26,1,9,2,0.3462,0.0769,0.2222,2026-08-09T11:56:16.000Z,2026-08-08T00:56:36.000Z,8,7
HCP0214,43,0,32,17,0.7442,0.3953,0.5313,2026-08-12T16:53:02.000Z,2026-08-12T16:53:02.000Z,4,4
HCP0222,35,1,24,16,0.6857,0.4571,0.6667,2026-08-15T00:00:00.000Z,2026-08-15T00:00:00.000Z,1,1
HCP0276,32,3,15,5,0.4688,0.1563,0.3333,2026-08-09T13:27:04.000Z,2026-08-09T13:27:04.000Z,7,7
HCP0278,39,0,16,7,0.4103,0.1795,0.4375,2026-08-15T00:00:00.000Z,2026-08-15T00:00:00.000Z,1,1
HCP0315,57,1,14,2,0.2456,0.0351,0.1429,2026-08-10T04:36:24.000Z,2026-08-02T20:03:23.000Z,14,6
HCP0350,29,2,5,1,0.1724,0.0345,0.2000,2026-07-20T19:56:43.000Z,2026-07-10T11:46:39.000Z,37,27
HCP0351,28,3,17,9,0.6071,0.3214,0.5294,2026-08-08T15:03:51.000Z,2026-08-05T05:36:19.000Z,11,8
HCP0381,28,1,9,5,0.3214,0.1786,0.5556,2026-08-12T05:17:46.000Z,2026-07-30T00:55:09.000Z,17,4
HCP0387,27,0,13,3,0.4815,0.1111,0.2308,2026-08-13T15:53:00.000Z,2026-08-05T13:00:30.000Z,11,3
HCP0411,31,0,22,10,0.7097,0.3226,0.4545,2026-08-06T18:41:36.000Z,2026-08-06T18:41:36.000Z,10,10
HCP0412,51,1,25,10,0.4902,0.1961,0.4000,2026-08-14T05:31:26.000Z,2026-08-14T05:31:26.000Z,2,2
HCP0425,47,1,24,15,0.5106,0.3191,0.6250,2026-08-02T19:23:15.000Z,2026-08-02T19:23:15.000Z,14,14
HCP0443,31,1,22,13,0.7097,0.4194,0.5909,2026-08-12T09:42:21.000Z,2026-08-12T09:42:21.000Z,4,4
HCP0460,43,0,14,5,0.3256,0.1163,0.3571,2026-08-04T16:22:47.000Z,2026-08-04T16:22:47.000Z,12,12
HCP0465,24,1,15,7,0.6250,0.2917,0.4667,2026-08-15T00:00:00.000Z,2026-08-15T00:00:00.000Z,1,1
HCP0475,51,1,16,5,0.3137,0.0980,0.3125,2026-08-07T22:31:52.000Z,2026-08-02T16:13:44.000Z,14,9
HCP0483,56,0,39,23,0.6964,0.4107,0.5897,2026-08-15T00:00:00.000Z,2026-08-15T00:00:00.000Z,1,1
HCP0551,28,0,17,8,0.6071,0.2857,0.4706,2026-08-11T14:50:55.000Z,2026-08-11T14:50:55.000Z,5,5
HCP0557,36,0,10,2,0.2778,0.0556,0.2000,2026-08-14T13:42:07.000Z,2026-08-14T13:42:07.000Z,2,2
HCP0562,30,3,19,8,0.6333,0.2667,0.4211,2026-08-11T13:17:26.000Z,2026-07-26T21:59:45.000Z,21,5
HCP0578,23,3,20,13,0.8696,0.5652,0.6500,2026-08-11T22:07:17.000Z,2026-08-11T22:07:17.000Z,5,5
HCP0632,28,1,18,9,0.6429,0.3214,0.5000,2026-08-03T01:36:10.000Z,2026-07-04T19:54:36.000Z,43,13
HCP0648,51,4,18,8,0.3529,0.1569,0.4444,2026-08-14T05:10:35.000Z,2026-08-14T05:10:35.000Z,2,2
HCP0704,53,1,33,14,0.6226,0.2642,0.4242,2026-08-13T04:13:33.000Z,2026-08-13T04:13:33.000Z,3,3
HCP0710,40,2,25,11,0.6250,0.2750,0.4400,2026-08-12T08:55:50.000Z,2026-07-30T00:42:27.000Z,17,4
HCP0719,23,3,8,2,0.3478,0.0870,0.2500,2026-07-23T05:43:32.000Z,2026-07-23T05:43:32.000Z,24,24
HCP0724,47,2,22,11,0.4681,0.2340,0.5000,2026-08-09T14:07:13.000Z,2026-08-08T16:06:10.000Z,8,7
HCP0741,53,2,28,6,0.5283,0.1132,0.2143,2026-08-13T23:13:35.000Z,2026-08-11T00:40:23.000Z,5,3
HCP0787,53,3,32,13,0.6038,0.2453,0.4063,2026-08-03T22:01:13.000Z,2026-07-21T20:24:57.000Z,26,13
HCP0791,26,0,6,3,0.2308,0.1154,0.5000,2026-08-15T00:00:00.000Z,2026-08-15T00:00:00.000Z,1,1
HCP0805,41,3,22,6,0.5366,0.1463,0.2727,2026-08-15T00:00:00.000Z,2026-08-15T00:00:00.000Z,1,1
HCP0879,59,0,43,26,0.7288,0.4407,0.6047,2026-08-15T00:00:00.000Z,2026-08-15T00:00:00.000Z,1,1
HCP0880,44,1,27,12,0.6136,0.2727,0.4444,2026-08-10T17:49:33.000Z,2026-08-10T17:49:33.000Z,6,6
HCP0884,43,1,21,6,0.4884,0.1395,0.2857,2026-08-10T07:01:43.000Z,2026-08-09T09:22:22.000Z,7,6
HCP0909,54,0,35,19,0.6481,0.3519,0.5429,2026-08-15T00:00:00.000Z,2026-08-15T00:00:00.000Z,1,1
HCP0914,39,4,19,1,0.4872,0.0256,0.0526,2026-08-12T05:44:15.000Z,2026-08-12T05:44:15.000Z,4,4
HCP0934,26,0,13,9,0.5000,0.3462,0.6923,2026-07-08T03:40:27.000Z,2026-07-07T19:09:57.000Z,40,39
HCP0936,52,0,27,8,0.5192,0.1538,0.2963,2026-08-09T01:10:29.000Z,2026-07-26T07:56:47.000Z,21,7
HCP0942,30,0,19,6,0.6333,0.2000,0.3158,2026-07-21T10:07:06.000Z,2026-07-21T10:07:06.000Z,26,26
HCP0953,55,2,24,5,0.4364,0.0909,0.2083,2026-08-15T00:00:00.000Z,2026-08-15T00:00:00.000Z,1,1
HCP0979,54,0,19,6,0.3519,0.1111,0.3158,2026-08-15T00:00:00.000Z,2026-08-15T00:00:00.000Z,1,1
HCP1018,46,1,16,5,0.3478,0.1087,0.3125,2026-08-15T00:00:00.000Z,2026-08-15T00:00:00.000Z,1,1
HCP1057,43,1,14,2,0.3256,0.0465,0.1429,2026-08-07T18:57:49.000Z,2026-08-04T15:23:27.000Z,12,9
HCP1075,51,2,31,15,0.6078,0.2941,0.4839,2026-08-15T00:00:00.000Z,2026-08-15T00:00:00.000Z,1,1
HCP1083,27,1,17,11,0.6296,0.4074,0.6471,2026-08-12T05:18:06.000Z,2026-08-12T05:18:06.000Z,4,4
HCP1101,24,1,13,4,0.5417,0.1667,0.3077,2026-07-26T17:25:59.000Z,2026-07-25T23:01:59.000Z,22,21
HCP1110,56,1,23,8,0.4107,0.1429,0.3478,2026-08-15T00:00:00.000Z,2026-08-15T00:00:00.000Z,1,1
HCP1145,45,1,19,4,0.4222,0.0889,0.2105,2026-08-12T17:48:38.000Z,2026-08-12T02:16:29.000Z,4,4
HCP1158,51,4,19,8,0.3725,0.1569,0.4211,2026-08-14T03:34:02.000Z,2026-08-14T03:34:02.000Z,2,2
HCP1164,42,3,28,15,0.6667,0.3571,0.5357,2026-08-09T01:56:25.000Z,2026-08-09T01:56:25.000Z,7,7
HCP1175,47,0,13,3,0.2766,0.0638,0.2308,2026-08-13T19:11:38.000Z,2026-07-24T15:27:59.000Z,23,3
HCP1181,37,0,20,7,0.5405,0.1892,0.3500,2026-08-07T22:06:41.000Z,2026-08-07T22:06:41.000Z,9,9
HCP1196,48,1,24,9,0.5000,0.1875,0.3750,2026-08-12T12:21:41.000Z,2026-08-12T12:21:41.000Z,4,4
HCP1212,52,1,31,18,0.5962,0.3462,0.5806,2026-08-11T11:41:20.000Z,2026-07-31T22:58:01.000Z,16,5
HCP1275,45,1,21,7,0.4667,0.1556,0.3333,2026-08-07T20:47:03.000Z,2026-06-23T03:36:52.000Z,54,9
HCP1313,39,1,16,5,0.4103,0.1282,0.3125,2026-08-10T14:24:55.000Z,2026-07-06T19:02:17.000Z,41,6
HCP1330,53,2,33,17,0.6226,0.3208,0.5152,2026-08-15T00:00:00.000Z,2026-08-15T00:00:00.000Z,1,1
HCP1351,42,3,22,6,0.5238,0.1429,0.2727,2026-08-12T22:02:12.000Z,2026-08-12T22:02:12.000Z,4,4
HCP1360,35,0,20,4,0.5714,0.1143,0.2000,2026-08-08T18:57:53.000Z,2026-08-08T18:57:53.000Z,8,8
HCP1364,45,0,28,15,0.6222,0.3333,0.5357,2026-08-15T00:00:00.000Z,2026-08-15T00:00:00.000Z,1,1
HCP1365,33,0,20,8,0.6061,0.2424,0.4000,2026-08-09T11:13:41.000Z,2026-08-09T11:13:41.000Z,7,7
HCP1367,32,2,13,6,0.4063,0.1875,0.4615,2026-08-15T00:00:00.000Z,2026-08-15T00:00:00.000Z,1,1
HCP1377,58,1,24,9,0.4138,0.1552,0.3750,2026-08-06T06:44:02.000Z,2026-07-27T07:17:07.000Z,20,10
HCP1388,32,0,18,9,0.5625,0.2813,0.5000,2026-08-11T11:16:26.000Z,2026-08-11T11:16:26.000Z,5,5
HCP1389,57,1,22,10,0.3860,0.1754,0.4545,2026-07-29T15:44:49.000Z,2026-07-23T04:52:12.000Z,24,18
HCP1415,41,3,14,2,0.3415,0.0488,0.1429,2026-08-02T17:54:29.000Z,2026-07-31T22:42:58.000Z,16,14
HCP1449,38,2,19,11,0.5000,0.2895,0.5789,2026-08-06T21:20:19.000Z,2026-08-06T21:20:19.000Z,10,10
HCP1467,53,2,34,22,0.6415,0.4151,0.6471,2026-08-11T04:52:18.000Z,2026-08-09T21:11:43.000Z,7,5
HCP1483,53,0,10,0,0.1887,0.0000,0.0000,2026-08-13T07:10:32.000Z,2026-07-24T00:09:43.000Z,23,3
HCP1487,49,1,29,11,0.5918,0.2245,0.3793,2026-08-14T15:34:02.000Z,2026-08-14T15:34:02.000Z,2,2
HCP1503,51,3,22,6,0.4314,0.1176,0.2727,2026-08-05T21:21:44.000Z,2026-07-27T07:44:53.000Z,20,11
HCP1532,50,0,25,9,0.5000,0.1800,0.3600,2026-08-12T22:04:26.000Z,2026-08-12T22:04:26.000Z,4,4
HCP1540,43,2,29,16,0.6744,0.3721,0.5517,2026-08-15T00:00:00.000Z,2026-08-15T00:00:00.000Z,1,1
HCP1544,28,0,12,4,0.4286,0.1429,0.3333,2026-08-12T23:16:19.000Z,2026-07-16T11:36:56.000Z,31,4
HCP1574,28,0,18,12,0.6429,0.4286,0.6667,2026-08-07T01:43:48.000Z,2026-07-15T20:32:25.000Z,32,9
HCP1587,44,1,27,11,0.6136,0.2500,0.4074,2026-08-07T19:26:03.000Z,2026-08-07T19:26:03.000Z,9,9
HCP1609,47,0,26,15,0.5532,0.3191,0.5769,2026-08-14T12:19:41.000Z,2026-08-06T14:20:29.000Z,10,2
HCP1621,41,1,30,19,0.7317,0.4634,0.6333,2026-08-06T21:20:20.000Z,2026-08-06T21:20:20.000Z,10,10
HCP1630,56,3,33,20,0.5893,0.3571,0.6061,2026-08-13T23:45:59.000Z,2026-07-26T14:43:44.000Z,21,3
HCP1645,57,1,19,4,0.3333,0.0702,0.2105,2026-08-12T11:00:47.000Z,2026-07-21T21:16:13.000Z,26,4
HCP1656,48,1,31,18,0.6458,0.3750,0.5806,2026-08-05T14:51:48.000Z,2026-08-05T14:51:48.000Z,11,11
HCP1675,52,0,37,20,0.7115,0.3846,0.5405,2026-08-12T17:39:41.000Z,2026-08-08T20:06:28.000Z,8,4
HCP1679,41,0,20,5,0.4878,0.1220,0.2500,2026-08-15T00:00:00.000Z,2026-08-15T00:00:00.000Z,1,1
HCP1696,37,1,21,8,0.5676,0.2162,0.3810,2026-08-07T17:02:17.000Z,2026-07-27T12:38:55.000Z,20,9
HCP1711,31,1,19,7,0.6129,0.2258,0.3684,2026-08-06T14:55:13.000Z,2026-08-06T14:55:13.000Z,10,10
HCP1713,46,2,10,1,0.2174,0.0217,0.1000,2026-08-14T22:20:12.000Z,2026-08-09T14:33:51.000Z,7,2
HCP1756,50,2,16,5,0.3200,0.1000,0.3125,2026-08-14T07:24:29.000Z,2026-08-14T07:24:29.000Z,2,2
HCP1765,52,4,37,23,0.7115,0.4423,0.6216,2026-08-15T00:00:00.000Z,2026-08-15T00:00:00.000Z,1,1
HCP1766,52,2,26,9,0.5000,0.1731,0.3462,2026-08-06T16:46:14.000Z,2026-08-06T16:46:14.000Z,10,10
HCP1776,31,0,11,3,0.3548,0.0968,0.2727,2026-08-07T11:08:35.000Z,2026-08-07T11:08:35.000Z,9,9
HCP1781,52,3,37,23,0.7115,0.4423,0.6216,2026-08-15T00:00:00.000Z,2026-08-15T00:00:00.000Z,1,1
HCP1815,51,1,31,11,0.6078,0.2157,0.3548,2026-08-15T00:00:00.000Z,2026-08-15T00:00:00.000Z,1,1
HCP1825,49,1,30,14,0.6122,0.2857,0.4667,2026-08-13T15:06:25.000Z,2026-08-13T15:06:25.000Z,3,3
HCP1844,49,1,30,20,0.6122,0.4082,0.6667,2026-08-14T14:00:39.000Z,2026-08-03T21:43:02.000Z,13,2
HCP1848,36,2,22,8,0.6111,0.2222,0.3636,2026-08-09T00:43:04.000Z,2026-08-08T22:34:53.000Z,8,7
HCP1862,30,1,23,13,0.7667,0.4333,0.5652,2026-08-15T00:00:00.000Z,2026-08-15T00:00:00.000Z,1,1
HCP1870,35,2,18,6,0.5143,0.1714,0.3333,2026-08-07T14:24:51.000Z,2026-08-02T22:01:36.000Z,14,9
HCP1887,48,1,24,7,0.5000,0.1458,0.2917,2026-08-15T00:00:00.000Z,2026-08-15T00:00:00.000Z,1,1
HCP1911,46,1,32,15,0.6957,0.3261,0.4688,2026-08-14T15:04:59.000Z,2026-08-14T15:04:59.000Z,2,2
HCP1913,26,0,14,3,0.5385,0.1154,0.2143,2026-08-10T04:01:08.000Z,2026-08-10T04:01:08.000Z,6,6
HCP1923,54,2,13,3,0.2407,0.0556,0.2308,2026-08-13T18:12:00.000Z,2026-08-13T18:12:00.000Z,3,3
HCP1931,50,1,31,13,0.6200,0.2600,0.4194,2026-08-08T16:06:10.000Z,2026-08-08T16:06:10.000Z,8,8
HCP1943,51,1,34,11,0.6667,0.2157,0.3235,2026-08-10T13:45:11.000Z,2026-08-10T13:45:11.000Z,6,6
HCP1946,42,0,23,11,0.5476,0.2619,0.4783,2026-08-12T02:48:38.000Z,2026-08-02T18:13:00.000Z,14,4
HCP1951,50,0,32,12,0.6400,0.2400,0.3750,2026-08-14T13:32:44.000Z,2026-08-08T18:14:05.000Z,8,2
HCP1961,35,0,27,14,0.7714,0.4000,0.5185,2026-08-07T18:52:41.000Z,2026-08-07T18:52:41.000Z,9,9
HCP1999,34,1,20,14,0.5882,0.4118,0.7000,2026-08-09T00:45:20.000Z,2026-08-09T00:45:20.000Z,7,7
HCP0018,33,1,16,8,0.4848,0.2424,0.5000,2026-08-15T00:00:00.000Z,2026-08-15T00:00:00.000Z,1,1
HCP0028,42,1,26,11,0.6190,0.2619,0.4231,2026-08-13T14:03:24.000Z,2026-08-13T14:03:24.000Z,3,3
HCP0043,42,1,26,9,0.6190,0.2143,0.3462,2026-08-09T23:21:33.000Z,2026-08-09T23:21:33.000Z,7,7
HCP0125,45,1,9,2,0.2000,0.0444,0.2222,2026-08-10T02:12:35.000Z,2026-07-29T10:20:45.000Z,18,6
HCP0138,41,2,20,11,0.4878,0.2683,0.5500,2026-08-07T16:43:36.000Z,2026-07-18T23:46:28.000Z,29,9
HCP0145,27,0,9,3,0.3333,0.1111,0.3333,2026-08-09T04:25:44.000Z,2026-08-09T04:25:44.000Z,7,7
HCP0151,45,0,18,3,0.4000,0.0667,0.1667,2026-08-14T14:32:07.000Z,2026-08-03T08:19:39.000Z,13,2
HCP0164,36,0,26,15,0.7222,0.4167,0.5769,2026-08-13T02:00:22.000Z,2026-08-13T02:00:22.000Z,3,3
HCP0191,39,1,24,11,0.6154,0.2821,0.4583,2026-08-13T10:34:46.000Z,2026-08-13T10:34:46.000Z,3,3
HCP0193,48,1,36,25,0.7500,0.5208,0.6944,2026-08-03T01:41:51.000Z,2026-08-03T01:41:51.000Z,13,13
HCP0215,49,2,25,10,0.5102,0.2041,0.4000,2026-08-14T17:18:42.000Z,2026-07-30T01:03:39.000Z,17,2
HCP0216,32,1,18,8,0.5625,0.2500,0.4444,2026-08-08T04:36:51.000Z,2026-07-25T00:24:02.000Z,22,8
HCP0217,44,2,31,15,0.7045,0.3409,0.4839,2026-08-10T11:24:07.000Z,2026-08-04T17:24:10.000Z,12,6
HCP0234,51,2,36,17,0.7059,0.3333,0.4722,2026-08-12T13:04:52.000Z,2026-07-30T13:49:15.000Z,17,4
HCP0261,59,0,31,9,0.5254,0.1525,0.2903,2026-08-15T00:00:00.000Z,2026-08-15T00:00:00.000Z,1,1
HCP0263,29,2,9,4,0.3103,0.1379,0.4444,2026-08-01T00:51:12.000Z,2026-08-01T00:51:12.000Z,15,15
HCP0270,53,1,26,11,0.4906,0.2075,0.4231,2026-08-12T11:56:04.000Z,2026-08-11T13:08:35.000Z,5,4
HCP0275,33,1,19,6,0.5758,0.1818,0.3158,2026-08-14T21:11:03.000Z,2026-08-14T21:11:03.000Z,2,2
HCP0281,35,1,22,9,0.6286,0.2571,0.4091,2026-08-11T04:58:37.000Z,2026-08-11T04:58:37.000Z,5,5
HCP0311,42,2,24,13,0.5714,0.3095,0.5417,2026-08-08T00:51:59.000Z,2026-08-07T11:53:13.000Z,9,8
HCP0336,25,1,12,6,0.4800,0.2400,0.5000,2026-08-15T00:00:00.000Z,2026-08-15T00:00:00.000Z,1,1
HCP0356,27,1,21,10,0.7778,0.3704,0.4762,2026-08-01T17:44:49.000Z,2026-08-01T17:44:49.000Z,15,15
HCP0365,31,2,8,2,0.2581,0.0645,0.2500,2026-08-13T00:15:14.000Z,2026-07-16T06:29:50.000Z,31,3
HCP0367,30,0,22,14,0.7333,0.4667,0.6364,2026-08-08T23:25:46.000Z,2026-08-08T23:25:46.000Z,8,8
HCP0380,31,1,17,7,0.5484,0.2258,0.4118,2026-08-02T11:18:57.000Z,2026-07-29T09:08:04.000Z,18,14
HCP0393,55,3,37,18,0.6727,0.3273,0.4865,2026-08-13T15:29:35.000Z,2026-08-13T15:29:35.000Z,3,3
HCP0398,47,3,26,9,0.5532,0.1915,0.3462,2026-08-09T23:05:06.000Z,2026-08-05T13:11:18.000Z,11,7
HCP0418,25,1,15,10,0.6000,0.4000,0.6667,2026-08-05T02:49:28.000Z,2026-08-05T02:49:28.000Z,11,11
HCP0435,31,1,9,1,0.2903,0.0323,0.1111,2026-08-15T00:00:00.000Z,2026-08-15T00:00:00.000Z,1,1
HCP0490,55,1,33,13,0.6000,0.2364,0.3939,2026-08-15T00:00:00.000Z,2026-08-15T00:00:00.000Z,1,1
HCP0494,33,1,24,15,0.7273,0.4545,0.6250,2026-08-14T04:59:37.000Z,2026-08-08T09:34:42.000Z,8,2
HCP0521,32,0,16,3,0.5000,0.0938,0.1875,2026-08-09T05:12:19.000Z,2026-07-09T05:43:25.000Z,38,7
HCP0543,24,1,14,5,0.5833,0.2083,0.3571,2026-08-11T20:45:38.000Z,2026-08-01T20:00:08.000Z,15,5
HCP0547,42,0,23,7,0.5476,0.1667,0.3043,2026-08-06T23:02:45.000Z,2026-08-06T23:02:45.000Z,10,10
HCP0548,47,0,25,7,0.5319,0.1489,0.2800,2026-08-05T15:00:47.000Z,2026-08-05T15:00:47.000Z,11,11
HCP0559,35,0,25,11,0.7143,0.3143,0.4400,2026-08-12T20:16:52.000Z,2026-08-12T20:16:52.000Z,4,4
HCP0563,31,0,11,5,0.3548,0.1613,0.4545,2026-08-07T13:32:38.000Z,2026-08-07T13:32:38.000Z,9,9
HCP0587,48,2,27,14,0.5625,0.2917,0.5185,2026-08-13T11:50:46.000Z,2026-08-13T06:52:14.000Z,3,3
HCP0592,27,1,11,4,0.4074,0.1481,0.3636,2026-08-11T18:58:21.000Z,2026-08-06T18:43:54.000Z,10,5
HCP0596,45,2,21,5,0.4667,0.1111,0.2381,2026-08-11T15:31:49.000Z,2026-08-08T03:40:24.000Z,8,5
HCP0659,38,1,26,10,0.6842,0.2632,0.3846,2026-08-13T19:24:46.000Z,2026-08-13T19:24:46.000Z,3,3
HCP0668,55,2,21,8,0.3818,0.1455,0.3810,2026-08-14T19:31:37.000Z,2026-08-08T02:52:44.000Z,8,2
HCP0692,28,0,15,8,0.5357,0.2857,0.5333,2026-07-30T02:05:24.000Z,2026-07-30T02:05:24.000Z,17,17
HCP0698,56,0,26,5,0.4643,0.0893,0.1923,2026-08-15T00:00:00.000Z,2026-08-15T00:00:00.000Z,1,1
HCP0713,37,1,21,10,0.5676,0.2703,0.4762,2026-08-04T12:45:14.000Z,2026-08-04T12:45:14.000Z,12,12
HCP0734,30,0,12,6,0.4000,0.2000,0.5000,2026-08-12T14:00:55.000Z,2026-08-12T14:00:55.000Z,4,4
HCP0735,40,0,25,8,0.6250,0.2000,0.3200,2026-08-14T22:29:16.000Z,2026-08-14T22:29:16.000Z,2,2
HCP0743,40,3,17,5,0.4250,0.1250,0.2941,2026-08-14T21:53:14.000Z,2026-08-14T21:53:14.000Z,2,2
HCP0756,31,0,16,11,0.5161,0.3548,0.6875,2026-08-15T00:00:00.000Z,2026-08-15T00:00:00.000Z,1,1
HCP0761,40,1,26,17,0.6500,0.4250,0.6538,2026-08-11T13:20:34.000Z,2026-08-09T18:11:02.000Z,7,5
HCP0771,31,0,11,2,0.3548,0.0645,0.1818,2026-08-12T23:14:17.000Z,2026-08-11T01:40:20.000Z,5,4
HCP0798,26,1,12,2,0.4615,0.0769,0.1667,2026-08-15T00:00:00.000Z,2026-08-15T00:00:00.000Z,1,1
HCP0830,48,1,25,5,0.5208,0.1042,0.2000,2026-08-15T00:00:00.000Z,2026-08-15T00:00:00.000Z,1,1
HCP0835,30,0,21,9,0.7000,0.3000,0.4286,2026-07-31T02:51:26.000Z,2026-07-15T12:37:01.000Z,32,16
HCP0864,58,1,27,8,0.4655,0.1379,0.2963,2026-08-01T21:20:28.000Z,2026-07-23T16:41:52.000Z,24,15
HCP0885,59,0,29,16,0.4915,0.2712,0.5517,2026-08-09T18:03:35.000Z,2026-08-09T18:03:35.000Z,7,7
HCP0889,31,1,15,5,0.4839,0.1613,0.3333,2026-08-06T11:49:11.000Z,2026-07-16T19:16:18.000Z,31,10
HCP0891,35,1,21,10,0.6000,0.2857,0.4762,2026-08-07T22:06:25.000Z,2026-08-07T19:53:20.000Z,9,9
HCP0916,36,2,28,8,0.7778,0.2222,0.2857,2026-08-10T05:27:58.000Z,2026-08-10T05:27:58.000Z,6,6
HCP0922,34,2,21,6,0.6176,0.1765,0.2857,2026-07-22T04:52:17.000Z,2026-07-22T04:52:17.000Z,25,25
HCP0983,42,0,26,6,0.6190,0.1429,0.2308,2026-08-13T20:06:03.000Z,2026-08-13T20:06:03.000Z,3,3
HCP0992,35,3,19,12,0.5429,0.3429,0.6316,2026-08-12T03:41:58.000Z,2026-08-12T03:41:58.000Z,4,4
HCP0996,34,1,25,17,0.7353,0.5000,0.6800,2026-08-14T02:45:13.000Z,2026-08-14T02:45:13.000Z,2,2
HCP1001,38,3,22,7,0.5789,0.1842,0.3182,2026-08-08T05:36:52.000Z,2026-07-08T15:49:09.000Z,39,8
HCP1020,53,2,18,6,0.3396,0.1132,0.3333,2026-08-13T14:44:17.000Z,2026-08-06T06:59:44.000Z,10,3
HCP1031,48,2,34,13,0.7083,0.2708,0.3824,2026-08-14T17:57:53.000Z,2026-08-09T04:24:18.000Z,7,2
HCP1035,34,0,26,11,0.7647,0.3235,0.4231,2026-08-13T07:31:25.000Z,2026-08-13T07:31:25.000Z,3,3
HCP1038,28,4,11,1,0.3929,0.0357,0.0909,2026-08-13T05:32:25.000Z,2026-08-13T05:32:25.000Z,3,3
HCP1048,33,2,24,16,0.7273,0.4848,0.6667,2026-08-07T12:32:08.000Z,2026-08-07T12:32:08.000Z,9,9
HCP1082,50,2,28,19,0.5600,0.3800,0.6786,2026-08-14T00:39:39.000Z,2026-08-14T00:39:39.000Z,2,2
HCP1095,52,4,24,6,0.4615,0.1154,0.2500,2026-08-15T00:00:00.000Z,2026-08-15T00:00:00.000Z,1,1
HCP1108,46,2,28,13,0.6087,0.2826,0.4643,2026-08-07T18:29:04.000Z,2026-08-07T18:29:04.000Z,9,9
HCP1121,40,2,26,8,0.6500,0.2000,0.3077,2026-08-09T09:19:25.000Z,2026-08-09T09:19:25.000Z,7,7
HCP1149,46,1,15,4,0.3261,0.0870,0.2667,2026-08-11T17:44:32.000Z,2026-07-29T23:06:56.000Z,18,5
HCP1160,48,4,17,6,0.3542,0.1250,0.3529,2026-08-14T16:29:13.000Z,2026-07-24T11:25:57.000Z,23,2
HCP1163,42,1,34,30,0.8095,0.7143,0.8824,2026-08-14T19:28:35.000Z,2026-08-14T19:28:35.000Z,2,2
HCP1191,48,1,32,15,0.6667,0.3125,0.4688,2026-08-15T00:00:00.000Z,2026-08-15T00:00:00.000Z,1,1
HCP1197,53,2,34,20,0.6415,0.3774,0.5882,2026-08-13T00:58:19.000Z,2026-08-06T23:46:37.000Z,10,3
HCP1206,34,1,18,6,0.5294,0.1765,0.3333,2026-08-03T07:44:27.000Z,2026-08-03T07:44:27.000Z,13,13
HCP1249,48,1,27,14,0.5625,0.2917,0.5185,2026-08-13T08:10:27.000Z,2026-08-13T08:10:27.000Z,3,3
HCP1301,27,2,15,7,0.5556,0.2593,0.4667,2026-08-15T00:00:00.000Z,2026-08-15T00:00:00.000Z,1,1
HCP1315,35,0,19,7,0.5429,0.2000,0.3684,2026-08-11T19:57:14.000Z,2026-07-27T12:19:19.000Z,20,5
HCP1323,52,3,33,16,0.6346,0.3077,0.4848,2026-08-12T10:40:06.000Z,2026-08-12T10:40:06.000Z,4,4
HCP1341,55,4,28,13,0.5091,0.2364,0.4643,2026-08-14T21:02:12.000Z,2026-08-07T12:36:06.000Z,9,2
HCP1345,35,0,16,8,0.4571,0.2286,0.5000,2026-08-14T09:16:38.000Z,2026-08-11T23:35:40.000Z,5,2
HCP1363,27,0,12,7,0.4444,0.2593,0.5833,2026-07-29T08:16:31.000Z,2026-07-29T08:16:31.000Z,18,18
HCP1383,47,4,31,13,0.6596,0.2766,0.4194,2026-08-10T08:13:18.000Z,2026-08-10T08:13:18.000Z,6,6
HCP1393,32,0,11,3,0.3438,0.0938,0.2727,2026-08-10T07:58:52.000Z,2026-08-10T07:58:52.000Z,6,6
HCP1398,26,0,16,11,0.6154,0.4231,0.6875,2026-08-12T08:14:28.000Z,2026-07-30T18:27:48.000Z,17,4
HCP1401,31,1,9,3,0.2903,0.0968,0.3333,2026-08-10T10:49:40.000Z,2026-08-10T10:49:40.000Z,6,6
HCP1431,30,1,13,4,0.4333,0.1333,0.3077,2026-08-13T14:38:42.000Z,2026-07-12T19:15:36.000Z,35,3
HCP1454,53,3,30,7,0.5660,0.1321,0.2333,2026-08-15T00:00:00.000Z,2026-08-15T00:00:00.000Z,1,1
HCP1486,49,0,23,7,0.4694,0.1429,0.3043,2026-08-12T12:24:36.000Z,2026-08-12T12:24:36.000Z,4,4
HCP1489,49,1,31,13,0.6327,0.2653,0.4194,2026-08-12T22:12:12.000Z,2026-08-07T20:37:58.000Z,9,4
HCP1526,29,2,17,7,0.5862,0.2414,0.4118,2026-08-05T07:54:34.000Z,2026-08-05T07:54:34.000Z,11,11
HCP1557,38,0,29,20,0.7632,0.5263,0.6897,2026-08-15T00:00:00.000Z,2026-08-15T00:00:00.000Z,1,1
HCP1590,38,1,16,5,0.4211,0.1316,0.3125,2026-08-11T11:22:00.000Z,2026-08-11T11:22:00.000Z,5,5
HCP1595,54,2,16,3,0.2963,0.0556,0.1875,2026-08-13T16:51:10.000Z,2026-07-27T13:44:58.000Z,20,3
HCP1597,54,1,35,18,0.6481,0.3333,0.5143,2026-08-05T10:26:18.000Z,2026-08-03T06:18:32.000Z,13,11
HCP1605,49,1,18,3,0.3673,0.0612,0.1667,2026-08-15T00:00:00.000Z,2026-08-15T00:00:00.000Z,1,1
HCP1606,51,2,38,16,0.7451,0.3137,0.4211,2026-08-14T04:07:58.000Z,2026-08-14T04:07:58.000Z,2,2
HCP1611,49,0,21,5,0.4286,0.1020,0.2381,2026-08-15T00:00:00.000Z,2026-08-15T00:00:00.000Z,1,1
HCP1612,42,1,19,10,0.4524,0.2381,0.5263,2026-07-29T09:37:01.000Z,2026-07-05T13:54:26.000Z,42,18
HCP1617,59,0,31,16,0.5254,0.2712,0.5161,2026-08-15T00:00:00.000Z,2026-08-15T00:00:00.000Z,1,1
HCP1625,51,1,36,23,0.7059,0.4510,0.6389,2026-08-13T02:44:31.000Z,2026-08-09T05:37:20.000Z,7,3
HCP1635,38,2,15,6,0.3947,0.1579,0.4000,2026-08-13T23:49:39.000Z,2026-08-07T02:18:46.000Z,9,3
HCP1686,59,0,44,21,0.7458,0.3559,0.4773,2026-08-14T09:33:17.000Z,2026-08-14T09:33:17.000Z,2,2
HCP1699,40,3,18,6,0.4500,0.1500,0.3333,2026-08-07T03:29:34.000Z,2026-08-07T03:29:34.000Z,9,9
HCP1719,39,0,20,11,0.5128,0.2821,0.5500,2026-08-15T00:00:00.000Z,2026-08-15T00:00:00.000Z,1,1
HCP1725,28,0,13,4,0.4643,0.1429,0.3077,2026-06-30T08:17:37.000Z,2026-06-13T02:38:29.000Z,64,47
HCP1738,41,1,28,17,0.6829,0.4146,0.6071,2026-08-12T09:37:41.000Z,2026-08-12T09:37:41.000Z,4,4
HCP1742,36,0,20,8,0.5556,0.2222,0.4000,2026-08-15T00:00:00.000Z,2026-08-15T00:00:00.000Z,1,1
HCP1749,34,0,26,16,0.7647,0.4706,0.6154,2026-08-09T04:08:17.000Z,2026-08-09T04:08:17.000Z,7,7
HCP1753,52,2,28,15,0.5385,0.2885,0.5357,2026-08-09T23:50:26.000Z,2026-08-04T09:28:32.000Z,12,7
HCP1772,30,1,12,7,0.4000,0.2333,0.5833,2026-08-11T15:26:29.000Z,2026-08-11T15:26:29.000Z,5,5
HCP1773,27,0,16,5,0.5926,0.1852,0.3125,2026-08-15T00:00:00.000Z,2026-08-15T00:00:00.000Z,1,1
HCP1788,44,0,39,19,0.8864,0.4318,0.4872,2026-08-12T03:47:23.000Z,2026-08-10T04:15:48.000Z,6,4
HCP1816,30,1,12,8,0.4000,0.2667,0.6667,2026-08-15T00:00:00.000Z,2026-08-15T00:00:00.000Z,1,1
HCP1827,35,0,21,7,0.6000,0.2000,0.3333,2026-08-13T03:30:26.000Z,2026-07-28T10:19:52.000Z,19,3
HCP1830,44,3,27,13,0.6136,0.2955,0.4815,2026-08-15T00:00:00.000Z,2026-08-15T00:00:00.000Z,1,1
HCP1834,43,1,23,10,0.5349,0.2326,0.4348,2026-08-12T21:37:05.000Z,2026-07-31T10:16:38.000Z,16,4
HCP1856,34,1,22,9,0.6471,0.2647,0.4091,2026-08-14T11:26:02.000Z,2026-08-10T10:17:29.000Z,6,2
HCP1866,32,2,20,7,0.6250,0.2188,0.3500,2026-08-13T18:46:15.000Z,2026-08-13T18:46:15.000Z,3,3
HCP1871,27,0,16,4,0.5926,0.1481,0.2500,2026-08-12T18:00:47.000Z,2026-08-12T18:00:47.000Z,4,4
HCP1880,54,3,24,7,0.4444,0.1296,0.2917,2026-08-15T00:00:00.000Z,2026-08-15T00:00:00.000Z,1,1
HCP1897,47,5,15,1,0.3191,0.0213,0.0667,2026-08-08T12:49:04.000Z,2026-08-08T12:49:04.000Z,8,8
HCP1914,54,1,38,21,0.7037,0.3889,0.5526,2026-08-14T14:05:53.000Z,2026-08-14T14:05:53.000Z,2,2
HCP1926,43,1,30,9,0.6977,0.2093,0.3000,2026-08-01T13:33:53.000Z,2026-08-01T13:33:53.000Z,15,15
HCP1934,39,2,28,21,0.7179,0.5385,0.7500,2026-07-28T21:01:43.000Z,2026-07-28T21:01:43.000Z,19,19
HCP1958,37,1,14,5,0.3784,0.1351,0.3571,2026-08-13T22:52:02.000Z,2026-08-13T22:07:01.000Z,3,3
HCP1960,38,1,22,10,0.5789,0.2632,0.4545,2026-08-06T15:28:17.000Z,2026-08-06T15:28:17.000Z,10,10
HCP1969,28,0,11,5,0.3929,0.1786,0.4545,2026-08-10T21:49:56.000Z,2026-08-10T15:03:46.000Z,6,6
HCP1976,48,1,19,5,0.3958,0.1042,0.2632,2026-08-13T13:05:46.000Z,2026-08-13T13:05:46.000Z,3,3
HCP0019,53,2,30,15,0.5660,0.2830,0.5000,2026-08-15T00:00:00.000Z,2026-08-15T00:00:00.000Z,1,1
HCP0038,51,0,37,17,0.7255,0.3333,0.4595,2026-08-15T00:00:00.000Z,2026-08-15T00:00:00.000Z,1,1
HCP0050,43,3,15,10,0.3488,0.2326,0.6667,2026-08-13T20:50:14.000Z,2026-07-16T17:30:58.000Z,31,3
HCP0056,30,1,10,0,0.3333,0.0000,0.0000,2026-08-01T05:47:38.000Z,2026-07-29T06:11:07.000Z,18,15
HCP0060,38,0,21,13,0.5526,0.3421,0.6190,2026-07-27T15:45:44.000Z,2026-07-27T15:45:44.000Z,20,20
HCP0064,25,1,8,1,0.3200,0.0400,0.1250,2026-08-14T14:37:23.000Z,2026-08-03T11:56:50.000Z,13,2
HCP0112,41,1,23,9,0.5610,0.2195,0.3913,2026-08-13T21:21:07.000Z,2026-08-11T00:27:24.000Z,5,3
HCP0115,46,5,29,16,0.6304,0.3478,0.5517,2026-08-12T17:41:17.000Z,2026-07-29T06:07:09.000Z,18,4
HCP0131,57,0,38,18,0.6667,0.3158,0.4737,2026-08-15T00:00:00.000Z,2026-08-15T00:00:00.000Z,1,1
HCP0135,54,2,35,16,0.6481,0.2963,0.4571,2026-08-12T00:14:28.000Z,2026-08-12T00:14:28.000Z,4,4
HCP0155,26,2,14,8,0.5385,0.3077,0.5714,2026-08-13T11:43:15.000Z,2026-07-21T11:33:51.000Z,26,3
HCP0157,54,3,26,3,0.4815,0.0556,0.1154,2026-08-14T22:18:48.000Z,2026-08-14T22:18:48.000Z,2,2
HCP0186,33,0,25,17,0.7576,0.5152,0.6800,2026-08-05T01:46:48.000Z,2026-08-02T07:55:29.000Z,14,11
HCP0279,53,0,32,14,0.6038,0.2642,0.4375,2026-08-12T06:22:52.000Z,2026-08-11T16:16:38.000Z,5,4
HCP0321,32,0,19,7,0.5938,0.2188,0.3684,2026-08-11T21:41:31.000Z,2026-08-07T02:27:24.000Z,9,5
HCP0348,35,5,20,6,0.5714,0.1714,0.3000,2026-08-07T07:17:44.000Z,2026-07-26T01:27:43.000Z,21,9
HCP0353,29,2,17,7,0.5862,0.2414,0.4118,2026-07-29T07:47:12.000Z,2026-07-29T07:47:12.000Z,18,18
HCP0419,45,2,25,10,0.5556,0.2222,0.4000,2026-08-12T17:43:28.000Z,2026-08-06T07:55:20.000Z,10,4
HCP0426,41,1,30,19,0.7317,0.4634,0.6333,2026-08-12T13:47:15.000Z,2026-08-08T05:14:09.000Z,8,4
HCP0434,37,2,15,6,0.4054,0.1622,0.4000,2026-08-12T10:15:31.000Z,2026-08-09T20:17:06.000Z,7,4
HCP0440,33,0,15,6,0.4545,0.1818,0.4000,2026-07-30T08:06:51.000Z,2026-07-30T08:06:51.000Z,17,17
HCP0459,36,1,20,8,0.5556,0.2222,0.4000,2026-07-30T20:04:11.000Z,2026-07-30T20:04:11.000Z,17,17
HCP0503,55,1,16,3,0.2909,0.0545,0.1875,2026-08-14T23:08:52.000Z,2026-07-21T03:58:10.000Z,26,2
HCP0526,53,5,27,11,0.5094,0.2075,0.4074,2026-08-08T05:02:26.000Z,2026-07-25T16:00:13.000Z,22,8
HCP0528,37,2,16,2,0.4324,0.0541,0.1250,2026-08-13T12:58:04.000Z,2026-08-04T05:00:02.000Z,12,3
HCP0540,39,1,31,20,0.7949,0.5128,0.6452,2026-08-08T06:32:23.000Z,2026-07-27T03:53:08.000Z,20,8
HCP0552,53,0,22,7,0.4151,0.1321,0.3182,2026-08-13T00:29:38.000Z,2026-08-13T00:29:38.000Z,3,3
HCP0570,33,2,19,8,0.5758,0.2424,0.4211,2026-08-14T18:47:42.000Z,2026-07-12T08:11:56.000Z,35,2
HCP0581,50,5,26,7,0.5200,0.1400,0.2692,2026-08-13T10:30:32.000Z,2026-08-10T23:19:41.000Z,6,3
HCP0600,36,1,13,7,0.3611,0.1944,0.5385,2026-08-14T06:02:30.000Z,2026-08-08T06:02:48.000Z,8,2
HCP0625,36,2,18,5,0.5000,0.1389,0.2778,2026-08-13T11:50:47.000Z,2026-06-13T15:36:07.000Z,64,3
HCP0627,55,0,30,10,0.5455,0.1818,0.3333,2026-08-14T00:57:09.000Z,2026-08-14T00:57:09.000Z,2,2
HCP0672,53,0,37,23,0.6981,0.4340,0.6216,2026-08-13T16:24:26.000Z,2026-08-07T23:16:52.000Z,9,3
HCP0674,43,0,23,10,0.5349,0.2326,0.4348,2026-07-27T03:30:49.000Z,2026-07-04T11:22:48.000Z,43,20
HCP0682,45,2,12,5,0.2667,0.1111,0.4167,2026-08-14T12:01:37.000Z,2026-08-14T12:01:37.000Z,2,2
HCP0700,47,0,29,11,0.6170,0.2340,0.3793,2026-08-11T08:19:16.000Z,2026-08-10T14:45:04.000Z,6,5
HCP0739,53,2,26,9,0.4906,0.1698,0.3462,2026-08-13T17:47:11.000Z,2026-08-13T17:47:11.000Z,3,3
HCP0742,44,2,20,12,0.4545,0.2727,0.6000,2026-08-05T19:23:13.000Z,2026-08-05T19:23:13.000Z,11,11
HCP0764,38,1,23,11,0.6053,0.2895,0.4783,2026-08-11T02:01:31.000Z,2026-08-11T02:01:31.000Z,5,5
HCP0767,53,0,34,19,0.6415,0.3585,0.5588,2026-08-15T00:00:00.000Z,2026-08-15T00:00:00.000Z,1,1
HCP0780,54,2,25,4,0.4630,0.0741,0.1600,2026-08-14T06:28:08.000Z,2026-08-14T06:28:08.000Z,2,2
HCP0840,36,0,22,6,0.6111,0.1667,0.2727,2026-08-07T03:44:54.000Z,2026-08-07T03:44:54.000Z,9,9
HCP0846,36,1,19,10,0.5278,0.2778,0.5263,2026-08-11T04:48:18.000Z,2026-07-26T20:19:21.000Z,21,5
HCP0855,45,0,34,20,0.7556,0.4444,0.5882,2026-08-11T18:59:01.000Z,2026-08-11T18:59:01.000Z,5,5
HCP0857,29,0,12,2,0.4138,0.0690,0.1667,2026-07-29T04:12:47.000Z,2026-07-24T23:40:41.000Z,23,18
HCP0920,56,1,39,19,0.6964,0.3393,0.4872,2026-08-13T14:05:49.000Z,2026-08-13T14:05:49.000Z,3,3
HCP0921,29,0,8,3,0.2759,0.1034,0.3750,2026-08-11T20:45:51.000Z,2026-08-11T20:45:51.000Z,5,5
HCP0929,50,0,25,8,0.5000,0.1600,0.3200,2026-08-13T12:57:51.000Z,2026-08-11T13:11:49.000Z,5,3
HCP0943,34,2,12,4,0.3529,0.1176,0.3333,2026-08-11T15:55:35.000Z,2026-07-18T10:05:24.000Z,29,5
HCP0950,45,1,24,11,0.5333,0.2444,0.4583,2026-08-07T10:34:20.000Z,2026-08-05T05:32:07.000Z,11,9
HCP0962,28,1,10,1,0.3571,0.0357,0.1000,2026-08-15T00:00:00.000Z,2026-08-15T00:00:00.000Z,1,1
HCP0970,29,0,17,10,0.5862,0.3448,0.5882,2026-08-14T12:07:08.000Z,2026-08-08T15:06:47.000Z,8,2
HCP1014,54,1,33,17,0.6111,0.3148,0.5152,2026-08-14T03:27:11.000Z,2026-08-10T07:41:03.000Z,6,2
HCP1040,52,0,27,10,0.5192,0.1923,0.3704,2026-08-13T17:09:50.000Z,2026-08-13T17:09:50.000Z,3,3
HCP1053,30,2,15,5,0.5000,0.1667,0.3333,2026-08-01T09:39:22.000Z,2026-08-01T09:39:22.000Z,15,15
HCP1080,25,1,9,3,0.3600,0.1200,0.3333,2026-08-01T20:40:33.000Z,2026-08-01T20:40:33.000Z,15,15
HCP1084,42,2,22,7,0.5238,0.1667,0.3182,2026-08-09T09:59:56.000Z,2026-08-07T08:02:40.000Z,9,7
HCP1153,33,1,18,10,0.5455,0.3030,0.5556,2026-08-09T13:32:48.000Z,2026-08-09T13:32:48.000Z,7,7
HCP1200,54,2,33,15,0.6111,0.2778,0.4545,2026-08-15T00:00:00.000Z,2026-08-15T00:00:00.000Z,1,1
HCP1214,48,0,22,8,0.4583,0.1667,0.3636,2026-08-13T13:35:37.000Z,2026-08-12T04:02:55.000Z,4,3
HCP1231,29,1,16,10,0.5517,0.3448,0.6250,2026-08-14T23:47:48.000Z,2026-08-13T14:00:08.000Z,3,2
HCP1233,53,3,20,4,0.3774,0.0755,0.2000,2026-08-12T22:08:06.000Z,2026-08-03T14:00:21.000Z,13,4
HCP1238,54,0,32,19,0.5926,0.3519,0.5938,2026-08-07T12:06:12.000Z,2026-08-07T12:06:12.000Z,9,9
HCP1239,42,1,28,15,0.6667,0.3571,0.5357,2026-08-14T09:25:33.000Z,2026-07-08T07:28:25.000Z,39,2
HCP1247,37,2,20,6,0.5405,0.1622,0.3000,2026-07-31T02:02:27.000Z,2026-07-31T02:02:27.000Z,16,16
HCP1248,52,2,24,9,0.4615,0.1731,0.3750,2026-08-06T20:56:14.000Z,2026-07-31T19:04:20.000Z,16,10
HCP1255,32,1,14,5,0.4375,0.1563,0.3571,2026-08-10T13:51:47.000Z,2026-08-10T13:51:47.000Z,6,6
HCP1279,55,1,27,12,0.4909,0.2182,0.4444,2026-08-06T05:46:37.000Z,2026-08-06T05:46:37.000Z,10,10
HCP1332,47,1,31,17,0.6596,0.3617,0.5484,2026-08-15T00:00:00.000Z,2026-08-15T00:00:00.000Z,1,1
HCP1336,35,0,14,5,0.4000,0.1429,0.3571,2026-08-14T22:30:32.000Z,2026-08-14T22:30:32.000Z,2,2
HCP1354,45,1,26,15,0.5778,0.3333,0.5769,2026-08-02T13:38:05.000Z,2026-08-02T13:38:05.000Z,14,14
HCP1357,30,1,22,7,0.7333,0.2333,0.3182,2026-08-13T18:11:59.000Z,2026-08-10T08:15:39.000Z,6,3
HCP1397,25,0,17,13,0.6800,0.5200,0.7647,2026-08-14T02:20:10.000Z,2026-08-14T02:20:10.000Z,2,2
HCP1412,49,0,31,10,0.6327,0.2041,0.3226,2026-08-07T21:45:28.000Z,2026-08-07T21:45:28.000Z,9,9
HCP1413,53,1,26,10,0.4906,0.1887,0.3846,2026-08-14T04:09:27.000Z,2026-08-03T22:02:59.000Z,13,2
HCP1421,26,2,16,7,0.6154,0.2692,0.4375,2026-08-06T04:18:22.000Z,2026-08-06T04:18:22.000Z,10,10
HCP1422,56,0,25,11,0.4464,0.1964,0.4400,2026-08-13T10:28:05.000Z,2026-08-13T10:28:05.000Z,3,3
HCP1428,32,1,17,12,0.5313,0.3750,0.7059,2026-08-13T22:14:25.000Z,2026-08-13T22:14:25.000Z,3,3
HCP1451,32,0,23,14,0.7188,0.4375,0.6087,2026-08-04T13:45:27.000Z,2026-08-03T01:58:41.000Z,13,12
HCP1457,36,1,13,3,0.3611,0.0833,0.2308,2026-07-21T18:50:55.000Z,2026-07-21T18:50:55.000Z,26,26
HCP1473,44,0,28,9,0.6364,0.2045,0.3214,2026-08-10T00:02:33.000Z,2026-08-06T07:06:03.000Z,10,6
HCP1529,32,1,16,7,0.5000,0.2188,0.4375,2026-07-30T20:50:02.000Z,2026-07-30T20:50:02.000Z,17,17
HCP1550,23,2,9,5,0.3913,0.2174,0.5556,2026-08-11T23:40:48.000Z,2026-08-11T23:40:48.000Z,5,5
HCP1562,26,1,8,0,0.3077,0.0000,0.0000,2026-08-15T00:00:00.000Z,2026-08-15T00:00:00.000Z,1,1
HCP1567,57,0,40,27,0.7018,0.4737,0.6750,2026-08-11T16:59:50.000Z,2026-08-11T16:59:50.000Z,5,5
HCP1601,53,1,35,13,0.6604,0.2453,0.3714,2026-08-02T07:44:50.000Z,2026-08-02T07:44:50.000Z,14,14
HCP1654,52,1,32,12,0.6154,0.2308,0.3750,2026-08-15T00:00:00.000Z,2026-08-15T00:00:00.000Z,1,1
HCP1659,35,0,25,11,0.7143,0.3143,0.4400,2026-08-04T23:55:10.000Z,2026-08-04T23:55:10.000Z,12,12
HCP1698,24,2,15,8,0.6250,0.3333,0.5333,2026-08-09T03:23:59.000Z,2026-08-09T03:23:59.000Z,7,7
HCP1704,50,1,26,9,0.5200,0.1800,0.3462,2026-08-14T21:03:55.000Z,2026-07-30T13:40:36.000Z,17,2
HCP1728,46,1,25,15,0.5435,0.3261,0.6000,2026-08-14T04:50:32.000Z,2026-08-08T08:26:18.000Z,8,2
HCP1744,25,1,15,8,0.6000,0.3200,0.5333,2026-07-29T15:20:10.000Z,2026-07-29T15:20:10.000Z,18,18
HCP1752,25,1,12,4,0.4800,0.1600,0.3333,2026-08-15T00:00:00.000Z,2026-08-15T00:00:00.000Z,1,1
HCP1780,40,3,14,2,0.3500,0.0500,0.1429,2026-08-10T19:09:33.000Z,2026-07-25T10:40:40.000Z,22,6
HCP1809,27,0,13,6,0.4815,0.2222,0.4615,2026-08-12T12:31:22.000Z,2026-08-04T04:38:57.000Z,12,4
HCP1843,30,0,17,5,0.5667,0.1667,0.2941,2026-08-13T19:14:42.000Z,2026-08-13T19:14:42.000Z,3,3
HCP1849,22,3,16,8,0.7273,0.3636,0.5000,2026-08-09T12:55:30.000Z,2026-08-09T12:55:30.000Z,7,7
HCP1853,26,0,15,6,0.5769,0.2308,0.4000,2026-07-19T13:35:10.000Z,2026-07-19T13:35:10.000Z,28,28
HCP1864,27,1,13,5,0.4815,0.1852,0.3846,2026-08-10T13:12:53.000Z,2026-08-01T10:49:54.000Z,15,6
HCP1867,45,0,13,4,0.2889,0.0889,0.3077,2026-08-08T23:14:40.000Z,2026-07-08T08:49:10.000Z,39,8
HCP1885,37,0,23,9,0.6216,0.2432,0.3913,2026-08-07T11:33:38.000Z,2026-08-07T11:33:38.000Z,9,9
HCP1894,38,1,17,3,0.4474,0.0789,0.1765,2026-08-01T20:20:43.000Z,2026-08-01T20:20:43.000Z,15,15
HCP1924,50,1,25,8,0.5000,0.1600,0.3200,2026-08-06T12:29:46.000Z,2026-08-03T05:19:19.000Z,13,10
HCP1932,54,3,24,10,0.4444,0.1852,0.4167,2026-08-15T00:00:00.000Z,2026-08-15T00:00:00.000Z,1,1
HCP1933,33,1,22,13,0.6667,0.3939,0.5909,2026-08-07T12:35:52.000Z,2026-08-07T12:35:52.000Z,9,9
HCP1935,58,0,30,18,0.5172,0.3103,0.6000,2026-08-10T00:10:45.000Z,2026-08-06T21:51:44.000Z,10,6
HCP1938,56,1,16,2,0.2857,0.0357,0.1250,2026-08-13T03:29:39.000Z,2026-07-24T01:24:51.000Z,23,3
HCP1939,33,0,20,12,0.6061,0.3636,0.6000,2026-08-02T00:42:59.000Z,2026-08-02T00:42:59.000Z,14,14
HCP1953,31,0,22,12,0.7097,0.3871,0.5455,2026-08-07T09:38:31.000Z,2026-08-07T09:38:31.000Z,9,9
HCP1963,52,3,32,23,0.6154,0.4423,0.7188,2026-08-12T06:45:14.000Z,2026-07-30T10:42:18.000Z,17,4
HCP2000,33,0,11,2,0.3333,0.0606,0.1818,2026-08-14T15:15:48.000Z,2026-07-26T08:12:03.000Z,21,2
