hcp_id,total_event_activities,event_registrations,event_attendance,event_attendance_rate,avg_event_attendance_duration,max_event_attendance_duration,event_questions,event_polls,last_event_activity,last_event_engagement,days_since_last_event_engagement,days_since_last_event_activity
HCP0016,5,3,2,0.6667,60.0,65.0,3.0,0.0,2026-07-22T09:00:00.000Z,2026-06-07T06:12:24.827Z,70,25
HCP0022,3,2,1,0.5000,50.0,50.0,3.0,0.0,2026-07-27T03:22:45.517Z,2026-07-27T03:22:45.517Z,20,20
HCP0036,7,4,3,0.7500,69.0,86.0,4.0,0.0,2026-04-18T06:02:04.137Z,2026-04-18T06:02:04.137Z,120,120
HCP0047,13,7,6,0.8571,47.0,83.0,6.0,0.0,2026-06-07T10:12:24.827Z,2026-06-07T10:12:24.827Z,70,70
HCP0069,4,3,1,0.3333,30.0,30.0,0.0,3.0,2026-07-21T09:00:00.000Z,2026-03-27T23:06:12.413Z,142,26
HCP0074,10,6,4,0.6667,48.75,71.0,6.0,0.0,2026-06-18T08:49:39.310Z,2026-03-20T21:47:35.172Z,149,59
HCP0087,5,3,2,0.6667,50.5,58.0,0.0,3.0,2026-06-21T15:49:39.310Z,2026-06-21T15:49:39.310Z,56,56
HCP0101,10,7,3,0.4286,73.0,92.0,0.0,3.0,2026-08-03T12:41:22.758Z,2026-08-03T12:41:22.758Z,13,13
HCP0109,4,2,2,1.0000,58.5,62.0,1.0,0.0,2026-07-05T18:26:53.793Z,2026-07-05T18:26:53.793Z,42,42
HCP0121,10,5,5,1.0000,37.6,84.0,0.0,3.0,2026-07-27T04:22:45.517Z,2026-07-27T04:22:45.517Z,20,20
HCP0136,6,3,3,1.0000,52.0,73.0,2.0,5.0,2026-05-31T02:53:47.586Z,2026-05-31T02:53:47.586Z,77,77
HCP0137,2,1,1,1.0000,41.0,41.0,0.0,0.0,2026-04-03T21:24:49.655Z,2026-04-03T21:24:49.655Z,135,135
HCP0146,4,2,2,1.0000,50.0,70.0,0.0,0.0,2026-04-25T10:20:41.379Z,2026-04-25T10:20:41.379Z,113,113
HCP0180,9,5,4,0.8000,66.25,91.0,2.0,7.0,2026-07-20T01:04:08.275Z,2026-07-20T01:04:08.275Z,27,27
HCP0226,5,3,2,0.6667,55.0,68.0,3.0,2.0,2026-07-20T06:04:08.275Z,2026-07-20T06:04:08.275Z,27,27
HCP0243,4,2,2,1.0000,30.0,41.0,3.0,4.0,2026-03-06T12:10:20.689Z,2026-03-06T12:10:20.689Z,163,163
HCP0251,5,3,2,0.6667,50.0,57.0,0.0,4.0,2026-07-18T07:22:45.517Z,2026-05-23T23:35:10.344Z,85,29
HCP0255,4,2,2,1.0000,49.0,56.0,0.0,4.0,2026-06-28T18:08:16.551Z,2026-06-28T18:08:16.551Z,49,49
HCP0256,5,3,2,0.6667,74.0,81.0,1.0,1.0,2026-06-20T13:49:39.310Z,2026-03-13T18:28:57.931Z,156,57
HCP0287,3,2,1,0.5000,82.0,82.0,3.0,0.0,2026-06-28T20:08:16.551Z,2026-06-28T20:08:16.551Z,49,49
HCP0318,17,9,8,0.8889,44.25,56.0,8.0,20.0,2026-06-27T23:26:53.793Z,2026-05-31T06:53:47.586Z,77,50
HCP0343,5,3,2,0.6667,65.0,91.0,0.0,4.0,2026-06-14T07:31:02.068Z,2026-06-14T07:31:02.068Z,63,63
HCP0352,3,2,1,0.5000,37.0,37.0,0.0,0.0,2026-08-10T12:00:00.000Z,2026-08-10T12:00:00.000Z,6,6
HCP0359,8,4,4,1.0000,56.75,97.0,6.0,7.0,2026-06-07T09:12:24.827Z,2026-06-07T09:12:24.827Z,70,70
HCP0403,6,3,3,1.0000,44.67,47.0,3.0,0.0,2026-07-13T01:45:31.034Z,2026-07-13T01:45:31.034Z,34,34
HCP0449,18,9,9,1.0000,63.33,111.0,6.0,12.0,2026-08-10T09:00:00.000Z,2026-08-10T09:00:00.000Z,6,6
HCP0452,5,3,2,0.6667,44.5,46.0,1.0,3.0,2026-06-23T19:45:31.034Z,2026-05-31T00:53:47.586Z,77,54
HCP0457,6,4,2,0.5000,70.5,90.0,0.0,3.0,2026-07-20T06:04:08.275Z,2026-07-20T06:04:08.275Z,27,27
HCP0470,5,3,2,0.6667,53.0,68.0,1.0,2.0,2026-03-27T21:24:49.655Z,2026-03-20T17:47:35.172Z,149,142
HCP0479,7,4,3,0.7500,62.0,71.0,3.0,5.0,2026-07-27T02:22:45.517Z,2026-07-27T02:22:45.517Z,20,20
HCP0480,2,2,0,0.0000,0.0,0.0,0.0,0.0,2026-06-28T23:45:31.034Z,null,null,49
HCP0489,1,1,0,0.0000,0.0,0.0,0.0,0.0,2026-01-05T19:18:37.241Z,null,null,223
HCP0496,5,3,2,0.6667,49.0,73.0,0.0,3.0,2026-06-18T22:08:16.551Z,2026-06-07T05:12:24.827Z,70,59
HCP0510,7,5,2,0.4000,44.5,63.0,0.0,6.0,2026-07-20T09:41:22.758Z,2026-04-18T06:02:04.137Z,120,27
HCP0516,12,6,6,1.0000,56.17,89.0,5.0,11.0,2026-05-09T16:57:55.862Z,2026-05-09T16:57:55.862Z,99,99
HCP0518,4,2,2,1.0000,37.0,40.0,2.0,4.0,2026-07-27T02:22:45.517Z,2026-07-27T02:22:45.517Z,20,20
HCP0524,6,4,2,0.5000,64.5,71.0,0.0,2.0,2026-08-03T11:41:22.758Z,2026-08-03T11:41:22.758Z,13,13
HCP0533,7,4,3,0.7500,64.0,99.0,2.0,6.0,2026-07-05T19:26:53.793Z,2026-07-05T19:26:53.793Z,42,42
HCP0537,12,6,6,1.0000,46.67,67.0,0.0,6.0,2026-06-21T14:49:39.310Z,2026-06-21T14:49:39.310Z,56,56
HCP0554,1,1,0,0.0000,0.0,0.0,0.0,0.0,2026-05-06T19:16:33.103Z,null,null,102
HCP0569,7,4,3,0.7500,37.0,45.0,5.0,6.0,2026-07-12T23:45:31.034Z,2026-07-12T23:45:31.034Z,35,35
HCP0602,5,3,2,0.6667,67.0,110.0,3.0,4.0,2026-06-07T08:12:24.827Z,2026-06-07T08:12:24.827Z,70,70
HCP0608,7,4,3,0.7500,54.0,75.0,0.0,2.0,2026-06-28T19:08:16.551Z,2026-06-28T19:08:16.551Z,49,49
HCP0613,2,1,1,1.0000,61.0,61.0,3.0,0.0,2026-06-07T04:12:24.827Z,2026-06-07T04:12:24.827Z,70,70
HCP0630,4,3,1,0.3333,33.0,33.0,1.0,0.0,2026-05-04T02:35:10.344Z,2026-04-03T21:24:49.655Z,135,104
HCP0644,14,8,6,0.7500,51.83,97.0,5.0,11.0,2026-07-13T00:45:31.034Z,2026-07-13T00:45:31.034Z,34,34
HCP0675,8,6,2,0.3333,31.0,39.0,3.0,0.0,2026-08-10T09:00:00.000Z,2026-08-10T09:00:00.000Z,6,6
HCP0681,7,5,2,0.4000,57.5,67.0,0.0,0.0,2026-06-19T15:26:53.793Z,2026-06-07T07:12:24.827Z,70,58
HCP0685,2,1,1,1.0000,78.0,78.0,0.0,0.0,2026-04-25T09:20:41.379Z,2026-04-25T09:20:41.379Z,113,113
HCP0731,12,7,5,0.7143,46.4,67.0,3.0,4.0,2026-08-03T09:41:22.758Z,2026-08-03T09:41:22.758Z,13,13
HCP0759,6,4,2,0.5000,61.5,89.0,0.0,0.0,2026-07-13T01:45:31.034Z,2026-07-13T01:45:31.034Z,34,34
HCP0777,8,4,4,1.0000,64.5,85.0,3.0,5.0,2026-07-05T17:26:53.793Z,2026-07-05T17:26:53.793Z,42,42
HCP0792,7,4,3,0.7500,56.33,77.0,0.0,3.0,2026-06-28T20:26:53.793Z,2026-05-09T20:57:55.862Z,99,49
HCP0802,5,3,2,0.6667,44.0,58.0,2.0,3.0,2026-07-12T22:45:31.034Z,2026-07-12T22:45:31.034Z,35,35
HCP0806,4,2,2,1.0000,78.0,108.0,3.0,2.0,2026-08-03T08:41:22.758Z,2026-08-03T08:41:22.758Z,13,13
HCP0808,7,4,3,0.7500,33.0,43.0,4.0,6.0,2026-07-26T05:41:22.758Z,2026-05-31T01:53:47.586Z,77,21
HCP0822,6,4,2,0.5000,67.0,82.0,0.0,3.0,2026-07-16T04:04:08.275Z,2026-02-20T02:33:06.206Z,177,31
HCP0831,14,7,7,1.0000,41.43,55.0,11.0,7.0,2026-06-14T06:31:02.068Z,2026-06-14T06:31:02.068Z,63,63
HCP0853,8,5,3,0.6000,50.33,75.0,2.0,6.0,2026-04-25T10:20:41.379Z,2026-04-25T10:20:41.379Z,113,113
HCP0859,12,7,5,0.7143,55.2,102.0,2.0,2.0,2026-08-10T16:00:00.000Z,2026-08-10T16:00:00.000Z,6,6
HCP0897,3,2,1,0.5000,34.0,34.0,0.0,0.0,2026-06-04T04:12:24.827Z,2026-05-16T23:16:33.103Z,92,73
HCP0912,5,3,2,0.6667,34.0,49.0,6.0,2.0,2026-07-12T21:45:31.034Z,2026-07-12T21:45:31.034Z,35,35
HCP0926,7,4,3,0.7500,61.67,109.0,2.0,5.0,2026-06-07T07:12:24.827Z,2026-06-07T07:12:24.827Z,70,70
HCP0933,9,5,4,0.8000,45.0,52.0,0.0,3.0,2026-08-03T06:41:22.758Z,2026-08-03T06:41:22.758Z,13,13
HCP0937,9,5,4,0.8000,70.0,93.0,4.0,1.0,2026-08-10T14:00:00.000Z,2026-08-10T14:00:00.000Z,6,6
HCP0938,2,1,1,1.0000,49.0,49.0,0.0,1.0,2026-05-16T18:16:33.103Z,2026-05-16T18:16:33.103Z,92,92
HCP0949,3,2,1,0.5000,32.0,32.0,0.0,0.0,2026-07-27T08:22:45.517Z,2026-07-27T08:22:45.517Z,20,20
HCP0975,7,4,3,0.7500,47.33,65.0,0.0,0.0,2026-07-16T08:04:08.275Z,2026-05-31T05:53:47.586Z,77,31
HCP1008,9,5,4,0.8000,64.75,79.0,5.0,14.0,2026-07-20T02:04:08.275Z,2026-07-20T02:04:08.275Z,27,27
HCP1034,3,2,1,0.5000,25.0,25.0,0.0,0.0,2026-05-18T09:12:24.827Z,2026-04-03T23:24:49.655Z,135,90
HCP1058,2,1,1,1.0000,54.0,54.0,0.0,0.0,2026-04-18T04:02:04.137Z,2026-04-18T04:02:04.137Z,120,120
HCP1079,8,5,3,0.6000,52.0,67.0,0.0,3.0,2026-07-11T04:45:31.034Z,2026-06-28T15:08:16.551Z,49,36
HCP1133,8,5,3,0.6000,28.0,38.0,0.0,1.0,2026-08-10T11:00:00.000Z,2026-08-10T11:00:00.000Z,6,6
HCP1135,8,5,3,0.6000,53.67,60.0,1.0,3.0,2026-06-28T18:08:16.551Z,2026-06-28T18:08:16.551Z,49,49
HCP1142,12,6,6,1.0000,56.33,79.0,2.0,6.0,2026-08-03T12:41:22.758Z,2026-08-03T12:41:22.758Z,13,13
HCP1155,6,3,3,1.0000,48.0,76.0,3.0,6.0,2026-07-27T07:22:45.517Z,2026-07-27T07:22:45.517Z,20,20
HCP1161,9,5,4,0.8000,63.5,99.0,0.0,5.0,2026-08-03T09:41:22.758Z,2026-08-03T09:41:22.758Z,13,13
HCP1166,6,4,2,0.5000,46.5,62.0,0.0,3.0,2026-07-26T06:41:22.758Z,2026-05-24T00:35:10.344Z,84,21
HCP1187,5,3,2,0.6667,61.5,93.0,0.0,2.0,2026-05-09T18:57:55.862Z,2026-05-09T18:57:55.862Z,99,99
HCP1190,7,4,3,0.7500,63.0,87.0,3.0,4.0,2026-07-25T11:41:22.758Z,2026-06-14T10:31:02.068Z,63,22
HCP1207,8,5,3,0.6000,35.0,49.0,0.0,0.0,2026-08-07T18:00:00.000Z,2026-05-09T19:57:55.862Z,99,9
HCP1230,2,2,0,0.0000,0.0,0.0,0.0,0.0,2026-06-08T15:31:02.068Z,null,null,69
HCP1232,13,7,6,0.8571,54.5,108.0,0.0,13.0,2026-08-10T11:00:00.000Z,2026-08-10T11:00:00.000Z,6,6
HCP1236,13,7,6,0.8571,34.5,46.0,1.0,4.0,2026-07-27T09:22:45.517Z,2026-07-27T09:22:45.517Z,20,20
HCP1241,2,2,0,0.0000,0.0,0.0,0.0,0.0,2026-05-07T03:35:10.344Z,null,null,101
HCP1306,11,6,5,0.8333,55.8,93.0,4.0,0.0,2026-06-28T18:08:16.551Z,2026-06-28T18:08:16.551Z,49,49
HCP1337,11,6,5,0.8333,56.8,83.0,8.0,8.0,2026-06-14T09:31:02.068Z,2026-06-14T09:31:02.068Z,63,63
HCP1340,3,2,1,0.5000,27.0,27.0,0.0,0.0,2026-06-14T08:31:02.068Z,2026-06-14T08:31:02.068Z,63,63
HCP1353,14,8,6,0.7500,62.33,107.0,3.0,1.0,2026-08-03T08:41:22.758Z,2026-08-03T08:41:22.758Z,13,13
HCP1359,10,6,4,0.6667,56.5,70.0,3.0,4.0,2026-07-27T05:22:45.517Z,2026-07-27T05:22:45.517Z,20,20
HCP1368,8,4,4,1.0000,46.0,61.0,1.0,7.0,2026-06-21T10:49:39.310Z,2026-06-21T10:49:39.310Z,56,56
HCP1390,3,2,1,0.5000,26.0,26.0,0.0,0.0,2026-06-06T10:31:02.068Z,2026-05-02T12:39:18.620Z,106,71
HCP1403,8,5,3,0.6000,52.33,58.0,0.0,6.0,2026-08-10T12:00:00.000Z,2026-08-10T12:00:00.000Z,6,6
HCP1429,5,3,2,0.6667,29.5,37.0,1.0,2.0,2026-08-10T10:00:00.000Z,2026-08-10T10:00:00.000Z,6,6
HCP1433,4,2,2,1.0000,74.0,81.0,0.0,1.0,2026-06-07T03:12:24.827Z,2026-06-07T03:12:24.827Z,70,70
HCP1438,8,5,3,0.6000,47.0,51.0,0.0,4.0,2026-06-28T16:08:16.551Z,2026-06-28T16:08:16.551Z,49,49
HCP1452,4,2,2,1.0000,30.5,31.0,3.0,1.0,2026-05-02T11:39:18.620Z,2026-05-02T11:39:18.620Z,106,106
HCP1468,13,7,6,0.8571,54.83,89.0,6.0,5.0,2026-08-10T16:00:00.000Z,2026-08-10T16:00:00.000Z,6,6
HCP1479,6,4,2,0.5000,26.5,28.0,0.0,0.0,2026-07-30T13:00:00.000Z,2026-05-02T16:39:18.620Z,106,17
HCP1501,2,1,1,1.0000,24.0,24.0,0.0,0.0,2026-05-02T13:39:18.620Z,2026-05-02T13:39:18.620Z,106,106
HCP1519,9,5,4,0.8000,50.75,56.0,3.0,5.0,2026-08-10T13:00:00.000Z,2026-08-10T13:00:00.000Z,6,6
HCP1531,7,5,2,0.4000,66.0,83.0,1.0,4.0,2026-04-30T19:39:18.620Z,2026-02-27T04:51:43.448Z,170,108
HCP1548,7,4,3,0.7500,53.0,86.0,3.0,5.0,2026-06-28T19:08:16.551Z,2026-06-28T19:08:16.551Z,49,49
HCP1553,10,5,5,1.0000,55.6,94.0,5.0,4.0,2026-05-24T03:35:10.344Z,2026-05-24T03:35:10.344Z,84,84
HCP1556,6,4,2,0.5000,39.0,45.0,0.0,0.0,2026-06-21T13:08:16.551Z,2026-03-20T20:47:35.172Z,149,56
HCP1569,16,9,7,0.7778,52.43,79.0,3.0,10.0,2026-08-10T15:00:00.000Z,2026-08-10T15:00:00.000Z,6,6
HCP1575,7,4,3,0.7500,50.0,62.0,0.0,3.0,2026-08-10T16:00:00.000Z,2026-08-10T16:00:00.000Z,6,6
HCP1579,5,3,2,0.6667,37.5,42.0,2.0,0.0,2026-04-18T16:20:41.379Z,2026-02-27T06:51:43.448Z,170,120
HCP1584,7,5,2,0.4000,55.0,58.0,0.0,4.0,2026-06-07T04:12:24.827Z,2026-06-07T04:12:24.827Z,70,70
HCP1599,7,4,3,0.7500,46.33,53.0,3.0,4.0,2026-08-10T13:00:00.000Z,2026-08-10T13:00:00.000Z,6,6
HCP1602,3,2,1,0.5000,41.0,41.0,0.0,0.0,2026-06-01T11:49:39.310Z,2026-01-22T12:18:37.241Z,206,76
HCP1615,5,4,1,0.2500,34.0,34.0,0.0,2.0,2026-06-05T12:31:02.068Z,2026-02-13T03:14:28.965Z,184,72
HCP1634,3,2,1,0.5000,51.0,51.0,1.0,0.0,2026-04-03T21:24:49.655Z,2026-04-03T21:24:49.655Z,135,135
HCP1642,6,3,3,1.0000,47.0,60.0,6.0,1.0,2026-05-23T22:35:10.344Z,2026-05-23T22:35:10.344Z,85,85
HCP1650,6,3,3,1.0000,47.0,54.0,3.0,7.0,2026-06-21T10:49:39.310Z,2026-06-21T10:49:39.310Z,56,56
HCP1664,9,5,4,0.8000,53.25,86.0,0.0,2.0,2026-08-10T12:00:00.000Z,2026-08-10T12:00:00.000Z,6,6
HCP1680,8,4,4,1.0000,61.0,69.0,7.0,8.0,2026-06-21T13:49:39.310Z,2026-06-21T13:49:39.310Z,56,56
HCP1682,8,5,3,0.6000,68.67,94.0,0.0,5.0,2026-07-20T04:04:08.275Z,2026-07-20T04:04:08.275Z,27,27
HCP1690,1,1,0,0.0000,0.0,0.0,0.0,0.0,2026-04-12T13:39:18.620Z,null,null,126
HCP1734,4,2,2,1.0000,38.5,49.0,0.0,0.0,2026-05-02T11:39:18.620Z,2026-05-02T11:39:18.620Z,106,106
HCP1740,6,4,2,0.5000,62.5,78.0,2.0,4.0,2026-08-03T10:41:22.758Z,2026-08-03T10:41:22.758Z,13,13
HCP1786,3,2,1,0.5000,34.0,34.0,0.0,0.0,2026-06-21T09:49:39.310Z,2026-06-21T09:49:39.310Z,56,56
HCP1799,5,4,1,0.2500,65.0,65.0,0.0,1.0,2026-08-08T14:00:00.000Z,2026-03-20T19:47:35.172Z,149,8
HCP1828,10,6,4,0.6667,63.0,113.0,3.0,4.0,2026-06-21T11:49:39.310Z,2026-06-21T11:49:39.310Z,56,56
HCP1859,6,4,2,0.5000,42.5,61.0,3.0,1.0,2026-07-27T09:22:45.517Z,2026-07-27T09:22:45.517Z,20,20
HCP1879,11,6,5,0.8333,56.2,79.0,4.0,4.0,2026-08-03T07:41:22.758Z,2026-08-03T07:41:22.758Z,13,13
HCP1893,10,5,5,1.0000,60.0,88.0,8.0,10.0,2026-08-03T12:41:22.758Z,2026-08-03T12:41:22.758Z,13,13
HCP1908,4,4,0,0.0000,0.0,0.0,0.0,0.0,2026-08-08T13:00:00.000Z,null,null,8
HCP1965,11,6,5,0.8333,52.6,76.0,4.0,3.0,2026-07-23T10:41:22.758Z,2026-05-24T02:35:10.344Z,84,24
HCP1977,11,6,5,0.8333,46.2,76.0,3.0,9.0,2026-07-05T20:26:53.793Z,2026-07-05T20:26:53.793Z,42,42
HCP1978,7,4,3,0.7500,54.33,82.0,1.0,6.0,2026-06-07T05:12:24.827Z,2026-06-07T05:12:24.827Z,70,70
HCP1982,4,3,1,0.3333,114.0,114.0,0.0,0.0,2026-08-03T10:41:22.758Z,2026-08-03T10:41:22.758Z,13,13
HCP0001,4,2,2,1.0000,31.5,43.0,1.0,2.0,2026-06-28T19:08:16.551Z,2026-06-28T19:08:16.551Z,49,49
HCP0027,3,2,1,0.5000,45.0,45.0,0.0,0.0,2026-06-28T20:08:16.551Z,2026-06-28T20:08:16.551Z,49,49
HCP0041,3,2,1,0.5000,69.0,69.0,3.0,0.0,2026-04-25T12:20:41.379Z,2026-04-25T12:20:41.379Z,113,113
HCP0061,6,4,2,0.5000,61.5,75.0,2.0,0.0,2026-07-20T02:04:08.275Z,2026-07-20T02:04:08.275Z,27,27
HCP0098,4,2,2,1.0000,36.0,37.0,2.0,5.0,2026-05-09T17:57:55.862Z,2026-05-09T17:57:55.862Z,99,99
HCP0106,5,3,2,0.6667,68.5,91.0,0.0,4.0,2026-07-27T04:41:22.758Z,2026-05-24T03:35:10.344Z,84,20
HCP0110,10,6,4,0.6667,44.0,66.0,2.0,2.0,2026-07-28T05:41:22.758Z,2026-06-14T13:31:02.068Z,63,19
HCP0117,6,3,3,1.0000,41.0,51.0,1.0,0.0,2026-05-16T23:16:33.103Z,2026-05-16T23:16:33.103Z,92,92
HCP0141,4,2,2,1.0000,27.0,35.0,0.0,4.0,2026-05-02T14:39:18.620Z,2026-05-02T14:39:18.620Z,106,106
HCP0152,5,3,2,0.6667,65.5,111.0,0.0,8.0,2026-08-03T08:41:22.758Z,2026-08-03T08:41:22.758Z,13,13
HCP0156,8,6,2,0.3333,60.0,73.0,1.0,0.0,2026-07-15T05:41:22.758Z,2026-05-09T14:57:55.862Z,99,32
HCP0168,9,6,3,0.5000,47.33,69.0,2.0,8.0,2026-07-27T07:22:45.517Z,2026-07-27T07:22:45.517Z,20,20
HCP0188,13,7,6,0.8571,49.67,77.0,5.0,6.0,2026-06-14T08:31:02.068Z,2026-06-14T08:31:02.068Z,63,63
HCP0194,5,4,1,0.2500,47.0,47.0,2.0,0.0,2026-05-16T23:16:33.103Z,2026-05-16T23:16:33.103Z,92,92
HCP0200,7,4,3,0.7500,51.67,68.0,5.0,0.0,2026-07-20T03:04:08.275Z,2026-07-20T03:04:08.275Z,27,27
HCP0223,6,3,3,1.0000,43.67,44.0,3.0,3.0,2026-05-09T17:57:55.862Z,2026-05-09T17:57:55.862Z,99,99
HCP0233,11,6,5,0.8333,45.6,70.0,10.0,3.0,2026-06-28T13:08:16.551Z,2026-06-28T13:08:16.551Z,49,49
HCP0236,3,2,1,0.5000,27.0,27.0,0.0,1.0,2026-07-23T13:41:22.758Z,2026-02-20T06:33:06.206Z,177,24
HCP0258,8,5,3,0.6000,42.67,48.0,0.0,0.0,2026-07-27T06:22:45.517Z,2026-07-27T06:22:45.517Z,20,20
HCP0284,3,2,1,0.5000,53.0,53.0,3.0,2.0,2026-08-03T12:41:22.758Z,2026-08-03T12:41:22.758Z,13,13
HCP0297,8,4,4,1.0000,43.0,55.0,3.0,4.0,2026-05-16T21:16:33.103Z,2026-05-16T21:16:33.103Z,92,92
HCP0334,8,5,3,0.6000,48.0,61.0,3.0,6.0,2026-07-12T20:45:31.034Z,2026-07-12T20:45:31.034Z,35,35
HCP0342,7,4,3,0.7500,49.33,60.0,4.0,2.0,2026-08-06T09:00:00.000Z,2026-07-05T17:26:53.793Z,42,10
HCP0362,4,2,2,1.0000,44.0,51.0,2.0,3.0,2026-06-28T14:08:16.551Z,2026-06-28T14:08:16.551Z,49,49
HCP0373,8,4,4,1.0000,41.5,50.0,0.0,2.0,2026-07-27T03:22:45.517Z,2026-07-27T03:22:45.517Z,20,20
HCP0382,3,2,1,0.5000,39.0,39.0,0.0,0.0,2026-04-13T13:20:41.379Z,2026-01-22T17:18:37.241Z,206,125
HCP0401,6,3,3,1.0000,65.67,112.0,0.0,0.0,2026-08-03T06:41:22.758Z,2026-08-03T06:41:22.758Z,13,13
HCP0407,6,4,2,0.5000,46.5,48.0,3.0,5.0,2026-07-27T07:22:45.517Z,2026-07-27T07:22:45.517Z,20,20
HCP0409,7,4,3,0.7500,41.33,59.0,2.0,2.0,2026-06-19T16:08:16.551Z,2026-05-16T21:16:33.103Z,92,58
HCP0471,4,2,2,1.0000,34.0,39.0,1.0,0.0,2026-06-14T09:31:02.068Z,2026-06-14T09:31:02.068Z,63,63
HCP0499,8,5,3,0.6000,65.0,90.0,3.0,0.0,2026-07-05T23:26:53.793Z,2026-07-05T23:26:53.793Z,42,42
HCP0556,2,1,1,1.0000,31.0,31.0,0.0,2.0,2026-05-02T16:39:18.620Z,2026-05-02T16:39:18.620Z,106,106
HCP0561,2,1,1,1.0000,47.0,47.0,0.0,2.0,2026-06-21T14:49:39.310Z,2026-06-21T14:49:39.310Z,56,56
HCP0575,3,2,1,0.5000,61.0,61.0,0.0,2.0,2026-03-13T11:28:57.931Z,2026-03-13T11:28:57.931Z,156,156
HCP0597,5,3,2,0.6667,34.5,41.0,3.0,0.0,2026-08-01T11:41:22.758Z,2026-05-09T19:57:55.862Z,99,15
HCP0609,10,5,5,1.0000,45.2,66.0,4.0,7.0,2026-07-12T23:45:31.034Z,2026-07-12T23:45:31.034Z,35,35
HCP0620,4,2,2,1.0000,33.0,38.0,0.0,0.0,2026-03-27T22:06:12.413Z,2026-03-27T22:06:12.413Z,142,142
HCP0624,2,1,1,1.0000,44.0,44.0,1.0,2.0,2026-05-02T14:39:18.620Z,2026-05-02T14:39:18.620Z,106,106
HCP0633,11,6,5,0.8333,67.2,108.0,0.0,1.0,2026-07-20T00:04:08.275Z,2026-07-20T00:04:08.275Z,27,27
HCP0635,9,5,4,0.8000,65.25,96.0,7.0,8.0,2026-07-27T09:22:45.517Z,2026-07-27T09:22:45.517Z,20,20
HCP0637,1,1,0,0.0000,0.0,0.0,0.0,0.0,2026-01-20T13:18:37.241Z,null,null,208
HCP0655,5,3,2,0.6667,43.0,51.0,0.0,0.0,2026-05-16T21:16:33.103Z,2026-05-16T21:16:33.103Z,92,92
HCP0677,3,2,1,0.5000,28.0,28.0,0.0,0.0,2026-05-31T03:53:47.586Z,2026-05-31T03:53:47.586Z,77,77
HCP0683,13,8,5,0.6250,71.4,107.0,3.0,5.0,2026-08-03T09:00:00.000Z,2026-08-03T08:41:22.758Z,13,13
HCP0722,1,1,0,0.0000,0.0,0.0,0.0,0.0,2026-01-16T21:37:14.482Z,null,null,212
HCP0745,3,2,1,0.5000,80.0,80.0,0.0,0.0,2026-03-13T14:28:57.931Z,2026-03-13T14:28:57.931Z,156,156
HCP0749,4,2,2,1.0000,46.0,70.0,1.0,0.0,2026-04-25T07:20:41.379Z,2026-04-25T07:20:41.379Z,113,113
HCP0788,8,4,4,1.0000,31.75,38.0,5.0,12.0,2026-08-10T15:00:00.000Z,2026-08-10T15:00:00.000Z,6,6
HCP0810,4,2,2,1.0000,48.5,49.0,1.0,4.0,2026-04-25T13:20:41.379Z,2026-04-25T13:20:41.379Z,113,113
HCP0814,9,5,4,0.8000,44.75,64.0,6.0,10.0,2026-07-02T03:04:08.275Z,2026-06-21T09:49:39.310Z,56,45
HCP0817,6,3,3,1.0000,50.67,79.0,0.0,0.0,2026-05-30T23:53:47.586Z,2026-05-30T23:53:47.586Z,78,78
HCP0833,6,3,3,1.0000,72.33,94.0,0.0,3.0,2026-07-05T19:26:53.793Z,2026-07-05T19:26:53.793Z,42,42
HCP0839,9,5,4,0.8000,52.75,68.0,3.0,2.0,2026-06-07T03:12:24.827Z,2026-06-07T03:12:24.827Z,70,70
HCP0845,11,6,5,0.8333,61.0,86.0,1.0,0.0,2026-05-31T03:53:47.586Z,2026-05-31T03:53:47.586Z,77,77
HCP0852,10,5,5,1.0000,56.2,83.0,7.0,4.0,2026-07-05T17:26:53.793Z,2026-07-05T17:26:53.793Z,42,42
HCP0907,4,2,2,1.0000,27.0,29.0,6.0,3.0,2026-04-04T03:24:49.655Z,2026-04-04T03:24:49.655Z,134,134
HCP0917,10,5,5,1.0000,31.4,47.0,4.0,8.0,2026-06-07T08:12:24.827Z,2026-06-07T08:12:24.827Z,70,70
HCP0918,4,2,2,1.0000,84.5,105.0,2.0,2.0,2026-07-27T07:22:45.517Z,2026-07-27T07:22:45.517Z,20,20
HCP0947,8,6,2,0.3333,68.5,114.0,0.0,0.0,2026-06-25T23:26:53.793Z,2026-06-07T06:12:24.827Z,70,52
HCP0961,3,2,1,0.5000,25.0,25.0,3.0,0.0,2026-05-16T23:16:33.103Z,2026-05-16T23:16:33.103Z,92,92
HCP0980,4,2,2,1.0000,65.5,79.0,3.0,3.0,2026-08-03T09:41:22.758Z,2026-08-03T09:41:22.758Z,13,13
HCP0982,4,2,2,1.0000,56.0,73.0,0.0,0.0,2026-07-20T02:04:08.275Z,2026-07-20T02:04:08.275Z,27,27
HCP0995,9,5,4,0.8000,63.75,72.0,0.0,9.0,2026-07-27T06:22:45.517Z,2026-07-27T06:22:45.517Z,20,20
HCP1029,5,3,2,0.6667,60.0,72.0,0.0,0.0,2026-07-27T07:22:45.517Z,2026-07-27T07:22:45.517Z,20,20
HCP1033,3,2,1,0.5000,40.0,40.0,0.0,0.0,2026-07-05T22:26:53.793Z,2026-07-05T22:26:53.793Z,42,42
HCP1042,13,7,6,0.8571,58.67,84.0,4.0,8.0,2026-08-10T16:00:00.000Z,2026-08-10T16:00:00.000Z,6,6
HCP1043,6,4,2,0.5000,38.5,46.0,3.0,3.0,2026-06-24T01:45:31.034Z,2026-04-04T02:24:49.655Z,134,53
HCP1072,6,3,3,1.0000,49.33,61.0,2.0,3.0,2026-06-21T12:49:39.310Z,2026-06-21T12:49:39.310Z,56,56
HCP1090,12,7,5,0.7143,41.4,60.0,4.0,6.0,2026-06-25T01:26:53.793Z,2026-06-21T11:49:39.310Z,56,52
HCP1094,2,1,1,1.0000,42.0,42.0,1.0,2.0,2026-06-14T12:31:02.068Z,2026-06-14T12:31:02.068Z,63,63
HCP1106,5,3,2,0.6667,43.0,62.0,0.0,0.0,2026-03-28T05:43:26.896Z,2026-03-20T20:47:35.172Z,149,141
HCP1117,2,1,1,1.0000,29.0,29.0,2.0,1.0,2026-08-10T13:00:00.000Z,2026-08-10T13:00:00.000Z,6,6
HCP1134,5,3,2,0.6667,45.0,47.0,3.0,0.0,2026-06-28T16:08:16.551Z,2026-06-28T16:08:16.551Z,49,49
HCP1138,2,1,1,1.0000,47.0,47.0,1.0,0.0,2026-08-10T10:00:00.000Z,2026-08-10T10:00:00.000Z,6,6
HCP1199,8,4,4,1.0000,50.5,86.0,6.0,3.0,2026-07-27T03:22:45.517Z,2026-07-27T03:22:45.517Z,20,20
HCP1201,5,4,1,0.2500,53.0,53.0,0.0,0.0,2026-08-10T10:00:00.000Z,2026-08-10T10:00:00.000Z,6,6
HCP1235,3,2,1,0.5000,25.0,25.0,0.0,2.0,2026-06-14T07:31:02.068Z,2026-06-14T07:31:02.068Z,63,63
HCP1270,9,6,3,0.5000,40.33,45.0,3.0,0.0,2026-05-09T17:57:55.862Z,2026-05-09T17:57:55.862Z,99,99
HCP1285,4,2,2,1.0000,52.0,73.0,0.0,4.0,2026-08-10T09:00:00.000Z,2026-08-10T09:00:00.000Z,6,6
HCP1296,4,3,1,0.3333,49.0,49.0,0.0,0.0,2026-08-01T11:00:00.000Z,2026-07-05T22:26:53.793Z,42,15
HCP1317,9,5,4,0.8000,60.5,95.0,1.0,6.0,2026-07-05T20:26:53.793Z,2026-07-05T20:26:53.793Z,42,42
HCP1331,7,4,3,0.7500,68.67,90.0,3.0,2.0,2026-07-13T00:45:31.034Z,2026-07-13T00:45:31.034Z,34,34
HCP1334,6,3,3,1.0000,65.33,111.0,3.0,7.0,2026-08-03T11:41:22.758Z,2026-08-03T11:41:22.758Z,13,13
HCP1342,2,1,1,1.0000,97.0,97.0,0.0,4.0,2026-07-20T05:04:08.275Z,2026-07-20T05:04:08.275Z,27,27
HCP1358,8,5,3,0.6000,53.0,65.0,2.0,5.0,2026-06-28T13:08:16.551Z,2026-06-28T13:08:16.551Z,49,49
HCP1376,4,2,2,1.0000,43.0,47.0,1.0,0.0,2026-04-18T09:02:04.137Z,2026-04-18T09:02:04.137Z,120,120
HCP1379,8,5,3,0.6000,59.67,82.0,5.0,1.0,2026-05-07T01:35:10.344Z,2026-03-06T10:10:20.689Z,163,101
HCP1381,4,3,1,0.3333,52.0,52.0,3.0,0.0,2026-08-02T09:00:00.000Z,2026-01-15T09:00:00.000Z,213,14
HCP1382,5,3,2,0.6667,71.0,89.0,0.0,1.0,2026-07-27T06:22:45.517Z,2026-07-27T06:22:45.517Z,20,20
HCP1399,5,3,2,0.6667,48.5,60.0,2.0,0.0,2026-06-07T04:12:24.827Z,2026-06-07T04:12:24.827Z,70,70
HCP1425,2,1,1,1.0000,38.0,38.0,3.0,3.0,2026-07-13T01:45:31.034Z,2026-07-13T01:45:31.034Z,34,34
HCP1476,2,1,1,1.0000,47.0,47.0,0.0,1.0,2026-07-27T06:22:45.517Z,2026-07-27T06:22:45.517Z,20,20
HCP1480,1,1,0,0.0000,0.0,0.0,0.0,0.0,2026-03-17T22:24:49.655Z,null,null,152
HCP1499,7,4,3,0.7500,64.33,95.0,1.0,5.0,2026-07-20T01:04:08.275Z,2026-07-20T01:04:08.275Z,27,27
HCP1505,7,4,3,0.7500,78.67,92.0,3.0,5.0,2026-07-14T05:04:08.275Z,2026-05-24T01:35:10.344Z,84,33
HCP1509,7,4,3,0.7500,53.33,64.0,4.0,2.0,2026-06-21T11:49:39.310Z,2026-06-21T11:49:39.310Z,56,56
HCP1514,6,4,2,0.5000,47.5,51.0,1.0,0.0,2026-06-15T12:08:16.551Z,2026-03-13T18:28:57.931Z,156,62
HCP1525,8,5,3,0.6000,43.33,58.0,0.0,8.0,2026-07-18T05:04:08.275Z,2026-07-12T19:45:31.034Z,35,29
HCP1534,8,5,3,0.6000,50.0,61.0,2.0,4.0,2026-07-05T21:26:53.793Z,2026-07-05T21:26:53.793Z,42,42
HCP1539,13,8,5,0.6250,49.4,67.0,0.0,13.0,2026-08-03T08:41:22.758Z,2026-08-03T08:41:22.758Z,13,13
HCP1543,9,7,2,0.2857,62.0,75.0,0.0,3.0,2026-06-21T09:49:39.310Z,2026-06-21T09:49:39.310Z,56,56
HCP1549,10,6,4,0.6667,47.0,60.0,5.0,0.0,2026-08-03T06:41:22.758Z,2026-08-03T06:41:22.758Z,13,13
HCP1551,10,5,5,1.0000,42.8,73.0,7.0,2.0,2026-07-20T04:04:08.275Z,2026-07-20T04:04:08.275Z,27,27
HCP1566,12,6,6,1.0000,56.17,103.0,2.0,7.0,2026-06-14T13:31:02.068Z,2026-06-14T13:31:02.068Z,63,63
HCP1570,1,1,0,0.0000,0.0,0.0,0.0,0.0,2026-07-08T00:45:31.034Z,null,null,39
HCP1661,8,4,4,1.0000,59.0,86.0,4.0,3.0,2026-07-05T23:26:53.793Z,2026-07-05T23:26:53.793Z,42,42
HCP1667,8,4,4,1.0000,30.25,46.0,0.0,3.0,2026-05-02T14:39:18.620Z,2026-05-02T14:39:18.620Z,106,106
HCP1672,13,7,6,0.8571,60.83,99.0,5.0,7.0,2026-07-05T19:26:53.793Z,2026-07-05T19:26:53.793Z,42,42
HCP1674,5,3,2,0.6667,41.5,42.0,1.0,0.0,2026-07-13T01:45:31.034Z,2026-07-13T01:45:31.034Z,34,34
HCP1684,2,1,1,1.0000,86.0,86.0,0.0,0.0,2026-01-29T16:37:14.482Z,2026-01-29T16:37:14.482Z,199,199
HCP1710,6,4,2,0.5000,48.0,62.0,0.0,5.0,2026-06-28T18:08:16.551Z,2026-06-28T18:08:16.551Z,49,49
HCP1712,6,3,3,1.0000,55.67,64.0,0.0,5.0,2026-08-10T14:00:00.000Z,2026-08-10T14:00:00.000Z,6,6
HCP1718,6,4,2,0.5000,59.0,92.0,3.0,1.0,2026-07-05T20:26:53.793Z,2026-07-05T20:26:53.793Z,42,42
HCP1721,10,6,4,0.6667,50.25,69.0,8.0,10.0,2026-06-07T07:12:24.827Z,2026-06-07T07:12:24.827Z,70,70
HCP1763,4,3,1,0.3333,36.0,36.0,0.0,3.0,2026-07-13T02:45:31.034Z,2026-07-13T02:45:31.034Z,34,34
HCP1764,15,8,7,0.8750,51.29,86.0,1.0,10.0,2026-07-31T13:41:22.758Z,2026-06-28T19:08:16.551Z,49,16
HCP1787,4,2,2,1.0000,69.5,75.0,3.0,4.0,2026-06-21T11:49:39.310Z,2026-06-21T11:49:39.310Z,56,56
HCP1795,10,6,4,0.6667,58.0,89.0,1.0,10.0,2026-08-10T10:00:00.000Z,2026-08-10T10:00:00.000Z,6,6
HCP1804,5,3,2,0.6667,63.0,72.0,0.0,4.0,2026-07-07T05:22:45.517Z,2026-02-27T05:51:43.448Z,170,40
HCP1831,4,2,2,1.0000,61.5,90.0,2.0,4.0,2026-07-12T19:45:31.034Z,2026-07-12T19:45:31.034Z,35,35
HCP1832,12,6,6,1.0000,53.83,75.0,4.0,2.0,2026-07-20T03:04:08.275Z,2026-07-20T03:04:08.275Z,27,27
HCP1850,4,2,2,1.0000,54.0,75.0,3.0,3.0,2026-08-10T15:00:00.000Z,2026-08-10T15:00:00.000Z,6,6
HCP1851,5,3,2,0.6667,43.0,53.0,0.0,0.0,2026-07-10T05:22:45.517Z,2026-06-21T16:49:39.310Z,56,37
HCP1854,8,5,3,0.6000,52.67,63.0,2.0,0.0,2026-07-27T07:22:45.517Z,2026-07-27T07:22:45.517Z,20,20
HCP1865,8,5,3,0.6000,69.67,102.0,2.0,5.0,2026-07-20T01:04:08.275Z,2026-07-20T01:04:08.275Z,27,27
HCP1891,4,3,1,0.3333,41.0,41.0,0.0,0.0,2026-05-26T12:31:02.068Z,2026-03-20T15:47:35.172Z,149,82
HCP1892,5,3,2,0.6667,46.5,64.0,0.0,4.0,2026-06-23T21:45:31.034Z,2026-06-14T08:31:02.068Z,63,54
HCP1902,10,6,4,0.6667,45.25,74.0,3.0,6.0,2026-06-14T11:31:02.068Z,2026-06-14T11:31:02.068Z,63,63
HCP1909,9,7,2,0.2857,81.5,92.0,3.0,3.0,2026-07-05T22:26:53.793Z,2026-07-05T22:26:53.793Z,42,42
HCP1910,5,3,2,0.6667,41.0,46.0,1.0,4.0,2026-05-31T01:53:47.586Z,2026-05-31T01:53:47.586Z,77,77
HCP1919,3,2,1,0.5000,69.0,69.0,0.0,0.0,2026-05-23T22:35:10.344Z,2026-05-23T22:35:10.344Z,85,85
HCP1944,5,4,1,0.2500,30.0,30.0,0.0,0.0,2026-05-05T21:35:10.344Z,2026-05-02T14:39:18.620Z,106,103
HCP1945,3,2,1,0.5000,33.0,33.0,0.0,0.0,2026-04-09T07:02:04.137Z,2026-01-15T16:00:00.000Z,213,129
HCP1947,5,4,1,0.2500,47.0,47.0,0.0,0.0,2026-04-13T09:02:04.137Z,2026-03-13T14:28:57.931Z,156,125
HCP1950,13,7,6,0.8571,46.33,88.0,8.0,0.0,2026-07-08T22:04:08.275Z,2026-05-02T12:39:18.620Z,106,39
HCP1985,4,2,2,1.0000,39.5,44.0,0.0,3.0,2026-06-28T19:08:16.551Z,2026-06-28T19:08:16.551Z,49,49
HCP1989,5,3,2,0.6667,80.0,106.0,0.0,0.0,2026-08-03T10:41:22.758Z,2026-08-03T10:41:22.758Z,13,13
HCP0007,12,8,4,0.5000,48.75,77.0,3.0,4.0,2026-07-12T21:45:31.034Z,2026-07-12T21:45:31.034Z,35,35
HCP0010,2,1,1,1.0000,25.0,25.0,2.0,4.0,2026-07-12T21:45:31.034Z,2026-07-12T21:45:31.034Z,35,35
HCP0017,10,5,5,1.0000,37.0,46.0,7.0,4.0,2026-07-13T00:45:31.034Z,2026-07-13T00:45:31.034Z,34,34
HCP0031,3,2,1,0.5000,63.0,63.0,3.0,1.0,2026-07-27T02:22:45.517Z,2026-07-27T02:22:45.517Z,20,20
HCP0092,4,2,2,1.0000,55.0,83.0,2.0,3.0,2026-05-31T00:53:47.586Z,2026-05-31T00:53:47.586Z,77,77
HCP0097,4,3,1,0.3333,62.0,62.0,1.0,4.0,2026-07-13T07:04:08.275Z,2026-04-25T10:20:41.379Z,113,34
HCP0099,8,5,3,0.6000,34.67,58.0,4.0,3.0,2026-07-28T08:41:22.758Z,2026-07-12T20:45:31.034Z,35,19
HCP0108,7,4,3,0.7500,38.0,51.0,2.0,5.0,2026-06-29T18:45:31.034Z,2026-04-11T06:43:26.896Z,127,48
HCP0111,4,2,2,1.0000,50.0,53.0,2.0,0.0,2026-08-10T16:00:00.000Z,2026-08-10T16:00:00.000Z,6,6
HCP0120,2,1,1,1.0000,49.0,49.0,1.0,0.0,2026-02-13T05:14:28.965Z,2026-02-13T05:14:28.965Z,184,184
HCP0149,8,5,3,0.6000,69.0,85.0,0.0,3.0,2026-07-08T04:04:08.275Z,2026-07-05T23:26:53.793Z,42,39
HCP0153,6,4,2,0.5000,52.0,55.0,0.0,1.0,2026-06-28T23:45:31.034Z,2026-04-25T14:20:41.379Z,113,49
HCP0181,6,3,3,1.0000,79.0,98.0,5.0,0.0,2026-07-20T00:04:08.275Z,2026-07-20T00:04:08.275Z,27,27
HCP0197,9,6,3,0.5000,43.67,66.0,0.0,4.0,2026-07-13T02:45:31.034Z,2026-07-13T02:45:31.034Z,34,34
HCP0199,2,1,1,1.0000,55.0,55.0,0.0,0.0,2026-02-27T08:51:43.448Z,2026-02-27T08:51:43.448Z,170,170
HCP0201,10,6,4,0.6667,44.25,61.0,2.0,5.0,2026-07-06T23:04:08.275Z,2026-05-16T22:16:33.103Z,92,41
HCP0208,10,5,5,1.0000,43.2,58.0,5.0,8.0,2026-06-21T15:49:39.310Z,2026-06-21T15:49:39.310Z,56,56
HCP0229,4,3,1,0.3333,52.0,52.0,2.0,0.0,2026-07-04T05:04:08.275Z,2026-01-15T10:00:00.000Z,213,43
HCP0249,5,3,2,0.6667,52.0,63.0,0.0,1.0,2026-02-26T12:10:20.689Z,2026-02-13T00:14:28.965Z,184,171
HCP0260,7,4,3,0.7500,50.0,69.0,2.0,0.0,2026-06-28T15:08:16.551Z,2026-06-28T15:08:16.551Z,49,49
HCP0265,6,4,2,0.5000,75.5,77.0,0.0,3.0,2026-08-03T11:41:22.758Z,2026-08-03T11:41:22.758Z,13,13
HCP0273,11,6,5,0.8333,51.0,83.0,2.0,8.0,2026-07-16T08:22:45.517Z,2026-05-16T23:16:33.103Z,92,31
HCP0277,10,6,4,0.6667,46.0,64.0,5.0,0.0,2026-06-28T16:08:16.551Z,2026-06-28T16:08:16.551Z,49,49
HCP0280,9,6,3,0.5000,49.33,89.0,2.0,4.0,2026-07-20T05:04:08.275Z,2026-07-20T05:04:08.275Z,27,27
HCP0333,6,4,2,0.5000,32.5,35.0,3.0,3.0,2026-05-25T06:12:24.827Z,2026-04-03T21:24:49.655Z,135,83
HCP0347,10,5,5,1.0000,53.4,71.0,2.0,6.0,2026-07-05T20:26:53.793Z,2026-07-05T20:26:53.793Z,42,42
HCP0354,3,2,1,0.5000,54.0,54.0,0.0,4.0,2026-06-07T05:12:24.827Z,2026-06-07T05:12:24.827Z,70,70
HCP0360,3,2,1,0.5000,40.0,40.0,0.0,1.0,2026-07-13T00:45:31.034Z,2026-07-13T00:45:31.034Z,34,34
HCP0361,3,2,1,0.5000,81.0,81.0,3.0,1.0,2026-07-20T02:04:08.275Z,2026-07-20T02:04:08.275Z,27,27
HCP0379,1,1,0,0.0000,0.0,0.0,0.0,0.0,2026-07-18T05:04:08.275Z,null,null,29
HCP0394,6,4,2,0.5000,27.5,31.0,3.0,3.0,2026-07-22T13:41:22.758Z,2026-04-04T02:24:49.655Z,134,25
HCP0405,6,3,3,1.0000,40.67,59.0,4.0,3.0,2026-05-09T13:57:55.862Z,2026-05-09T13:57:55.862Z,99,99
HCP0451,4,2,2,1.0000,49.5,62.0,0.0,2.0,2026-03-20T14:47:35.172Z,2026-03-20T14:47:35.172Z,149,149
HCP0484,3,2,1,0.5000,62.0,62.0,2.0,0.0,2026-07-29T05:41:22.758Z,2026-07-20T05:04:08.275Z,27,18
HCP0509,6,4,2,0.5000,63.0,70.0,0.0,4.0,2026-05-09T15:57:55.862Z,2026-05-09T15:57:55.862Z,99,99
HCP0514,7,4,3,0.7500,56.67,81.0,6.0,1.0,2026-07-27T09:00:00.000Z,2026-07-20T02:04:08.275Z,27,20
HCP0519,2,1,1,1.0000,40.0,40.0,0.0,0.0,2026-02-05T22:55:51.724Z,2026-02-05T22:55:51.724Z,192,192
HCP0538,5,3,2,0.6667,40.0,60.0,0.0,2.0,2026-07-12T22:45:31.034Z,2026-07-12T22:45:31.034Z,35,35
HCP0546,12,6,6,1.0000,46.5,90.0,4.0,1.0,2026-08-10T11:00:00.000Z,2026-08-10T11:00:00.000Z,6,6
HCP0564,2,1,1,1.0000,48.0,48.0,1.0,0.0,2026-07-27T07:22:45.517Z,2026-07-27T07:22:45.517Z,20,20
HCP0568,8,4,4,1.0000,54.5,90.0,5.0,3.0,2026-07-27T06:22:45.517Z,2026-07-27T06:22:45.517Z,20,20
HCP0588,6,3,3,1.0000,56.33,76.0,3.0,5.0,2026-06-21T11:49:39.310Z,2026-06-21T11:49:39.310Z,56,56
HCP0615,14,8,6,0.7500,61.83,91.0,1.0,6.0,2026-08-03T11:41:22.758Z,2026-08-03T11:41:22.758Z,13,13
HCP0623,7,4,3,0.7500,43.0,50.0,3.0,4.0,2026-07-05T19:26:53.793Z,2026-07-05T19:26:53.793Z,42,42
HCP0634,4,3,1,0.3333,85.0,85.0,1.0,0.0,2026-05-14T23:35:10.344Z,2026-01-29T17:37:14.482Z,199,94
HCP0636,10,5,5,1.0000,48.2,76.0,4.0,4.0,2026-05-30T23:53:47.586Z,2026-05-30T23:53:47.586Z,78,78
HCP0638,6,3,3,1.0000,39.67,51.0,0.0,3.0,2026-08-10T14:00:00.000Z,2026-08-10T14:00:00.000Z,6,6
HCP0656,4,2,2,1.0000,53.0,57.0,0.0,3.0,2026-06-21T09:49:39.310Z,2026-06-21T09:49:39.310Z,56,56
HCP0666,6,4,2,0.5000,40.5,50.0,0.0,0.0,2026-06-20T13:08:16.551Z,2026-05-31T00:53:47.586Z,77,57
HCP0669,5,3,2,0.6667,58.5,61.0,0.0,1.0,2026-06-21T11:49:39.310Z,2026-06-21T11:49:39.310Z,56,56
HCP0696,13,7,6,0.8571,46.5,70.0,1.0,6.0,2026-07-02T03:45:31.034Z,2026-05-16T19:16:33.103Z,92,45
HCP0715,11,7,4,0.5714,44.5,58.0,2.0,5.0,2026-06-09T15:31:02.068Z,2026-05-23T20:35:10.344Z,85,68
HCP0738,2,1,1,1.0000,64.0,64.0,0.0,1.0,2026-01-29T17:37:14.482Z,2026-01-29T17:37:14.482Z,199,199
HCP0752,6,5,1,0.2000,60.0,60.0,0.0,0.0,2026-07-09T20:45:31.034Z,2026-03-20T15:47:35.172Z,149,38
HCP0766,12,6,6,1.0000,42.67,69.0,8.0,3.0,2026-06-07T09:12:24.827Z,2026-06-07T09:12:24.827Z,70,70
HCP0768,5,3,2,0.6667,42.0,49.0,2.0,0.0,2026-07-27T09:22:45.517Z,2026-07-27T09:22:45.517Z,20,20
HCP0770,4,2,2,1.0000,50.0,68.0,3.0,0.0,2026-07-12T23:45:31.034Z,2026-07-12T23:45:31.034Z,35,35
HCP0785,6,4,2,0.5000,35.0,40.0,0.0,0.0,2026-06-14T12:31:02.068Z,2026-06-14T12:31:02.068Z,63,63
HCP0790,5,4,1,0.2500,70.0,70.0,0.0,0.0,2026-06-23T21:45:31.034Z,2026-01-29T15:37:14.482Z,199,54
HCP0825,9,5,4,0.8000,60.25,86.0,0.0,4.0,2026-07-20T05:04:08.275Z,2026-07-20T05:04:08.275Z,27,27
HCP0837,6,3,3,1.0000,51.33,74.0,1.0,5.0,2026-07-05T23:26:53.793Z,2026-07-05T23:26:53.793Z,42,42
HCP0881,2,1,1,1.0000,33.0,33.0,1.0,3.0,2026-06-21T16:49:39.310Z,2026-06-21T16:49:39.310Z,56,56
HCP0906,1,1,0,0.0000,0.0,0.0,0.0,0.0,2026-06-27T18:45:31.034Z,null,null,50
HCP0974,8,5,3,0.6000,40.33,43.0,6.0,2.0,2026-04-06T15:20:41.379Z,2026-03-27T23:06:12.413Z,142,132
HCP0990,9,5,4,0.8000,55.25,96.0,4.0,4.0,2026-07-20T02:04:08.275Z,2026-07-20T02:04:08.275Z,27,27
HCP0991,9,6,3,0.5000,64.33,76.0,0.0,0.0,2026-07-27T06:22:45.517Z,2026-07-27T06:22:45.517Z,20,20
HCP1009,4,2,2,1.0000,75.0,100.0,3.0,0.0,2026-03-20T18:47:35.172Z,2026-03-20T18:47:35.172Z,149,149
HCP1012,9,5,4,0.8000,49.75,78.0,6.0,1.0,2026-08-10T16:00:00.000Z,2026-08-10T16:00:00.000Z,6,6
HCP1025,4,2,2,1.0000,66.5,75.0,0.0,0.0,2026-02-27T09:51:43.448Z,2026-02-27T09:51:43.448Z,170,170
HCP1027,6,4,2,0.5000,36.0,49.0,0.0,2.0,2026-07-27T04:22:45.517Z,2026-07-27T04:22:45.517Z,20,20
HCP1050,9,5,4,0.8000,56.0,94.0,5.0,10.0,2026-07-20T00:04:08.275Z,2026-07-20T00:04:08.275Z,27,27
HCP1060,3,2,1,0.5000,40.0,40.0,1.0,0.0,2026-05-02T14:39:18.620Z,2026-05-02T14:39:18.620Z,106,106
HCP1061,9,6,3,0.5000,58.67,62.0,1.0,0.0,2026-06-28T04:45:31.034Z,2026-04-25T13:20:41.379Z,113,49
HCP1085,8,5,3,0.6000,56.67,86.0,4.0,4.0,2026-07-22T11:00:00.000Z,2026-05-24T02:35:10.344Z,84,25
HCP1087,8,4,4,1.0000,55.0,92.0,1.0,10.0,2026-07-05T18:26:53.793Z,2026-07-05T18:26:53.793Z,42,42
HCP1105,5,3,2,0.6667,46.5,56.0,2.0,5.0,2026-05-23T02:12:24.827Z,2026-05-16T17:16:33.103Z,92,85
HCP1144,7,4,3,0.7500,66.33,107.0,0.0,6.0,2026-06-07T04:12:24.827Z,2026-06-07T04:12:24.827Z,70,70
HCP1162,14,7,7,1.0000,50.0,71.0,3.0,11.0,2026-07-05T18:26:53.793Z,2026-07-05T18:26:53.793Z,42,42
HCP1178,5,4,1,0.2500,44.0,44.0,0.0,0.0,2026-08-01T08:41:22.758Z,2026-04-11T00:43:26.896Z,127,15
HCP1192,1,1,0,0.0000,0.0,0.0,0.0,0.0,2026-05-21T01:35:10.344Z,null,null,87
HCP1223,8,4,4,1.0000,36.25,48.0,3.0,8.0,2026-07-27T03:22:45.517Z,2026-07-27T03:22:45.517Z,20,20
HCP1243,4,3,1,0.3333,45.0,45.0,2.0,4.0,2026-08-10T16:00:00.000Z,2026-08-10T16:00:00.000Z,6,6
HCP1244,4,3,1,0.3333,30.0,30.0,0.0,1.0,2026-06-15T19:08:16.551Z,2026-02-13T03:14:28.965Z,184,62
HCP1254,10,6,4,0.6667,53.0,84.0,0.0,6.0,2026-06-28T14:08:16.551Z,2026-06-28T14:08:16.551Z,49,49
HCP1257,6,3,3,1.0000,51.33,87.0,1.0,4.0,2026-03-27T19:06:12.413Z,2026-03-27T19:06:12.413Z,142,142
HCP1260,12,7,5,0.7143,39.8,74.0,5.0,9.0,2026-08-10T09:00:00.000Z,2026-08-10T09:00:00.000Z,6,6
HCP1283,15,8,7,0.8750,63.71,83.0,0.0,9.0,2026-08-03T10:41:22.758Z,2026-08-03T10:41:22.758Z,13,13
HCP1288,2,1,1,1.0000,25.0,25.0,0.0,0.0,2026-01-22T13:18:37.241Z,2026-01-22T13:18:37.241Z,206,206
HCP1295,6,3,3,1.0000,56.67,79.0,1.0,2.0,2026-08-10T13:00:00.000Z,2026-08-10T13:00:00.000Z,6,6
HCP1312,5,3,2,0.6667,51.5,55.0,0.0,5.0,2026-04-11T01:43:26.896Z,2026-04-11T01:43:26.896Z,127,127
HCP1329,10,5,5,1.0000,44.6,71.0,3.0,0.0,2026-07-12T20:45:31.034Z,2026-07-12T20:45:31.034Z,35,35
HCP1333,6,3,3,1.0000,59.0,74.0,6.0,0.0,2026-05-02T15:39:18.620Z,2026-05-02T15:39:18.620Z,106,106
HCP1335,6,4,2,0.5000,29.0,35.0,0.0,0.0,2026-06-28T16:08:16.551Z,2026-06-28T16:08:16.551Z,49,49
HCP1339,6,3,3,1.0000,61.0,107.0,3.0,0.0,2026-07-20T01:04:08.275Z,2026-07-20T01:04:08.275Z,27,27
HCP1380,12,7,5,0.7143,49.8,100.0,2.0,2.0,2026-08-03T06:41:22.758Z,2026-08-03T06:41:22.758Z,13,13
HCP1392,8,6,2,0.3333,81.0,88.0,0.0,5.0,2026-08-03T11:41:22.758Z,2026-08-03T11:41:22.758Z,13,13
HCP1396,6,3,3,1.0000,34.0,36.0,0.0,10.0,2026-08-10T15:00:00.000Z,2026-08-10T15:00:00.000Z,6,6
HCP1432,6,4,2,0.5000,59.0,70.0,0.0,4.0,2026-08-03T08:41:22.758Z,2026-08-03T08:41:22.758Z,13,13
HCP1444,9,6,3,0.5000,61.0,77.0,4.0,2.0,2026-08-03T09:41:22.758Z,2026-08-03T09:41:22.758Z,13,13
HCP1459,8,5,3,0.6000,73.33,76.0,1.0,4.0,2026-07-31T10:00:00.000Z,2026-06-28T20:08:16.551Z,49,16
HCP1461,8,5,3,0.6000,58.67,98.0,0.0,0.0,2026-07-20T05:04:08.275Z,2026-07-20T05:04:08.275Z,27,27
HCP1471,4,2,2,1.0000,40.0,45.0,5.0,0.0,2026-02-20T05:33:06.206Z,2026-02-20T05:33:06.206Z,177,177
HCP1490,13,7,6,0.8571,42.5,60.0,4.0,12.0,2026-06-21T12:49:39.310Z,2026-06-21T12:49:39.310Z,56,56
HCP1496,12,7,5,0.7143,42.6,53.0,6.0,11.0,2026-05-17T00:16:33.103Z,2026-05-17T00:16:33.103Z,91,91
HCP1500,6,3,3,1.0000,47.0,53.0,1.0,4.0,2026-08-10T10:00:00.000Z,2026-08-10T10:00:00.000Z,6,6
HCP1538,12,7,5,0.7143,75.0,84.0,3.0,12.0,2026-07-05T23:26:53.793Z,2026-07-05T23:26:53.793Z,42,42
HCP1545,1,1,0,0.0000,0.0,0.0,0.0,0.0,2026-01-22T00:55:51.724Z,null,null,206
HCP1583,7,4,3,0.7500,51.67,66.0,2.0,5.0,2026-08-03T11:41:22.758Z,2026-08-03T11:41:22.758Z,13,13
HCP1588,6,3,3,1.0000,39.0,54.0,2.0,2.0,2026-06-21T11:49:39.310Z,2026-06-21T11:49:39.310Z,56,56
HCP1598,4,3,1,0.3333,25.0,25.0,0.0,0.0,2026-07-14T06:22:45.517Z,2026-02-13T01:14:28.965Z,184,33
HCP1603,4,2,2,1.0000,42.5,44.0,3.0,2.0,2026-07-05T22:26:53.793Z,2026-07-05T22:26:53.793Z,42,42
HCP1622,10,6,4,0.6667,59.25,97.0,6.0,0.0,2026-05-18T04:35:10.344Z,2026-05-16T20:16:33.103Z,92,90
HCP1631,7,4,3,0.7500,66.67,82.0,5.0,1.0,2026-06-28T18:08:16.551Z,2026-06-28T18:08:16.551Z,49,49
HCP1646,4,3,1,0.3333,35.0,35.0,0.0,0.0,2026-04-18T08:02:04.137Z,2026-04-18T08:02:04.137Z,120,120
HCP1653,6,3,3,1.0000,53.33,83.0,0.0,2.0,2026-06-07T09:12:24.827Z,2026-06-07T09:12:24.827Z,70,70
HCP1660,2,1,1,1.0000,53.0,53.0,0.0,0.0,2026-08-10T11:00:00.000Z,2026-08-10T11:00:00.000Z,6,6
HCP1668,2,1,1,1.0000,54.0,54.0,0.0,2.0,2026-02-13T05:14:28.965Z,2026-02-13T05:14:28.965Z,184,184
HCP1705,2,1,1,1.0000,61.0,61.0,3.0,2.0,2026-07-27T09:22:45.517Z,2026-07-27T09:22:45.517Z,20,20
HCP1727,12,7,5,0.7143,41.0,49.0,2.0,9.0,2026-06-14T11:31:02.068Z,2026-06-14T11:31:02.068Z,63,63
HCP1743,1,1,0,0.0000,0.0,0.0,0.0,0.0,2026-04-17T15:39:18.620Z,null,null,121
HCP1755,11,6,5,0.8333,54.0,79.0,3.0,11.0,2026-06-21T14:49:39.310Z,2026-06-21T14:49:39.310Z,56,56
HCP1775,7,5,2,0.4000,29.5,33.0,1.0,3.0,2026-07-20T04:22:45.517Z,2026-07-12T21:45:31.034Z,35,27
HCP1813,5,3,2,0.6667,66.0,67.0,0.0,4.0,2026-07-19T04:22:45.517Z,2026-04-25T12:20:41.379Z,113,28
HCP1823,4,2,2,1.0000,68.5,78.0,0.0,0.0,2026-06-28T18:08:16.551Z,2026-06-28T18:08:16.551Z,49,49
HCP1839,3,2,1,0.5000,38.0,38.0,0.0,0.0,2026-06-21T16:49:39.310Z,2026-06-21T16:49:39.310Z,56,56
HCP1881,5,3,2,0.6667,62.0,93.0,3.0,0.0,2026-07-27T09:22:45.517Z,2026-07-27T09:22:45.517Z,20,20
HCP1922,1,1,0,0.0000,0.0,0.0,0.0,0.0,2026-01-06T17:00:00.000Z,null,null,222
HCP1987,11,7,4,0.5714,55.25,87.0,2.0,2.0,2026-07-31T12:41:22.758Z,2026-06-14T13:31:02.068Z,63,16
HCP1997,6,4,2,0.5000,60.0,69.0,0.0,1.0,2026-07-14T01:22:45.517Z,2026-03-13T18:28:57.931Z,156,33
HCP0006,3,2,1,0.5000,64.0,64.0,2.0,0.0,2026-08-03T11:41:22.758Z,2026-08-03T11:41:22.758Z,13,13
HCP0020,2,1,1,1.0000,43.0,43.0,0.0,0.0,2026-05-02T14:39:18.620Z,2026-05-02T14:39:18.620Z,106,106
HCP0053,6,4,2,0.5000,48.5,64.0,0.0,4.0,2026-08-10T14:00:00.000Z,2026-08-10T14:00:00.000Z,6,6
HCP0089,3,2,1,0.5000,50.0,50.0,0.0,1.0,2026-07-25T08:22:45.517Z,2026-07-20T02:04:08.275Z,27,22
HCP0113,7,5,2,0.4000,72.0,87.0,1.0,4.0,2026-07-02T16:26:53.793Z,2026-04-25T12:20:41.379Z,113,45
HCP0150,9,6,3,0.5000,69.33,103.0,3.0,1.0,2026-08-10T14:00:00.000Z,2026-08-10T14:00:00.000Z,6,6
HCP0171,6,4,2,0.5000,65.0,90.0,0.0,0.0,2026-05-31T06:53:47.586Z,2026-05-31T06:53:47.586Z,77,77
HCP0196,18,10,8,0.8000,57.63,106.0,6.0,7.0,2026-07-27T05:22:45.517Z,2026-07-27T05:22:45.517Z,20,20
HCP0210,2,1,1,1.0000,36.0,36.0,0.0,0.0,2026-03-13T12:28:57.931Z,2026-03-13T12:28:57.931Z,156,156
HCP0220,3,2,1,0.5000,97.0,97.0,0.0,0.0,2026-05-03T19:16:33.103Z,2026-02-05T21:55:51.724Z,192,105
HCP0228,7,5,2,0.4000,33.5,37.0,2.0,6.0,2026-06-14T11:31:02.068Z,2026-06-14T11:31:02.068Z,63,63
HCP0230,6,3,3,1.0000,57.33,83.0,2.0,6.0,2026-04-25T12:20:41.379Z,2026-04-25T12:20:41.379Z,113,113
HCP0269,12,6,6,1.0000,56.0,99.0,3.0,13.0,2026-07-20T01:04:08.275Z,2026-07-20T01:04:08.275Z,27,27
HCP0274,7,4,3,0.7500,54.33,62.0,1.0,6.0,2026-08-03T09:41:22.758Z,2026-08-03T09:41:22.758Z,13,13
HCP0283,2,1,1,1.0000,46.0,46.0,0.0,0.0,2026-08-03T05:41:22.758Z,2026-08-03T05:41:22.758Z,13,13
HCP0288,9,6,3,0.5000,47.0,68.0,5.0,7.0,2026-06-28T18:45:31.034Z,2026-06-28T13:08:16.551Z,49,49
HCP0289,2,2,0,0.0000,0.0,0.0,0.0,0.0,2026-07-23T11:22:45.517Z,null,null,24
HCP0310,11,6,5,0.8333,52.4,97.0,5.0,9.0,2026-06-09T06:31:02.068Z,2026-04-18T04:02:04.137Z,120,68
HCP0328,10,5,5,1.0000,67.4,104.0,3.0,4.0,2026-06-28T14:08:16.551Z,2026-06-28T14:08:16.551Z,49,49
HCP0377,6,3,3,1.0000,38.0,46.0,4.0,3.0,2026-06-21T10:49:39.310Z,2026-06-21T10:49:39.310Z,56,56
HCP0392,2,1,1,1.0000,19.0,19.0,3.0,2.0,2026-07-13T00:45:31.034Z,2026-07-13T00:45:31.034Z,34,34
HCP0466,9,5,4,0.8000,39.5,84.0,0.0,7.0,2026-08-03T09:41:22.758Z,2026-08-03T09:41:22.758Z,13,13
HCP0468,7,4,3,0.7500,40.33,51.0,6.0,1.0,2026-07-12T19:45:31.034Z,2026-07-12T19:45:31.034Z,35,35
HCP0473,4,2,2,1.0000,52.0,79.0,0.0,3.0,2026-05-16T21:16:33.103Z,2026-05-16T21:16:33.103Z,92,92
HCP0474,2,1,1,1.0000,61.0,61.0,0.0,0.0,2026-02-05T19:55:51.724Z,2026-02-05T19:55:51.724Z,192,192
HCP0478,3,2,1,0.5000,63.0,63.0,0.0,0.0,2026-05-09T19:57:55.862Z,2026-05-09T19:57:55.862Z,99,99
HCP0481,9,6,3,0.5000,51.33,78.0,3.0,2.0,2026-07-11T05:04:08.275Z,2026-05-16T18:16:33.103Z,92,36
HCP0531,9,5,4,0.8000,43.25,86.0,1.0,0.0,2026-08-10T13:00:00.000Z,2026-08-10T13:00:00.000Z,6,6
HCP0544,13,7,6,0.8571,53.17,97.0,6.0,11.0,2026-07-27T09:22:45.517Z,2026-07-27T09:22:45.517Z,20,20
HCP0565,4,2,2,1.0000,78.5,80.0,0.0,4.0,2026-04-25T10:20:41.379Z,2026-04-25T10:20:41.379Z,113,113
HCP0571,4,2,2,1.0000,43.0,45.0,0.0,1.0,2026-05-31T00:53:47.586Z,2026-05-31T00:53:47.586Z,77,77
HCP0582,4,3,1,0.3333,25.0,25.0,0.0,0.0,2026-03-24T01:06:12.413Z,2026-02-20T06:33:06.206Z,177,145
HCP0585,7,4,3,0.7500,65.67,87.0,1.0,4.0,2026-03-14T20:24:49.655Z,2026-02-27T09:51:43.448Z,170,155
HCP0604,7,4,3,0.7500,45.67,59.0,5.0,3.0,2026-06-12T16:49:39.310Z,2026-03-13T13:28:57.931Z,156,65
HCP0640,4,3,1,0.3333,95.0,95.0,0.0,3.0,2026-07-20T03:04:08.275Z,2026-07-20T03:04:08.275Z,27,27
HCP0645,2,1,1,1.0000,37.0,37.0,0.0,0.0,2026-02-20T02:33:06.206Z,2026-02-20T02:33:06.206Z,177,177
HCP0664,8,4,4,1.0000,51.0,97.0,2.0,9.0,2026-07-20T02:04:08.275Z,2026-07-20T02:04:08.275Z,27,27
HCP0671,1,1,0,0.0000,0.0,0.0,0.0,0.0,2026-03-02T19:47:35.172Z,null,null,167
HCP0694,1,1,0,0.0000,0.0,0.0,0.0,0.0,2026-03-16T03:06:12.413Z,null,null,153
HCP0751,16,8,8,1.0000,49.88,97.0,5.0,17.0,2026-08-10T13:00:00.000Z,2026-08-10T13:00:00.000Z,6,6
HCP0757,1,1,0,0.0000,0.0,0.0,0.0,0.0,2026-03-25T23:06:12.413Z,null,null,144
HCP0765,2,1,1,1.0000,77.0,77.0,0.0,1.0,2026-05-09T15:57:55.862Z,2026-05-09T15:57:55.862Z,99,99
HCP0773,8,5,3,0.6000,52.67,78.0,0.0,2.0,2026-06-28T18:08:16.551Z,2026-06-28T18:08:16.551Z,49,49
HCP0782,5,4,1,0.2500,45.0,45.0,0.0,3.0,2026-06-07T09:31:02.068Z,2026-01-29T19:37:14.482Z,199,70
HCP0809,6,3,3,1.0000,64.33,102.0,0.0,3.0,2026-08-03T10:41:22.758Z,2026-08-03T10:41:22.758Z,13,13
HCP0818,11,6,5,0.8333,58.4,76.0,4.0,10.0,2026-07-05T22:26:53.793Z,2026-07-05T22:26:53.793Z,42,42
HCP0819,1,1,0,0.0000,0.0,0.0,0.0,0.0,2026-06-03T08:12:24.827Z,null,null,74
HCP0820,10,6,4,0.6667,56.25,86.0,0.0,10.0,2026-07-05T21:26:53.793Z,2026-07-05T21:26:53.793Z,42,42
HCP0829,15,9,6,0.6667,52.67,76.0,0.0,7.0,2026-08-10T09:00:00.000Z,2026-08-10T09:00:00.000Z,6,6
HCP0838,15,8,7,0.8750,52.57,82.0,0.0,14.0,2026-08-10T10:00:00.000Z,2026-08-10T10:00:00.000Z,6,6
HCP0865,4,2,2,1.0000,56.0,64.0,1.0,3.0,2026-04-25T12:20:41.379Z,2026-04-25T12:20:41.379Z,113,113
HCP0869,5,3,2,0.6667,54.5,74.0,0.0,1.0,2026-07-05T01:45:31.034Z,2026-06-28T20:08:16.551Z,49,42
HCP0874,4,2,2,1.0000,30.5,39.0,0.0,4.0,2026-05-16T23:16:33.103Z,2026-05-16T23:16:33.103Z,92,92
HCP0875,9,5,4,0.8000,57.5,83.0,5.0,6.0,2026-08-10T13:00:00.000Z,2026-08-10T13:00:00.000Z,6,6
HCP0900,4,2,2,1.0000,53.5,61.0,5.0,0.0,2026-08-03T10:41:22.758Z,2026-08-03T10:41:22.758Z,13,13
HCP0901,6,3,3,1.0000,81.33,109.0,1.0,6.0,2026-08-03T05:41:22.758Z,2026-08-03T05:41:22.758Z,13,13
HCP0902,9,5,4,0.8000,38.5,47.0,5.0,0.0,2026-05-31T00:53:47.586Z,2026-05-31T00:53:47.586Z,77,77
HCP0913,4,2,2,1.0000,83.5,94.0,0.0,3.0,2026-07-20T00:04:08.275Z,2026-07-20T00:04:08.275Z,27,27
HCP0923,5,3,2,0.6667,52.5,55.0,0.0,5.0,2026-04-11T03:43:26.896Z,2026-04-11T03:43:26.896Z,127,127
HCP0927,3,2,1,0.5000,32.0,32.0,2.0,0.0,2026-03-09T03:06:12.413Z,2026-01-22T13:18:37.241Z,206,160
HCP0930,10,5,5,1.0000,37.8,58.0,1.0,0.0,2026-04-03T23:24:49.655Z,2026-04-03T23:24:49.655Z,135,135
HCP0971,14,7,7,1.0000,63.29,115.0,1.0,0.0,2026-08-10T15:00:00.000Z,2026-08-10T15:00:00.000Z,6,6
HCP0987,8,4,4,1.0000,53.75,64.0,2.0,2.0,2026-07-20T03:04:08.275Z,2026-07-20T03:04:08.275Z,27,27
HCP1022,1,1,0,0.0000,0.0,0.0,0.0,0.0,2026-04-13T05:02:04.137Z,null,null,125
HCP1037,16,8,8,1.0000,59.75,98.0,3.0,12.0,2026-07-20T00:04:08.275Z,2026-07-20T00:04:08.275Z,27,27
HCP1068,3,2,1,0.5000,58.0,58.0,3.0,4.0,2026-03-06T12:10:20.689Z,2026-03-06T12:10:20.689Z,163,163
HCP1070,3,2,1,0.5000,56.0,56.0,1.0,3.0,2026-08-10T15:00:00.000Z,2026-08-10T15:00:00.000Z,6,6
HCP1077,6,3,3,1.0000,54.67,85.0,0.0,5.0,2026-07-05T19:26:53.793Z,2026-07-05T19:26:53.793Z,42,42
HCP1100,4,3,1,0.3333,45.0,45.0,1.0,0.0,2026-06-04T16:49:39.310Z,2026-05-09T15:57:55.862Z,99,73
HCP1122,6,3,3,1.0000,63.33,85.0,2.0,3.0,2026-03-13T11:28:57.931Z,2026-03-13T11:28:57.931Z,156,156
HCP1180,5,3,2,0.6667,41.5,59.0,1.0,3.0,2026-05-23T20:35:10.344Z,2026-05-23T20:35:10.344Z,85,85
HCP1205,1,1,0,0.0000,0.0,0.0,0.0,0.0,2026-05-07T23:16:33.103Z,null,null,101
HCP1221,9,6,3,0.5000,38.67,45.0,0.0,2.0,2026-07-10T00:45:31.034Z,2026-06-14T13:31:02.068Z,63,37
HCP1226,13,7,6,0.8571,46.5,55.0,3.0,17.0,2026-07-27T06:22:45.517Z,2026-07-27T06:22:45.517Z,20,20
HCP1256,6,3,3,1.0000,73.33,87.0,3.0,3.0,2026-08-03T07:41:22.758Z,2026-08-03T07:41:22.758Z,13,13
HCP1266,2,1,1,1.0000,30.0,30.0,0.0,4.0,2026-02-20T01:33:06.206Z,2026-02-20T01:33:06.206Z,177,177
HCP1282,11,6,5,0.8333,52.6,80.0,7.0,7.0,2026-08-10T11:00:00.000Z,2026-08-10T11:00:00.000Z,6,6
HCP1289,4,3,1,0.3333,41.0,41.0,0.0,0.0,2026-04-29T23:16:33.103Z,2026-03-27T23:06:12.413Z,142,109
HCP1319,9,5,4,0.8000,66.25,85.0,3.0,1.0,2026-08-03T10:41:22.758Z,2026-08-03T10:41:22.758Z,13,13
HCP1322,15,8,7,0.8750,54.86,72.0,6.0,7.0,2026-08-03T06:41:22.758Z,2026-08-03T06:41:22.758Z,13,13
HCP1325,5,3,2,0.6667,34.0,36.0,1.0,0.0,2026-06-14T06:31:02.068Z,2026-06-14T06:31:02.068Z,63,63
HCP1327,4,2,2,1.0000,81.5,86.0,1.0,4.0,2026-08-03T11:41:22.758Z,2026-08-03T11:41:22.758Z,13,13
HCP1343,3,2,1,0.5000,42.0,42.0,0.0,0.0,2026-07-12T19:45:31.034Z,2026-07-12T19:45:31.034Z,35,35
HCP1349,5,3,2,0.6667,42.0,45.0,0.0,4.0,2026-07-15T08:41:22.758Z,2026-05-31T06:53:47.586Z,77,32
HCP1355,3,2,1,0.5000,45.0,45.0,0.0,4.0,2026-07-27T09:22:45.517Z,2026-07-27T09:22:45.517Z,20,20
HCP1369,11,6,5,0.8333,49.4,71.0,0.0,6.0,2026-08-10T15:00:00.000Z,2026-08-10T15:00:00.000Z,6,6
HCP1374,4,2,2,1.0000,60.5,72.0,1.0,0.0,2026-06-21T12:49:39.310Z,2026-06-21T12:49:39.310Z,56,56
HCP1391,13,8,5,0.6250,42.4,76.0,7.0,8.0,2026-07-13T00:45:31.034Z,2026-07-13T00:45:31.034Z,34,34
HCP1394,9,5,4,0.8000,39.0,59.0,0.0,3.0,2026-08-03T12:41:22.758Z,2026-08-03T12:41:22.758Z,13,13
HCP1416,5,3,2,0.6667,89.5,107.0,1.0,4.0,2026-08-03T06:41:22.758Z,2026-08-03T06:41:22.758Z,13,13
HCP1446,8,4,4,1.0000,42.5,54.0,4.0,3.0,2026-06-21T16:49:39.310Z,2026-06-21T16:49:39.310Z,56,56
HCP1460,10,5,5,1.0000,38.2,62.0,3.0,6.0,2026-07-13T01:45:31.034Z,2026-07-13T01:45:31.034Z,34,34
HCP1462,4,2,2,1.0000,59.0,76.0,2.0,6.0,2026-06-28T18:08:16.551Z,2026-06-28T18:08:16.551Z,49,49
HCP1469,11,6,5,0.8333,52.0,79.0,9.0,0.0,2026-08-03T07:41:22.758Z,2026-08-03T07:41:22.758Z,13,13
HCP1475,2,1,1,1.0000,76.0,76.0,0.0,0.0,2026-03-13T12:28:57.931Z,2026-03-13T12:28:57.931Z,156,156
HCP1515,7,5,2,0.4000,43.0,48.0,2.0,0.0,2026-07-15T03:04:08.275Z,2026-02-13T03:14:28.965Z,184,32
HCP1536,11,6,5,0.8333,42.4,58.0,1.0,0.0,2026-07-20T03:04:08.275Z,2026-07-20T03:04:08.275Z,27,27
HCP1546,7,4,3,0.7500,56.33,90.0,1.0,0.0,2026-05-09T13:57:55.862Z,2026-05-09T13:57:55.862Z,99,99
HCP1547,11,6,5,0.8333,55.4,74.0,3.0,6.0,2026-08-03T05:41:22.758Z,2026-08-03T05:41:22.758Z,13,13
HCP1552,9,5,4,0.8000,55.25,66.0,0.0,5.0,2026-07-14T06:41:22.758Z,2026-06-28T15:08:16.551Z,49,33
HCP1554,4,3,1,0.3333,52.0,52.0,0.0,1.0,2026-08-10T15:00:00.000Z,2026-08-10T15:00:00.000Z,6,6
HCP1560,8,4,4,1.0000,68.5,90.0,4.0,5.0,2026-07-12T23:45:31.034Z,2026-07-12T23:45:31.034Z,35,35
HCP1568,6,3,3,1.0000,42.67,58.0,0.0,6.0,2026-05-31T02:53:47.586Z,2026-05-31T02:53:47.586Z,77,77
HCP1608,2,1,1,1.0000,50.0,50.0,0.0,0.0,2026-03-13T18:28:57.931Z,2026-03-13T18:28:57.931Z,156,156
HCP1610,8,4,4,1.0000,34.75,49.0,2.0,5.0,2026-08-10T15:00:00.000Z,2026-08-10T15:00:00.000Z,6,6
HCP1624,6,5,1,0.2000,59.0,59.0,0.0,0.0,2026-08-03T11:41:22.758Z,2026-08-03T11:41:22.758Z,13,13
HCP1637,10,5,5,1.0000,51.6,87.0,0.0,7.0,2026-05-31T02:53:47.586Z,2026-05-31T02:53:47.586Z,77,77
HCP1638,6,4,2,0.5000,57.5,73.0,0.0,2.0,2026-07-10T23:45:31.034Z,2026-05-23T21:35:10.344Z,85,37
HCP1641,4,3,1,0.3333,76.0,76.0,0.0,0.0,2026-07-12T04:04:08.275Z,2026-03-13T11:28:57.931Z,156,35
HCP1669,12,8,4,0.5000,50.75,73.0,2.0,6.0,2026-08-10T16:00:00.000Z,2026-08-10T16:00:00.000Z,6,6
HCP1730,6,4,2,0.5000,54.5,77.0,0.0,0.0,2026-03-26T01:24:49.655Z,2026-02-20T04:33:06.206Z,177,143
HCP1739,6,3,3,1.0000,41.67,56.0,0.0,0.0,2026-05-23T20:35:10.344Z,2026-05-23T20:35:10.344Z,85,85
HCP1746,16,9,7,0.7778,60.14,89.0,0.0,1.0,2026-08-03T10:41:22.758Z,2026-08-03T10:41:22.758Z,13,13
HCP1759,7,4,3,0.7500,32.0,34.0,2.0,3.0,2026-07-27T07:22:45.517Z,2026-07-27T07:22:45.517Z,20,20
HCP1774,9,5,4,0.8000,67.75,87.0,1.0,2.0,2026-07-22T07:22:45.517Z,2026-03-06T08:10:20.689Z,163,25
HCP1793,7,4,3,0.7500,50.67,69.0,2.0,1.0,2026-07-27T05:22:45.517Z,2026-07-27T05:22:45.517Z,20,20
HCP1801,4,3,1,0.3333,40.0,40.0,0.0,4.0,2026-07-16T05:22:45.517Z,2026-02-05T19:55:51.724Z,192,31
HCP1811,10,6,4,0.6667,36.25,46.0,3.0,8.0,2026-06-14T12:31:02.068Z,2026-06-14T12:31:02.068Z,63,63
HCP1883,4,3,1,0.3333,85.0,85.0,0.0,3.0,2026-07-20T01:04:08.275Z,2026-07-20T01:04:08.275Z,27,27
HCP1886,4,2,2,1.0000,65.0,108.0,3.0,2.0,2026-07-20T03:04:08.275Z,2026-07-20T03:04:08.275Z,27,27
HCP1898,7,5,2,0.4000,42.0,44.0,0.0,0.0,2026-06-29T19:26:53.793Z,2026-03-27T20:06:12.413Z,142,48
HCP1937,10,5,5,1.0000,30.0,47.0,2.0,2.0,2026-05-31T01:53:47.586Z,2026-05-31T01:53:47.586Z,77,77
HCP1967,3,2,1,0.5000,52.0,52.0,0.0,0.0,2026-07-05T20:26:53.793Z,2026-07-05T20:26:53.793Z,42,42
HCP1986,2,1,1,1.0000,44.0,44.0,0.0,0.0,2026-04-25T09:20:41.379Z,2026-04-25T09:20:41.379Z,113,113
HCP1991,2,1,1,1.0000,37.0,37.0,1.0,0.0,2026-05-31T06:53:47.586Z,2026-05-31T06:53:47.586Z,77,77
HCP1996,8,5,3,0.6000,72.0,89.0,3.0,4.0,2026-07-09T11:22:45.517Z,2026-06-07T09:12:24.827Z,70,38
HCP0033,5,3,2,0.6667,24.5,25.0,0.0,3.0,2026-04-05T03:02:04.137Z,2026-03-27T21:06:12.413Z,142,133
HCP0048,5,3,2,0.6667,41.0,56.0,0.0,1.0,2026-07-12T22:45:31.034Z,2026-07-12T22:45:31.034Z,35,35
HCP0055,11,6,5,0.8333,51.0,90.0,4.0,4.0,2026-07-20T06:04:08.275Z,2026-07-20T06:04:08.275Z,27,27
HCP0090,4,2,2,1.0000,56.5,73.0,2.0,1.0,2026-07-20T05:04:08.275Z,2026-07-20T05:04:08.275Z,27,27
HCP0123,5,3,2,0.6667,63.5,74.0,0.0,2.0,2026-08-03T08:41:22.758Z,2026-08-03T08:41:22.758Z,13,13
HCP0144,6,4,2,0.5000,56.0,77.0,2.0,0.0,2026-07-15T04:04:08.275Z,2026-02-13T03:14:28.965Z,184,32
HCP0187,4,2,2,1.0000,45.0,47.0,1.0,4.0,2026-08-03T07:41:22.758Z,2026-08-03T07:41:22.758Z,13,13
HCP0189,4,2,2,1.0000,42.0,44.0,2.0,3.0,2026-05-16T22:16:33.103Z,2026-05-16T22:16:33.103Z,92,92
HCP0206,4,2,2,1.0000,67.0,75.0,0.0,0.0,2026-04-11T01:43:26.896Z,2026-04-11T01:43:26.896Z,127,127
HCP0237,7,4,3,0.7500,70.67,89.0,2.0,3.0,2026-07-27T03:22:45.517Z,2026-07-27T03:22:45.517Z,20,20
HCP0240,5,3,2,0.6667,58.0,79.0,1.0,2.0,2026-06-28T19:08:16.551Z,2026-06-28T19:08:16.551Z,49,49
HCP0247,3,2,1,0.5000,33.0,33.0,0.0,0.0,2026-07-18T04:22:45.517Z,2026-06-21T14:49:39.310Z,56,29
HCP0259,3,2,1,0.5000,54.0,54.0,0.0,0.0,2026-08-10T12:00:00.000Z,2026-08-10T12:00:00.000Z,6,6
HCP0271,3,2,1,0.5000,54.0,54.0,0.0,0.0,2026-08-10T09:00:00.000Z,2026-08-10T09:00:00.000Z,6,6
HCP0294,12,7,5,0.7143,53.4,73.0,6.0,1.0,2026-06-21T09:49:39.310Z,2026-06-21T09:49:39.310Z,56,56
HCP0295,4,3,1,0.3333,61.0,61.0,0.0,2.0,2026-07-27T08:22:45.517Z,2026-07-27T08:22:45.517Z,20,20
HCP0309,4,2,2,1.0000,42.0,51.0,1.0,0.0,2026-08-10T10:00:00.000Z,2026-08-10T10:00:00.000Z,6,6
HCP0341,8,4,4,1.0000,42.0,56.0,0.0,0.0,2026-06-14T12:31:02.068Z,2026-06-14T12:31:02.068Z,63,63
HCP0346,7,4,3,0.7500,58.33,92.0,5.0,0.0,2026-08-03T05:41:22.758Z,2026-08-03T05:41:22.758Z,13,13
HCP0372,3,2,1,0.5000,36.0,36.0,0.0,1.0,2026-06-21T14:49:39.310Z,2026-06-21T14:49:39.310Z,56,56
HCP0429,3,2,1,0.5000,69.0,69.0,0.0,0.0,2026-06-26T12:08:16.551Z,2026-05-23T23:35:10.344Z,85,51
HCP0463,5,3,2,0.6667,38.5,52.0,1.0,0.0,2026-05-31T06:53:47.586Z,2026-05-31T06:53:47.586Z,77,77
HCP0493,11,7,4,0.5714,58.0,88.0,4.0,5.0,2026-08-01T18:00:00.000Z,2026-07-20T05:04:08.275Z,27,15
HCP0504,10,5,5,1.0000,49.4,79.0,0.0,3.0,2026-08-10T10:00:00.000Z,2026-08-10T10:00:00.000Z,6,6
HCP0517,4,3,1,0.3333,67.0,67.0,0.0,0.0,2026-07-11T04:22:45.517Z,2026-04-25T12:20:41.379Z,113,36
HCP0536,6,4,2,0.5000,34.0,43.0,1.0,3.0,2026-07-05T19:45:31.034Z,2026-03-27T21:06:12.413Z,142,42
HCP0545,7,4,3,0.7500,48.67,85.0,3.0,3.0,2026-05-11T23:16:33.103Z,2026-04-04T00:24:49.655Z,134,97
HCP0550,9,5,4,0.8000,47.75,67.0,4.0,4.0,2026-07-12T22:45:31.034Z,2026-07-12T22:45:31.034Z,35,35
HCP0566,8,4,4,1.0000,64.25,95.0,0.0,2.0,2026-07-20T02:04:08.275Z,2026-07-20T02:04:08.275Z,27,27
HCP0586,15,8,7,0.8750,51.57,79.0,7.0,9.0,2026-08-10T12:00:00.000Z,2026-08-10T12:00:00.000Z,6,6
HCP0594,12,6,6,1.0000,48.0,87.0,0.0,1.0,2026-06-21T10:49:39.310Z,2026-06-21T10:49:39.310Z,56,56
HCP0642,3,2,1,0.5000,38.0,38.0,0.0,3.0,2026-06-27T21:08:16.551Z,2026-03-20T21:47:35.172Z,149,50
HCP0712,3,3,0,0.0000,0.0,0.0,0.0,0.0,2026-05-08T04:35:10.344Z,null,null,100
HCP0714,1,1,0,0.0000,0.0,0.0,0.0,0.0,2026-02-04T01:55:51.724Z,null,null,193
HCP0721,6,3,3,1.0000,47.33,53.0,2.0,4.0,2026-08-10T14:00:00.000Z,2026-08-10T14:00:00.000Z,6,6
HCP0763,7,4,3,0.7500,40.33,60.0,5.0,2.0,2026-04-11T04:43:26.896Z,2026-04-11T04:43:26.896Z,127,127
HCP0769,5,3,2,0.6667,60.5,78.0,0.0,0.0,2026-03-20T17:47:35.172Z,2026-03-20T17:47:35.172Z,149,149
HCP0778,6,3,3,1.0000,49.67,92.0,1.0,0.0,2026-07-20T05:04:08.275Z,2026-07-20T05:04:08.275Z,27,27
HCP0783,3,2,1,0.5000,81.0,81.0,0.0,2.0,2026-06-07T08:12:24.827Z,2026-06-07T08:12:24.827Z,70,70
HCP0795,4,2,2,1.0000,38.0,52.0,0.0,1.0,2026-07-20T04:04:08.275Z,2026-07-20T04:04:08.275Z,27,27
HCP0816,12,6,6,1.0000,37.83,54.0,10.0,3.0,2026-07-20T03:04:08.275Z,2026-07-20T03:04:08.275Z,27,27
HCP0848,3,2,1,0.5000,57.0,57.0,0.0,0.0,2026-04-18T04:02:04.137Z,2026-04-18T04:02:04.137Z,120,120
HCP0876,5,3,2,0.6667,57.0,83.0,0.0,6.0,2026-05-16T22:16:33.103Z,2026-05-16T22:16:33.103Z,92,92
HCP0886,6,3,3,1.0000,60.33,97.0,2.0,5.0,2026-08-10T15:00:00.000Z,2026-08-10T15:00:00.000Z,6,6
HCP0888,10,6,4,0.6667,34.5,61.0,8.0,7.0,2026-07-29T10:00:00.000Z,2026-05-31T03:53:47.586Z,77,18
HCP0903,12,7,5,0.7143,52.2,62.0,1.0,7.0,2026-07-12T19:45:31.034Z,2026-07-12T19:45:31.034Z,35,35
HCP0911,9,5,4,0.8000,48.0,60.0,7.0,4.0,2026-07-05T20:26:53.793Z,2026-07-05T20:26:53.793Z,42,42
HCP0932,4,2,2,1.0000,58.0,73.0,3.0,3.0,2026-02-20T06:33:06.206Z,2026-02-20T06:33:06.206Z,177,177
HCP0939,5,4,1,0.2500,57.0,57.0,1.0,0.0,2026-05-14T01:16:33.103Z,2026-02-13T00:14:28.965Z,184,94
HCP0951,8,4,4,1.0000,67.75,91.0,3.0,4.0,2026-08-03T08:41:22.758Z,2026-08-03T08:41:22.758Z,13,13
HCP0978,6,3,3,1.0000,55.67,67.0,4.0,7.0,2026-07-20T03:04:08.275Z,2026-07-20T03:04:08.275Z,27,27
HCP0985,9,6,3,0.5000,52.67,74.0,6.0,1.0,2026-06-14T12:31:02.068Z,2026-06-14T12:31:02.068Z,63,63
HCP0993,3,2,1,0.5000,40.0,40.0,0.0,0.0,2026-07-27T11:00:00.000Z,2026-07-13T01:45:31.034Z,34,20
HCP1000,4,2,2,1.0000,60.5,76.0,5.0,0.0,2026-07-13T01:45:31.034Z,2026-07-13T01:45:31.034Z,34,34
HCP1002,7,5,2,0.4000,35.5,44.0,3.0,5.0,2026-08-10T16:00:00.000Z,2026-08-10T16:00:00.000Z,6,6
HCP1003,6,4,2,0.5000,42.5,45.0,0.0,5.0,2026-06-11T21:08:16.551Z,2026-05-02T17:39:18.620Z,106,66
HCP1036,6,3,3,1.0000,49.67,72.0,4.0,6.0,2026-08-10T15:00:00.000Z,2026-08-10T15:00:00.000Z,6,6
HCP1065,9,5,4,0.8000,50.75,58.0,1.0,3.0,2026-05-30T23:53:47.586Z,2026-05-30T23:53:47.586Z,78,78
HCP1242,6,3,3,1.0000,48.67,78.0,1.0,5.0,2026-08-03T08:41:22.758Z,2026-08-03T08:41:22.758Z,13,13
HCP1263,5,3,2,0.6667,44.5,47.0,0.0,0.0,2026-05-09T20:57:55.862Z,2026-05-09T20:57:55.862Z,99,99
HCP1278,8,4,4,1.0000,49.5,77.0,2.0,8.0,2026-07-05T16:26:53.793Z,2026-07-05T16:26:53.793Z,42,42
HCP1294,5,3,2,0.6667,37.5,39.0,1.0,4.0,2026-06-21T10:49:39.310Z,2026-06-21T10:49:39.310Z,56,56
HCP1302,4,2,2,1.0000,71.5,75.0,0.0,1.0,2026-06-28T16:08:16.551Z,2026-06-28T16:08:16.551Z,49,49
HCP1347,4,2,2,1.0000,47.0,50.0,5.0,0.0,2026-05-09T17:57:55.862Z,2026-05-09T17:57:55.862Z,99,99
HCP1385,6,4,2,0.5000,58.5,86.0,3.0,4.0,2026-04-05T07:20:41.379Z,2026-03-27T19:06:12.413Z,142,133
HCP1405,6,5,1,0.2000,36.0,36.0,0.0,0.0,2026-05-05T22:35:10.344Z,2026-04-11T04:43:26.896Z,127,103
HCP1435,8,4,4,1.0000,81.25,93.0,5.0,3.0,2026-07-05T21:26:53.793Z,2026-07-05T21:26:53.793Z,42,42
HCP1492,3,2,1,0.5000,88.0,88.0,3.0,3.0,2026-02-23T04:51:43.448Z,2026-02-05T21:55:51.724Z,192,174
HCP1511,9,5,4,0.8000,51.75,80.0,2.0,7.0,2026-08-02T14:00:00.000Z,2026-04-18T05:02:04.137Z,120,14
HCP1518,8,4,4,1.0000,35.75,47.0,4.0,7.0,2026-07-12T22:45:31.034Z,2026-07-12T22:45:31.034Z,35,35
HCP1523,3,2,1,0.5000,48.0,48.0,1.0,0.0,2026-05-09T19:57:55.862Z,2026-05-09T19:57:55.862Z,99,99
HCP1559,2,1,1,1.0000,34.0,34.0,0.0,3.0,2026-06-21T09:49:39.310Z,2026-06-21T09:49:39.310Z,56,56
HCP1580,7,4,3,0.7500,52.33,74.0,1.0,0.0,2026-07-05T17:26:53.793Z,2026-07-05T17:26:53.793Z,42,42
HCP1581,7,4,3,0.7500,52.0,70.0,1.0,2.0,2026-06-15T10:49:39.310Z,2026-03-27T23:06:12.413Z,142,62
HCP1593,1,1,0,0.0000,0.0,0.0,0.0,0.0,2026-05-01T11:39:18.620Z,null,null,107
HCP1627,7,4,3,0.7500,39.33,51.0,0.0,4.0,2026-07-27T08:22:45.517Z,2026-07-27T08:22:45.517Z,20,20
HCP1632,1,1,0,0.0000,0.0,0.0,0.0,0.0,2026-07-12T04:22:45.517Z,null,null,35
HCP1647,2,1,1,1.0000,54.0,54.0,0.0,3.0,2026-04-03T23:24:49.655Z,2026-04-03T23:24:49.655Z,135,135
HCP1693,8,4,4,1.0000,47.0,90.0,6.0,2.0,2026-05-16T18:16:33.103Z,2026-05-16T18:16:33.103Z,92,92
HCP1706,3,2,1,0.5000,46.0,46.0,0.0,0.0,2026-07-30T14:41:22.758Z,2026-03-20T14:47:35.172Z,149,17
HCP1724,14,8,6,0.7500,49.83,89.0,1.0,8.0,2026-07-27T07:22:45.517Z,2026-07-27T07:22:45.517Z,20,20
HCP1729,3,2,1,0.5000,60.0,60.0,0.0,3.0,2026-05-09T13:57:55.862Z,2026-05-09T13:57:55.862Z,99,99
HCP1732,9,6,3,0.5000,51.33,81.0,3.0,1.0,2026-07-24T04:22:45.517Z,2026-07-12T23:45:31.034Z,35,23
HCP1760,7,4,3,0.7500,35.33,55.0,0.0,4.0,2026-07-13T01:45:31.034Z,2026-07-13T01:45:31.034Z,34,34
HCP1771,10,5,5,1.0000,40.0,87.0,5.0,5.0,2026-06-14T09:31:02.068Z,2026-06-14T09:31:02.068Z,63,63
HCP1802,11,6,5,0.8333,47.4,88.0,4.0,10.0,2026-06-30T21:26:53.793Z,2026-06-21T12:49:39.310Z,56,47
HCP1812,5,3,2,0.6667,46.0,55.0,1.0,1.0,2026-07-27T04:22:45.517Z,2026-07-27T04:22:45.517Z,20,20
HCP1814,13,8,5,0.6250,65.4,104.0,6.0,5.0,2026-07-27T08:22:45.517Z,2026-07-27T08:22:45.517Z,20,20
HCP1824,3,2,1,0.5000,56.0,56.0,0.0,2.0,2026-05-23T00:53:47.586Z,2026-04-25T09:20:41.379Z,113,85
HCP1878,6,4,2,0.5000,69.0,82.0,0.0,3.0,2026-07-20T05:04:08.275Z,2026-07-20T05:04:08.275Z,27,27
HCP1903,3,2,1,0.5000,29.0,29.0,0.0,3.0,2026-06-11T10:31:02.068Z,2026-01-22T15:18:37.241Z,206,66
HCP1915,4,2,2,1.0000,55.0,59.0,3.0,2.0,2026-06-07T08:12:24.827Z,2026-06-07T08:12:24.827Z,70,70
HCP1936,3,2,1,0.5000,22.0,22.0,0.0,0.0,2026-05-31T05:53:47.586Z,2026-05-31T05:53:47.586Z,77,77
HCP1952,2,1,1,1.0000,104.0,104.0,0.0,0.0,2026-02-27T05:51:43.448Z,2026-02-27T05:51:43.448Z,170,170
HCP1970,4,3,1,0.3333,56.0,56.0,3.0,0.0,2026-05-05T19:35:10.344Z,2026-02-13T00:14:28.965Z,184,103
HCP0003,6,4,2,0.5000,43.5,64.0,0.0,0.0,2026-07-27T03:22:45.517Z,2026-07-27T03:22:45.517Z,20,20
HCP0009,4,2,2,1.0000,59.0,64.0,0.0,0.0,2026-04-11T03:43:26.896Z,2026-04-11T03:43:26.896Z,127,127
HCP0023,5,3,2,0.6667,32.0,39.0,1.0,4.0,2026-08-10T16:00:00.000Z,2026-08-10T16:00:00.000Z,6,6
HCP0091,6,3,3,1.0000,54.0,69.0,0.0,0.0,2026-06-07T09:12:24.827Z,2026-06-07T09:12:24.827Z,70,70
HCP0143,10,7,3,0.4286,43.33,56.0,5.0,3.0,2026-06-29T15:26:53.793Z,2026-06-14T06:31:02.068Z,63,48
HCP0158,1,1,0,0.0000,0.0,0.0,0.0,0.0,2026-05-17T23:53:47.586Z,null,null,91
HCP0162,6,3,3,1.0000,47.0,78.0,0.0,4.0,2026-05-16T19:16:33.103Z,2026-05-16T19:16:33.103Z,92,92
HCP0172,6,3,3,1.0000,64.33,79.0,3.0,4.0,2026-07-27T02:22:45.517Z,2026-07-27T02:22:45.517Z,20,20
HCP0173,11,6,5,0.8333,37.8,54.0,0.0,8.0,2026-06-21T14:49:39.310Z,2026-06-21T14:49:39.310Z,56,56
HCP0203,10,5,5,1.0000,59.2,93.0,7.0,12.0,2026-08-03T11:41:22.758Z,2026-08-03T11:41:22.758Z,13,13
HCP0204,4,3,1,0.3333,55.0,55.0,0.0,1.0,2026-07-11T22:04:08.275Z,2026-07-05T21:26:53.793Z,42,36
HCP0205,9,6,3,0.5000,57.67,80.0,2.0,1.0,2026-08-01T12:00:00.000Z,2026-07-12T20:45:31.034Z,35,15
HCP0227,14,8,6,0.7500,60.67,84.0,2.0,5.0,2026-08-10T15:00:00.000Z,2026-08-10T15:00:00.000Z,6,6
HCP0238,12,6,6,1.0000,50.17,86.0,1.0,10.0,2026-08-10T14:00:00.000Z,2026-08-10T14:00:00.000Z,6,6
HCP0239,11,6,5,0.8333,46.8,62.0,5.0,1.0,2026-08-03T07:41:22.758Z,2026-08-03T07:41:22.758Z,13,13
HCP0253,15,8,7,0.8750,48.14,63.0,3.0,17.0,2026-05-24T01:35:10.344Z,2026-05-24T01:35:10.344Z,84,84
HCP0272,2,1,1,1.0000,82.0,82.0,0.0,0.0,2026-05-24T03:35:10.344Z,2026-05-24T03:35:10.344Z,84,84
HCP0299,11,6,5,0.8333,57.4,110.0,1.0,5.0,2026-08-10T15:00:00.000Z,2026-08-10T15:00:00.000Z,6,6
HCP0312,6,4,2,0.5000,50.0,67.0,0.0,4.0,2026-05-16T20:16:33.103Z,2026-05-16T20:16:33.103Z,92,92
HCP0314,6,4,2,0.5000,52.0,75.0,2.0,2.0,2026-06-12T13:08:16.551Z,2026-05-31T02:53:47.586Z,77,65
HCP0324,14,8,6,0.7500,47.33,59.0,6.0,8.0,2026-08-10T13:00:00.000Z,2026-08-10T13:00:00.000Z,6,6
HCP0344,5,4,1,0.2500,36.0,36.0,2.0,0.0,2026-06-18T11:49:39.310Z,2026-02-12T23:14:28.965Z,185,59
HCP0345,10,5,5,1.0000,63.8,97.0,1.0,1.0,2026-05-31T03:53:47.586Z,2026-05-31T03:53:47.586Z,77,77
HCP0375,11,6,5,0.8333,44.6,88.0,10.0,6.0,2026-06-12T13:08:16.551Z,2026-05-02T16:39:18.620Z,106,65
HCP0399,8,4,4,1.0000,45.5,53.0,0.0,7.0,2026-06-21T15:49:39.310Z,2026-06-21T15:49:39.310Z,56,56
HCP0402,7,4,3,0.7500,56.33,90.0,5.0,4.0,2026-05-31T06:53:47.586Z,2026-05-31T06:53:47.586Z,77,77
HCP0415,5,3,2,0.6667,36.5,49.0,0.0,4.0,2026-08-10T14:00:00.000Z,2026-08-10T14:00:00.000Z,6,6
HCP0421,7,4,3,0.7500,53.67,66.0,2.0,4.0,2026-08-10T12:00:00.000Z,2026-08-10T12:00:00.000Z,6,6
HCP0422,10,5,5,1.0000,47.4,61.0,6.0,11.0,2026-07-27T06:22:45.517Z,2026-07-27T06:22:45.517Z,20,20
HCP0432,7,4,3,0.7500,52.0,81.0,2.0,6.0,2026-08-10T09:00:00.000Z,2026-08-10T09:00:00.000Z,6,6
HCP0448,5,3,2,0.6667,36.5,39.0,0.0,3.0,2026-07-27T02:22:45.517Z,2026-07-27T02:22:45.517Z,20,20
HCP0487,4,2,2,1.0000,52.5,83.0,0.0,0.0,2026-06-07T07:12:24.827Z,2026-06-07T07:12:24.827Z,70,70
HCP0497,5,4,1,0.2500,69.0,69.0,0.0,3.0,2026-06-13T11:49:39.310Z,2026-02-05T18:55:51.724Z,192,64
HCP0498,8,5,3,0.6000,65.67,94.0,3.0,3.0,2026-06-20T19:08:16.551Z,2026-06-07T06:12:24.827Z,70,57
HCP0506,5,3,2,0.6667,58.0,82.0,0.0,3.0,2026-04-19T20:57:55.862Z,2026-04-11T03:43:26.896Z,127,119
HCP0507,5,3,2,0.6667,51.0,57.0,0.0,3.0,2026-07-05T22:26:53.793Z,2026-07-05T22:26:53.793Z,42,42
HCP0520,5,3,2,0.6667,61.5,78.0,0.0,4.0,2026-07-11T20:45:31.034Z,2026-05-24T00:35:10.344Z,84,36
HCP0527,13,7,6,0.8571,44.67,49.0,4.0,2.0,2026-05-23T21:35:10.344Z,2026-05-23T21:35:10.344Z,85,85
HCP0539,10,6,4,0.6667,49.75,59.0,3.0,7.0,2026-07-05T22:26:53.793Z,2026-07-05T22:26:53.793Z,42,42
HCP0553,8,5,3,0.6000,43.33,46.0,0.0,1.0,2026-08-10T14:00:00.000Z,2026-08-10T14:00:00.000Z,6,6
HCP0589,14,8,6,0.7500,62.17,77.0,5.0,5.0,2026-08-03T09:41:22.758Z,2026-08-03T09:41:22.758Z,13,13
HCP0591,9,6,3,0.5000,37.67,44.0,1.0,4.0,2026-07-12T21:45:31.034Z,2026-07-12T21:45:31.034Z,35,35
HCP0593,6,3,3,1.0000,54.67,74.0,0.0,2.0,2026-07-05T16:26:53.793Z,2026-07-05T16:26:53.793Z,42,42
HCP0622,1,1,0,0.0000,0.0,0.0,0.0,0.0,2026-04-10T03:02:04.137Z,null,null,128
HCP0658,10,8,2,0.2500,84.0,101.0,0.0,0.0,2026-06-30T23:45:31.034Z,2026-03-20T19:47:35.172Z,149,47
HCP0678,12,6,6,1.0000,75.83,114.0,2.0,8.0,2026-08-03T11:41:22.758Z,2026-08-03T11:41:22.758Z,13,13
HCP0695,6,3,3,1.0000,42.67,60.0,0.0,3.0,2026-07-27T07:22:45.517Z,2026-07-27T07:22:45.517Z,20,20
HCP0701,2,1,1,1.0000,50.0,50.0,0.0,0.0,2026-04-18T05:02:04.137Z,2026-04-18T05:02:04.137Z,120,120
HCP0705,11,6,5,0.8333,57.6,80.0,5.0,0.0,2026-07-05T17:26:53.793Z,2026-07-05T17:26:53.793Z,42,42
HCP0718,8,4,4,1.0000,68.75,93.0,1.0,2.0,2026-05-24T00:35:10.344Z,2026-05-24T00:35:10.344Z,84,84
HCP0755,4,2,2,1.0000,42.5,63.0,0.0,4.0,2026-06-28T17:08:16.551Z,2026-06-28T17:08:16.551Z,49,49
HCP0772,6,3,3,1.0000,52.67,76.0,4.0,4.0,2026-05-02T14:39:18.620Z,2026-05-02T14:39:18.620Z,106,106
HCP0775,3,2,1,0.5000,59.0,59.0,2.0,0.0,2026-05-09T19:57:55.862Z,2026-05-09T19:57:55.862Z,99,99
HCP0789,4,2,2,1.0000,69.5,100.0,3.0,1.0,2026-02-27T05:51:43.448Z,2026-02-27T05:51:43.448Z,170,170
HCP0801,3,2,1,0.5000,70.0,70.0,0.0,0.0,2026-04-25T11:20:41.379Z,2026-04-25T11:20:41.379Z,113,113
HCP0824,10,7,3,0.4286,33.33,42.0,0.0,1.0,2026-08-10T16:00:00.000Z,2026-08-10T16:00:00.000Z,6,6
HCP0826,6,3,3,1.0000,63.0,74.0,0.0,3.0,2026-06-07T08:12:24.827Z,2026-06-07T08:12:24.827Z,70,70
HCP0872,7,4,3,0.7500,57.67,72.0,1.0,4.0,2026-07-05T16:26:53.793Z,2026-07-05T16:26:53.793Z,42,42
HCP0890,12,7,5,0.7143,36.8,49.0,0.0,8.0,2026-07-12T23:45:31.034Z,2026-07-12T23:45:31.034Z,35,35
HCP0957,7,4,3,0.7500,43.67,49.0,1.0,0.0,2026-07-05T19:26:53.793Z,2026-07-05T19:26:53.793Z,42,42
HCP0960,7,4,3,0.7500,57.33,60.0,2.0,3.0,2026-07-27T05:22:45.517Z,2026-07-27T05:22:45.517Z,20,20
HCP0984,7,4,3,0.7500,39.33,57.0,0.0,3.0,2026-06-20T13:49:39.310Z,2026-02-27T10:51:43.448Z,170,57
HCP1019,5,3,2,0.6667,56.5,80.0,0.0,0.0,2026-06-07T06:12:24.827Z,2026-06-07T06:12:24.827Z,70,70
HCP1021,5,3,2,0.6667,33.5,37.0,0.0,0.0,2026-07-21T11:00:00.000Z,2026-04-11T00:43:26.896Z,127,26
HCP1041,8,4,4,1.0000,48.0,64.0,1.0,6.0,2026-06-21T16:49:39.310Z,2026-06-21T16:49:39.310Z,56,56
HCP1051,8,4,4,1.0000,70.25,102.0,1.0,4.0,2026-07-20T06:04:08.275Z,2026-07-20T06:04:08.275Z,27,27
HCP1066,3,2,1,0.5000,45.0,45.0,0.0,0.0,2026-04-18T08:02:04.137Z,2026-04-18T08:02:04.137Z,120,120
HCP1071,6,4,2,0.5000,33.0,44.0,0.0,0.0,2026-06-14T12:31:02.068Z,2026-06-14T12:31:02.068Z,63,63
HCP1093,12,8,4,0.5000,76.0,93.0,0.0,5.0,2026-07-27T06:22:45.517Z,2026-07-27T06:22:45.517Z,20,20
HCP1098,7,4,3,0.7500,48.33,71.0,2.0,3.0,2026-07-12T19:45:31.034Z,2026-07-12T19:45:31.034Z,35,35
HCP1107,9,6,3,0.5000,57.0,96.0,4.0,1.0,2026-08-06T14:00:00.000Z,2026-08-03T06:41:22.758Z,13,10
HCP1119,10,5,5,1.0000,38.8,63.0,0.0,0.0,2026-07-27T08:22:45.517Z,2026-07-27T08:22:45.517Z,20,20
HCP1126,9,6,3,0.5000,51.67,66.0,2.0,0.0,2026-07-23T11:41:22.758Z,2026-05-24T03:35:10.344Z,84,24
HCP1127,7,4,3,0.7500,32.67,43.0,1.0,3.0,2026-05-09T15:57:55.862Z,2026-05-09T15:57:55.862Z,99,99
HCP1131,1,1,0,0.0000,0.0,0.0,0.0,0.0,2026-01-31T22:55:51.724Z,null,null,197
HCP1140,2,1,1,1.0000,43.0,43.0,1.0,0.0,2026-05-02T14:39:18.620Z,2026-05-02T14:39:18.620Z,106,106
HCP1148,7,4,3,0.7500,56.67,90.0,0.0,2.0,2026-07-05T23:26:53.793Z,2026-07-05T23:26:53.793Z,42,42
HCP1156,4,2,2,1.0000,46.5,71.0,1.0,2.0,2026-04-18T08:02:04.137Z,2026-04-18T08:02:04.137Z,120,120
HCP1171,11,6,5,0.8333,50.6,77.0,4.0,4.0,2026-08-10T14:00:00.000Z,2026-08-10T14:00:00.000Z,6,6
HCP1183,5,3,2,0.6667,41.0,49.0,0.0,1.0,2026-06-12T08:31:02.068Z,2026-05-17T00:16:33.103Z,91,65
HCP1189,7,5,2,0.4000,41.5,51.0,1.0,4.0,2026-08-03T15:00:00.000Z,2026-05-30T23:53:47.586Z,78,13
HCP1229,6,4,2,0.5000,83.5,104.0,0.0,6.0,2026-08-03T08:41:22.758Z,2026-08-03T08:41:22.758Z,13,13
HCP1258,6,3,3,1.0000,41.67,52.0,6.0,1.0,2026-07-27T03:22:45.517Z,2026-07-27T03:22:45.517Z,20,20
HCP1264,7,4,3,0.7500,43.33,60.0,3.0,7.0,2026-07-24T11:22:45.517Z,2026-07-13T02:45:31.034Z,34,23
HCP1299,10,5,5,1.0000,56.6,88.0,1.0,6.0,2026-08-03T06:41:22.758Z,2026-08-03T06:41:22.758Z,13,13
HCP1321,13,7,6,0.8571,52.67,93.0,2.0,0.0,2026-08-06T08:00:00.000Z,2026-07-05T17:26:53.793Z,42,10
HCP1344,4,2,2,1.0000,63.0,82.0,0.0,0.0,2026-03-20T16:47:35.172Z,2026-03-20T16:47:35.172Z,149,149
HCP1362,6,3,3,1.0000,57.0,77.0,1.0,4.0,2026-07-20T06:04:08.275Z,2026-07-20T06:04:08.275Z,27,27
HCP1371,2,2,0,0.0000,0.0,0.0,0.0,0.0,2026-02-28T17:28:57.931Z,null,null,169
HCP1375,2,1,1,1.0000,46.0,46.0,0.0,0.0,2026-03-06T10:10:20.689Z,2026-03-06T10:10:20.689Z,163,163
HCP1378,6,3,3,1.0000,69.0,95.0,5.0,3.0,2026-07-27T03:22:45.517Z,2026-07-27T03:22:45.517Z,20,20
HCP1384,5,3,2,0.6667,32.5,39.0,1.0,4.0,2026-06-17T13:08:16.551Z,2026-05-09T15:57:55.862Z,99,60
HCP1481,3,2,1,0.5000,39.0,39.0,0.0,0.0,2026-03-14T23:06:12.413Z,2026-03-13T12:28:57.931Z,156,155
HCP1522,9,5,4,0.8000,53.0,103.0,1.0,7.0,2026-07-12T19:45:31.034Z,2026-07-12T19:45:31.034Z,35,35
HCP1527,6,3,3,1.0000,42.0,44.0,0.0,0.0,2026-05-02T16:39:18.620Z,2026-05-02T16:39:18.620Z,106,106
HCP1541,5,3,2,0.6667,64.0,82.0,0.0,3.0,2026-03-13T18:28:57.931Z,2026-03-13T18:28:57.931Z,156,156
HCP1564,9,5,4,0.8000,58.75,80.0,9.0,9.0,2026-07-27T09:22:45.517Z,2026-07-27T09:22:45.517Z,20,20
HCP1633,7,4,3,0.7500,45.67,65.0,1.0,1.0,2026-07-27T06:22:45.517Z,2026-07-27T06:22:45.517Z,20,20
HCP1655,10,5,5,1.0000,45.0,60.0,6.0,9.0,2026-06-21T12:49:39.310Z,2026-06-21T12:49:39.310Z,56,56
HCP1657,4,2,2,1.0000,35.5,41.0,3.0,0.0,2026-06-14T07:31:02.068Z,2026-06-14T07:31:02.068Z,63,63
HCP1663,8,4,4,1.0000,64.5,101.0,3.0,3.0,2026-06-21T10:49:39.310Z,2026-06-21T10:49:39.310Z,56,56
HCP1665,6,4,2,0.5000,28.5,37.0,3.0,3.0,2026-07-24T12:00:00.000Z,2026-04-03T23:24:49.655Z,135,23
HCP1671,5,3,2,0.6667,28.0,33.0,1.0,1.0,2026-04-30T17:16:33.103Z,2026-04-04T04:24:49.655Z,134,108
HCP1677,4,2,2,1.0000,51.0,67.0,1.0,8.0,2026-07-27T05:22:45.517Z,2026-07-27T05:22:45.517Z,20,20
HCP1681,2,1,1,1.0000,38.0,38.0,0.0,3.0,2026-03-06T14:10:20.689Z,2026-03-06T14:10:20.689Z,163,163
HCP1688,8,4,4,1.0000,36.25,44.0,4.0,2.0,2026-04-11T04:43:26.896Z,2026-04-11T04:43:26.896Z,127,127
HCP1702,7,4,3,0.7500,46.67,60.0,7.0,2.0,2026-05-10T02:35:10.344Z,2026-04-11T02:43:26.896Z,127,98
HCP1733,10,5,5,1.0000,57.8,79.0,0.0,7.0,2026-07-27T02:22:45.517Z,2026-07-27T02:22:45.517Z,20,20
HCP1761,12,6,6,1.0000,51.67,83.0,6.0,10.0,2026-07-27T08:22:45.517Z,2026-07-27T08:22:45.517Z,20,20
HCP1767,4,3,1,0.3333,64.0,64.0,3.0,1.0,2026-07-08T23:04:08.275Z,2026-03-13T11:28:57.931Z,156,39
HCP1779,6,4,2,0.5000,51.0,76.0,0.0,3.0,2026-06-01T09:31:02.068Z,2026-04-18T08:02:04.137Z,120,76
HCP1782,11,6,5,0.8333,56.4,77.0,4.0,10.0,2026-07-19T23:04:08.275Z,2026-07-19T23:04:08.275Z,28,28
HCP1785,7,4,3,0.7500,49.67,59.0,6.0,3.0,2026-07-15T11:41:22.758Z,2026-06-28T17:08:16.551Z,49,32
HCP1807,4,3,1,0.3333,45.0,45.0,3.0,0.0,2026-06-24T22:45:31.034Z,2026-02-05T22:55:51.724Z,192,53
HCP1808,7,5,2,0.4000,39.5,45.0,0.0,0.0,2026-07-17T02:22:45.517Z,2026-06-14T13:31:02.068Z,63,30
HCP1810,5,4,1,0.2500,52.0,52.0,0.0,0.0,2026-07-25T11:41:22.758Z,2026-06-28T13:08:16.551Z,49,22
HCP1826,5,3,2,0.6667,56.5,72.0,3.0,0.0,2026-03-27T18:06:12.413Z,2026-03-27T18:06:12.413Z,142,142
HCP1841,2,1,1,1.0000,42.0,42.0,0.0,3.0,2026-05-16T22:16:33.103Z,2026-05-16T22:16:33.103Z,92,92
HCP1845,2,1,1,1.0000,40.0,40.0,3.0,3.0,2026-03-27T21:06:12.413Z,2026-03-27T21:06:12.413Z,142,142
HCP1868,8,4,4,1.0000,54.75,102.0,4.0,7.0,2026-07-19T23:04:08.275Z,2026-07-19T23:04:08.275Z,28,28
HCP1873,6,3,3,1.0000,69.67,107.0,5.0,4.0,2026-06-07T06:12:24.827Z,2026-06-07T06:12:24.827Z,70,70
HCP1899,9,6,3,0.5000,56.67,73.0,5.0,1.0,2026-06-07T10:31:02.068Z,2026-05-02T11:39:18.620Z,106,70
HCP1912,1,1,0,0.0000,0.0,0.0,0.0,0.0,2026-03-02T15:10:20.689Z,null,null,167
HCP1921,12,6,6,1.0000,47.83,94.0,6.0,11.0,2026-08-10T13:00:00.000Z,2026-08-10T13:00:00.000Z,6,6
HCP1930,7,4,3,0.7500,71.33,94.0,2.0,2.0,2026-08-03T06:41:22.758Z,2026-08-03T06:41:22.758Z,13,13
HCP1966,4,3,1,0.3333,54.0,54.0,0.0,0.0,2026-05-28T14:31:02.068Z,2026-02-05T22:55:51.724Z,192,80
HCP1972,3,2,1,0.5000,51.0,51.0,0.0,4.0,2026-06-14T07:31:02.068Z,2026-06-14T07:31:02.068Z,63,63
HCP1973,8,5,3,0.6000,43.67,50.0,3.0,5.0,2026-07-27T13:41:22.758Z,2026-06-21T11:49:39.310Z,56,20
HCP1992,4,3,1,0.3333,50.0,50.0,0.0,0.0,2026-06-13T15:49:39.310Z,2026-02-13T02:14:28.965Z,184,64
HCP0026,2,1,1,1.0000,56.0,56.0,1.0,0.0,2026-01-29T16:37:14.482Z,2026-01-29T16:37:14.482Z,199,199
HCP0042,6,4,2,0.5000,60.0,69.0,0.0,0.0,2026-08-02T14:00:00.000Z,2026-02-27T04:51:43.448Z,170,14
HCP0046,7,4,3,0.7500,56.33,97.0,2.0,3.0,2026-07-05T21:26:53.793Z,2026-07-05T21:26:53.793Z,42,42
HCP0051,4,3,1,0.3333,20.0,20.0,0.0,0.0,2026-05-07T03:35:10.344Z,2026-03-27T19:06:12.413Z,142,101
HCP0052,6,3,3,1.0000,37.33,54.0,5.0,7.0,2026-06-14T08:31:02.068Z,2026-06-14T08:31:02.068Z,63,63
HCP0065,7,5,2,0.4000,53.5,74.0,0.0,0.0,2026-06-13T22:08:16.551Z,2026-05-09T18:57:55.862Z,99,64
HCP0070,3,2,1,0.5000,30.0,30.0,0.0,0.0,2026-04-05T15:20:41.379Z,2026-03-20T15:47:35.172Z,149,133
HCP0072,9,6,3,0.5000,41.0,62.0,5.0,4.0,2026-07-10T00:04:08.275Z,2026-06-21T10:49:39.310Z,56,37
HCP0079,4,2,2,1.0000,43.0,46.0,0.0,3.0,2026-07-13T00:45:31.034Z,2026-07-13T00:45:31.034Z,34,34
HCP0086,8,4,4,1.0000,49.25,101.0,4.0,4.0,2026-06-14T08:31:02.068Z,2026-06-14T08:31:02.068Z,63,63
HCP0093,12,7,5,0.7143,56.4,114.0,7.0,2.0,2026-07-16T08:22:45.517Z,2026-07-12T21:45:31.034Z,35,31
HCP0095,2,2,0,0.0000,0.0,0.0,0.0,0.0,2026-02-22T17:28:57.931Z,null,null,175
HCP0096,9,5,4,0.8000,41.0,66.0,0.0,5.0,2026-06-26T21:26:53.793Z,2026-05-31T06:53:47.586Z,77,51
HCP0100,4,3,1,0.3333,69.0,69.0,0.0,0.0,2026-07-03T03:04:08.275Z,2026-05-09T17:57:55.862Z,99,44
HCP0107,8,6,2,0.3333,67.5,79.0,2.0,5.0,2026-06-02T12:12:24.827Z,2026-04-18T09:02:04.137Z,120,75
HCP0127,8,4,4,1.0000,42.0,56.0,3.0,3.0,2026-07-12T20:45:31.034Z,2026-07-12T20:45:31.034Z,35,35
HCP0161,5,3,2,0.6667,43.0,46.0,2.0,0.0,2026-07-12T22:45:31.034Z,2026-07-12T22:45:31.034Z,35,35
HCP0165,8,5,3,0.6000,58.0,60.0,2.0,3.0,2026-07-20T03:04:08.275Z,2026-07-20T03:04:08.275Z,27,27
HCP0174,7,4,3,0.7500,58.33,61.0,0.0,4.0,2026-06-28T15:08:16.551Z,2026-06-28T15:08:16.551Z,49,49
HCP0198,7,4,3,0.7500,54.67,90.0,3.0,0.0,2026-08-10T11:00:00.000Z,2026-08-10T11:00:00.000Z,6,6
HCP0212,3,2,1,0.5000,79.0,79.0,0.0,3.0,2026-05-26T23:53:47.586Z,2026-03-13T15:28:57.931Z,156,82
HCP0213,6,4,2,0.5000,40.5,46.0,0.0,0.0,2026-06-21T13:49:39.310Z,2026-06-21T13:49:39.310Z,56,56
HCP0221,10,6,4,0.6667,39.75,55.0,4.0,3.0,2026-08-10T11:00:00.000Z,2026-08-10T11:00:00.000Z,6,6
HCP0225,5,3,2,0.6667,73.5,75.0,2.0,1.0,2026-07-29T05:41:22.758Z,2026-04-25T12:20:41.379Z,113,18
HCP0232,8,5,3,0.6000,59.33,78.0,3.0,7.0,2026-07-20T02:04:08.275Z,2026-07-20T02:04:08.275Z,27,27
HCP0235,6,5,1,0.2000,58.0,58.0,0.0,4.0,2026-08-01T16:00:00.000Z,2026-03-06T11:10:20.689Z,163,15
HCP0250,11,6,5,0.8333,60.4,76.0,0.0,0.0,2026-06-28T15:08:16.551Z,2026-06-28T15:08:16.551Z,49,49
HCP0252,6,3,3,1.0000,63.67,75.0,6.0,1.0,2026-08-03T10:41:22.758Z,2026-08-03T10:41:22.758Z,13,13
HCP0262,6,3,3,1.0000,60.67,79.0,4.0,6.0,2026-04-25T10:20:41.379Z,2026-04-25T10:20:41.379Z,113,113
HCP0291,4,3,1,0.3333,49.0,49.0,0.0,0.0,2026-06-14T09:31:02.068Z,2026-06-14T09:31:02.068Z,63,63
HCP0307,3,2,1,0.5000,68.0,68.0,0.0,2.0,2026-04-28T12:57:55.862Z,2026-04-25T10:20:41.379Z,113,110
HCP0317,7,4,3,0.7500,33.33,37.0,3.0,6.0,2026-07-27T03:22:45.517Z,2026-07-27T03:22:45.517Z,20,20
HCP0329,5,3,2,0.6667,31.5,34.0,0.0,4.0,2026-05-31T05:53:47.586Z,2026-05-31T05:53:47.586Z,77,77
HCP0335,11,6,5,0.8333,47.6,84.0,3.0,5.0,2026-07-12T23:45:31.034Z,2026-07-12T23:45:31.034Z,35,35
HCP0357,4,2,2,1.0000,40.0,42.0,3.0,4.0,2026-03-13T18:28:57.931Z,2026-03-13T18:28:57.931Z,156,156
HCP0366,6,3,3,1.0000,50.33,76.0,2.0,3.0,2026-07-20T02:04:08.275Z,2026-07-20T02:04:08.275Z,27,27
HCP0378,6,3,3,1.0000,48.67,58.0,0.0,5.0,2026-06-21T15:49:39.310Z,2026-06-21T15:49:39.310Z,56,56
HCP0395,12,6,6,1.0000,54.0,88.0,0.0,8.0,2026-08-10T13:00:00.000Z,2026-08-10T13:00:00.000Z,6,6
HCP0414,8,5,3,0.6000,59.33,85.0,0.0,5.0,2026-08-03T08:41:22.758Z,2026-08-03T08:41:22.758Z,13,13
HCP0439,6,4,2,0.5000,62.5,76.0,3.0,3.0,2026-05-27T05:12:24.827Z,2026-04-18T05:02:04.137Z,120,81
HCP0454,10,6,4,0.6667,59.5,89.0,0.0,13.0,2026-07-20T02:04:08.275Z,2026-07-20T02:04:08.275Z,27,27
HCP0458,5,3,2,0.6667,55.0,58.0,1.0,0.0,2026-05-16T23:16:33.103Z,2026-05-16T23:16:33.103Z,92,92
HCP0476,2,1,1,1.0000,52.0,52.0,0.0,0.0,2026-08-10T11:00:00.000Z,2026-08-10T11:00:00.000Z,6,6
HCP0502,9,5,4,0.8000,60.25,72.0,3.0,5.0,2026-07-27T02:22:45.517Z,2026-07-27T02:22:45.517Z,20,20
HCP0523,2,1,1,1.0000,52.0,52.0,0.0,0.0,2026-02-13T01:14:28.965Z,2026-02-13T01:14:28.965Z,184,184
HCP0541,9,5,4,0.8000,55.5,88.0,6.0,2.0,2026-07-05T17:26:53.793Z,2026-07-05T17:26:53.793Z,42,42
HCP0576,2,1,1,1.0000,31.0,31.0,0.0,0.0,2026-02-20T02:33:06.206Z,2026-02-20T02:33:06.206Z,177,177
HCP0577,3,2,1,0.5000,83.0,83.0,0.0,4.0,2026-07-20T03:04:08.275Z,2026-07-20T03:04:08.275Z,27,27
HCP0579,4,2,2,1.0000,70.5,91.0,0.0,3.0,2026-07-20T00:04:08.275Z,2026-07-20T00:04:08.275Z,27,27
HCP0584,6,3,3,1.0000,47.67,58.0,3.0,0.0,2026-07-27T08:22:45.517Z,2026-07-27T08:22:45.517Z,20,20
HCP0610,15,8,7,0.8750,55.43,88.0,5.0,4.0,2026-08-10T09:00:00.000Z,2026-08-10T09:00:00.000Z,6,6
HCP0617,4,2,2,1.0000,53.0,61.0,1.0,0.0,2026-05-02T17:39:18.620Z,2026-05-02T17:39:18.620Z,106,106
HCP0679,3,2,1,0.5000,52.0,52.0,3.0,0.0,2026-08-01T15:00:00.000Z,2026-02-27T08:51:43.448Z,170,15
HCP0691,5,3,2,0.6667,36.5,37.0,3.0,3.0,2026-06-18T16:49:39.310Z,2026-05-31T05:53:47.586Z,77,59
HCP0702,7,4,3,0.7500,47.0,51.0,1.0,4.0,2026-07-10T23:04:08.275Z,2026-07-05T22:26:53.793Z,42,37
HCP0703,8,5,3,0.6000,56.0,71.0,0.0,3.0,2026-08-10T15:00:00.000Z,2026-08-10T15:00:00.000Z,6,6
HCP0723,11,6,5,0.8333,57.2,95.0,4.0,2.0,2026-08-07T16:00:00.000Z,2026-07-20T06:04:08.275Z,27,9
HCP0754,3,2,1,0.5000,41.0,41.0,0.0,0.0,2026-07-26T08:41:22.758Z,2026-05-31T01:53:47.586Z,77,21
HCP0793,8,4,4,1.0000,60.25,84.0,5.0,4.0,2026-08-03T05:41:22.758Z,2026-08-03T05:41:22.758Z,13,13
HCP0812,9,6,3,0.5000,53.67,60.0,3.0,0.0,2026-07-10T08:04:08.275Z,2026-02-27T09:51:43.448Z,170,37
HCP0823,14,8,6,0.7500,38.67,50.0,8.0,5.0,2026-06-21T10:49:39.310Z,2026-06-21T10:49:39.310Z,56,56
HCP0858,3,2,1,0.5000,67.0,67.0,3.0,0.0,2026-07-20T06:04:08.275Z,2026-07-20T06:04:08.275Z,27,27
HCP0862,3,2,1,0.5000,103.0,103.0,1.0,0.0,2026-08-03T11:41:22.758Z,2026-08-03T11:41:22.758Z,13,13
HCP0894,7,4,3,0.7500,41.0,64.0,0.0,0.0,2026-05-16T22:16:33.103Z,2026-05-16T22:16:33.103Z,92,92
HCP0896,6,4,2,0.5000,54.0,66.0,2.0,3.0,2026-08-03T12:41:22.758Z,2026-08-03T12:41:22.758Z,13,13
HCP0899,16,8,8,1.0000,58.88,103.0,12.0,9.0,2026-06-28T20:08:16.551Z,2026-06-28T20:08:16.551Z,49,49
HCP0946,11,6,5,0.8333,37.6,51.0,4.0,4.0,2026-07-27T05:22:45.517Z,2026-07-27T05:22:45.517Z,20,20
HCP0973,9,5,4,0.8000,46.0,64.0,0.0,1.0,2026-08-03T10:41:22.758Z,2026-08-03T10:41:22.758Z,13,13
HCP0981,3,2,1,0.5000,51.0,51.0,0.0,3.0,2026-05-30T12:12:24.827Z,2026-01-15T12:00:00.000Z,213,78
HCP0998,5,5,0,0.0000,0.0,0.0,0.0,0.0,2026-07-26T05:22:45.517Z,null,null,21
HCP1028,12,6,6,1.0000,42.83,58.0,5.0,8.0,2026-08-10T14:00:00.000Z,2026-08-10T14:00:00.000Z,6,6
HCP1045,1,1,0,0.0000,0.0,0.0,0.0,0.0,2026-01-31T04:14:28.965Z,null,null,197
HCP1062,4,3,1,0.3333,63.0,63.0,0.0,0.0,2026-07-27T06:22:45.517Z,2026-07-27T06:22:45.517Z,20,20
HCP1069,7,4,3,0.7500,57.33,92.0,3.0,0.0,2026-08-10T09:00:00.000Z,2026-08-10T09:00:00.000Z,6,6
HCP1073,11,6,5,0.8333,47.0,79.0,3.0,5.0,2026-06-17T19:26:53.793Z,2026-05-24T01:35:10.344Z,84,60
HCP1091,7,5,2,0.4000,69.5,98.0,0.0,1.0,2026-07-03T20:26:53.793Z,2026-06-07T07:12:24.827Z,70,44
HCP1097,8,4,4,1.0000,56.25,78.0,0.0,0.0,2026-07-20T05:04:08.275Z,2026-07-20T05:04:08.275Z,27,27
HCP1130,7,4,3,0.7500,68.0,89.0,4.0,1.0,2026-07-20T04:04:08.275Z,2026-07-20T04:04:08.275Z,27,27
HCP1151,10,5,5,1.0000,49.8,83.0,3.0,4.0,2026-07-05T21:26:53.793Z,2026-07-05T21:26:53.793Z,42,42
HCP1185,10,6,4,0.6667,38.0,51.0,4.0,4.0,2026-08-04T12:00:00.000Z,2026-06-07T08:12:24.827Z,70,12
HCP1211,1,1,0,0.0000,0.0,0.0,0.0,0.0,2026-03-02T21:47:35.172Z,null,null,167
HCP1271,11,6,5,0.8333,59.6,69.0,5.0,2.0,2026-07-27T02:22:45.517Z,2026-07-27T02:22:45.517Z,20,20
HCP1276,12,6,6,1.0000,57.17,92.0,6.0,10.0,2026-07-20T04:04:08.275Z,2026-07-20T04:04:08.275Z,27,27
HCP1314,2,2,0,0.0000,0.0,0.0,0.0,0.0,2026-03-25T03:43:26.896Z,null,null,144
HCP1326,5,4,1,0.2500,45.0,45.0,0.0,1.0,2026-07-19T04:22:45.517Z,2026-05-16T18:16:33.103Z,92,28
HCP1348,12,6,6,1.0000,48.33,83.0,7.0,7.0,2026-07-20T06:04:08.275Z,2026-07-20T06:04:08.275Z,27,27
HCP1356,15,10,5,0.5000,54.4,89.0,4.0,11.0,2026-07-29T14:41:22.758Z,2026-06-07T05:12:24.827Z,70,18
HCP1410,13,7,6,0.8571,55.83,103.0,6.0,4.0,2026-07-13T09:22:45.517Z,2026-06-28T14:08:16.551Z,49,34
HCP1417,12,7,5,0.7143,53.8,77.0,2.0,2.0,2026-08-08T13:00:00.000Z,2026-07-27T07:22:45.517Z,20,8
HCP1426,7,5,2,0.4000,73.5,105.0,0.0,3.0,2026-07-20T01:04:08.275Z,2026-07-20T01:04:08.275Z,27,27
HCP1437,14,8,6,0.7500,49.5,82.0,0.0,9.0,2026-08-10T09:00:00.000Z,2026-08-10T09:00:00.000Z,6,6
HCP1458,6,4,2,0.5000,53.5,54.0,0.0,0.0,2026-08-10T13:00:00.000Z,2026-08-10T13:00:00.000Z,6,6
HCP1464,4,2,2,1.0000,35.5,47.0,0.0,3.0,2026-03-06T12:10:20.689Z,2026-03-06T12:10:20.689Z,163,163
HCP1493,7,5,2,0.4000,40.5,53.0,2.0,2.0,2026-07-05T22:26:53.793Z,2026-07-05T22:26:53.793Z,42,42
HCP1502,6,3,3,1.0000,61.33,84.0,0.0,3.0,2026-06-07T03:12:24.827Z,2026-06-07T03:12:24.827Z,70,70
HCP1537,1,1,0,0.0000,0.0,0.0,0.0,0.0,2026-01-22T23:37:14.482Z,null,null,206
HCP1614,5,3,2,0.6667,70.5,76.0,0.0,1.0,2026-06-28T15:08:16.551Z,2026-06-28T15:08:16.551Z,49,49
HCP1618,7,4,3,0.7500,45.0,70.0,4.0,3.0,2026-05-02T15:39:18.620Z,2026-05-02T15:39:18.620Z,106,106
HCP1629,12,7,5,0.7143,54.8,89.0,3.0,3.0,2026-08-10T16:00:00.000Z,2026-08-10T16:00:00.000Z,6,6
HCP1651,5,4,1,0.2500,53.0,53.0,0.0,0.0,2026-06-22T20:45:31.034Z,2026-03-06T13:10:20.689Z,163,55
HCP1652,6,3,3,1.0000,46.0,68.0,0.0,2.0,2026-06-07T10:12:24.827Z,2026-06-07T10:12:24.827Z,70,70
HCP1678,17,9,8,0.8889,59.75,114.0,7.0,10.0,2026-08-03T09:41:22.758Z,2026-08-03T09:41:22.758Z,13,13
HCP1689,8,5,3,0.6000,36.0,44.0,2.0,2.0,2026-07-12T20:45:31.034Z,2026-07-12T20:45:31.034Z,35,35
HCP1697,6,3,3,1.0000,54.67,75.0,4.0,6.0,2026-08-10T10:00:00.000Z,2026-08-10T10:00:00.000Z,6,6
HCP1700,10,6,4,0.6667,65.5,98.0,0.0,5.0,2026-08-03T11:41:22.758Z,2026-08-03T11:41:22.758Z,13,13
HCP1714,15,8,7,0.8750,54.57,94.0,6.0,6.0,2026-07-20T02:04:08.275Z,2026-07-20T02:04:08.275Z,27,27
HCP1722,9,5,4,0.8000,51.0,93.0,5.0,4.0,2026-06-14T10:31:02.068Z,2026-06-14T10:31:02.068Z,63,63
HCP1792,6,3,3,1.0000,64.67,95.0,0.0,9.0,2026-03-20T14:47:35.172Z,2026-03-20T14:47:35.172Z,149,149
HCP1846,8,4,4,1.0000,70.75,91.0,0.0,7.0,2026-06-07T09:12:24.827Z,2026-06-07T09:12:24.827Z,70,70
HCP1863,11,6,5,0.8333,70.8,94.0,1.0,1.0,2026-07-05T23:26:53.793Z,2026-07-05T23:26:53.793Z,42,42
HCP1874,11,6,5,0.8333,49.4,72.0,0.0,4.0,2026-08-03T06:41:22.758Z,2026-08-03T06:41:22.758Z,13,13
HCP1884,10,5,5,1.0000,42.0,63.0,0.0,6.0,2026-06-07T05:12:24.827Z,2026-06-07T05:12:24.827Z,70,70
HCP1890,15,8,7,0.8750,62.43,107.0,6.0,15.0,2026-08-10T13:00:00.000Z,2026-08-10T13:00:00.000Z,6,6
HCP1907,7,4,3,0.7500,55.67,69.0,0.0,0.0,2026-07-14T05:41:22.758Z,2026-06-14T13:31:02.068Z,63,33
HCP1927,13,7,6,0.8571,45.17,55.0,7.0,2.0,2026-07-05T23:26:53.793Z,2026-07-05T23:26:53.793Z,42,42
HCP1929,12,7,5,0.7143,41.2,56.0,9.0,3.0,2026-07-20T08:41:22.758Z,2026-07-20T03:04:08.275Z,27,27
HCP1941,8,4,4,1.0000,39.5,47.0,5.0,2.0,2026-03-27T19:06:12.413Z,2026-03-27T19:06:12.413Z,142,142
HCP1954,4,2,2,1.0000,49.5,53.0,3.0,0.0,2026-07-27T04:22:45.517Z,2026-07-27T04:22:45.517Z,20,20
HCP1955,12,6,6,1.0000,56.17,84.0,3.0,4.0,2026-07-05T21:26:53.793Z,2026-07-05T21:26:53.793Z,42,42
HCP1974,14,7,7,1.0000,76.43,107.0,13.0,8.0,2026-08-03T06:41:22.758Z,2026-08-03T06:41:22.758Z,13,13
HCP1990,8,5,3,0.6000,60.0,74.0,4.0,1.0,2026-07-27T02:22:45.517Z,2026-07-27T02:22:45.517Z,20,20
HCP0002,6,3,3,1.0000,44.67,49.0,3.0,2.0,2026-06-07T10:12:24.827Z,2026-06-07T10:12:24.827Z,70,70
HCP0057,9,5,4,0.8000,48.25,55.0,4.0,3.0,2026-08-10T13:00:00.000Z,2026-08-10T13:00:00.000Z,6,6
HCP0066,2,1,1,1.0000,30.0,30.0,0.0,1.0,2026-05-02T11:39:18.620Z,2026-05-02T11:39:18.620Z,106,106
HCP0068,3,2,1,0.5000,63.0,63.0,0.0,0.0,2026-05-23T23:35:10.344Z,2026-05-23T23:35:10.344Z,85,85
HCP0073,6,4,2,0.5000,37.0,41.0,0.0,1.0,2026-07-01T20:45:31.034Z,2026-06-21T15:49:39.310Z,56,46
HCP0077,6,4,2,0.5000,49.5,75.0,4.0,4.0,2026-05-20T08:53:47.586Z,2026-04-25T13:20:41.379Z,113,88
HCP0102,4,2,2,1.0000,39.0,39.0,3.0,5.0,2026-07-05T20:26:53.793Z,2026-07-05T20:26:53.793Z,42,42
HCP0124,12,7,5,0.7143,45.6,105.0,4.0,4.0,2026-07-19T23:04:08.275Z,2026-07-19T23:04:08.275Z,28,28
HCP0126,13,7,6,0.8571,51.5,101.0,6.0,13.0,2026-07-20T04:04:08.275Z,2026-07-20T04:04:08.275Z,27,27
HCP0130,10,5,5,1.0000,36.6,49.0,0.0,8.0,2026-06-14T09:31:02.068Z,2026-06-14T09:31:02.068Z,63,63
HCP0132,8,4,4,1.0000,51.75,62.0,2.0,0.0,2026-05-16T19:16:33.103Z,2026-05-16T19:16:33.103Z,92,92
HCP0140,5,3,2,0.6667,32.5,43.0,0.0,4.0,2026-06-02T15:49:39.310Z,2026-05-17T00:16:33.103Z,91,75
HCP0147,7,5,2,0.4000,30.5,34.0,0.0,4.0,2026-08-10T10:00:00.000Z,2026-08-10T10:00:00.000Z,6,6
HCP0169,5,3,2,0.6667,49.0,68.0,0.0,0.0,2026-07-13T01:45:31.034Z,2026-07-13T01:45:31.034Z,34,34
HCP0175,4,2,2,1.0000,43.5,47.0,3.0,2.0,2026-06-14T13:31:02.068Z,2026-06-14T13:31:02.068Z,63,63
HCP0178,8,4,4,1.0000,48.5,75.0,3.0,10.0,2026-04-11T07:43:26.896Z,2026-04-11T07:43:26.896Z,127,127
HCP0182,5,3,2,0.6667,41.0,57.0,1.0,0.0,2026-08-03T12:41:22.758Z,2026-08-03T12:41:22.758Z,13,13
HCP0231,2,1,1,1.0000,45.0,45.0,0.0,0.0,2026-04-03T22:24:49.655Z,2026-04-03T22:24:49.655Z,135,135
HCP0266,4,3,1,0.3333,55.0,55.0,0.0,2.0,2026-07-20T03:04:08.275Z,2026-07-20T03:04:08.275Z,27,27
HCP0282,7,5,2,0.4000,51.5,57.0,3.0,0.0,2026-07-07T23:45:31.034Z,2026-02-12T23:14:28.965Z,185,40
HCP0286,10,5,5,1.0000,69.0,93.0,4.0,4.0,2026-07-20T02:04:08.275Z,2026-07-20T02:04:08.275Z,27,27
HCP0290,11,7,4,0.5714,44.25,57.0,4.0,5.0,2026-07-20T01:04:08.275Z,2026-07-20T01:04:08.275Z,27,27
HCP0302,6,3,3,1.0000,62.67,94.0,1.0,5.0,2026-07-20T04:04:08.275Z,2026-07-20T04:04:08.275Z,27,27
HCP0303,3,2,1,0.5000,71.0,71.0,0.0,0.0,2026-07-27T07:22:45.517Z,2026-07-27T07:22:45.517Z,20,20
HCP0304,6,3,3,1.0000,54.0,76.0,1.0,6.0,2026-07-20T02:04:08.275Z,2026-07-20T02:04:08.275Z,27,27
HCP0313,3,2,1,0.5000,92.0,92.0,2.0,0.0,2026-07-20T04:04:08.275Z,2026-07-20T04:04:08.275Z,27,27
HCP0316,1,1,0,0.0000,0.0,0.0,0.0,0.0,2026-01-16T21:18:37.241Z,null,null,212
HCP0331,6,3,3,1.0000,46.33,60.0,0.0,7.0,2026-07-05T19:26:53.793Z,2026-07-05T19:26:53.793Z,42,42
HCP0339,14,7,7,1.0000,45.14,91.0,6.0,10.0,2026-08-03T05:41:22.758Z,2026-08-03T05:41:22.758Z,13,13
HCP0368,5,3,2,0.6667,57.5,72.0,1.0,8.0,2026-06-21T09:49:39.310Z,2026-06-21T09:49:39.310Z,56,56
HCP0371,10,7,3,0.4286,40.67,42.0,0.0,0.0,2026-06-28T18:26:53.793Z,2026-05-02T12:39:18.620Z,106,49
HCP0410,1,1,0,0.0000,0.0,0.0,0.0,0.0,2026-07-01T18:45:31.034Z,null,null,46
HCP0430,7,4,3,0.7500,39.67,50.0,3.0,2.0,2026-06-07T07:12:24.827Z,2026-06-07T07:12:24.827Z,70,70
HCP0436,7,5,2,0.4000,67.0,70.0,0.0,4.0,2026-06-28T20:08:16.551Z,2026-06-28T20:08:16.551Z,49,49
HCP0447,4,2,2,1.0000,37.5,49.0,2.0,1.0,2026-04-03T23:24:49.655Z,2026-04-03T23:24:49.655Z,135,135
HCP0462,5,3,2,0.6667,58.0,63.0,3.0,0.0,2026-06-28T19:08:16.551Z,2026-06-28T19:08:16.551Z,49,49
HCP0467,6,4,2,0.5000,53.0,69.0,0.0,3.0,2026-07-13T01:45:31.034Z,2026-07-13T01:45:31.034Z,34,34
HCP0482,4,3,1,0.3333,47.0,47.0,0.0,0.0,2026-06-22T12:08:16.551Z,2026-04-04T01:24:49.655Z,134,55
HCP0491,3,2,1,0.5000,61.0,61.0,0.0,0.0,2026-06-21T14:49:39.310Z,2026-06-21T14:49:39.310Z,56,56
HCP0525,7,4,3,0.7500,60.0,95.0,3.0,0.0,2026-08-03T05:41:22.758Z,2026-08-03T05:41:22.758Z,13,13
HCP0529,8,5,3,0.6000,70.33,115.0,2.0,11.0,2026-08-03T06:41:22.758Z,2026-08-03T06:41:22.758Z,13,13
HCP0530,15,8,7,0.8750,45.14,66.0,3.0,8.0,2026-08-10T10:00:00.000Z,2026-08-10T10:00:00.000Z,6,6
HCP0555,10,6,4,0.6667,36.75,50.0,1.0,10.0,2026-08-10T14:00:00.000Z,2026-08-10T14:00:00.000Z,6,6
HCP0567,1,1,0,0.0000,0.0,0.0,0.0,0.0,2026-05-27T07:31:02.068Z,null,null,81
HCP0598,4,2,2,1.0000,38.0,40.0,2.0,2.0,2026-08-10T11:00:00.000Z,2026-08-10T11:00:00.000Z,6,6
HCP0605,7,4,3,0.7500,51.0,72.0,1.0,2.0,2026-07-27T06:22:45.517Z,2026-07-27T06:22:45.517Z,20,20
HCP0606,6,4,2,0.5000,42.0,51.0,1.0,0.0,2026-07-16T01:22:45.517Z,2026-06-14T10:31:02.068Z,63,31
HCP0628,6,6,0,0.0000,0.0,0.0,0.0,0.0,2026-07-03T00:45:31.034Z,null,null,44
HCP0657,2,1,1,1.0000,97.0,97.0,2.0,0.0,2026-02-05T20:55:51.724Z,2026-02-05T20:55:51.724Z,192,192
HCP0661,3,2,1,0.5000,80.0,80.0,0.0,0.0,2026-07-19T01:22:45.517Z,2026-06-28T18:08:16.551Z,49,28
HCP0663,4,3,1,0.3333,26.0,26.0,1.0,4.0,2026-05-17T04:53:47.586Z,2026-03-06T08:10:20.689Z,163,91
HCP0680,12,8,4,0.5000,43.5,55.0,0.0,3.0,2026-07-12T23:45:31.034Z,2026-07-12T23:45:31.034Z,35,35
HCP0689,1,1,0,0.0000,0.0,0.0,0.0,0.0,2026-06-21T19:08:16.551Z,null,null,56
HCP0693,14,7,7,1.0000,42.0,84.0,5.0,11.0,2026-08-03T08:41:22.758Z,2026-08-03T08:41:22.758Z,13,13
HCP0708,6,3,3,1.0000,55.33,101.0,3.0,0.0,2026-06-21T12:49:39.310Z,2026-06-21T12:49:39.310Z,56,56
HCP0709,4,2,2,1.0000,24.5,29.0,0.0,0.0,2026-05-31T03:53:47.586Z,2026-05-31T03:53:47.586Z,77,77
HCP0711,7,4,3,0.7500,45.0,58.0,0.0,3.0,2026-08-10T16:00:00.000Z,2026-08-10T16:00:00.000Z,6,6
HCP0725,3,2,1,0.5000,43.0,43.0,1.0,3.0,2026-05-02T13:39:18.620Z,2026-05-02T13:39:18.620Z,106,106
HCP0728,11,6,5,0.8333,51.8,59.0,6.0,7.0,2026-08-03T08:41:22.758Z,2026-08-03T08:41:22.758Z,13,13
HCP0733,4,2,2,1.0000,52.0,67.0,0.0,7.0,2026-08-10T12:00:00.000Z,2026-08-10T12:00:00.000Z,6,6
HCP0746,9,5,4,0.8000,42.0,70.0,3.0,1.0,2026-05-23T22:35:10.344Z,2026-05-23T22:35:10.344Z,85,85
HCP0750,10,6,4,0.6667,47.5,62.0,4.0,0.0,2026-07-12T19:45:31.034Z,2026-07-12T19:45:31.034Z,35,35
HCP0760,4,3,1,0.3333,37.0,37.0,0.0,4.0,2026-06-26T19:08:16.551Z,2026-01-15T10:00:00.000Z,213,51
HCP0776,6,4,2,0.5000,29.5,32.0,2.0,7.0,2026-06-14T06:31:02.068Z,2026-06-14T06:31:02.068Z,63,63
HCP0803,15,8,7,0.8750,49.0,80.0,2.0,6.0,2026-06-26T17:08:16.551Z,2026-06-21T09:49:39.310Z,56,51
HCP0828,13,7,6,0.8571,49.0,94.0,0.0,10.0,2026-08-03T09:41:22.758Z,2026-08-03T09:41:22.758Z,13,13
HCP0841,9,6,3,0.5000,42.0,56.0,4.0,1.0,2026-07-27T02:22:45.517Z,2026-07-27T02:22:45.517Z,20,20
HCP0844,11,6,5,0.8333,48.6,72.0,3.0,11.0,2026-07-27T08:22:45.517Z,2026-07-27T08:22:45.517Z,20,20
HCP0904,5,3,2,0.6667,67.5,88.0,2.0,0.0,2026-06-28T20:08:16.551Z,2026-06-28T20:08:16.551Z,49,49
HCP0915,13,7,6,0.8571,51.67,91.0,4.0,4.0,2026-07-20T04:04:08.275Z,2026-07-20T04:04:08.275Z,27,27
HCP0952,6,3,3,1.0000,46.33,57.0,5.0,5.0,2026-07-27T03:22:45.517Z,2026-07-27T03:22:45.517Z,20,20
HCP0964,2,1,1,1.0000,44.0,44.0,0.0,0.0,2026-01-22T16:18:37.241Z,2026-01-22T16:18:37.241Z,206,206
HCP0966,7,4,3,0.7500,48.33,59.0,3.0,1.0,2026-07-13T04:22:45.517Z,2026-06-28T17:08:16.551Z,49,34
HCP0988,13,8,5,0.6250,43.6,102.0,2.0,4.0,2026-08-09T18:00:00.000Z,2026-07-20T03:04:08.275Z,27,7
HCP1007,6,5,1,0.2000,65.0,65.0,2.0,0.0,2026-07-05T16:26:53.793Z,2026-07-05T16:26:53.793Z,42,42
HCP1010,7,4,3,0.7500,33.0,39.0,2.0,10.0,2026-03-06T20:47:35.172Z,2026-03-06T09:10:20.689Z,163,163
HCP1015,11,7,4,0.5714,37.75,58.0,2.0,0.0,2026-08-10T16:00:00.000Z,2026-08-10T16:00:00.000Z,6,6
HCP1016,2,1,1,1.0000,46.0,46.0,3.0,0.0,2026-04-11T00:43:26.896Z,2026-04-11T00:43:26.896Z,127,127
HCP1024,6,3,3,1.0000,86.0,100.0,3.0,1.0,2026-07-20T04:04:08.275Z,2026-07-20T04:04:08.275Z,27,27
HCP1030,4,3,1,0.3333,84.0,84.0,0.0,1.0,2026-05-24T02:35:10.344Z,2026-05-24T02:35:10.344Z,84,84
HCP1056,5,3,2,0.6667,48.0,63.0,0.0,0.0,2026-06-28T16:08:16.551Z,2026-06-28T16:08:16.551Z,49,49
HCP1067,11,6,5,0.8333,50.8,81.0,0.0,4.0,2026-05-09T17:57:55.862Z,2026-05-09T17:57:55.862Z,99,99
HCP1089,8,5,3,0.6000,41.33,57.0,0.0,4.0,2026-08-10T16:00:00.000Z,2026-08-10T16:00:00.000Z,6,6
HCP1096,8,5,3,0.6000,36.0,57.0,3.0,8.0,2026-07-17T05:22:45.517Z,2026-06-07T04:12:24.827Z,70,30
HCP1103,2,1,1,1.0000,66.0,66.0,1.0,0.0,2026-06-07T10:12:24.827Z,2026-06-07T10:12:24.827Z,70,70
HCP1111,5,3,2,0.6667,27.5,30.0,0.0,3.0,2026-02-15T11:51:43.448Z,2026-01-22T12:18:37.241Z,206,182
HCP1112,5,3,2,0.6667,25.5,26.0,4.0,0.0,2026-07-13T01:45:31.034Z,2026-07-13T01:45:31.034Z,34,34
HCP1137,3,2,1,0.5000,59.0,59.0,1.0,0.0,2026-04-18T10:02:04.137Z,2026-04-18T10:02:04.137Z,120,120
HCP1139,2,1,1,1.0000,38.0,38.0,0.0,2.0,2026-02-13T03:14:28.965Z,2026-02-13T03:14:28.965Z,184,184
HCP1143,9,6,3,0.5000,55.33,84.0,4.0,4.0,2026-06-14T08:31:02.068Z,2026-06-14T08:31:02.068Z,63,63
HCP1167,7,4,3,0.7500,48.67,88.0,1.0,2.0,2026-07-05T23:26:53.793Z,2026-07-05T23:26:53.793Z,42,42
HCP1172,4,2,2,1.0000,56.5,70.0,0.0,0.0,2026-07-12T19:45:31.034Z,2026-07-12T19:45:31.034Z,35,35
HCP1174,12,7,5,0.7143,43.2,63.0,5.0,7.0,2026-07-27T04:22:45.517Z,2026-07-27T04:22:45.517Z,20,20
HCP1184,8,4,4,1.0000,53.5,92.0,1.0,4.0,2026-06-21T15:49:39.310Z,2026-06-21T15:49:39.310Z,56,56
HCP1224,6,3,3,1.0000,52.0,74.0,3.0,2.0,2026-06-28T18:08:16.551Z,2026-06-28T18:08:16.551Z,49,49
HCP1228,4,3,1,0.3333,82.0,82.0,0.0,0.0,2026-07-04T19:26:53.793Z,2026-01-29T22:37:14.482Z,199,43
HCP1253,13,8,5,0.6250,45.2,67.0,5.0,3.0,2026-07-20T02:04:08.275Z,2026-07-20T02:04:08.275Z,27,27
HCP1269,1,1,0,0.0000,0.0,0.0,0.0,0.0,2026-04-06T16:20:41.379Z,null,null,132
HCP1273,2,1,1,1.0000,55.0,55.0,0.0,0.0,2026-06-14T12:31:02.068Z,2026-06-14T12:31:02.068Z,63,63
HCP1280,13,7,6,0.8571,55.5,85.0,3.0,3.0,2026-07-27T08:22:45.517Z,2026-07-27T08:22:45.517Z,20,20
HCP1284,6,4,2,0.5000,39.0,43.0,0.0,2.0,2026-07-13T00:45:31.034Z,2026-07-13T00:45:31.034Z,34,34
HCP1291,12,7,5,0.7143,43.0,56.0,0.0,4.0,2026-07-27T07:22:45.517Z,2026-07-27T07:22:45.517Z,20,20
HCP1293,4,3,1,0.3333,36.0,36.0,0.0,0.0,2026-08-10T12:00:00.000Z,2026-08-10T12:00:00.000Z,6,6
HCP1300,3,2,1,0.5000,55.0,55.0,0.0,0.0,2026-03-13T15:28:57.931Z,2026-03-13T15:28:57.931Z,156,156
HCP1309,9,5,4,0.8000,60.0,79.0,3.0,3.0,2026-04-18T08:02:04.137Z,2026-04-18T08:02:04.137Z,120,120
HCP1318,4,2,2,1.0000,38.0,52.0,1.0,4.0,2026-05-31T02:53:47.586Z,2026-05-31T02:53:47.586Z,77,77
HCP1366,17,9,8,0.8889,71.0,110.0,2.0,6.0,2026-08-03T11:41:22.758Z,2026-08-03T11:41:22.758Z,13,13
HCP1404,12,6,6,1.0000,49.5,68.0,2.0,13.0,2026-08-03T10:41:22.758Z,2026-08-03T10:41:22.758Z,13,13
HCP1419,5,3,2,0.6667,33.5,36.0,0.0,0.0,2026-07-12T19:45:31.034Z,2026-07-12T19:45:31.034Z,35,35
HCP1420,4,2,2,1.0000,48.5,59.0,3.0,0.0,2026-04-03T21:24:49.655Z,2026-04-03T21:24:49.655Z,135,135
HCP1424,4,2,2,1.0000,85.5,89.0,1.0,8.0,2026-07-20T00:04:08.275Z,2026-07-20T00:04:08.275Z,27,27
HCP1445,5,4,1,0.2500,33.0,33.0,0.0,0.0,2026-06-20T23:26:53.793Z,2026-04-11T05:43:26.896Z,127,57
HCP1448,4,3,1,0.3333,44.0,44.0,3.0,0.0,2026-06-21T16:49:39.310Z,2026-06-21T16:49:39.310Z,56,56
HCP1465,6,4,2,0.5000,50.0,63.0,0.0,0.0,2026-06-28T19:08:16.551Z,2026-06-28T19:08:16.551Z,49,49
HCP1472,4,3,1,0.3333,83.0,83.0,0.0,0.0,2026-06-13T15:31:02.068Z,2026-05-09T19:57:55.862Z,99,64
HCP1485,4,3,1,0.3333,57.0,57.0,2.0,0.0,2026-04-09T13:02:04.137Z,2026-03-20T15:47:35.172Z,149,129
HCP1506,11,6,5,0.8333,58.0,89.0,1.0,13.0,2026-08-03T08:41:22.758Z,2026-08-03T08:41:22.758Z,13,13
HCP1507,9,5,4,0.8000,60.75,96.0,0.0,4.0,2026-07-27T02:22:45.517Z,2026-07-27T02:22:45.517Z,20,20
HCP1508,4,3,1,0.3333,93.0,93.0,1.0,0.0,2026-05-29T05:53:47.586Z,2026-02-06T01:55:51.724Z,191,79
HCP1512,2,2,0,0.0000,0.0,0.0,0.0,0.0,2026-04-04T05:02:04.137Z,null,null,134
HCP1521,5,3,2,0.6667,54.0,57.0,0.0,0.0,2026-08-03T06:41:22.758Z,2026-08-03T06:41:22.758Z,13,13
HCP1524,3,2,1,0.5000,41.0,41.0,0.0,0.0,2026-05-28T03:53:47.586Z,2026-03-13T13:28:57.931Z,156,80
HCP1555,1,1,0,0.0000,0.0,0.0,0.0,0.0,2026-07-19T07:41:22.758Z,null,null,28
HCP1571,6,4,2,0.5000,43.0,64.0,0.0,0.0,2026-06-14T10:31:02.068Z,2026-06-14T10:31:02.068Z,63,63
HCP1576,10,5,5,1.0000,68.4,108.0,4.0,7.0,2026-07-20T01:04:08.275Z,2026-07-20T01:04:08.275Z,27,27
HCP1585,9,5,4,0.8000,41.25,55.0,0.0,7.0,2026-08-10T15:00:00.000Z,2026-08-10T15:00:00.000Z,6,6
HCP1586,5,3,2,0.6667,60.5,81.0,4.0,0.0,2026-05-31T05:53:47.586Z,2026-05-31T05:53:47.586Z,77,77
HCP1592,7,5,2,0.4000,76.0,77.0,3.0,5.0,2026-07-05T19:26:53.793Z,2026-07-05T19:26:53.793Z,42,42
HCP1694,4,3,1,0.3333,95.0,95.0,0.0,4.0,2026-07-05T23:26:53.793Z,2026-07-05T23:26:53.793Z,42,42
HCP1701,10,5,5,1.0000,55.2,107.0,10.0,14.0,2026-08-03T10:41:22.758Z,2026-08-03T10:41:22.758Z,13,13
HCP1751,3,2,1,0.5000,35.0,35.0,0.0,4.0,2026-05-12T21:16:33.103Z,2026-04-11T01:43:26.896Z,127,96
HCP1758,3,2,1,0.5000,49.0,49.0,3.0,0.0,2026-02-20T06:33:06.206Z,2026-02-20T06:33:06.206Z,177,177
HCP1769,11,6,5,0.8333,56.8,74.0,3.0,0.0,2026-08-10T16:00:00.000Z,2026-08-10T16:00:00.000Z,6,6
HCP1778,10,5,5,1.0000,62.8,107.0,6.0,4.0,2026-08-03T07:41:22.758Z,2026-08-03T07:41:22.758Z,13,13
HCP1791,4,2,2,1.0000,66.5,70.0,3.0,1.0,2026-08-03T09:41:22.758Z,2026-08-03T09:41:22.758Z,13,13
HCP1796,1,1,0,0.0000,0.0,0.0,0.0,0.0,2026-02-20T16:10:20.689Z,null,null,177
HCP1805,4,2,2,1.0000,65.5,81.0,0.0,3.0,2026-06-28T18:08:16.551Z,2026-06-28T18:08:16.551Z,49,49
HCP1818,4,3,1,0.3333,55.0,55.0,1.0,0.0,2026-04-11T04:43:26.896Z,2026-04-11T04:43:26.896Z,127,127
HCP1855,6,3,3,1.0000,54.67,73.0,4.0,2.0,2026-05-31T02:53:47.586Z,2026-05-31T02:53:47.586Z,77,77
HCP1858,3,2,1,0.5000,50.0,50.0,0.0,4.0,2026-05-09T21:16:33.103Z,2026-03-20T16:47:35.172Z,149,99
HCP1860,8,4,4,1.0000,66.25,94.0,2.0,5.0,2026-08-03T11:41:22.758Z,2026-08-03T11:41:22.758Z,13,13
HCP1888,5,3,2,0.6667,44.0,51.0,2.0,0.0,2026-06-21T16:49:39.310Z,2026-06-21T16:49:39.310Z,56,56
HCP1928,2,1,1,1.0000,65.0,65.0,0.0,0.0,2026-06-07T06:12:24.827Z,2026-06-07T06:12:24.827Z,70,70
HCP1940,8,5,3,0.6000,36.0,44.0,6.0,0.0,2026-07-13T02:45:31.034Z,2026-07-13T02:45:31.034Z,34,34
HCP1948,14,7,7,1.0000,53.43,85.0,5.0,7.0,2026-08-10T16:00:00.000Z,2026-08-10T16:00:00.000Z,6,6
HCP1949,2,1,1,1.0000,36.0,36.0,0.0,4.0,2026-02-20T07:33:06.206Z,2026-02-20T07:33:06.206Z,177,177
HCP1956,5,3,2,0.6667,73.0,109.0,1.0,1.0,2026-07-20T06:04:08.275Z,2026-07-20T06:04:08.275Z,27,27
HCP1959,2,1,1,1.0000,79.0,79.0,0.0,3.0,2026-05-23T22:35:10.344Z,2026-05-23T22:35:10.344Z,85,85
HCP1971,8,5,3,0.6000,24.67,28.0,0.0,1.0,2026-07-13T01:45:31.034Z,2026-07-13T01:45:31.034Z,34,34
HCP1995,6,3,3,1.0000,43.67,71.0,0.0,1.0,2026-07-27T03:22:45.517Z,2026-07-27T03:22:45.517Z,20,20
HCP0013,5,3,2,0.6667,44.5,49.0,0.0,1.0,2026-07-15T08:41:22.758Z,2026-06-28T15:08:16.551Z,49,32
HCP0045,6,3,3,1.0000,52.67,82.0,0.0,4.0,2026-08-03T07:41:22.758Z,2026-08-03T07:41:22.758Z,13,13
HCP0083,5,4,1,0.2500,44.0,44.0,1.0,0.0,2026-03-28T00:24:49.655Z,2026-01-22T17:18:37.241Z,206,141
HCP0129,4,2,2,1.0000,34.5,41.0,1.0,0.0,2026-05-16T18:16:33.103Z,2026-05-16T18:16:33.103Z,92,92
HCP0133,2,1,1,1.0000,60.0,60.0,0.0,0.0,2026-02-05T22:55:51.724Z,2026-02-05T22:55:51.724Z,192,192
HCP0134,7,4,3,0.7500,37.67,47.0,3.0,0.0,2026-06-14T10:31:02.068Z,2026-06-14T10:31:02.068Z,63,63
HCP0163,1,1,0,0.0000,0.0,0.0,0.0,0.0,2026-03-18T15:47:35.172Z,null,null,151
HCP0170,4,2,2,1.0000,66.0,88.0,0.0,3.0,2026-05-31T05:53:47.586Z,2026-05-31T05:53:47.586Z,77,77
HCP0179,4,2,2,1.0000,47.5,51.0,0.0,4.0,2026-07-05T23:26:53.793Z,2026-07-05T23:26:53.793Z,42,42
HCP0241,8,5,3,0.6000,61.33,96.0,2.0,0.0,2026-07-04T01:04:08.275Z,2026-05-23T21:35:10.344Z,85,43
HCP0242,11,6,5,0.8333,55.8,95.0,1.0,7.0,2026-08-03T09:41:22.758Z,2026-08-03T09:41:22.758Z,13,13
HCP0264,8,4,4,1.0000,40.0,64.0,8.0,8.0,2026-06-14T07:31:02.068Z,2026-06-14T07:31:02.068Z,63,63
HCP0268,7,5,2,0.4000,64.5,96.0,0.0,2.0,2026-06-23T12:08:16.551Z,2026-05-24T00:35:10.344Z,84,54
HCP0293,1,1,0,0.0000,0.0,0.0,0.0,0.0,2026-06-18T17:49:39.310Z,null,null,59
HCP0358,7,4,3,0.7500,66.0,104.0,0.0,3.0,2026-08-03T11:41:22.758Z,2026-08-03T11:41:22.758Z,13,13
HCP0420,8,4,4,1.0000,60.75,72.0,9.0,2.0,2026-07-20T01:04:08.275Z,2026-07-20T01:04:08.275Z,27,27
HCP0431,13,8,5,0.6250,47.0,59.0,0.0,6.0,2026-08-02T18:00:00.000Z,2026-06-28T13:08:16.551Z,49,14
HCP0437,6,3,3,1.0000,36.0,44.0,1.0,0.0,2026-07-13T02:45:31.034Z,2026-07-13T02:45:31.034Z,34,34
HCP0441,11,6,5,0.8333,52.8,106.0,3.0,2.0,2026-07-20T00:04:08.275Z,2026-07-20T00:04:08.275Z,27,27
HCP0464,12,7,5,0.7143,42.4,72.0,0.0,6.0,2026-05-09T17:57:55.862Z,2026-05-09T17:57:55.862Z,99,99
HCP0486,9,5,4,0.8000,57.25,72.0,4.0,9.0,2026-08-10T09:00:00.000Z,2026-08-10T09:00:00.000Z,6,6
HCP0488,11,6,5,0.8333,53.0,81.0,3.0,1.0,2026-08-03T08:41:22.758Z,2026-08-03T08:41:22.758Z,13,13
HCP0501,4,3,1,0.3333,55.0,55.0,0.0,0.0,2026-06-30T23:26:53.793Z,2026-04-11T07:43:26.896Z,127,47
HCP0508,7,4,3,0.7500,40.0,48.0,0.0,2.0,2026-06-30T19:26:53.793Z,2026-06-21T16:49:39.310Z,56,47
HCP0513,8,5,3,0.6000,49.33,72.0,3.0,4.0,2026-07-05T22:26:53.793Z,2026-07-05T22:26:53.793Z,42,42
HCP0522,5,3,2,0.6667,44.5,52.0,5.0,4.0,2026-06-28T20:08:16.551Z,2026-06-28T20:08:16.551Z,49,49
HCP0542,2,2,0,0.0000,0.0,0.0,0.0,0.0,2026-07-24T09:00:00.000Z,null,null,23
HCP0590,7,5,2,0.4000,57.0,87.0,1.0,4.0,2026-07-02T01:04:08.275Z,2026-06-07T08:12:24.827Z,70,45
HCP0612,7,4,3,0.7500,60.33,80.0,0.0,3.0,2026-05-28T07:12:24.827Z,2026-03-20T21:47:35.172Z,149,80
HCP0619,7,5,2,0.4000,52.5,53.0,3.0,2.0,2026-07-28T07:41:22.758Z,2026-04-18T05:02:04.137Z,120,19
HCP0629,7,4,3,0.7500,54.33,68.0,3.0,4.0,2026-05-31T01:53:47.586Z,2026-05-31T01:53:47.586Z,77,77
HCP0650,5,3,2,0.6667,65.5,76.0,3.0,2.0,2026-07-27T02:22:45.517Z,2026-07-27T02:22:45.517Z,20,20
HCP0651,7,4,3,0.7500,72.33,111.0,4.0,4.0,2026-08-03T12:41:22.758Z,2026-08-03T12:41:22.758Z,13,13
HCP0652,2,1,1,1.0000,23.0,23.0,0.0,0.0,2026-02-20T02:33:06.206Z,2026-02-20T02:33:06.206Z,177,177
HCP0662,10,6,4,0.6667,41.75,50.0,6.0,4.0,2026-06-28T18:08:16.551Z,2026-06-28T18:08:16.551Z,49,49
HCP0673,4,3,1,0.3333,52.0,52.0,0.0,1.0,2026-07-12T04:45:31.034Z,2026-03-06T15:10:20.689Z,163,35
HCP0686,8,4,4,1.0000,43.25,48.0,2.0,7.0,2026-05-09T13:57:55.862Z,2026-05-09T13:57:55.862Z,99,99
HCP0706,8,6,2,0.3333,75.0,116.0,3.0,4.0,2026-08-03T06:41:22.758Z,2026-08-03T06:41:22.758Z,13,13
HCP0707,7,4,3,0.7500,47.33,53.0,3.0,1.0,2026-06-21T13:49:39.310Z,2026-06-21T13:49:39.310Z,56,56
HCP0717,10,5,5,1.0000,58.8,97.0,1.0,10.0,2026-08-10T14:00:00.000Z,2026-08-10T14:00:00.000Z,6,6
HCP0730,12,8,4,0.5000,44.25,82.0,0.0,2.0,2026-08-10T09:00:00.000Z,2026-08-10T09:00:00.000Z,6,6
HCP0744,4,2,2,1.0000,36.5,38.0,0.0,2.0,2026-05-02T11:39:18.620Z,2026-05-02T11:39:18.620Z,106,106
HCP0753,8,5,3,0.6000,44.33,53.0,0.0,2.0,2026-07-26T07:22:45.517Z,2026-02-27T06:51:43.448Z,170,21
HCP0758,7,4,3,0.7500,44.33,71.0,0.0,7.0,2026-08-10T15:00:00.000Z,2026-08-10T15:00:00.000Z,6,6
HCP0779,5,3,2,0.6667,65.5,97.0,0.0,2.0,2026-07-20T05:04:08.275Z,2026-07-20T05:04:08.275Z,27,27
HCP0794,5,3,2,0.6667,31.5,32.0,0.0,0.0,2026-04-16T10:20:41.379Z,2026-02-20T04:33:06.206Z,177,122
HCP0811,7,4,3,0.7500,45.33,78.0,6.0,0.0,2026-06-28T17:08:16.551Z,2026-06-28T17:08:16.551Z,49,49
HCP0821,2,1,1,1.0000,77.0,77.0,2.0,4.0,2026-08-03T11:41:22.758Z,2026-08-03T11:41:22.758Z,13,13
HCP0834,9,5,4,0.8000,46.5,79.0,3.0,7.0,2026-05-31T03:53:47.586Z,2026-05-31T03:53:47.586Z,77,77
HCP0836,3,2,1,0.5000,64.0,64.0,2.0,1.0,2026-07-03T18:45:31.034Z,2026-05-09T20:57:55.862Z,99,44
HCP0851,12,6,6,1.0000,39.0,76.0,5.0,4.0,2026-07-27T03:22:45.517Z,2026-07-27T03:22:45.517Z,20,20
HCP0854,9,5,4,0.8000,45.75,56.0,4.0,3.0,2026-07-07T19:45:31.034Z,2026-04-18T06:02:04.137Z,120,40
HCP0870,5,3,2,0.6667,48.5,49.0,0.0,0.0,2026-06-07T07:12:24.827Z,2026-06-07T07:12:24.827Z,70,70
HCP0873,10,6,4,0.6667,77.75,89.0,6.0,7.0,2026-07-05T16:26:53.793Z,2026-07-05T16:26:53.793Z,42,42
HCP0898,10,6,4,0.6667,51.0,62.0,0.0,6.0,2026-07-20T06:04:08.275Z,2026-07-20T06:04:08.275Z,27,27
HCP0925,6,3,3,1.0000,50.67,60.0,6.0,4.0,2026-04-18T10:02:04.137Z,2026-04-18T10:02:04.137Z,120,120
HCP0945,7,4,3,0.7500,45.33,54.0,2.0,4.0,2026-05-16T03:35:10.344Z,2026-04-11T05:43:26.896Z,127,92
HCP0954,4,2,2,1.0000,40.5,49.0,1.0,5.0,2026-06-14T13:31:02.068Z,2026-06-14T13:31:02.068Z,63,63
HCP0956,2,1,1,1.0000,114.0,114.0,0.0,0.0,2026-08-03T09:41:22.758Z,2026-08-03T09:41:22.758Z,13,13
HCP0963,1,1,0,0.0000,0.0,0.0,0.0,0.0,2026-01-08T16:18:37.241Z,null,null,220
HCP0997,2,1,1,1.0000,54.0,54.0,0.0,2.0,2026-07-05T20:26:53.793Z,2026-07-05T20:26:53.793Z,42,42
HCP1052,4,2,2,1.0000,56.0,68.0,0.0,1.0,2026-06-21T16:49:39.310Z,2026-06-21T16:49:39.310Z,56,56
HCP1054,4,2,2,1.0000,43.5,66.0,4.0,0.0,2026-07-13T01:45:31.034Z,2026-07-13T01:45:31.034Z,34,34
HCP1055,7,5,2,0.4000,60.0,62.0,2.0,3.0,2026-07-28T15:00:00.000Z,2026-07-05T18:26:53.793Z,42,19
HCP1063,4,2,2,1.0000,78.5,81.0,3.0,3.0,2026-07-05T21:26:53.793Z,2026-07-05T21:26:53.793Z,42,42
HCP1064,4,3,1,0.3333,44.0,44.0,3.0,0.0,2026-06-25T19:45:31.034Z,2026-01-22T17:18:37.241Z,206,52
HCP1088,12,6,6,1.0000,59.0,92.0,0.0,11.0,2026-08-03T08:41:22.758Z,2026-08-03T08:41:22.758Z,13,13
HCP1102,8,5,3,0.6000,29.67,39.0,0.0,1.0,2026-07-22T12:41:22.758Z,2026-07-13T00:45:31.034Z,34,25
HCP1115,8,4,4,1.0000,43.75,59.0,0.0,0.0,2026-08-10T16:00:00.000Z,2026-08-10T16:00:00.000Z,6,6
HCP1120,2,2,0,0.0000,0.0,0.0,0.0,0.0,2026-04-15T04:02:04.137Z,null,null,123
HCP1154,11,6,5,0.8333,43.8,64.0,2.0,4.0,2026-07-27T03:22:45.517Z,2026-07-27T03:22:45.517Z,20,20
HCP1173,7,4,3,0.7500,40.0,51.0,6.0,2.0,2026-07-05T23:26:53.793Z,2026-07-05T23:26:53.793Z,42,42
HCP1203,6,4,2,0.5000,62.0,63.0,0.0,4.0,2026-05-11T21:16:33.103Z,2026-05-09T19:57:55.862Z,99,97
HCP1240,14,7,7,1.0000,51.14,91.0,1.0,3.0,2026-07-05T23:26:53.793Z,2026-07-05T23:26:53.793Z,42,42
HCP1245,11,7,4,0.5714,57.0,82.0,4.0,5.0,2026-07-24T14:00:00.000Z,2026-07-20T03:04:08.275Z,27,23
HCP1287,8,4,4,1.0000,41.0,55.0,5.0,6.0,2026-08-10T12:00:00.000Z,2026-08-10T12:00:00.000Z,6,6
HCP1290,8,5,3,0.6000,31.33,42.0,3.0,1.0,2026-07-03T04:45:31.034Z,2026-05-16T19:16:33.103Z,92,44
HCP1297,6,3,3,1.0000,62.0,81.0,3.0,4.0,2026-07-05T23:26:53.793Z,2026-07-05T23:26:53.793Z,42,42
HCP1303,9,5,4,0.8000,65.25,80.0,6.0,1.0,2026-07-26T05:41:22.758Z,2026-05-23T20:35:10.344Z,85,21
HCP1305,7,4,3,0.7500,56.67,81.0,0.0,2.0,2026-08-10T09:00:00.000Z,2026-08-10T09:00:00.000Z,6,6
HCP1352,7,4,3,0.7500,40.67,62.0,0.0,2.0,2026-06-21T12:49:39.310Z,2026-06-21T12:49:39.310Z,56,56
HCP1361,6,3,3,1.0000,71.67,87.0,2.0,0.0,2026-07-20T02:04:08.275Z,2026-07-20T02:04:08.275Z,27,27
HCP1386,2,1,1,1.0000,29.0,29.0,0.0,0.0,2026-01-22T13:18:37.241Z,2026-01-22T13:18:37.241Z,206,206
HCP1395,2,1,1,1.0000,44.0,44.0,0.0,0.0,2026-06-28T18:08:16.551Z,2026-06-28T18:08:16.551Z,49,49
HCP1409,4,2,2,1.0000,41.0,58.0,1.0,2.0,2026-05-31T05:53:47.586Z,2026-05-31T05:53:47.586Z,77,77
HCP1414,7,4,3,0.7500,57.0,78.0,1.0,4.0,2026-08-03T12:41:22.758Z,2026-08-03T12:41:22.758Z,13,13
HCP1418,6,4,2,0.5000,56.5,78.0,0.0,1.0,2026-04-25T09:20:41.379Z,2026-04-25T09:20:41.379Z,113,113
HCP1427,6,4,2,0.5000,32.5,37.0,0.0,1.0,2026-04-28T17:57:55.862Z,2026-02-20T02:33:06.206Z,177,110
HCP1430,9,6,3,0.5000,47.0,62.0,0.0,0.0,2026-06-20T10:49:39.310Z,2026-05-24T00:35:10.344Z,84,57
HCP1447,16,9,7,0.7778,53.29,92.0,5.0,7.0,2026-08-08T15:00:00.000Z,2026-07-05T18:26:53.793Z,42,8
HCP1453,3,2,1,0.5000,87.0,87.0,3.0,4.0,2026-07-20T03:04:08.275Z,2026-07-20T03:04:08.275Z,27,27
HCP1477,16,9,7,0.7778,43.0,66.0,4.0,9.0,2026-08-10T11:00:00.000Z,2026-08-10T11:00:00.000Z,6,6
HCP1482,6,4,2,0.5000,27.0,29.0,0.0,1.0,2026-04-04T00:24:49.655Z,2026-04-04T00:24:49.655Z,134,134
HCP1510,9,5,4,0.8000,48.0,70.0,1.0,5.0,2026-08-03T08:41:22.758Z,2026-08-03T08:41:22.758Z,13,13
HCP1517,7,4,3,0.7500,29.0,38.0,1.0,2.0,2026-07-12T21:45:31.034Z,2026-07-12T21:45:31.034Z,35,35
HCP1530,3,2,1,0.5000,52.0,52.0,0.0,4.0,2026-07-05T21:26:53.793Z,2026-07-05T21:26:53.793Z,42,42
HCP1572,6,3,3,1.0000,48.67,74.0,4.0,6.0,2026-05-16T22:16:33.103Z,2026-05-16T22:16:33.103Z,92,92
HCP1577,9,6,3,0.5000,49.67,76.0,3.0,3.0,2026-06-28T19:08:16.551Z,2026-06-28T19:08:16.551Z,49,49
HCP1616,3,2,1,0.5000,77.0,77.0,0.0,1.0,2026-06-28T20:08:16.551Z,2026-06-28T20:08:16.551Z,49,49
HCP1670,6,3,3,1.0000,47.33,57.0,3.0,4.0,2026-05-09T14:57:55.862Z,2026-05-09T14:57:55.862Z,99,99
HCP1683,11,6,5,0.8333,55.0,86.0,11.0,0.0,2026-06-07T06:12:24.827Z,2026-06-07T06:12:24.827Z,70,70
HCP1687,4,2,2,1.0000,39.5,48.0,3.0,4.0,2026-05-31T01:53:47.586Z,2026-05-31T01:53:47.586Z,77,77
HCP1691,6,3,3,1.0000,57.33,94.0,9.0,5.0,2026-04-18T08:02:04.137Z,2026-04-18T08:02:04.137Z,120,120
HCP1703,11,6,5,0.8333,80.2,108.0,4.0,15.0,2026-08-03T05:41:22.758Z,2026-08-03T05:41:22.758Z,13,13
HCP1731,2,2,0,0.0000,0.0,0.0,0.0,0.0,2026-07-07T08:04:08.275Z,null,null,40
HCP1750,3,2,1,0.5000,41.0,41.0,0.0,2.0,2026-04-11T12:02:04.137Z,2026-02-12T23:14:28.965Z,185,127
HCP1783,6,3,3,1.0000,61.33,76.0,3.0,1.0,2026-07-05T19:26:53.793Z,2026-07-05T19:26:53.793Z,42,42
HCP1789,5,3,2,0.6667,39.0,48.0,0.0,0.0,2026-04-04T03:24:49.655Z,2026-04-04T03:24:49.655Z,134,134
HCP1790,7,4,3,0.7500,53.33,69.0,1.0,7.0,2026-05-18T03:12:24.827Z,2026-05-02T15:39:18.620Z,106,90
HCP1794,12,7,5,0.7143,42.4,63.0,11.0,5.0,2026-07-13T02:45:31.034Z,2026-07-13T02:45:31.034Z,34,34
HCP1822,9,5,4,0.8000,61.25,102.0,0.0,2.0,2026-07-27T09:22:45.517Z,2026-07-27T09:22:45.517Z,20,20
HCP1847,6,4,2,0.5000,52.5,70.0,0.0,1.0,2026-05-31T02:53:47.586Z,2026-05-31T02:53:47.586Z,77,77
HCP1861,11,6,5,0.8333,45.0,77.0,4.0,1.0,2026-07-28T10:41:22.758Z,2026-06-21T10:49:39.310Z,56,19
HCP1876,8,5,3,0.6000,52.33,57.0,0.0,2.0,2026-06-14T12:31:02.068Z,2026-06-14T12:31:02.068Z,63,63
HCP1901,5,3,2,0.6667,26.5,30.0,0.0,2.0,2026-06-14T10:31:02.068Z,2026-06-14T10:31:02.068Z,63,63
HCP1905,11,6,5,0.8333,41.6,73.0,2.0,4.0,2026-07-27T04:22:45.517Z,2026-07-27T04:22:45.517Z,20,20
HCP1917,3,2,1,0.5000,33.0,33.0,3.0,0.0,2026-05-02T15:39:18.620Z,2026-05-02T15:39:18.620Z,106,106
HCP1957,3,2,1,0.5000,43.0,43.0,0.0,0.0,2026-06-21T12:49:39.310Z,2026-06-21T12:49:39.310Z,56,56
HCP1983,2,2,0,0.0000,0.0,0.0,0.0,0.0,2026-07-05T22:45:31.034Z,null,null,42
HCP0004,4,2,2,1.0000,54.5,84.0,0.0,0.0,2026-08-03T08:41:22.758Z,2026-08-03T08:41:22.758Z,13,13
HCP0021,9,6,3,0.5000,50.67,62.0,0.0,4.0,2026-07-28T13:41:22.758Z,2026-07-27T03:22:45.517Z,20,19
HCP0024,8,4,4,1.0000,55.75,95.0,3.0,1.0,2026-08-10T13:00:00.000Z,2026-08-10T13:00:00.000Z,6,6
HCP0059,8,4,4,1.0000,36.25,48.0,3.0,6.0,2026-06-28T18:08:16.551Z,2026-06-28T18:08:16.551Z,49,49
HCP0071,2,1,1,1.0000,56.0,56.0,0.0,0.0,2026-05-24T02:35:10.344Z,2026-05-24T02:35:10.344Z,84,84
HCP0094,10,5,5,1.0000,47.4,88.0,6.0,5.0,2026-08-10T15:00:00.000Z,2026-08-10T15:00:00.000Z,6,6
HCP0177,5,3,2,0.6667,52.0,80.0,0.0,0.0,2026-08-10T16:00:00.000Z,2026-08-10T16:00:00.000Z,6,6
HCP0183,1,1,0,0.0000,0.0,0.0,0.0,0.0,2026-04-27T18:57:55.862Z,null,null,111
HCP0184,8,6,2,0.3333,82.0,95.0,0.0,0.0,2026-06-28T23:26:53.793Z,2026-06-07T06:12:24.827Z,70,49
HCP0185,4,3,1,0.3333,25.0,25.0,1.0,0.0,2026-06-14T10:31:02.068Z,2026-06-14T10:31:02.068Z,63,63
HCP0209,8,4,4,1.0000,61.0,75.0,1.0,4.0,2026-07-27T07:22:45.517Z,2026-07-27T07:22:45.517Z,20,20
HCP0224,9,5,4,0.8000,68.25,105.0,5.0,7.0,2026-08-03T08:41:22.758Z,2026-08-03T08:41:22.758Z,13,13
HCP0244,6,3,3,1.0000,40.0,67.0,3.0,3.0,2026-06-28T18:08:16.551Z,2026-06-28T18:08:16.551Z,49,49
HCP0267,5,4,1,0.2500,34.0,34.0,0.0,0.0,2026-08-02T07:41:22.758Z,2026-07-27T02:22:45.517Z,20,14
HCP0296,8,4,4,1.0000,54.0,70.0,1.0,2.0,2026-07-27T05:22:45.517Z,2026-07-27T05:22:45.517Z,20,20
HCP0306,6,3,3,1.0000,66.33,110.0,0.0,2.0,2026-06-07T04:12:24.827Z,2026-06-07T04:12:24.827Z,70,70
HCP0323,8,4,4,1.0000,60.0,92.0,8.0,3.0,2026-07-20T02:04:08.275Z,2026-07-20T02:04:08.275Z,27,27
HCP0340,2,1,1,1.0000,26.0,26.0,0.0,0.0,2026-03-06T09:10:20.689Z,2026-03-06T09:10:20.689Z,163,163
HCP0349,13,7,6,0.8571,50.0,92.0,2.0,8.0,2026-07-13T02:45:31.034Z,2026-07-13T02:45:31.034Z,34,34
HCP0355,8,5,3,0.6000,42.67,57.0,3.0,4.0,2026-07-27T03:22:45.517Z,2026-07-27T03:22:45.517Z,20,20
HCP0369,5,4,1,0.2500,34.0,34.0,0.0,0.0,2026-06-17T13:08:16.551Z,2026-02-20T05:33:06.206Z,177,60
HCP0423,5,3,2,0.6667,75.5,102.0,2.0,2.0,2026-08-03T07:41:22.758Z,2026-08-03T07:41:22.758Z,13,13
HCP0424,6,4,2,0.5000,66.5,67.0,0.0,5.0,2026-06-30T20:45:31.034Z,2026-03-13T16:28:57.931Z,156,47
HCP0438,2,1,1,1.0000,32.0,32.0,3.0,3.0,2026-07-27T09:22:45.517Z,2026-07-27T09:22:45.517Z,20,20
HCP0442,7,5,2,0.4000,69.0,77.0,3.0,4.0,2026-07-27T04:41:22.758Z,2026-02-05T21:55:51.724Z,192,20
HCP0444,9,5,4,0.8000,69.25,81.0,2.0,4.0,2026-07-20T04:04:08.275Z,2026-07-20T04:04:08.275Z,27,27
HCP0446,11,6,5,0.8333,62.0,98.0,3.0,7.0,2026-07-05T19:26:53.793Z,2026-07-05T19:26:53.793Z,42,42
HCP0455,1,1,0,0.0000,0.0,0.0,0.0,0.0,2026-06-27T16:26:53.793Z,null,null,50
HCP0469,5,3,2,0.6667,56.0,69.0,0.0,0.0,2026-06-27T17:08:16.551Z,2026-06-07T04:12:24.827Z,70,50
HCP0485,4,2,2,1.0000,64.0,87.0,3.0,0.0,2026-02-27T06:51:43.448Z,2026-02-27T06:51:43.448Z,170,170
HCP0515,8,5,3,0.6000,62.0,90.0,0.0,7.0,2026-06-20T11:49:39.310Z,2026-05-09T18:57:55.862Z,99,57
HCP0534,11,6,5,0.8333,56.0,106.0,0.0,4.0,2026-08-10T10:00:00.000Z,2026-08-10T10:00:00.000Z,6,6
HCP0549,12,6,6,1.0000,59.83,108.0,8.0,2.0,2026-08-10T15:00:00.000Z,2026-08-10T15:00:00.000Z,6,6
HCP0558,6,4,2,0.5000,46.0,57.0,2.0,2.0,2026-08-10T09:00:00.000Z,2026-08-10T09:00:00.000Z,6,6
HCP0574,20,10,10,1.0000,52.8,105.0,11.0,17.0,2026-07-27T03:22:45.517Z,2026-07-27T03:22:45.517Z,20,20
HCP0611,9,5,4,0.8000,60.25,100.0,5.0,6.0,2026-07-20T03:04:08.275Z,2026-07-20T03:04:08.275Z,27,27
HCP0618,7,4,3,0.7500,42.33,56.0,1.0,7.0,2026-05-31T04:53:47.586Z,2026-05-31T04:53:47.586Z,77,77
HCP0626,6,4,2,0.5000,52.5,79.0,2.0,2.0,2026-07-14T06:22:45.517Z,2026-06-07T09:12:24.827Z,70,33
HCP0631,10,6,4,0.6667,53.0,87.0,1.0,8.0,2026-08-10T09:00:00.000Z,2026-08-10T09:00:00.000Z,6,6
HCP0639,10,6,4,0.6667,43.0,65.0,2.0,3.0,2026-07-27T08:22:45.517Z,2026-07-27T08:22:45.517Z,20,20
HCP0653,5,3,2,0.6667,49.0,76.0,3.0,0.0,2026-07-23T08:00:00.000Z,2026-06-28T19:08:16.551Z,49,24
HCP0654,9,5,4,0.8000,47.5,60.0,6.0,6.0,2026-07-20T03:04:08.275Z,2026-07-20T03:04:08.275Z,27,27
HCP0660,2,1,1,1.0000,46.0,46.0,0.0,4.0,2026-05-31T02:53:47.586Z,2026-05-31T02:53:47.586Z,77,77
HCP0665,4,2,2,1.0000,64.0,69.0,3.0,3.0,2026-04-25T10:20:41.379Z,2026-04-25T10:20:41.379Z,113,113
HCP0667,8,4,4,1.0000,73.5,111.0,1.0,9.0,2026-06-07T09:12:24.827Z,2026-06-07T09:12:24.827Z,70,70
HCP0676,13,7,6,0.8571,56.67,86.0,5.0,8.0,2026-06-28T20:08:16.551Z,2026-06-28T20:08:16.551Z,49,49
HCP0720,6,4,2,0.5000,21.0,24.0,6.0,2.0,2026-08-10T10:00:00.000Z,2026-08-10T10:00:00.000Z,6,6
HCP0740,6,4,2,0.5000,74.5,84.0,0.0,0.0,2026-08-03T11:41:22.758Z,2026-08-03T11:41:22.758Z,13,13
HCP0784,3,2,1,0.5000,43.0,43.0,0.0,0.0,2026-03-08T16:28:57.931Z,2026-01-22T16:18:37.241Z,206,161
HCP0797,5,3,2,0.6667,45.5,49.0,1.0,0.0,2026-06-26T16:08:16.551Z,2026-03-13T18:28:57.931Z,156,51
HCP0800,2,1,1,1.0000,71.0,71.0,3.0,0.0,2026-02-27T08:51:43.448Z,2026-02-27T08:51:43.448Z,170,170
HCP0843,6,3,3,1.0000,42.33,82.0,1.0,2.0,2026-07-13T01:45:31.034Z,2026-07-13T01:45:31.034Z,34,34
HCP0849,16,8,8,1.0000,46.5,75.0,8.0,12.0,2026-07-05T20:26:53.793Z,2026-07-05T20:26:53.793Z,42,42
HCP0850,8,4,4,1.0000,44.25,75.0,1.0,0.0,2026-05-09T20:57:55.862Z,2026-05-09T20:57:55.862Z,99,99
HCP0860,9,5,4,0.8000,45.75,51.0,5.0,10.0,2026-07-20T00:04:08.275Z,2026-07-20T00:04:08.275Z,27,27
HCP0861,11,7,4,0.5714,60.25,97.0,2.0,0.0,2026-08-03T12:41:22.758Z,2026-08-03T12:41:22.758Z,13,13
HCP0892,10,5,5,1.0000,37.6,56.0,4.0,4.0,2026-08-10T14:00:00.000Z,2026-08-10T14:00:00.000Z,6,6
HCP0924,5,3,2,0.6667,36.0,45.0,1.0,0.0,2026-06-14T09:31:02.068Z,2026-06-14T09:31:02.068Z,63,63
HCP0941,6,3,3,1.0000,42.33,56.0,4.0,2.0,2026-05-31T03:53:47.586Z,2026-05-31T03:53:47.586Z,77,77
HCP0944,3,2,1,0.5000,58.0,58.0,0.0,0.0,2026-04-25T13:20:41.379Z,2026-04-25T13:20:41.379Z,113,113
HCP0955,9,5,4,0.8000,71.5,112.0,3.0,0.0,2026-08-03T08:41:22.758Z,2026-08-03T08:41:22.758Z,13,13
HCP0959,10,7,3,0.4286,47.33,71.0,1.0,0.0,2026-07-20T09:41:22.758Z,2026-05-31T05:53:47.586Z,77,27
HCP0965,10,6,4,0.6667,45.0,76.0,4.0,0.0,2026-08-10T11:00:00.000Z,2026-08-10T11:00:00.000Z,6,6
HCP0969,4,2,2,1.0000,38.0,43.0,0.0,0.0,2026-04-03T23:24:49.655Z,2026-04-03T23:24:49.655Z,135,135
HCP0989,5,3,2,0.6667,68.0,94.0,0.0,3.0,2026-07-10T07:04:08.275Z,2026-07-05T18:26:53.793Z,42,37
HCP0994,8,5,3,0.6000,44.33,55.0,0.0,0.0,2026-08-03T08:41:22.758Z,2026-08-03T08:41:22.758Z,13,13
HCP1023,3,2,1,0.5000,42.0,42.0,0.0,0.0,2026-05-09T19:57:55.862Z,2026-05-09T19:57:55.862Z,99,99
HCP1046,8,5,3,0.6000,53.67,58.0,0.0,4.0,2026-07-18T10:41:22.758Z,2026-04-25T07:20:41.379Z,113,29
HCP1047,6,4,2,0.5000,47.5,54.0,0.0,0.0,2026-07-13T10:22:45.517Z,2026-06-14T12:31:02.068Z,63,34
HCP1059,8,4,4,1.0000,46.25,65.0,1.0,5.0,2026-06-28T15:08:16.551Z,2026-06-28T15:08:16.551Z,49,49
HCP1074,4,2,2,1.0000,33.5,43.0,2.0,7.0,2026-08-10T11:00:00.000Z,2026-08-10T11:00:00.000Z,6,6
HCP1078,7,4,3,0.7500,57.33,77.0,0.0,7.0,2026-07-26T04:41:22.758Z,2026-07-12T19:45:31.034Z,35,21
HCP1086,6,3,3,1.0000,65.33,91.0,0.0,6.0,2026-06-21T15:49:39.310Z,2026-06-21T15:49:39.310Z,56,56
HCP1104,6,3,3,1.0000,33.0,39.0,0.0,1.0,2026-05-02T17:39:18.620Z,2026-05-02T17:39:18.620Z,106,106
HCP1125,7,4,3,0.7500,67.67,101.0,1.0,4.0,2026-05-28T15:31:02.068Z,2026-03-06T14:10:20.689Z,163,80
HCP1177,1,1,0,0.0000,0.0,0.0,0.0,0.0,2026-01-29T21:14:28.965Z,null,null,199
HCP1208,7,4,3,0.7500,62.33,74.0,0.0,0.0,2026-05-09T15:57:55.862Z,2026-05-09T15:57:55.862Z,99,99
HCP1213,7,5,2,0.4000,55.0,66.0,0.0,7.0,2026-07-27T02:22:45.517Z,2026-07-27T02:22:45.517Z,20,20
HCP1227,6,3,3,1.0000,63.33,95.0,1.0,4.0,2026-07-20T00:04:08.275Z,2026-07-20T00:04:08.275Z,27,27
HCP1262,2,1,1,1.0000,57.0,57.0,0.0,0.0,2026-04-11T06:43:26.896Z,2026-04-11T06:43:26.896Z,127,127
HCP1265,4,3,1,0.3333,31.0,31.0,2.0,0.0,2026-08-10T12:00:00.000Z,2026-08-10T12:00:00.000Z,6,6
HCP1268,4,3,1,0.3333,52.0,52.0,0.0,3.0,2026-07-10T18:45:31.034Z,2026-03-06T09:10:20.689Z,163,37
HCP1311,3,3,0,0.0000,0.0,0.0,0.0,0.0,2026-05-07T19:57:55.862Z,null,null,101
HCP1320,6,4,2,0.5000,46.0,60.0,0.0,1.0,2026-06-21T16:49:39.310Z,2026-06-21T16:49:39.310Z,56,56
HCP1328,6,3,3,1.0000,47.33,62.0,0.0,4.0,2026-07-27T09:22:45.517Z,2026-07-27T09:22:45.517Z,20,20
HCP1346,7,4,3,0.7500,31.67,33.0,0.0,3.0,2026-06-14T07:31:02.068Z,2026-06-14T07:31:02.068Z,63,63
HCP1372,3,2,1,0.5000,51.0,51.0,0.0,0.0,2026-02-27T10:51:43.448Z,2026-02-27T10:51:43.448Z,170,170
HCP1411,6,3,3,1.0000,54.67,90.0,2.0,0.0,2026-07-19T23:04:08.275Z,2026-07-19T23:04:08.275Z,28,28
HCP1434,4,3,1,0.3333,22.0,22.0,3.0,0.0,2026-07-12T23:45:31.034Z,2026-07-12T23:45:31.034Z,35,35
HCP1441,9,5,4,0.8000,33.5,42.0,7.0,7.0,2026-08-10T11:00:00.000Z,2026-08-10T11:00:00.000Z,6,6
HCP1443,10,6,4,0.6667,50.5,77.0,2.0,6.0,2026-08-10T09:00:00.000Z,2026-08-10T09:00:00.000Z,6,6
HCP1463,1,1,0,0.0000,0.0,0.0,0.0,0.0,2026-07-26T02:22:45.517Z,null,null,21
HCP1474,16,8,8,1.0000,52.0,69.0,18.0,11.0,2026-06-21T10:49:39.310Z,2026-06-21T10:49:39.310Z,56,56
HCP1497,2,1,1,1.0000,55.0,55.0,0.0,1.0,2026-07-27T07:22:45.517Z,2026-07-27T07:22:45.517Z,20,20
HCP1533,10,5,5,1.0000,46.2,71.0,0.0,9.0,2026-07-27T05:22:45.517Z,2026-07-27T05:22:45.517Z,20,20
HCP1558,5,3,2,0.6667,59.0,68.0,0.0,4.0,2026-04-27T13:39:18.620Z,2026-03-20T21:47:35.172Z,149,111
HCP1600,7,4,3,0.7500,61.33,85.0,6.0,4.0,2026-06-21T11:49:39.310Z,2026-06-21T11:49:39.310Z,56,56
HCP1613,7,4,3,0.7500,74.0,90.0,0.0,4.0,2026-07-04T23:45:31.034Z,2026-06-21T14:49:39.310Z,56,43
HCP1628,2,1,1,1.0000,46.0,46.0,0.0,1.0,2026-07-20T06:04:08.275Z,2026-07-20T06:04:08.275Z,27,27
HCP1658,10,5,5,1.0000,61.6,84.0,9.0,7.0,2026-08-03T12:41:22.758Z,2026-08-03T12:41:22.758Z,13,13
HCP1695,7,4,3,0.7500,61.67,109.0,4.0,4.0,2026-08-03T06:41:22.758Z,2026-08-03T06:41:22.758Z,13,13
HCP1720,5,3,2,0.6667,32.5,34.0,2.0,0.0,2026-07-12T21:45:31.034Z,2026-07-12T21:45:31.034Z,35,35
HCP1736,5,3,2,0.6667,54.5,66.0,0.0,0.0,2026-07-05T19:26:53.793Z,2026-07-05T19:26:53.793Z,42,42
HCP1748,5,4,1,0.2500,31.0,31.0,0.0,0.0,2026-07-27T06:22:45.517Z,2026-07-27T06:22:45.517Z,20,20
HCP1762,7,4,3,0.7500,73.0,93.0,1.0,3.0,2026-07-20T03:04:08.275Z,2026-07-20T03:04:08.275Z,27,27
HCP1819,7,5,2,0.4000,28.5,31.0,0.0,0.0,2026-08-02T04:41:22.758Z,2026-05-17T00:16:33.103Z,91,14
HCP1852,7,4,3,0.7500,50.0,68.0,6.0,4.0,2026-08-06T16:00:00.000Z,2026-07-05T21:26:53.793Z,42,10
HCP1872,2,1,1,1.0000,29.0,29.0,0.0,0.0,2026-03-20T21:47:35.172Z,2026-03-20T21:47:35.172Z,149,149
HCP1875,3,2,1,0.5000,53.0,53.0,1.0,0.0,2026-03-20T16:47:35.172Z,2026-03-20T16:47:35.172Z,149,149
HCP1895,4,2,2,1.0000,37.5,45.0,0.0,3.0,2026-08-10T13:00:00.000Z,2026-08-10T13:00:00.000Z,6,6
HCP1896,6,3,3,1.0000,48.67,60.0,0.0,0.0,2026-05-02T13:39:18.620Z,2026-05-02T13:39:18.620Z,106,106
HCP1964,5,3,2,0.6667,35.0,47.0,0.0,2.0,2026-05-16T17:16:33.103Z,2026-05-16T17:16:33.103Z,92,92
HCP1980,5,3,2,0.6667,56.0,64.0,0.0,0.0,2026-07-20T06:04:08.275Z,2026-07-20T06:04:08.275Z,27,27
HCP0005,1,1,0,0.0000,0.0,0.0,0.0,0.0,2026-05-07T23:35:10.344Z,null,null,101
HCP0014,3,2,1,0.5000,36.0,36.0,0.0,0.0,2026-06-28T18:08:16.551Z,2026-06-28T18:08:16.551Z,49,49
HCP0025,9,6,3,0.5000,56.67,69.0,0.0,7.0,2026-08-03T08:41:22.758Z,2026-08-03T08:41:22.758Z,13,13
HCP0029,8,4,4,1.0000,53.25,83.0,3.0,0.0,2026-08-03T06:41:22.758Z,2026-08-03T06:41:22.758Z,13,13
HCP0040,7,5,2,0.4000,52.0,65.0,3.0,0.0,2026-07-19T23:04:08.275Z,2026-07-19T23:04:08.275Z,28,28
HCP0044,2,1,1,1.0000,48.0,48.0,0.0,3.0,2026-02-27T07:51:43.448Z,2026-02-27T07:51:43.448Z,170,170
HCP0078,9,5,4,0.8000,65.75,114.0,5.0,0.0,2026-07-17T03:22:45.517Z,2026-06-07T09:12:24.827Z,70,30
HCP0082,5,3,2,0.6667,40.0,48.0,0.0,4.0,2026-07-27T07:22:45.517Z,2026-07-27T07:22:45.517Z,20,20
HCP0084,6,3,3,1.0000,73.33,104.0,3.0,1.0,2026-07-19T23:04:08.275Z,2026-07-19T23:04:08.275Z,28,28
HCP0154,6,4,2,0.5000,90.5,100.0,0.0,0.0,2026-08-03T10:41:22.758Z,2026-08-03T10:41:22.758Z,13,13
HCP0167,4,2,2,1.0000,68.5,95.0,0.0,8.0,2026-06-07T05:12:24.827Z,2026-06-07T05:12:24.827Z,70,70
HCP0207,4,2,2,1.0000,66.5,79.0,2.0,4.0,2026-04-11T01:43:26.896Z,2026-04-11T01:43:26.896Z,127,127
HCP0211,4,2,2,1.0000,48.0,77.0,0.0,2.0,2026-07-12T21:45:31.034Z,2026-07-12T21:45:31.034Z,35,35
HCP0246,11,6,5,0.8333,44.8,57.0,3.0,4.0,2026-07-30T06:41:22.758Z,2026-06-28T18:08:16.551Z,49,17
HCP0257,6,3,3,1.0000,63.0,109.0,0.0,1.0,2026-06-07T07:12:24.827Z,2026-06-07T07:12:24.827Z,70,70
HCP0298,7,5,2,0.4000,45.0,63.0,3.0,0.0,2026-08-09T10:00:00.000Z,2026-06-07T05:12:24.827Z,70,7
HCP0326,2,1,1,1.0000,62.0,62.0,0.0,3.0,2026-07-27T04:22:45.517Z,2026-07-27T04:22:45.517Z,20,20
HCP0330,7,4,3,0.7500,46.0,75.0,1.0,0.0,2026-07-27T07:22:45.517Z,2026-07-27T07:22:45.517Z,20,20
HCP0338,4,2,2,1.0000,51.5,56.0,2.0,0.0,2026-08-10T09:00:00.000Z,2026-08-10T09:00:00.000Z,6,6
HCP0364,4,2,2,1.0000,42.5,57.0,0.0,0.0,2026-06-21T11:49:39.310Z,2026-06-21T11:49:39.310Z,56,56
HCP0374,9,5,4,0.8000,52.25,89.0,5.0,6.0,2026-08-03T06:41:22.758Z,2026-08-03T06:41:22.758Z,13,13
HCP0388,3,2,1,0.5000,32.0,32.0,1.0,0.0,2026-07-02T21:26:53.793Z,2026-03-06T12:10:20.689Z,163,45
HCP0389,3,2,1,0.5000,34.0,34.0,0.0,0.0,2026-04-16T11:02:04.137Z,2026-02-20T05:33:06.206Z,177,122
HCP0404,5,4,1,0.2500,29.0,29.0,0.0,0.0,2026-07-12T09:22:45.517Z,2026-05-02T17:39:18.620Z,106,35
HCP0427,5,3,2,0.6667,49.5,50.0,0.0,0.0,2026-08-10T09:00:00.000Z,2026-08-10T09:00:00.000Z,6,6
HCP0445,6,3,3,1.0000,43.67,70.0,0.0,2.0,2026-06-14T12:31:02.068Z,2026-06-14T12:31:02.068Z,63,63
HCP0450,8,4,4,1.0000,53.5,102.0,3.0,7.0,2026-07-20T02:04:08.275Z,2026-07-20T02:04:08.275Z,27,27
HCP0453,4,3,1,0.3333,64.0,64.0,0.0,0.0,2026-07-13T02:22:45.517Z,2026-03-20T16:47:35.172Z,149,34
HCP0461,5,3,2,0.6667,52.5,68.0,0.0,0.0,2026-04-18T10:02:04.137Z,2026-04-18T10:02:04.137Z,120,120
HCP0472,2,2,0,0.0000,0.0,0.0,0.0,0.0,2026-04-18T17:39:18.620Z,null,null,120
HCP0532,9,5,4,0.8000,65.25,94.0,5.0,3.0,2026-07-20T00:04:08.275Z,2026-07-20T00:04:08.275Z,27,27
HCP0580,2,1,1,1.0000,30.0,30.0,0.0,0.0,2026-05-02T12:39:18.620Z,2026-05-02T12:39:18.620Z,106,106
HCP0595,3,2,1,0.5000,45.0,45.0,0.0,4.0,2026-06-21T11:49:39.310Z,2026-06-21T11:49:39.310Z,56,56
HCP0641,6,4,2,0.5000,59.5,70.0,0.0,1.0,2026-08-10T13:00:00.000Z,2026-08-10T13:00:00.000Z,6,6
HCP0647,2,1,1,1.0000,59.0,59.0,0.0,3.0,2026-02-27T04:51:43.448Z,2026-02-27T04:51:43.448Z,170,170
HCP0670,10,5,5,1.0000,47.6,55.0,7.0,4.0,2026-08-03T05:41:22.758Z,2026-08-03T05:41:22.758Z,13,13
HCP0687,12,6,6,1.0000,61.0,107.0,7.0,4.0,2026-08-10T13:00:00.000Z,2026-08-10T13:00:00.000Z,6,6
HCP0726,11,6,5,0.8333,47.0,88.0,0.0,14.0,2026-07-05T21:26:53.793Z,2026-07-05T21:26:53.793Z,42,42
HCP0732,5,3,2,0.6667,44.5,51.0,0.0,0.0,2026-07-05T17:26:53.793Z,2026-07-05T17:26:53.793Z,42,42
HCP0736,1,1,0,0.0000,0.0,0.0,0.0,0.0,2026-06-26T19:26:53.793Z,null,null,51
HCP0737,8,4,4,1.0000,34.25,52.0,3.0,0.0,2026-07-13T01:45:31.034Z,2026-07-13T01:45:31.034Z,34,34
HCP0748,11,6,5,0.8333,57.4,93.0,0.0,4.0,2026-05-31T02:53:47.586Z,2026-05-31T02:53:47.586Z,77,77
HCP0774,2,1,1,1.0000,29.0,29.0,0.0,0.0,2026-05-16T19:16:33.103Z,2026-05-16T19:16:33.103Z,92,92
HCP0781,9,5,4,0.8000,39.5,56.0,4.0,0.0,2026-08-10T14:00:00.000Z,2026-08-10T14:00:00.000Z,6,6
HCP0813,9,5,4,0.8000,63.75,99.0,0.0,5.0,2026-07-10T07:22:45.517Z,2026-05-16T18:16:33.103Z,92,37
HCP0867,3,2,1,0.5000,40.0,40.0,0.0,0.0,2026-06-25T16:08:16.551Z,2026-05-31T02:53:47.586Z,77,52
HCP0882,7,4,3,0.7500,53.0,96.0,0.0,9.0,2026-06-07T04:12:24.827Z,2026-06-07T04:12:24.827Z,70,70
HCP0895,3,2,1,0.5000,52.0,52.0,0.0,2.0,2026-04-18T04:02:04.137Z,2026-04-18T04:02:04.137Z,120,120
HCP0931,11,7,4,0.5714,58.0,83.0,0.0,4.0,2026-07-20T05:22:45.517Z,2026-07-12T21:45:31.034Z,35,27
HCP0986,2,2,0,0.0000,0.0,0.0,0.0,0.0,2026-06-29T22:45:31.034Z,null,null,48
HCP1004,7,5,2,0.4000,57.5,58.0,3.0,0.0,2026-06-21T14:49:39.310Z,2026-06-21T14:49:39.310Z,56,56
HCP1005,8,5,3,0.6000,65.33,109.0,5.0,7.0,2026-07-20T02:04:08.275Z,2026-07-20T02:04:08.275Z,27,27
HCP1013,11,6,5,0.8333,43.8,62.0,8.0,2.0,2026-07-27T08:22:45.517Z,2026-07-27T08:22:45.517Z,20,20
HCP1039,3,2,1,0.5000,105.0,105.0,0.0,0.0,2026-07-20T05:04:08.275Z,2026-07-20T05:04:08.275Z,27,27
HCP1124,13,7,6,0.8571,56.33,81.0,6.0,4.0,2026-08-03T11:41:22.758Z,2026-08-03T11:41:22.758Z,13,13
HCP1132,6,3,3,1.0000,53.33,74.0,3.0,2.0,2026-06-14T13:31:02.068Z,2026-06-14T13:31:02.068Z,63,63
HCP1136,4,2,2,1.0000,53.0,63.0,0.0,1.0,2026-07-27T08:22:45.517Z,2026-07-27T08:22:45.517Z,20,20
HCP1152,5,3,2,0.6667,44.5,63.0,0.0,2.0,2026-06-14T12:31:02.068Z,2026-06-14T12:31:02.068Z,63,63
HCP1159,8,5,3,0.6000,36.67,44.0,3.0,0.0,2026-07-27T07:22:45.517Z,2026-07-27T07:22:45.517Z,20,20
HCP1169,19,11,8,0.7273,45.63,88.0,6.0,12.0,2026-08-10T11:00:00.000Z,2026-08-10T11:00:00.000Z,6,6
HCP1176,5,3,2,0.6667,38.0,43.0,1.0,2.0,2026-05-31T00:53:47.586Z,2026-05-31T00:53:47.586Z,77,77
HCP1186,4,2,2,1.0000,27.0,36.0,0.0,3.0,2026-07-13T01:45:31.034Z,2026-07-13T01:45:31.034Z,34,34
HCP1194,4,2,2,1.0000,66.0,77.0,3.0,0.0,2026-05-09T15:57:55.862Z,2026-05-09T15:57:55.862Z,99,99
HCP1202,11,6,5,0.8333,54.4,75.0,5.0,9.0,2026-08-10T14:00:00.000Z,2026-08-10T14:00:00.000Z,6,6
HCP1209,4,3,1,0.3333,109.0,109.0,0.0,0.0,2026-08-03T05:41:22.758Z,2026-08-03T05:41:22.758Z,13,13
HCP1216,12,6,6,1.0000,62.67,92.0,11.0,2.0,2026-07-20T00:04:08.275Z,2026-07-20T00:04:08.275Z,27,27
HCP1219,8,4,4,1.0000,60.25,87.0,4.0,4.0,2026-08-10T16:00:00.000Z,2026-08-10T16:00:00.000Z,6,6
HCP1222,17,9,8,0.8889,49.25,74.0,0.0,15.0,2026-07-27T08:22:45.517Z,2026-07-27T08:22:45.517Z,20,20
HCP1225,4,2,2,1.0000,38.0,41.0,1.0,3.0,2026-05-09T17:57:55.862Z,2026-05-09T17:57:55.862Z,99,99
HCP1234,12,6,6,1.0000,46.17,64.0,3.0,2.0,2026-08-03T09:41:22.758Z,2026-08-03T09:41:22.758Z,13,13
HCP1259,2,1,1,1.0000,44.0,44.0,3.0,0.0,2026-03-06T14:10:20.689Z,2026-03-06T14:10:20.689Z,163,163
HCP1286,3,2,1,0.5000,38.0,38.0,0.0,0.0,2026-06-18T10:49:39.310Z,2026-05-02T14:39:18.620Z,106,59
HCP1292,7,4,3,0.7500,54.0,92.0,0.0,0.0,2026-08-03T12:41:22.758Z,2026-08-03T12:41:22.758Z,13,13
HCP1308,5,3,2,0.6667,56.5,71.0,0.0,3.0,2026-07-18T06:22:45.517Z,2026-04-25T12:20:41.379Z,113,29
HCP1370,4,2,2,1.0000,48.0,54.0,0.0,3.0,2026-05-02T11:39:18.620Z,2026-05-02T11:39:18.620Z,106,106
HCP1387,7,4,3,0.7500,59.0,67.0,1.0,0.0,2026-07-27T06:22:45.517Z,2026-07-27T06:22:45.517Z,20,20
HCP1400,8,4,4,1.0000,45.0,53.0,6.0,4.0,2026-06-21T15:49:39.310Z,2026-06-21T15:49:39.310Z,56,56
HCP1406,6,3,3,1.0000,49.67,53.0,2.0,0.0,2026-07-05T16:26:53.793Z,2026-07-05T16:26:53.793Z,42,42
HCP1439,6,4,2,0.5000,36.5,41.0,0.0,5.0,2026-05-16T04:53:47.586Z,2026-05-09T17:57:55.862Z,99,92
HCP1442,6,4,2,0.5000,64.5,70.0,1.0,2.0,2026-07-01T06:04:08.275Z,2026-06-21T09:49:39.310Z,56,46
HCP1466,4,2,2,1.0000,52.0,60.0,2.0,0.0,2026-05-16T20:16:33.103Z,2026-05-16T20:16:33.103Z,92,92
HCP1478,6,3,3,1.0000,59.33,75.0,0.0,1.0,2026-05-09T18:57:55.862Z,2026-05-09T18:57:55.862Z,99,99
HCP1484,8,5,3,0.6000,42.67,57.0,2.0,0.0,2026-08-06T16:00:00.000Z,2026-05-31T03:53:47.586Z,77,10
HCP1488,3,2,1,0.5000,42.0,42.0,0.0,0.0,2026-07-13T01:45:31.034Z,2026-07-13T01:45:31.034Z,34,34
HCP1494,3,2,1,0.5000,72.0,72.0,0.0,4.0,2026-05-09T14:57:55.862Z,2026-05-09T14:57:55.862Z,99,99
HCP1504,1,1,0,0.0000,0.0,0.0,0.0,0.0,2026-07-22T08:00:00.000Z,null,null,25
HCP1535,11,6,5,0.8333,51.0,88.0,0.0,0.0,2026-08-05T15:00:00.000Z,2026-04-25T07:20:41.379Z,113,11
HCP1589,12,6,6,1.0000,43.33,62.0,3.0,9.0,2026-06-28T16:08:16.551Z,2026-06-28T16:08:16.551Z,49,49
HCP1607,7,5,2,0.4000,32.0,41.0,1.0,5.0,2026-05-06T04:35:10.344Z,2026-03-06T08:10:20.689Z,163,102
HCP1619,12,7,5,0.7143,65.4,97.0,4.0,0.0,2026-07-20T06:04:08.275Z,2026-07-20T06:04:08.275Z,27,27
HCP1620,6,4,2,0.5000,41.5,46.0,2.0,0.0,2026-06-05T14:31:02.068Z,2026-04-11T06:43:26.896Z,127,72
HCP1623,5,3,2,0.6667,30.5,35.0,2.0,0.0,2026-05-15T01:16:33.103Z,2026-05-02T14:39:18.620Z,106,93
HCP1639,6,3,3,1.0000,44.0,56.0,3.0,4.0,2026-05-16T21:16:33.103Z,2026-05-16T21:16:33.103Z,92,92
HCP1640,9,5,4,0.8000,67.75,84.0,0.0,6.0,2026-06-07T06:12:24.827Z,2026-06-07T06:12:24.827Z,70,70
HCP1673,5,3,2,0.6667,35.5,42.0,1.0,1.0,2026-05-16T17:16:33.103Z,2026-05-16T17:16:33.103Z,92,92
HCP1676,3,2,1,0.5000,91.0,91.0,0.0,0.0,2026-07-20T06:04:08.275Z,2026-07-20T06:04:08.275Z,27,27
HCP1709,11,7,4,0.5714,43.5,60.0,3.0,4.0,2026-06-21T15:49:39.310Z,2026-06-21T15:49:39.310Z,56,56
HCP1716,5,4,1,0.2500,58.0,58.0,0.0,0.0,2026-06-15T16:49:39.310Z,2026-03-06T08:10:20.689Z,163,62
HCP1726,8,4,4,1.0000,62.5,76.0,0.0,4.0,2026-06-28T14:08:16.551Z,2026-06-28T14:08:16.551Z,49,49
HCP1735,10,6,4,0.6667,47.75,99.0,3.0,4.0,2026-08-10T09:00:00.000Z,2026-08-10T09:00:00.000Z,6,6
HCP1737,3,2,1,0.5000,31.0,31.0,0.0,0.0,2026-06-14T13:31:02.068Z,2026-06-14T13:31:02.068Z,63,63
HCP1745,10,6,4,0.6667,43.75,80.0,0.0,2.0,2026-08-10T11:00:00.000Z,2026-08-10T11:00:00.000Z,6,6
HCP1747,5,3,2,0.6667,43.0,45.0,6.0,0.0,2026-05-31T05:53:47.586Z,2026-05-31T05:53:47.586Z,77,77
HCP1754,1,1,0,0.0000,0.0,0.0,0.0,0.0,2026-06-11T10:31:02.068Z,null,null,66
HCP1768,9,5,4,0.8000,60.0,82.0,5.0,2.0,2026-03-20T19:47:35.172Z,2026-03-20T19:47:35.172Z,149,149
HCP1777,14,7,7,1.0000,54.57,82.0,5.0,14.0,2026-08-10T10:00:00.000Z,2026-08-10T10:00:00.000Z,6,6
HCP1797,4,2,2,1.0000,52.0,57.0,1.0,0.0,2026-05-02T15:39:18.620Z,2026-05-02T15:39:18.620Z,106,106
HCP1806,11,6,5,0.8333,38.4,61.0,5.0,6.0,2026-07-31T13:41:22.758Z,2026-07-20T02:04:08.275Z,27,16
HCP1835,17,10,7,0.7000,62.86,112.0,7.0,11.0,2026-08-03T07:41:22.758Z,2026-08-03T07:41:22.758Z,13,13
HCP1840,8,5,3,0.6000,61.67,83.0,0.0,6.0,2026-07-05T18:26:53.793Z,2026-07-05T18:26:53.793Z,42,42
HCP1920,4,2,2,1.0000,69.5,91.0,0.0,5.0,2026-07-05T23:26:53.793Z,2026-07-05T23:26:53.793Z,42,42
HCP0015,6,3,3,1.0000,45.33,85.0,0.0,6.0,2026-05-16T21:16:33.103Z,2026-05-16T21:16:33.103Z,92,92
HCP0034,6,4,2,0.5000,69.0,76.0,0.0,0.0,2026-07-14T05:22:45.517Z,2026-04-11T06:43:26.896Z,127,33
HCP0058,11,7,4,0.5714,38.5,45.0,0.0,7.0,2026-06-28T20:08:16.551Z,2026-06-28T20:08:16.551Z,49,49
HCP0062,4,2,2,1.0000,64.5,92.0,4.0,0.0,2026-08-03T08:41:22.758Z,2026-08-03T08:41:22.758Z,13,13
HCP0085,5,4,1,0.2500,65.0,65.0,3.0,3.0,2026-07-05T20:26:53.793Z,2026-07-05T20:26:53.793Z,42,42
HCP0088,12,7,5,0.7143,48.2,68.0,1.0,7.0,2026-07-08T02:04:08.275Z,2026-05-17T00:16:33.103Z,91,39
HCP0103,4,3,1,0.3333,90.0,90.0,0.0,0.0,2026-05-28T02:12:24.827Z,2026-02-05T23:55:51.724Z,192,80
HCP0128,5,3,2,0.6667,47.0,49.0,1.0,0.0,2026-05-09T14:57:55.862Z,2026-05-09T14:57:55.862Z,99,99
HCP0142,5,3,2,0.6667,73.0,87.0,0.0,0.0,2026-02-21T17:10:20.689Z,2026-02-06T00:55:51.724Z,191,176
HCP0159,6,3,3,1.0000,61.67,94.0,0.0,6.0,2026-06-14T11:31:02.068Z,2026-06-14T11:31:02.068Z,63,63
HCP0160,8,4,4,1.0000,48.5,61.0,3.0,7.0,2026-07-20T06:04:08.275Z,2026-07-20T06:04:08.275Z,27,27
HCP0176,2,1,1,1.0000,36.0,36.0,0.0,2.0,2026-06-28T14:08:16.551Z,2026-06-28T14:08:16.551Z,49,49
HCP0190,8,5,3,0.6000,57.0,85.0,0.0,0.0,2026-06-21T10:49:39.310Z,2026-06-21T10:49:39.310Z,56,56
HCP0192,3,2,1,0.5000,38.0,38.0,0.0,1.0,2026-06-15T15:08:16.551Z,2026-01-29T16:37:14.482Z,199,62
HCP0202,6,3,3,1.0000,66.67,115.0,0.0,4.0,2026-08-03T08:41:22.758Z,2026-08-03T08:41:22.758Z,13,13
HCP0285,8,5,3,0.6000,51.0,64.0,2.0,4.0,2026-06-21T11:49:39.310Z,2026-06-21T11:49:39.310Z,56,56
HCP0301,7,4,3,0.7500,58.0,74.0,0.0,0.0,2026-07-20T01:04:08.275Z,2026-07-20T01:04:08.275Z,27,27
HCP0308,9,5,4,0.8000,42.75,79.0,1.0,3.0,2026-06-07T06:12:24.827Z,2026-06-07T06:12:24.827Z,70,70
HCP0327,12,6,6,1.0000,49.17,94.0,9.0,8.0,2026-07-20T05:04:08.275Z,2026-07-20T05:04:08.275Z,27,27
HCP0332,7,4,3,0.7500,53.33,66.0,0.0,7.0,2026-07-20T00:04:08.275Z,2026-07-20T00:04:08.275Z,27,27
HCP0337,11,6,5,0.8333,45.6,66.0,3.0,4.0,2026-08-03T07:41:22.758Z,2026-08-03T07:41:22.758Z,13,13
HCP0363,11,6,5,0.8333,42.0,67.0,7.0,8.0,2026-08-03T12:41:22.758Z,2026-08-03T12:41:22.758Z,13,13
HCP0384,12,6,6,1.0000,65.83,88.0,7.0,9.0,2026-07-05T21:26:53.793Z,2026-07-05T21:26:53.793Z,42,42
HCP0385,1,1,0,0.0000,0.0,0.0,0.0,0.0,2026-01-27T22:14:28.965Z,null,null,201
HCP0386,3,2,1,0.5000,49.0,49.0,0.0,0.0,2026-06-28T20:08:16.551Z,2026-06-28T20:08:16.551Z,49,49
HCP0391,8,5,3,0.6000,47.67,55.0,1.0,3.0,2026-08-09T08:00:00.000Z,2026-05-16T21:16:33.103Z,92,7
HCP0396,7,4,3,0.7500,61.67,101.0,3.0,6.0,2026-06-07T04:12:24.827Z,2026-06-07T04:12:24.827Z,70,70
HCP0413,9,5,4,0.8000,57.0,82.0,3.0,2.0,2026-08-10T16:00:00.000Z,2026-08-10T16:00:00.000Z,6,6
HCP0417,9,5,4,0.8000,65.0,104.0,0.0,0.0,2026-07-27T07:22:45.517Z,2026-07-27T07:22:45.517Z,20,20
HCP0492,2,1,1,1.0000,38.0,38.0,0.0,4.0,2026-01-15T13:00:00.000Z,2026-01-15T13:00:00.000Z,213,213
HCP0505,5,3,2,0.6667,43.5,49.0,0.0,1.0,2026-05-09T19:57:55.862Z,2026-05-09T19:57:55.862Z,99,99
HCP0511,5,4,1,0.2500,31.0,31.0,0.0,0.0,2026-07-27T04:22:45.517Z,2026-07-27T04:22:45.517Z,20,20
HCP0535,13,7,6,0.8571,55.33,75.0,3.0,6.0,2026-07-27T06:22:45.517Z,2026-07-27T06:22:45.517Z,20,20
HCP0572,10,6,4,0.6667,47.25,65.0,2.0,8.0,2026-07-20T00:04:08.275Z,2026-07-20T00:04:08.275Z,27,27
HCP0583,9,5,4,0.8000,37.0,57.0,4.0,2.0,2026-07-27T07:22:45.517Z,2026-07-27T07:22:45.517Z,20,20
HCP0599,9,6,3,0.5000,58.33,90.0,2.0,0.0,2026-07-11T11:22:45.517Z,2026-07-05T22:26:53.793Z,42,36
HCP0603,12,6,6,1.0000,52.83,80.0,8.0,7.0,2026-08-03T05:41:22.758Z,2026-08-03T05:41:22.758Z,13,13
HCP0607,7,4,3,0.7500,54.33,79.0,3.0,6.0,2026-07-14T04:41:22.758Z,2026-04-18T07:02:04.137Z,120,33
HCP0614,6,4,2,0.5000,63.5,94.0,0.0,6.0,2026-07-05T23:26:53.793Z,2026-07-05T23:26:53.793Z,42,42
HCP0643,3,2,1,0.5000,27.0,27.0,0.0,0.0,2026-06-18T20:08:16.551Z,2026-04-11T01:43:26.896Z,127,59
HCP0646,5,4,1,0.2500,44.0,44.0,0.0,0.0,2026-06-24T17:26:53.793Z,2026-04-11T02:43:26.896Z,127,53
HCP0684,3,2,1,0.5000,71.0,71.0,0.0,0.0,2026-07-27T09:22:45.517Z,2026-07-27T09:22:45.517Z,20,20
HCP0690,2,2,0,0.0000,0.0,0.0,0.0,0.0,2026-01-31T05:14:28.965Z,null,null,197
HCP0716,8,5,3,0.6000,41.0,48.0,1.0,2.0,2026-07-09T05:22:45.517Z,2026-05-23T22:35:10.344Z,85,38
HCP0727,3,2,1,0.5000,53.0,53.0,0.0,0.0,2026-06-14T06:31:02.068Z,2026-06-14T06:31:02.068Z,63,63
HCP0747,2,1,1,1.0000,41.0,41.0,0.0,0.0,2026-08-10T11:00:00.000Z,2026-08-10T11:00:00.000Z,6,6
HCP0804,7,4,3,0.7500,51.67,67.0,3.0,0.0,2026-06-14T06:31:02.068Z,2026-06-14T06:31:02.068Z,63,63
HCP0827,3,2,1,0.5000,61.0,61.0,0.0,0.0,2026-08-03T06:41:22.758Z,2026-08-03T06:41:22.758Z,13,13
HCP0842,13,7,6,0.8571,40.17,53.0,6.0,8.0,2026-08-10T09:00:00.000Z,2026-08-10T09:00:00.000Z,6,6
HCP0871,9,6,3,0.5000,55.67,67.0,2.0,3.0,2026-07-20T06:41:22.758Z,2026-04-18T04:02:04.137Z,120,27
HCP0878,5,3,2,0.6667,78.0,82.0,0.0,3.0,2026-04-25T12:20:41.379Z,2026-04-25T12:20:41.379Z,113,113
HCP0883,7,4,3,0.7500,50.33,73.0,0.0,4.0,2026-07-27T06:22:45.517Z,2026-07-27T06:22:45.517Z,20,20
HCP0887,3,2,1,0.5000,44.0,44.0,0.0,0.0,2026-06-04T07:31:02.068Z,2026-04-18T06:02:04.137Z,120,73
HCP0905,14,7,7,1.0000,50.43,81.0,5.0,10.0,2026-08-10T15:00:00.000Z,2026-08-10T15:00:00.000Z,6,6
HCP0908,5,3,2,0.6667,56.0,58.0,2.0,2.0,2026-03-13T18:28:57.931Z,2026-03-13T18:28:57.931Z,156,156
HCP0928,1,1,0,0.0000,0.0,0.0,0.0,0.0,2026-07-15T07:04:08.275Z,null,null,32
HCP0940,7,4,3,0.7500,41.67,53.0,3.0,4.0,2026-06-21T22:08:16.551Z,2026-05-09T19:57:55.862Z,99,56
HCP0958,5,3,2,0.6667,57.0,74.0,0.0,3.0,2026-07-20T01:04:08.275Z,2026-07-20T01:04:08.275Z,27,27
HCP0968,10,5,5,1.0000,46.8,55.0,6.0,8.0,2026-04-25T12:20:41.379Z,2026-04-25T12:20:41.379Z,113,113
HCP0972,10,6,4,0.6667,44.75,60.0,6.0,1.0,2026-06-14T13:31:02.068Z,2026-06-14T13:31:02.068Z,63,63
HCP0976,7,4,3,0.7500,49.0,58.0,1.0,5.0,2026-07-05T18:26:53.793Z,2026-07-05T18:26:53.793Z,42,42
HCP1006,10,5,5,1.0000,62.4,86.0,5.0,5.0,2026-06-07T03:12:24.827Z,2026-06-07T03:12:24.827Z,70,70
HCP1011,2,2,0,0.0000,0.0,0.0,0.0,0.0,2026-06-16T20:26:53.793Z,null,null,61
HCP1017,4,2,2,1.0000,35.5,45.0,2.0,0.0,2026-07-27T04:22:45.517Z,2026-07-27T04:22:45.517Z,20,20
HCP1076,3,2,1,0.5000,79.0,79.0,0.0,0.0,2026-06-16T20:26:53.793Z,2026-04-25T12:20:41.379Z,113,61
HCP1081,10,7,3,0.4286,43.33,48.0,2.0,5.0,2026-06-22T22:08:16.551Z,2026-04-25T09:20:41.379Z,113,55
HCP1109,2,1,1,1.0000,40.0,40.0,3.0,3.0,2026-01-29T17:37:14.482Z,2026-01-29T17:37:14.482Z,199,199
HCP1113,4,2,2,1.0000,60.5,81.0,1.0,3.0,2026-08-03T10:41:22.758Z,2026-08-03T10:41:22.758Z,13,13
HCP1114,6,3,3,1.0000,54.0,56.0,2.0,1.0,2026-08-10T11:00:00.000Z,2026-08-10T11:00:00.000Z,6,6
HCP1141,9,5,4,0.8000,44.25,62.0,3.0,0.0,2026-06-21T12:49:39.310Z,2026-06-21T12:49:39.310Z,56,56
HCP1146,6,3,3,1.0000,63.67,83.0,5.0,3.0,2026-05-24T01:35:10.344Z,2026-05-24T01:35:10.344Z,84,84
HCP1170,4,3,1,0.3333,19.0,19.0,0.0,0.0,2026-05-12T05:53:47.586Z,2026-03-27T23:06:12.413Z,142,96
HCP1179,6,4,2,0.5000,88.0,114.0,3.0,3.0,2026-07-12T00:45:31.034Z,2026-06-07T08:12:24.827Z,70,35
HCP1193,5,4,1,0.2500,28.0,28.0,0.0,0.0,2026-06-18T14:08:16.551Z,2026-05-02T13:39:18.620Z,106,59
HCP1195,6,3,3,1.0000,40.0,64.0,4.0,0.0,2026-05-31T02:53:47.586Z,2026-05-31T02:53:47.586Z,77,77
HCP1198,8,4,4,1.0000,50.0,76.0,2.0,7.0,2026-06-28T13:08:16.551Z,2026-06-28T13:08:16.551Z,49,49
HCP1210,10,5,5,1.0000,61.6,86.0,9.0,6.0,2026-05-09T17:57:55.862Z,2026-05-09T17:57:55.862Z,99,99
HCP1215,9,5,4,0.8000,48.5,72.0,4.0,6.0,2026-04-20T15:20:41.379Z,2026-04-11T07:43:26.896Z,127,118
HCP1217,4,2,2,1.0000,60.5,93.0,1.0,2.0,2026-04-03T22:24:49.655Z,2026-04-03T22:24:49.655Z,135,135
HCP1218,8,5,3,0.6000,35.0,42.0,0.0,0.0,2026-07-12T02:45:31.034Z,2026-05-02T16:39:18.620Z,106,35
HCP1220,10,6,4,0.6667,48.75,62.0,0.0,8.0,2026-07-24T14:00:00.000Z,2026-07-20T00:04:08.275Z,27,23
HCP1251,10,5,5,1.0000,47.2,70.0,5.0,4.0,2026-06-28T20:08:16.551Z,2026-06-28T20:08:16.551Z,49,49
HCP1267,3,2,1,0.5000,36.0,36.0,0.0,0.0,2026-05-21T02:12:24.827Z,2026-03-28T00:06:12.413Z,141,87
HCP1316,1,1,0,0.0000,0.0,0.0,0.0,0.0,2026-02-22T17:10:20.689Z,null,null,175
HCP1350,2,1,1,1.0000,34.0,34.0,0.0,0.0,2026-04-18T05:02:04.137Z,2026-04-18T05:02:04.137Z,120,120
HCP1373,6,5,1,0.2000,40.0,40.0,3.0,0.0,2026-07-21T14:41:22.758Z,2026-03-13T17:28:57.931Z,156,26
HCP1408,10,6,4,0.6667,46.25,79.0,3.0,0.0,2026-08-03T11:41:22.758Z,2026-08-03T11:41:22.758Z,13,13
HCP1440,8,4,4,1.0000,49.5,81.0,2.0,5.0,2026-07-12T22:45:31.034Z,2026-07-12T22:45:31.034Z,35,35
HCP1455,1,1,0,0.0000,0.0,0.0,0.0,0.0,2026-02-24T10:10:20.689Z,null,null,173
HCP1513,9,5,4,0.8000,62.75,76.0,0.0,6.0,2026-06-28T17:08:16.551Z,2026-06-28T17:08:16.551Z,49,49
HCP1516,11,6,5,0.8333,48.0,95.0,2.0,8.0,2026-07-12T21:45:31.034Z,2026-07-12T21:45:31.034Z,35,35
HCP1528,13,7,6,0.8571,49.83,102.0,4.0,6.0,2026-07-27T09:22:45.517Z,2026-07-27T09:22:45.517Z,20,20
HCP1542,4,2,2,1.0000,55.5,69.0,0.0,3.0,2026-07-27T06:22:45.517Z,2026-07-27T06:22:45.517Z,20,20
HCP1561,6,3,3,1.0000,39.67,53.0,3.0,2.0,2026-08-10T16:00:00.000Z,2026-08-10T16:00:00.000Z,6,6
HCP1563,4,2,2,1.0000,49.0,70.0,3.0,1.0,2026-05-02T15:39:18.620Z,2026-05-02T15:39:18.620Z,106,106
HCP1582,7,4,3,0.7500,54.67,86.0,1.0,7.0,2026-08-10T12:00:00.000Z,2026-08-10T12:00:00.000Z,6,6
HCP1594,3,2,1,0.5000,40.0,40.0,0.0,0.0,2026-07-13T02:45:31.034Z,2026-07-13T02:45:31.034Z,34,34
HCP1626,7,5,2,0.4000,40.0,50.0,2.0,0.0,2026-06-22T17:08:16.551Z,2026-04-11T03:43:26.896Z,127,55
HCP1643,6,5,1,0.2000,50.0,50.0,0.0,3.0,2026-06-28T23:45:31.034Z,2026-04-11T02:43:26.896Z,127,49
HCP1648,9,6,3,0.5000,44.67,76.0,3.0,1.0,2026-05-31T02:53:47.586Z,2026-05-31T02:53:47.586Z,77,77
HCP1649,6,3,3,1.0000,61.67,81.0,5.0,5.0,2026-04-11T05:43:26.896Z,2026-04-11T05:43:26.896Z,127,127
HCP1662,7,4,3,0.7500,56.0,66.0,0.0,3.0,2026-05-31T05:53:47.586Z,2026-05-31T05:53:47.586Z,77,77
HCP1708,8,4,4,1.0000,55.5,94.0,0.0,4.0,2026-06-28T15:08:16.551Z,2026-06-28T15:08:16.551Z,49,49
HCP1715,11,7,4,0.5714,49.0,76.0,0.0,5.0,2026-08-10T10:00:00.000Z,2026-08-10T10:00:00.000Z,6,6
HCP1723,8,4,4,1.0000,56.25,89.0,3.0,2.0,2026-07-05T18:26:53.793Z,2026-07-05T18:26:53.793Z,42,42
HCP1741,4,3,1,0.3333,37.0,37.0,2.0,0.0,2026-05-25T23:53:47.586Z,2026-05-16T17:16:33.103Z,92,83
HCP1836,1,1,0,0.0000,0.0,0.0,0.0,0.0,2026-02-10T01:14:28.965Z,null,null,187
HCP1838,3,2,1,0.5000,46.0,46.0,0.0,0.0,2026-05-31T01:53:47.586Z,2026-05-31T01:53:47.586Z,77,77
HCP1842,6,3,3,1.0000,47.33,49.0,0.0,3.0,2026-08-03T08:41:22.758Z,2026-08-03T08:41:22.758Z,13,13
HCP1869,7,4,3,0.7500,54.33,62.0,2.0,3.0,2026-08-03T05:41:22.758Z,2026-08-03T05:41:22.758Z,13,13
HCP1906,12,6,6,1.0000,37.67,69.0,7.0,9.0,2026-07-13T01:45:31.034Z,2026-07-13T01:45:31.034Z,34,34
HCP1918,4,2,2,1.0000,56.5,74.0,0.0,0.0,2026-07-05T20:26:53.793Z,2026-07-05T20:26:53.793Z,42,42
HCP1925,6,4,2,0.5000,77.5,91.0,2.0,5.0,2026-07-20T06:04:08.275Z,2026-07-20T06:04:08.275Z,27,27
HCP1942,6,4,2,0.5000,68.0,109.0,2.0,0.0,2026-07-20T03:04:08.275Z,2026-07-20T03:04:08.275Z,27,27
HCP1968,7,4,3,0.7500,31.67,51.0,3.0,7.0,2026-07-27T17:00:00.000Z,2026-07-27T08:22:45.517Z,20,20
HCP1981,3,2,1,0.5000,43.0,43.0,3.0,0.0,2026-07-12T20:45:31.034Z,2026-07-12T20:45:31.034Z,35,35
HCP1984,11,6,5,0.8333,53.8,60.0,2.0,7.0,2026-07-25T09:41:22.758Z,2026-04-11T06:43:26.896Z,127,22
HCP1988,13,7,6,0.8571,66.0,101.0,7.0,13.0,2026-07-20T04:04:08.275Z,2026-07-20T04:04:08.275Z,27,27
HCP1994,15,8,7,0.8750,52.57,87.0,1.0,5.0,2026-07-20T00:04:08.275Z,2026-07-20T00:04:08.275Z,27,27
HCP0032,7,4,3,0.7500,59.67,100.0,1.0,5.0,2026-06-07T08:12:24.827Z,2026-06-07T08:12:24.827Z,70,70
HCP0035,1,1,0,0.0000,0.0,0.0,0.0,0.0,2026-07-31T09:41:22.758Z,null,null,16
HCP0039,5,3,2,0.6667,57.5,73.0,0.0,2.0,2026-08-03T10:41:22.758Z,2026-08-03T10:41:22.758Z,13,13
HCP0049,2,1,1,1.0000,66.0,66.0,2.0,2.0,2026-06-28T17:08:16.551Z,2026-06-28T17:08:16.551Z,49,49
HCP0063,6,3,3,1.0000,43.0,49.0,5.0,2.0,2026-07-20T01:04:08.275Z,2026-07-20T01:04:08.275Z,27,27
HCP0067,11,6,5,0.8333,55.0,72.0,1.0,3.0,2026-06-28T18:08:16.551Z,2026-06-28T18:08:16.551Z,49,49
HCP0080,6,4,2,0.5000,68.0,75.0,0.0,0.0,2026-07-05T19:26:53.793Z,2026-07-05T19:26:53.793Z,42,42
HCP0104,5,3,2,0.6667,63.0,73.0,2.0,1.0,2026-07-25T17:00:00.000Z,2026-05-24T00:35:10.344Z,84,22
HCP0105,11,6,5,0.8333,42.2,51.0,3.0,10.0,2026-08-10T15:00:00.000Z,2026-08-10T15:00:00.000Z,6,6
HCP0116,10,5,5,1.0000,56.4,109.0,4.0,8.0,2026-08-03T12:41:22.758Z,2026-08-03T12:41:22.758Z,13,13
HCP0139,4,2,2,1.0000,72.5,77.0,0.0,4.0,2026-07-27T06:22:45.517Z,2026-07-27T06:22:45.517Z,20,20
HCP0148,7,5,2,0.4000,38.0,48.0,0.0,1.0,2026-05-26T05:31:02.068Z,2026-05-02T16:39:18.620Z,106,82
HCP0195,9,5,4,0.8000,37.0,49.0,9.0,1.0,2026-07-07T03:45:31.034Z,2026-06-14T10:31:02.068Z,63,40
HCP0219,17,9,8,0.8889,37.38,63.0,7.0,12.0,2026-08-10T13:00:00.000Z,2026-08-10T13:00:00.000Z,6,6
HCP0248,6,3,3,1.0000,67.67,77.0,1.0,4.0,2026-07-20T06:04:08.275Z,2026-07-20T06:04:08.275Z,27,27
HCP0254,8,4,4,1.0000,50.0,76.0,2.0,3.0,2026-04-18T04:02:04.137Z,2026-04-18T04:02:04.137Z,120,120
HCP0292,14,7,7,1.0000,53.57,90.0,3.0,6.0,2026-07-13T02:45:31.034Z,2026-07-13T02:45:31.034Z,34,34
HCP0300,16,9,7,0.7778,50.29,88.0,4.0,6.0,2026-07-27T06:22:45.517Z,2026-07-27T06:22:45.517Z,20,20
HCP0305,10,5,5,1.0000,53.8,61.0,3.0,12.0,2026-06-28T13:08:16.551Z,2026-06-28T13:08:16.551Z,49,49
HCP0319,13,7,6,0.8571,59.33,72.0,3.0,12.0,2026-07-27T06:22:45.517Z,2026-07-27T06:22:45.517Z,20,20
HCP0320,8,5,3,0.6000,56.33,84.0,4.0,3.0,2026-07-12T19:45:31.034Z,2026-07-12T19:45:31.034Z,35,35
HCP0325,4,3,1,0.3333,40.0,40.0,2.0,1.0,2026-05-16T02:53:47.586Z,2026-04-03T21:24:49.655Z,135,92
HCP0376,14,7,7,1.0000,50.86,84.0,6.0,17.0,2026-06-14T09:31:02.068Z,2026-06-14T09:31:02.068Z,63,63
HCP0383,8,5,3,0.6000,47.33,67.0,0.0,8.0,2026-08-10T10:00:00.000Z,2026-08-10T10:00:00.000Z,6,6
HCP0390,13,8,5,0.6250,60.0,87.0,1.0,0.0,2026-08-03T08:41:22.758Z,2026-08-03T08:41:22.758Z,13,13
HCP0397,14,7,7,1.0000,46.29,92.0,5.0,4.0,2026-07-12T21:45:31.034Z,2026-07-12T21:45:31.034Z,35,35
HCP0400,5,3,2,0.6667,36.0,49.0,0.0,0.0,2026-08-10T16:00:00.000Z,2026-08-10T16:00:00.000Z,6,6
HCP0406,4,3,1,0.3333,38.0,38.0,0.0,3.0,2026-06-28T16:08:16.551Z,2026-06-28T16:08:16.551Z,49,49
HCP0408,8,4,4,1.0000,61.25,107.0,4.0,5.0,2026-07-20T04:04:08.275Z,2026-07-20T04:04:08.275Z,27,27
HCP0416,1,1,0,0.0000,0.0,0.0,0.0,0.0,2026-03-26T01:06:12.413Z,null,null,143
HCP0456,2,1,1,1.0000,74.0,74.0,0.0,0.0,2026-07-27T08:22:45.517Z,2026-07-27T08:22:45.517Z,20,20
HCP0495,5,3,2,0.6667,37.5,56.0,0.0,0.0,2026-05-31T02:53:47.586Z,2026-05-31T02:53:47.586Z,77,77
HCP0500,5,3,2,0.6667,65.0,101.0,1.0,0.0,2026-08-03T10:41:22.758Z,2026-08-03T10:41:22.758Z,13,13
HCP0512,4,2,2,1.0000,46.0,67.0,3.0,1.0,2026-07-05T18:26:53.793Z,2026-07-05T18:26:53.793Z,42,42
HCP0560,6,3,3,1.0000,41.33,53.0,2.0,2.0,2026-08-03T07:41:22.758Z,2026-08-03T07:41:22.758Z,13,13
HCP0573,6,3,3,1.0000,54.33,76.0,2.0,4.0,2026-04-18T09:02:04.137Z,2026-04-18T09:02:04.137Z,120,120
HCP0601,10,5,5,1.0000,44.6,61.0,3.0,5.0,2026-07-27T02:22:45.517Z,2026-07-27T02:22:45.517Z,20,20
HCP0616,3,3,0,0.0000,0.0,0.0,0.0,0.0,2026-03-30T08:02:04.137Z,null,null,139
HCP0688,6,3,3,1.0000,73.0,95.0,1.0,3.0,2026-05-23T22:35:10.344Z,2026-05-23T22:35:10.344Z,85,85
HCP0699,6,3,3,1.0000,48.33,54.0,1.0,4.0,2026-07-12T23:45:31.034Z,2026-07-12T23:45:31.034Z,35,35
HCP0729,3,2,1,0.5000,38.0,38.0,0.0,4.0,2026-04-12T12:39:18.620Z,2026-03-06T12:10:20.689Z,163,126
HCP0762,7,4,3,0.7500,38.33,44.0,2.0,4.0,2026-08-10T09:00:00.000Z,2026-08-10T09:00:00.000Z,6,6
HCP0807,8,4,4,1.0000,51.5,91.0,3.0,4.0,2026-08-03T06:41:22.758Z,2026-08-03T06:41:22.758Z,13,13
HCP0815,8,6,2,0.3333,61.5,77.0,0.0,3.0,2026-07-12T03:22:45.517Z,2026-07-05T21:26:53.793Z,42,35
HCP0832,3,2,1,0.5000,31.0,31.0,0.0,2.0,2026-05-24T08:12:24.827Z,2026-04-04T02:24:49.655Z,134,84
HCP0856,5,3,2,0.6667,51.5,52.0,5.0,4.0,2026-06-06T06:31:02.068Z,2026-04-25T08:20:41.379Z,113,71
HCP0863,6,4,2,0.5000,62.0,76.0,0.0,2.0,2026-07-20T06:22:45.517Z,2026-03-13T13:28:57.931Z,156,27
HCP0866,11,6,5,0.8333,45.0,59.0,2.0,1.0,2026-06-21T13:49:39.310Z,2026-06-21T13:49:39.310Z,56,56
HCP0868,8,4,4,1.0000,38.5,45.0,0.0,4.0,2026-06-21T13:49:39.310Z,2026-06-21T13:49:39.310Z,56,56
HCP0877,14,8,6,0.7500,60.17,79.0,8.0,10.0,2026-08-10T13:00:00.000Z,2026-08-10T13:00:00.000Z,6,6
HCP0893,10,6,4,0.6667,33.0,48.0,3.0,3.0,2026-07-17T04:04:08.275Z,2026-06-07T06:12:24.827Z,70,30
HCP0910,2,1,1,1.0000,41.0,41.0,1.0,2.0,2026-06-28T15:08:16.551Z,2026-06-28T15:08:16.551Z,49,49
HCP0919,6,3,3,1.0000,65.0,78.0,1.0,1.0,2026-07-05T21:26:53.793Z,2026-07-05T21:26:53.793Z,42,42
HCP0948,10,5,5,1.0000,42.8,55.0,7.0,5.0,2026-07-13T01:45:31.034Z,2026-07-13T01:45:31.034Z,34,34
HCP0967,2,1,1,1.0000,45.0,45.0,0.0,0.0,2026-04-11T05:43:26.896Z,2026-04-11T05:43:26.896Z,127,127
HCP0977,2,1,1,1.0000,55.0,55.0,0.0,3.0,2026-06-28T13:08:16.551Z,2026-06-28T13:08:16.551Z,49,49
HCP0999,12,7,5,0.7143,60.6,101.0,7.0,2.0,2026-07-19T23:04:08.275Z,2026-07-19T23:04:08.275Z,28,28
HCP1026,7,5,2,0.4000,36.0,49.0,0.0,4.0,2026-07-12T20:45:31.034Z,2026-07-12T20:45:31.034Z,35,35
HCP1032,4,3,1,0.3333,41.0,41.0,0.0,4.0,2026-08-06T14:00:00.000Z,2026-01-22T15:18:37.241Z,206,10
HCP1044,6,4,2,0.5000,23.0,27.0,0.0,4.0,2026-06-14T14:08:16.551Z,2026-03-27T23:06:12.413Z,142,63
HCP1049,13,7,6,0.8571,54.33,87.0,7.0,9.0,2026-07-12T20:45:31.034Z,2026-07-12T20:45:31.034Z,35,35
HCP1092,8,5,3,0.6000,44.67,54.0,2.0,2.0,2026-08-10T12:00:00.000Z,2026-08-10T12:00:00.000Z,6,6
HCP1099,9,6,3,0.5000,42.0,64.0,0.0,0.0,2026-05-24T03:35:10.344Z,2026-05-24T03:35:10.344Z,84,84
HCP1116,4,2,2,1.0000,43.0,48.0,0.0,0.0,2026-02-13T00:14:28.965Z,2026-02-13T00:14:28.965Z,184,184
HCP1118,5,3,2,0.6667,91.5,114.0,3.0,2.0,2026-06-07T09:12:24.827Z,2026-06-07T09:12:24.827Z,70,70
HCP1123,6,4,2,0.5000,54.5,61.0,0.0,2.0,2026-03-20T17:47:35.172Z,2026-03-20T17:47:35.172Z,149,149
HCP1128,8,4,4,1.0000,70.75,103.0,0.0,6.0,2026-07-27T08:22:45.517Z,2026-07-27T08:22:45.517Z,20,20
HCP1129,2,1,1,1.0000,52.0,52.0,0.0,0.0,2026-06-21T12:49:39.310Z,2026-06-21T12:49:39.310Z,56,56
HCP1147,8,5,3,0.6000,46.0,68.0,6.0,5.0,2026-07-05T22:26:53.793Z,2026-07-05T22:26:53.793Z,42,42
HCP1150,5,3,2,0.6667,46.0,50.0,0.0,2.0,2026-04-25T10:20:41.379Z,2026-04-25T10:20:41.379Z,113,113
HCP1157,8,4,4,1.0000,55.75,86.0,3.0,4.0,2026-08-03T12:41:22.758Z,2026-08-03T12:41:22.758Z,13,13
HCP1165,12,6,6,1.0000,58.17,100.0,0.0,3.0,2026-07-12T23:45:31.034Z,2026-07-12T23:45:31.034Z,35,35
HCP1168,8,4,4,1.0000,46.0,58.0,3.0,1.0,2026-07-05T20:26:53.793Z,2026-07-05T20:26:53.793Z,42,42
HCP1182,8,5,3,0.6000,45.67,63.0,3.0,3.0,2026-08-10T09:00:00.000Z,2026-08-10T09:00:00.000Z,6,6
HCP1204,8,4,4,1.0000,49.0,87.0,2.0,1.0,2026-08-10T10:00:00.000Z,2026-08-10T10:00:00.000Z,6,6
HCP1237,2,2,0,0.0000,0.0,0.0,0.0,0.0,2026-05-11T20:35:10.344Z,null,null,97
HCP1246,5,3,2,0.6667,40.5,41.0,0.0,0.0,2026-05-02T16:39:18.620Z,2026-05-02T16:39:18.620Z,106,106
HCP1250,3,2,1,0.5000,90.0,90.0,0.0,0.0,2026-06-07T03:12:24.827Z,2026-06-07T03:12:24.827Z,70,70
HCP1272,15,8,7,0.8750,54.14,79.0,11.0,7.0,2026-06-28T19:08:16.551Z,2026-06-28T19:08:16.551Z,49,49
HCP1274,10,6,4,0.6667,41.25,67.0,5.0,2.0,2026-06-07T08:12:24.827Z,2026-06-07T08:12:24.827Z,70,70
HCP1277,9,5,4,0.8000,56.75,94.0,0.0,5.0,2026-04-18T08:02:04.137Z,2026-04-18T08:02:04.137Z,120,120
HCP1281,7,4,3,0.7500,44.67,61.0,2.0,0.0,2026-07-17T09:22:45.517Z,2026-06-14T08:31:02.068Z,63,30
HCP1298,2,1,1,1.0000,43.0,43.0,0.0,0.0,2026-03-13T17:28:57.931Z,2026-03-13T17:28:57.931Z,156,156
HCP1304,2,1,1,1.0000,67.0,67.0,0.0,0.0,2026-03-13T17:28:57.931Z,2026-03-13T17:28:57.931Z,156,156
HCP1310,5,3,2,0.6667,44.0,51.0,3.0,4.0,2026-06-29T19:26:53.793Z,2026-06-21T12:49:39.310Z,56,48
HCP1324,6,4,2,0.5000,36.5,45.0,1.0,1.0,2026-07-09T21:45:31.034Z,2026-05-16T18:16:33.103Z,92,38
HCP1338,5,3,2,0.6667,43.5,60.0,0.0,4.0,2026-06-21T11:49:39.310Z,2026-06-21T11:49:39.310Z,56,56
HCP1402,4,3,1,0.3333,102.0,102.0,0.0,0.0,2026-06-29T00:45:31.034Z,2026-02-27T04:51:43.448Z,170,48
HCP1456,8,5,3,0.6000,49.67,66.0,1.0,4.0,2026-06-14T13:31:02.068Z,2026-06-14T13:31:02.068Z,63,63
HCP1470,6,3,3,1.0000,66.0,85.0,0.0,0.0,2026-05-09T18:57:55.862Z,2026-05-09T18:57:55.862Z,99,99
HCP1498,6,4,2,0.5000,74.0,104.0,0.0,4.0,2026-08-03T08:41:22.758Z,2026-08-03T08:41:22.758Z,13,13
HCP1565,10,6,4,0.6667,46.5,76.0,2.0,1.0,2026-06-15T20:08:16.551Z,2026-05-09T13:57:55.862Z,99,62
HCP1573,7,4,3,0.7500,41.67,70.0,0.0,5.0,2026-08-10T13:00:00.000Z,2026-08-10T13:00:00.000Z,6,6
HCP1578,11,6,5,0.8333,44.2,76.0,5.0,1.0,2026-07-27T05:22:45.517Z,2026-07-27T05:22:45.517Z,20,20
HCP1591,2,1,1,1.0000,91.0,91.0,0.0,1.0,2026-07-05T18:26:53.793Z,2026-07-05T18:26:53.793Z,42,42
HCP1604,8,5,3,0.6000,64.67,84.0,3.0,2.0,2026-07-27T05:22:45.517Z,2026-07-27T05:22:45.517Z,20,20
HCP1636,5,3,2,0.6667,65.0,86.0,0.0,0.0,2026-08-07T18:00:00.000Z,2026-06-07T03:12:24.827Z,70,9
HCP1644,7,4,3,0.7500,47.0,53.0,0.0,4.0,2026-07-05T18:26:53.793Z,2026-07-05T18:26:53.793Z,42,42
HCP1666,8,4,4,1.0000,58.0,75.0,1.0,3.0,2026-07-27T03:22:45.517Z,2026-07-27T03:22:45.517Z,20,20
HCP1685,9,5,4,0.8000,62.0,80.0,3.0,3.0,2026-06-14T10:31:02.068Z,2026-06-14T10:31:02.068Z,63,63
HCP1692,7,5,2,0.4000,34.0,37.0,0.0,0.0,2026-06-05T06:12:24.827Z,2026-03-28T01:06:12.413Z,141,72
HCP1717,1,1,0,0.0000,0.0,0.0,0.0,0.0,2026-05-11T22:16:33.103Z,null,null,97
HCP1757,9,5,4,0.8000,57.5,86.0,3.0,7.0,2026-07-12T23:45:31.034Z,2026-07-12T23:45:31.034Z,35,35
HCP1770,8,4,4,1.0000,58.75,76.0,6.0,4.0,2026-07-20T01:04:08.275Z,2026-07-20T01:04:08.275Z,27,27
HCP1784,7,5,2,0.4000,42.0,46.0,2.0,0.0,2026-05-16T20:16:33.103Z,2026-05-16T20:16:33.103Z,92,92
HCP1798,3,2,1,0.5000,48.0,48.0,0.0,1.0,2026-07-05T19:26:53.793Z,2026-07-05T19:26:53.793Z,42,42
HCP1803,4,2,2,1.0000,50.0,53.0,0.0,1.0,2026-05-02T15:39:18.620Z,2026-05-02T15:39:18.620Z,106,106
HCP1817,14,9,5,0.5556,61.2,81.0,3.0,1.0,2026-08-10T10:00:00.000Z,2026-08-10T10:00:00.000Z,6,6
HCP1820,10,6,4,0.6667,46.75,56.0,1.0,5.0,2026-07-27T09:22:45.517Z,2026-07-27T09:22:45.517Z,20,20
HCP1821,8,4,4,1.0000,46.0,54.0,4.0,4.0,2026-07-27T09:22:45.517Z,2026-07-27T09:22:45.517Z,20,20
HCP1829,9,5,4,0.8000,54.25,70.0,2.0,7.0,2026-07-05T20:26:53.793Z,2026-07-05T20:26:53.793Z,42,42
HCP1833,7,4,3,0.7500,40.33,48.0,3.0,1.0,2026-04-18T06:02:04.137Z,2026-04-18T06:02:04.137Z,120,120
HCP1837,6,3,3,1.0000,43.33,59.0,4.0,1.0,2026-05-23T20:35:10.344Z,2026-05-23T20:35:10.344Z,85,85
HCP1857,9,5,4,0.8000,57.75,82.0,2.0,7.0,2026-08-03T09:41:22.758Z,2026-08-03T09:41:22.758Z,13,13
HCP1877,4,2,2,1.0000,46.5,64.0,2.0,3.0,2026-08-03T12:41:22.758Z,2026-08-03T12:41:22.758Z,13,13
HCP1889,3,2,1,0.5000,73.0,73.0,0.0,4.0,2026-03-02T15:47:35.172Z,2026-02-27T09:51:43.448Z,170,167
HCP1900,13,8,5,0.6250,57.4,80.0,6.0,8.0,2026-06-07T05:12:24.827Z,2026-06-07T05:12:24.827Z,70,70
HCP1904,16,10,6,0.6000,49.67,68.0,1.0,3.0,2026-07-27T02:22:45.517Z,2026-07-27T02:22:45.517Z,20,20
HCP1916,4,2,2,1.0000,55.0,70.0,0.0,3.0,2026-05-24T03:35:10.344Z,2026-05-24T03:35:10.344Z,84,84
HCP1975,7,4,3,0.7500,69.67,95.0,4.0,3.0,2026-07-05T21:26:53.793Z,2026-07-05T21:26:53.793Z,42,42
HCP1979,6,3,3,1.0000,72.0,86.0,0.0,0.0,2026-08-03T08:41:22.758Z,2026-08-03T08:41:22.758Z,13,13
HCP1993,5,3,2,0.6667,36.5,47.0,0.0,2.0,2026-05-16T18:16:33.103Z,2026-05-16T18:16:33.103Z,92,92
HCP0008,9,5,4,0.8000,47.25,59.0,2.0,2.0,2026-07-27T06:22:45.517Z,2026-07-27T06:22:45.517Z,20,20
HCP0011,11,6,5,0.8333,45.2,81.0,5.0,6.0,2026-08-10T09:00:00.000Z,2026-08-10T09:00:00.000Z,6,6
HCP0030,7,4,3,0.7500,68.67,95.0,2.0,2.0,2026-08-03T10:41:22.758Z,2026-08-03T10:41:22.758Z,13,13
HCP0037,7,4,3,0.7500,23.67,27.0,0.0,5.0,2026-07-12T21:45:31.034Z,2026-07-12T21:45:31.034Z,35,35
HCP0054,7,4,3,0.7500,54.33,88.0,3.0,1.0,2026-07-27T09:22:45.517Z,2026-07-27T09:22:45.517Z,20,20
HCP0075,12,7,5,0.7143,45.6,74.0,0.0,9.0,2026-07-05T23:26:53.793Z,2026-07-05T23:26:53.793Z,42,42
HCP0076,4,2,2,1.0000,60.5,64.0,4.0,6.0,2026-04-18T11:02:04.137Z,2026-04-18T11:02:04.137Z,120,120
HCP0118,4,2,2,1.0000,55.0,60.0,5.0,7.0,2026-07-05T21:26:53.793Z,2026-07-05T21:26:53.793Z,42,42
HCP0119,10,5,5,1.0000,44.6,62.0,5.0,4.0,2026-06-28T14:08:16.551Z,2026-06-28T14:08:16.551Z,49,49
HCP0166,3,2,1,0.5000,93.0,93.0,0.0,0.0,2026-06-07T08:12:24.827Z,2026-06-07T08:12:24.827Z,70,70
HCP0214,6,4,2,0.5000,38.0,41.0,2.0,2.0,2026-08-06T16:00:00.000Z,2026-05-31T04:53:47.586Z,77,10
HCP0222,3,2,1,0.5000,55.0,55.0,0.0,4.0,2026-07-31T08:00:00.000Z,2026-02-12T23:14:28.965Z,185,16
HCP0276,4,3,1,0.3333,60.0,60.0,3.0,0.0,2026-03-19T14:47:35.172Z,2026-02-05T22:55:51.724Z,192,150
HCP0278,5,3,2,0.6667,29.5,37.0,4.0,0.0,2026-04-15T06:02:04.137Z,2026-03-28T01:06:12.413Z,141,123
HCP0315,4,4,0,0.0000,0.0,0.0,0.0,0.0,2026-06-18T15:49:39.310Z,null,null,59
HCP0351,5,3,2,0.6667,39.5,40.0,1.0,1.0,2026-07-27T04:22:45.517Z,2026-07-27T04:22:45.517Z,20,20
HCP0387,6,3,3,1.0000,43.67,50.0,3.0,3.0,2026-06-07T04:12:24.827Z,2026-06-07T04:12:24.827Z,70,70
HCP0411,11,7,4,0.5714,52.75,69.0,7.0,5.0,2026-08-03T08:41:22.758Z,2026-08-03T08:41:22.758Z,13,13
HCP0412,9,5,4,0.8000,52.0,66.0,4.0,1.0,2026-08-03T05:41:22.758Z,2026-08-03T05:41:22.758Z,13,13
HCP0425,6,5,1,0.2000,49.0,49.0,0.0,0.0,2026-07-18T07:22:45.517Z,2026-05-17T00:16:33.103Z,91,29
HCP0443,8,4,4,1.0000,37.75,55.0,6.0,3.0,2026-07-27T05:22:45.517Z,2026-07-27T05:22:45.517Z,20,20
HCP0460,4,2,2,1.0000,43.5,53.0,0.0,0.0,2026-07-27T02:22:45.517Z,2026-07-27T02:22:45.517Z,20,20
HCP0465,6,3,3,1.0000,41.33,57.0,2.0,4.0,2026-07-05T17:26:53.793Z,2026-07-05T17:26:53.793Z,42,42
HCP0475,4,2,2,1.0000,47.0,62.0,2.0,1.0,2026-07-05T18:26:53.793Z,2026-07-05T18:26:53.793Z,42,42
HCP0483,16,8,8,1.0000,45.0,73.0,11.0,5.0,2026-07-20T02:04:08.275Z,2026-07-20T02:04:08.275Z,27,27
HCP0551,1,1,0,0.0000,0.0,0.0,0.0,0.0,2026-06-19T12:49:39.310Z,null,null,58
HCP0557,7,5,2,0.4000,51.0,60.0,0.0,0.0,2026-06-15T17:49:39.310Z,2026-05-02T11:39:18.620Z,106,62
HCP0562,12,6,6,1.0000,58.83,112.0,7.0,5.0,2026-07-27T03:22:45.517Z,2026-07-27T03:22:45.517Z,20,20
HCP0578,10,5,5,1.0000,59.4,77.0,5.0,10.0,2026-06-21T09:49:39.310Z,2026-06-21T09:49:39.310Z,56,56
HCP0632,7,5,2,0.4000,44.5,45.0,0.0,3.0,2026-05-31T05:53:47.586Z,2026-05-31T05:53:47.586Z,77,77
HCP0648,8,4,4,1.0000,64.25,88.0,2.0,3.0,2026-07-12T20:45:31.034Z,2026-07-12T20:45:31.034Z,35,35
HCP0704,13,7,6,0.8571,53.0,90.0,5.0,10.0,2026-07-12T21:45:31.034Z,2026-07-12T21:45:31.034Z,35,35
HCP0710,10,5,5,1.0000,63.8,96.0,2.0,4.0,2026-06-28T19:08:16.551Z,2026-06-28T19:08:16.551Z,49,49
HCP0719,7,4,3,0.7500,38.33,68.0,4.0,1.0,2026-05-09T17:57:55.862Z,2026-05-09T17:57:55.862Z,99,99
HCP0724,5,3,2,0.6667,37.0,42.0,1.0,3.0,2026-06-26T14:08:16.551Z,2026-02-13T02:14:28.965Z,184,51
HCP0741,4,3,1,0.3333,41.0,41.0,3.0,2.0,2026-03-30T08:02:04.137Z,2026-03-13T11:28:57.931Z,156,139
HCP0787,1,1,0,0.0000,0.0,0.0,0.0,0.0,2026-03-12T23:06:12.413Z,null,null,157
HCP0791,5,3,2,0.6667,31.0,33.0,1.0,0.0,2026-07-11T00:04:08.275Z,2026-02-20T07:33:06.206Z,177,36
HCP0805,7,5,2,0.4000,80.0,113.0,0.0,0.0,2026-07-20T05:22:45.517Z,2026-06-21T10:49:39.310Z,56,27
HCP0879,6,3,3,1.0000,45.67,58.0,6.0,4.0,2026-07-20T03:04:08.275Z,2026-07-20T03:04:08.275Z,27,27
HCP0880,9,5,4,0.8000,55.25,99.0,4.0,6.0,2026-07-12T23:45:31.034Z,2026-07-12T23:45:31.034Z,35,35
HCP0884,5,3,2,0.6667,38.0,48.0,0.0,7.0,2026-04-18T08:02:04.137Z,2026-04-18T08:02:04.137Z,120,120
HCP0909,2,1,1,1.0000,41.0,41.0,0.0,0.0,2026-08-10T12:00:00.000Z,2026-08-10T12:00:00.000Z,6,6
HCP0914,1,1,0,0.0000,0.0,0.0,0.0,0.0,2026-05-05T22:16:33.103Z,null,null,103
HCP0934,7,5,2,0.4000,49.0,78.0,4.0,3.0,2026-05-02T14:39:18.620Z,2026-05-02T14:39:18.620Z,106,106
HCP0936,10,6,4,0.6667,47.5,90.0,0.0,2.0,2026-08-04T09:00:00.000Z,2026-05-17T00:16:33.103Z,91,12
HCP0942,10,5,5,1.0000,60.4,106.0,4.0,7.0,2026-07-05T17:26:53.793Z,2026-07-05T17:26:53.793Z,42,42
HCP0953,6,3,3,1.0000,48.0,63.0,0.0,4.0,2026-06-14T06:31:02.068Z,2026-06-14T06:31:02.068Z,63,63
HCP0979,8,4,4,1.0000,40.25,64.0,0.0,2.0,2026-06-14T13:31:02.068Z,2026-06-14T13:31:02.068Z,63,63
HCP1018,4,2,2,1.0000,64.0,92.0,5.0,4.0,2026-07-20T06:04:08.275Z,2026-07-20T06:04:08.275Z,27,27
HCP1057,11,6,5,0.8333,33.8,44.0,0.0,0.0,2026-07-27T02:22:45.517Z,2026-07-27T02:22:45.517Z,20,20
HCP1075,7,4,3,0.7500,54.67,72.0,3.0,2.0,2026-08-10T13:00:00.000Z,2026-08-10T13:00:00.000Z,6,6
HCP1083,4,2,2,1.0000,47.5,58.0,4.0,2.0,2026-06-28T19:08:16.551Z,2026-06-28T19:08:16.551Z,49,49
HCP1101,2,1,1,1.0000,37.0,37.0,1.0,3.0,2026-01-29T19:37:14.482Z,2026-01-29T19:37:14.482Z,199,199
HCP1110,5,3,2,0.6667,40.0,48.0,4.0,8.0,2026-06-07T11:49:39.310Z,2026-03-06T10:10:20.689Z,163,70
HCP1145,1,1,0,0.0000,0.0,0.0,0.0,0.0,2026-06-07T12:31:02.068Z,null,null,70
HCP1158,6,3,3,1.0000,56.0,78.0,0.0,3.0,2026-07-05T17:26:53.793Z,2026-07-05T17:26:53.793Z,42,42
HCP1164,5,3,2,0.6667,53.5,69.0,4.0,5.0,2026-05-31T02:53:47.586Z,2026-05-31T02:53:47.586Z,77,77
HCP1175,4,3,1,0.3333,42.0,42.0,0.0,0.0,2026-06-13T14:49:39.310Z,2026-03-13T12:28:57.931Z,156,64
HCP1181,5,3,2,0.6667,70.0,85.0,0.0,2.0,2026-06-09T05:31:02.068Z,2026-03-20T17:47:35.172Z,149,68
HCP1196,4,2,2,1.0000,63.0,73.0,0.0,2.0,2026-05-24T01:35:10.344Z,2026-05-24T01:35:10.344Z,84,84
HCP1212,4,3,1,0.3333,102.0,102.0,0.0,4.0,2026-07-20T05:04:08.275Z,2026-07-20T05:04:08.275Z,27,27
HCP1275,4,3,1,0.3333,53.0,53.0,3.0,0.0,2026-07-08T00:45:31.034Z,2026-03-13T11:28:57.931Z,156,39
HCP1313,3,2,1,0.5000,60.0,60.0,0.0,0.0,2026-07-16T02:22:45.517Z,2026-03-20T18:47:35.172Z,149,31
HCP1330,3,2,1,0.5000,50.0,50.0,3.0,2.0,2026-02-13T09:51:43.448Z,2026-01-15T15:00:00.000Z,213,184
HCP1351,5,4,1,0.2500,42.0,42.0,0.0,0.0,2026-06-13T12:08:16.551Z,2026-05-09T13:57:55.862Z,99,64
HCP1360,2,1,1,1.0000,22.0,22.0,2.0,4.0,2026-02-20T05:33:06.206Z,2026-02-20T05:33:06.206Z,177,177
HCP1364,4,2,2,1.0000,29.0,36.0,4.0,5.0,2026-06-14T09:31:02.068Z,2026-06-14T09:31:02.068Z,63,63
HCP1365,9,5,4,0.8000,57.5,82.0,3.0,11.0,2026-08-05T15:00:00.000Z,2026-07-20T04:04:08.275Z,27,11
HCP1367,9,5,4,0.8000,48.75,105.0,0.0,2.0,2026-07-01T06:04:08.275Z,2026-06-07T08:12:24.827Z,70,46
HCP1377,4,2,2,1.0000,54.0,67.0,0.0,4.0,2026-04-25T10:20:41.379Z,2026-04-25T10:20:41.379Z,113,113
HCP1388,11,6,5,0.8333,43.6,55.0,2.0,3.0,2026-07-13T00:45:31.034Z,2026-07-13T00:45:31.034Z,34,34
HCP1389,5,3,2,0.6667,33.5,42.0,0.0,2.0,2026-06-20T19:08:16.551Z,2026-04-04T03:24:49.655Z,134,57
HCP1415,1,1,0,0.0000,0.0,0.0,0.0,0.0,2026-01-13T20:18:37.241Z,null,null,215
HCP1449,10,6,4,0.6667,65.75,77.0,3.0,6.0,2026-07-20T05:04:08.275Z,2026-07-20T05:04:08.275Z,27,27
HCP1467,6,3,3,1.0000,48.67,58.0,2.0,2.0,2026-07-13T00:45:31.034Z,2026-07-13T00:45:31.034Z,34,34
HCP1487,8,4,4,1.0000,34.25,54.0,1.0,1.0,2026-07-12T22:45:31.034Z,2026-07-12T22:45:31.034Z,35,35
HCP1503,4,3,1,0.3333,41.0,41.0,0.0,0.0,2026-07-12T21:45:31.034Z,2026-07-12T21:45:31.034Z,35,35
HCP1532,5,3,2,0.6667,53.0,74.0,2.0,0.0,2026-06-28T13:08:16.551Z,2026-06-28T13:08:16.551Z,49,49
HCP1540,8,4,4,1.0000,56.5,76.0,6.0,4.0,2026-07-05T21:26:53.793Z,2026-07-05T21:26:53.793Z,42,42
HCP1544,2,1,1,1.0000,46.0,46.0,0.0,0.0,2026-04-18T08:02:04.137Z,2026-04-18T08:02:04.137Z,120,120
HCP1574,2,1,1,1.0000,79.0,79.0,0.0,4.0,2026-04-25T07:20:41.379Z,2026-04-25T07:20:41.379Z,113,113
HCP1587,10,6,4,0.6667,70.75,99.0,3.0,6.0,2026-07-21T07:41:22.758Z,2026-06-14T11:31:02.068Z,63,26
HCP1609,16,9,7,0.7778,39.57,77.0,2.0,7.0,2026-07-09T06:22:45.517Z,2026-07-05T16:26:53.793Z,42,38
HCP1621,4,2,2,1.0000,62.0,66.0,2.0,0.0,2026-05-23T21:35:10.344Z,2026-05-23T21:35:10.344Z,85,85
HCP1630,10,6,4,0.6667,52.0,89.0,1.0,0.0,2026-06-07T07:12:24.827Z,2026-06-07T07:12:24.827Z,70,70
HCP1645,2,2,0,0.0000,0.0,0.0,0.0,0.0,2026-05-20T19:35:10.344Z,null,null,88
HCP1656,12,6,6,1.0000,56.17,80.0,2.0,9.0,2026-07-27T05:22:45.517Z,2026-07-27T05:22:45.517Z,20,20
HCP1675,4,2,2,1.0000,43.5,52.0,5.0,7.0,2026-05-02T12:39:18.620Z,2026-05-02T12:39:18.620Z,106,106
HCP1679,4,2,2,1.0000,70.0,104.0,0.0,4.0,2026-07-27T07:22:45.517Z,2026-07-27T07:22:45.517Z,20,20
HCP1696,9,5,4,0.8000,53.0,80.0,3.0,1.0,2026-07-13T02:45:31.034Z,2026-07-13T02:45:31.034Z,34,34
HCP1711,6,4,2,0.5000,64.0,64.0,0.0,2.0,2026-07-23T03:22:45.517Z,2026-07-05T16:26:53.793Z,42,24
HCP1713,2,1,1,1.0000,82.0,82.0,0.0,2.0,2026-02-27T10:51:43.448Z,2026-02-27T10:51:43.448Z,170,170
HCP1756,4,2,2,1.0000,37.0,39.0,4.0,0.0,2026-06-14T12:31:02.068Z,2026-06-14T12:31:02.068Z,63,63
HCP1765,9,5,4,0.8000,33.75,42.0,3.0,0.0,2026-05-31T02:53:47.586Z,2026-05-31T02:53:47.586Z,77,77
HCP1766,14,8,6,0.7500,37.83,68.0,2.0,3.0,2026-07-27T04:22:45.517Z,2026-07-27T04:22:45.517Z,20,20
HCP1776,4,2,2,1.0000,49.5,50.0,2.0,5.0,2026-02-20T01:33:06.206Z,2026-02-20T01:33:06.206Z,177,177
HCP1781,6,4,2,0.5000,48.0,49.0,3.0,0.0,2026-07-15T06:22:45.517Z,2026-06-14T09:31:02.068Z,63,32
HCP1815,2,1,1,1.0000,33.0,33.0,0.0,0.0,2026-02-13T00:14:28.965Z,2026-02-13T00:14:28.965Z,184,184
HCP1825,15,9,6,0.6667,56.33,76.0,1.0,4.0,2026-07-24T12:41:22.758Z,2026-06-07T05:12:24.827Z,70,23
HCP1844,15,8,7,0.8750,56.71,101.0,5.0,8.0,2026-08-03T05:41:22.758Z,2026-08-03T05:41:22.758Z,13,13
HCP1848,8,5,3,0.6000,44.67,56.0,0.0,6.0,2026-08-10T12:00:00.000Z,2026-08-10T12:00:00.000Z,6,6
HCP1862,6,3,3,1.0000,31.67,48.0,1.0,3.0,2026-06-14T12:31:02.068Z,2026-06-14T12:31:02.068Z,63,63
HCP1870,6,3,3,1.0000,48.67,52.0,4.0,0.0,2026-07-20T02:04:08.275Z,2026-07-20T02:04:08.275Z,27,27
HCP1887,2,1,1,1.0000,88.0,88.0,0.0,0.0,2026-01-29T16:37:14.482Z,2026-01-29T16:37:14.482Z,199,199
HCP1911,8,4,4,1.0000,55.5,94.0,0.0,7.0,2026-05-24T00:35:10.344Z,2026-05-24T00:35:10.344Z,84,84
HCP1913,10,7,3,0.4286,53.0,67.0,6.0,0.0,2026-08-03T12:41:22.758Z,2026-08-03T12:41:22.758Z,13,13
HCP1923,8,4,4,1.0000,47.5,68.0,2.0,5.0,2026-08-10T10:00:00.000Z,2026-08-10T10:00:00.000Z,6,6
HCP1931,13,7,6,0.8571,65.17,98.0,1.0,11.0,2026-07-20T04:04:08.275Z,2026-07-20T04:04:08.275Z,27,27
HCP1943,3,2,1,0.5000,21.0,21.0,0.0,0.0,2026-05-31T03:53:47.586Z,2026-05-31T03:53:47.586Z,77,77
HCP1946,10,5,5,1.0000,46.8,66.0,4.0,10.0,2026-07-05T19:26:53.793Z,2026-07-05T19:26:53.793Z,42,42
HCP1951,8,4,4,1.0000,53.5,91.0,0.0,0.0,2026-07-27T07:22:45.517Z,2026-07-27T07:22:45.517Z,20,20
HCP1961,3,2,1,0.5000,40.0,40.0,0.0,3.0,2026-05-19T06:53:47.586Z,2026-04-03T23:24:49.655Z,135,89
HCP1999,6,3,3,1.0000,74.0,93.0,0.0,4.0,2026-07-05T17:26:53.793Z,2026-07-05T17:26:53.793Z,42,42
HCP0018,7,5,2,0.4000,66.0,108.0,2.0,0.0,2026-07-22T05:22:45.517Z,2026-06-07T05:12:24.827Z,70,25
HCP0028,11,7,4,0.5714,52.0,78.0,0.0,7.0,2026-07-27T09:22:45.517Z,2026-07-27T09:22:45.517Z,20,20
HCP0043,3,2,1,0.5000,44.0,44.0,0.0,0.0,2026-08-01T14:41:22.758Z,2026-05-24T00:35:10.344Z,84,15
HCP0125,6,4,2,0.5000,56.0,61.0,0.0,0.0,2026-05-08T04:35:10.344Z,2026-04-25T09:20:41.379Z,113,100
HCP0138,3,3,0,0.0000,0.0,0.0,0.0,0.0,2026-05-13T00:35:10.344Z,null,null,95
HCP0145,5,3,2,0.6667,52.0,53.0,0.0,0.0,2026-06-14T10:31:02.068Z,2026-06-14T10:31:02.068Z,63,63
HCP0151,4,3,1,0.3333,63.0,63.0,0.0,0.0,2026-08-05T13:00:00.000Z,2026-06-21T16:49:39.310Z,56,11
HCP0164,4,2,2,1.0000,37.5,42.0,4.0,0.0,2026-05-16T20:16:33.103Z,2026-05-16T20:16:33.103Z,92,92
HCP0191,5,3,2,0.6667,53.5,72.0,0.0,1.0,2026-04-18T15:20:41.379Z,2026-04-18T05:02:04.137Z,120,120
HCP0193,6,3,3,1.0000,67.67,77.0,4.0,6.0,2026-08-03T09:41:22.758Z,2026-08-03T09:41:22.758Z,13,13
HCP0215,3,2,1,0.5000,45.0,45.0,0.0,0.0,2026-03-06T19:47:35.172Z,2026-02-13T01:14:28.965Z,184,163
HCP0216,4,2,2,1.0000,72.0,92.0,1.0,1.0,2026-08-03T11:41:22.758Z,2026-08-03T11:41:22.758Z,13,13
HCP0217,3,2,1,0.5000,58.0,58.0,3.0,2.0,2026-03-31T04:02:04.137Z,2026-03-20T19:47:35.172Z,149,138
HCP0234,12,7,5,0.7143,66.4,96.0,0.0,0.0,2026-06-20T19:08:16.551Z,2026-06-07T10:12:24.827Z,70,57
HCP0261,3,2,1,0.5000,52.0,52.0,0.0,0.0,2026-05-22T04:35:10.344Z,2026-04-25T11:20:41.379Z,113,86
HCP0263,7,4,3,0.7500,45.0,54.0,1.0,5.0,2026-06-11T13:49:39.310Z,2026-05-16T20:16:33.103Z,92,66
HCP0270,9,6,3,0.5000,56.33,60.0,5.0,4.0,2026-07-19T10:22:45.517Z,2026-04-25T14:20:41.379Z,113,28
HCP0275,2,1,1,1.0000,48.0,48.0,0.0,2.0,2026-03-20T18:47:35.172Z,2026-03-20T18:47:35.172Z,149,149
HCP0281,9,5,4,0.8000,46.75,53.0,2.0,7.0,2026-07-27T03:22:45.517Z,2026-07-27T03:22:45.517Z,20,20
HCP0311,4,3,1,0.3333,71.0,71.0,3.0,0.0,2026-05-08T20:35:10.344Z,2026-04-25T11:20:41.379Z,113,100
HCP0336,6,4,2,0.5000,67.0,88.0,0.0,3.0,2026-07-11T03:45:31.034Z,2026-02-06T00:55:51.724Z,191,36
HCP0356,12,6,6,1.0000,47.33,112.0,5.0,3.0,2026-08-10T10:00:00.000Z,2026-08-10T10:00:00.000Z,6,6
HCP0365,11,6,5,0.8333,52.4,66.0,0.0,3.0,2026-07-20T01:04:08.275Z,2026-07-20T01:04:08.275Z,27,27
HCP0367,7,4,3,0.7500,49.33,65.0,2.0,1.0,2026-06-20T17:08:16.551Z,2026-04-25T09:20:41.379Z,113,57
HCP0380,4,2,2,1.0000,39.5,41.0,0.0,2.0,2026-08-10T10:00:00.000Z,2026-08-10T10:00:00.000Z,6,6
HCP0393,13,8,5,0.6250,62.4,72.0,6.0,5.0,2026-08-03T05:41:22.758Z,2026-08-03T05:41:22.758Z,13,13
HCP0398,4,3,1,0.3333,54.0,54.0,0.0,1.0,2026-07-17T12:41:22.758Z,2026-04-18T04:02:04.137Z,120,30
HCP0418,13,7,6,0.8571,58.33,80.0,3.0,4.0,2026-07-27T06:22:45.517Z,2026-07-27T06:22:45.517Z,20,20
HCP0435,11,6,5,0.8333,43.0,62.0,3.0,7.0,2026-05-11T19:35:10.344Z,2026-05-02T12:39:18.620Z,106,97
HCP0490,6,3,3,1.0000,42.67,62.0,0.0,1.0,2026-06-21T14:49:39.310Z,2026-06-21T14:49:39.310Z,56,56
HCP0494,11,6,5,0.8333,48.4,81.0,6.0,5.0,2026-07-27T14:00:00.000Z,2026-05-16T23:16:33.103Z,92,20
HCP0521,11,6,5,0.8333,39.8,55.0,2.0,6.0,2026-07-05T21:26:53.793Z,2026-07-05T21:26:53.793Z,42,42
HCP0543,12,6,6,1.0000,58.83,89.0,4.0,7.0,2026-07-27T05:22:45.517Z,2026-07-27T05:22:45.517Z,20,20
HCP0547,5,4,1,0.2500,20.0,20.0,0.0,4.0,2026-08-09T09:00:00.000Z,2026-05-31T04:53:47.586Z,77,7
HCP0548,6,4,2,0.5000,56.5,57.0,0.0,0.0,2026-07-05T20:26:53.793Z,2026-07-05T20:26:53.793Z,42,42
HCP0559,7,4,3,0.7500,46.0,59.0,4.0,0.0,2026-07-27T03:22:45.517Z,2026-07-27T03:22:45.517Z,20,20
HCP0563,7,5,2,0.4000,68.5,96.0,0.0,1.0,2026-08-10T09:00:00.000Z,2026-08-10T09:00:00.000Z,6,6
HCP0587,4,2,2,1.0000,64.0,102.0,2.0,5.0,2026-06-07T10:12:24.827Z,2026-06-07T10:12:24.827Z,70,70
HCP0592,8,5,3,0.6000,43.67,55.0,3.0,5.0,2026-07-13T00:45:31.034Z,2026-07-13T00:45:31.034Z,34,34
HCP0596,3,2,1,0.5000,31.0,31.0,0.0,1.0,2026-03-27T23:06:12.413Z,2026-03-27T23:06:12.413Z,142,142
HCP0659,8,4,4,1.0000,72.75,103.0,5.0,3.0,2026-08-10T11:00:00.000Z,2026-08-10T11:00:00.000Z,6,6
HCP0668,2,2,0,0.0000,0.0,0.0,0.0,0.0,2026-07-11T23:04:08.275Z,null,null,36
HCP0692,10,5,5,1.0000,61.8,88.0,8.0,2.0,2026-08-03T11:41:22.758Z,2026-08-03T11:41:22.758Z,13,13
HCP0698,2,1,1,1.0000,47.0,47.0,0.0,0.0,2026-01-29T15:37:14.482Z,2026-01-29T15:37:14.482Z,199,199
HCP0713,4,2,2,1.0000,44.0,55.0,2.0,2.0,2026-07-27T07:22:45.517Z,2026-07-27T07:22:45.517Z,20,20
HCP0734,5,3,2,0.6667,55.5,61.0,2.0,8.0,2026-05-17T00:16:33.103Z,2026-05-17T00:16:33.103Z,91,91
HCP0735,7,5,2,0.4000,43.5,61.0,0.0,1.0,2026-07-16T14:41:22.758Z,2026-05-02T16:39:18.620Z,106,31
HCP0743,3,2,1,0.5000,33.0,33.0,0.0,0.0,2026-03-05T12:28:57.931Z,2026-01-22T13:18:37.241Z,206,164
HCP0756,8,4,4,1.0000,67.75,101.0,4.0,5.0,2026-07-20T00:04:08.275Z,2026-07-20T00:04:08.275Z,27,27
HCP0761,7,4,3,0.7500,43.67,90.0,2.0,2.0,2026-05-31T04:53:47.586Z,2026-05-31T04:53:47.586Z,77,77
HCP0771,11,6,5,0.8333,43.6,66.0,4.0,8.0,2026-08-03T05:41:22.758Z,2026-08-03T05:41:22.758Z,13,13
HCP0798,3,2,1,0.5000,44.0,44.0,0.0,0.0,2026-05-02T10:39:18.620Z,2026-05-02T10:39:18.620Z,106,106
HCP0830,10,6,4,0.6667,55.5,63.0,1.0,2.0,2026-07-17T06:41:22.758Z,2026-07-05T23:26:53.793Z,42,30
HCP0835,3,2,1,0.5000,67.0,67.0,1.0,0.0,2026-06-28T17:08:16.551Z,2026-06-28T17:08:16.551Z,49,49
HCP0864,4,2,2,1.0000,37.5,57.0,1.0,4.0,2026-04-11T02:43:26.896Z,2026-04-11T02:43:26.896Z,127,127
HCP0885,8,5,3,0.6000,32.0,39.0,3.0,7.0,2026-07-26T05:41:22.758Z,2026-06-21T14:49:39.310Z,56,21
HCP0889,7,4,3,0.7500,63.0,76.0,3.0,5.0,2026-08-03T09:41:22.758Z,2026-08-03T09:41:22.758Z,13,13
HCP0916,9,5,4,0.8000,61.0,84.0,3.0,4.0,2026-08-03T09:41:22.758Z,2026-08-03T09:41:22.758Z,13,13
HCP0922,3,2,1,0.5000,20.0,20.0,0.0,1.0,2026-05-02T11:39:18.620Z,2026-05-02T11:39:18.620Z,106,106
HCP0983,5,3,2,0.6667,55.0,85.0,2.0,1.0,2026-08-03T12:41:22.758Z,2026-08-03T12:41:22.758Z,13,13
HCP0992,8,5,3,0.6000,53.67,89.0,1.0,0.0,2026-05-22T21:35:10.344Z,2026-03-13T12:28:57.931Z,156,86
HCP0996,7,4,3,0.7500,42.67,53.0,0.0,6.0,2026-06-14T08:31:02.068Z,2026-06-14T08:31:02.068Z,63,63
HCP1001,6,4,2,0.5000,41.5,47.0,4.0,4.0,2026-07-01T01:04:08.275Z,2026-04-04T00:24:49.655Z,134,46
HCP1020,10,6,4,0.6667,54.25,91.0,2.0,8.0,2026-05-09T16:57:55.862Z,2026-05-09T16:57:55.862Z,99,99
HCP1031,6,3,3,1.0000,59.67,96.0,0.0,4.0,2026-03-06T15:10:20.689Z,2026-03-06T15:10:20.689Z,163,163
HCP1035,11,6,5,0.8333,41.2,86.0,4.0,7.0,2026-08-10T10:00:00.000Z,2026-08-10T10:00:00.000Z,6,6
HCP1038,10,6,4,0.6667,72.5,94.0,6.0,2.0,2026-06-21T14:49:39.310Z,2026-06-21T14:49:39.310Z,56,56
HCP1048,15,8,7,0.8750,53.43,97.0,5.0,10.0,2026-08-03T12:41:22.758Z,2026-08-03T12:41:22.758Z,13,13
HCP1082,6,3,3,1.0000,62.0,89.0,2.0,4.0,2026-05-09T20:57:55.862Z,2026-05-09T20:57:55.862Z,99,99
HCP1095,4,2,2,1.0000,73.0,88.0,2.0,0.0,2026-04-25T13:20:41.379Z,2026-04-25T13:20:41.379Z,113,113
HCP1108,4,3,1,0.3333,41.0,41.0,0.0,0.0,2026-07-09T08:04:08.275Z,2026-03-20T17:47:35.172Z,149,38
HCP1121,12,6,6,1.0000,43.67,81.0,5.0,7.0,2026-06-14T13:31:02.068Z,2026-06-14T13:31:02.068Z,63,63
HCP1149,4,3,1,0.3333,33.0,33.0,1.0,0.0,2026-07-13T00:45:31.034Z,2026-07-13T00:45:31.034Z,34,34
HCP1160,5,3,2,0.6667,49.0,73.0,3.0,0.0,2026-05-27T15:31:02.068Z,2026-05-02T12:39:18.620Z,106,81
HCP1163,4,2,2,1.0000,73.0,107.0,0.0,4.0,2026-08-03T07:41:22.758Z,2026-08-03T07:41:22.758Z,13,13
HCP1191,9,5,4,0.8000,56.25,66.0,3.0,5.0,2026-08-03T05:41:22.758Z,2026-08-03T05:41:22.758Z,13,13
HCP1197,6,3,3,1.0000,39.33,49.0,0.0,0.0,2026-06-21T14:49:39.310Z,2026-06-21T14:49:39.310Z,56,56
HCP1206,12,7,5,0.7143,40.6,51.0,3.0,8.0,2026-08-10T09:00:00.000Z,2026-08-10T09:00:00.000Z,6,6
HCP1249,8,5,3,0.6000,31.67,36.0,4.0,0.0,2026-06-23T16:08:16.551Z,2026-06-14T08:31:02.068Z,63,54
HCP1301,8,4,4,1.0000,48.25,67.0,2.0,3.0,2026-07-12T22:45:31.034Z,2026-07-12T22:45:31.034Z,35,35
HCP1315,6,4,2,0.5000,62.0,64.0,3.0,1.0,2026-07-27T06:22:45.517Z,2026-07-27T06:22:45.517Z,20,20
HCP1323,2,1,1,1.0000,23.0,23.0,0.0,3.0,2026-02-20T01:33:06.206Z,2026-02-20T01:33:06.206Z,177,177
HCP1341,13,7,6,0.8571,59.5,86.0,11.0,0.0,2026-07-27T06:22:45.517Z,2026-07-27T06:22:45.517Z,20,20
HCP1345,4,2,2,1.0000,61.0,66.0,1.0,3.0,2026-05-09T18:57:55.862Z,2026-05-09T18:57:55.862Z,99,99
HCP1363,7,4,3,0.7500,55.67,74.0,2.0,2.0,2026-06-14T06:31:02.068Z,2026-06-14T06:31:02.068Z,63,63
HCP1383,3,2,1,0.5000,49.0,49.0,0.0,0.0,2026-07-08T23:04:08.275Z,2026-01-29T21:37:14.482Z,199,39
HCP1393,6,3,3,1.0000,67.67,80.0,1.0,0.0,2026-08-03T10:41:22.758Z,2026-08-03T10:41:22.758Z,13,13
HCP1398,8,4,4,1.0000,76.75,107.0,0.0,5.0,2026-07-20T06:04:08.275Z,2026-07-20T06:04:08.275Z,27,27
HCP1401,9,6,3,0.5000,44.0,62.0,3.0,0.0,2026-05-02T12:39:18.620Z,2026-05-02T12:39:18.620Z,106,106
HCP1431,6,4,2,0.5000,40.0,45.0,1.0,0.0,2026-07-15T10:22:45.517Z,2026-05-31T01:53:47.586Z,77,32
HCP1454,6,3,3,1.0000,48.67,54.0,4.0,1.0,2026-05-02T10:39:18.620Z,2026-05-02T10:39:18.620Z,106,106
HCP1486,11,6,5,0.8333,45.8,61.0,2.0,7.0,2026-07-05T20:26:53.793Z,2026-07-05T20:26:53.793Z,42,42
HCP1489,6,3,3,1.0000,49.0,70.0,0.0,3.0,2026-07-05T22:26:53.793Z,2026-07-05T22:26:53.793Z,42,42
HCP1526,8,4,4,1.0000,57.75,109.0,3.0,4.0,2026-06-07T03:12:24.827Z,2026-06-07T03:12:24.827Z,70,70
HCP1557,9,5,4,0.8000,31.75,36.0,1.0,2.0,2026-08-10T16:00:00.000Z,2026-08-10T16:00:00.000Z,6,6
HCP1590,11,6,5,0.8333,54.8,80.0,6.0,5.0,2026-07-26T12:41:22.758Z,2026-06-28T17:08:16.551Z,49,21
HCP1595,3,3,0,0.0000,0.0,0.0,0.0,0.0,2026-04-26T20:16:33.103Z,null,null,112
HCP1597,11,6,5,0.8333,66.0,97.0,4.0,7.0,2026-08-10T14:00:00.000Z,2026-08-10T14:00:00.000Z,6,6
HCP1605,5,4,1,0.2500,36.0,36.0,0.0,0.0,2026-05-08T21:57:55.862Z,2026-04-04T01:24:49.655Z,134,100
HCP1606,10,5,5,1.0000,51.0,70.0,2.0,8.0,2026-07-27T07:22:45.517Z,2026-07-27T07:22:45.517Z,20,20
HCP1611,9,6,3,0.5000,59.67,111.0,3.0,0.0,2026-07-20T03:04:08.275Z,2026-07-20T03:04:08.275Z,27,27
HCP1612,5,4,1,0.2500,35.0,35.0,0.0,0.0,2026-07-04T01:04:08.275Z,2026-05-02T17:39:18.620Z,106,43
HCP1617,9,5,4,0.8000,62.25,87.0,3.0,8.0,2026-08-03T05:41:22.758Z,2026-08-03T05:41:22.758Z,13,13
HCP1625,6,4,2,0.5000,32.5,44.0,0.0,3.0,2026-05-11T19:16:33.103Z,2026-05-09T16:57:55.862Z,99,97
HCP1635,6,4,2,0.5000,59.0,69.0,0.0,0.0,2026-07-18T07:04:08.275Z,2026-05-09T18:57:55.862Z,99,29
HCP1686,11,7,4,0.5714,64.5,93.0,3.0,4.0,2026-08-02T17:00:00.000Z,2026-07-20T04:04:08.275Z,27,14
HCP1699,12,7,5,0.7143,55.2,107.0,1.0,9.0,2026-08-03T08:41:22.758Z,2026-08-03T08:41:22.758Z,13,13
HCP1719,7,5,2,0.4000,39.0,43.0,5.0,0.0,2026-08-10T16:00:00.000Z,2026-08-10T16:00:00.000Z,6,6
HCP1738,9,5,4,0.8000,56.5,87.0,1.0,6.0,2026-07-20T01:04:08.275Z,2026-07-20T01:04:08.275Z,27,27
HCP1742,4,2,2,1.0000,98.0,111.0,2.0,1.0,2026-07-20T01:04:08.275Z,2026-07-20T01:04:08.275Z,27,27
HCP1749,6,3,3,1.0000,51.33,62.0,2.0,3.0,2026-06-21T16:49:39.310Z,2026-06-21T16:49:39.310Z,56,56
HCP1753,6,4,2,0.5000,34.5,40.0,2.0,3.0,2026-08-10T11:00:00.000Z,2026-08-10T11:00:00.000Z,6,6
HCP1772,9,5,4,0.8000,54.5,85.0,2.0,12.0,2026-06-07T05:12:24.827Z,2026-06-07T05:12:24.827Z,70,70
HCP1773,2,1,1,1.0000,55.0,55.0,3.0,0.0,2026-06-21T12:49:39.310Z,2026-06-21T12:49:39.310Z,56,56
HCP1788,11,6,5,0.8333,53.0,84.0,7.0,5.0,2026-06-28T16:08:16.551Z,2026-06-28T16:08:16.551Z,49,49
HCP1816,2,1,1,1.0000,25.0,25.0,2.0,0.0,2026-03-06T13:10:20.689Z,2026-03-06T13:10:20.689Z,163,163
HCP1827,9,5,4,0.8000,79.0,106.0,0.0,6.0,2026-08-03T07:41:22.758Z,2026-08-03T07:41:22.758Z,13,13
HCP1830,8,5,3,0.6000,46.67,71.0,0.0,3.0,2026-07-05T20:26:53.793Z,2026-07-05T20:26:53.793Z,42,42
HCP1834,2,1,1,1.0000,44.0,44.0,0.0,0.0,2026-03-27T21:06:12.413Z,2026-03-27T21:06:12.413Z,142,142
HCP1856,7,4,3,0.7500,59.33,99.0,0.0,0.0,2026-07-20T04:04:08.275Z,2026-07-20T04:04:08.275Z,27,27
HCP1866,10,6,4,0.6667,45.0,58.0,0.0,5.0,2026-07-08T01:45:31.034Z,2026-06-28T19:08:16.551Z,49,39
HCP1871,6,4,2,0.5000,45.5,51.0,3.0,6.0,2026-08-10T12:00:00.000Z,2026-08-10T12:00:00.000Z,6,6
HCP1880,4,2,2,1.0000,54.0,63.0,2.0,0.0,2026-05-16T21:16:33.103Z,2026-05-16T21:16:33.103Z,92,92
HCP1897,8,5,3,0.6000,42.67,55.0,2.0,1.0,2026-07-12T19:45:31.034Z,2026-07-12T19:45:31.034Z,35,35
HCP1914,12,6,6,1.0000,46.5,63.0,6.0,12.0,2026-08-10T14:00:00.000Z,2026-08-10T14:00:00.000Z,6,6
HCP1926,11,6,5,0.8333,44.2,75.0,7.0,8.0,2026-06-28T13:08:16.551Z,2026-06-28T13:08:16.551Z,49,49
HCP1934,9,5,4,0.8000,51.75,70.0,5.0,7.0,2026-07-03T00:45:31.034Z,2026-06-21T15:49:39.310Z,56,44
HCP1958,2,1,1,1.0000,23.0,23.0,0.0,1.0,2026-06-14T07:31:02.068Z,2026-06-14T07:31:02.068Z,63,63
HCP1960,1,1,0,0.0000,0.0,0.0,0.0,0.0,2026-02-04T03:33:06.206Z,null,null,193
HCP1969,6,4,2,0.5000,33.0,42.0,0.0,0.0,2026-06-21T11:49:39.310Z,2026-06-21T11:49:39.310Z,56,56
HCP1976,7,5,2,0.4000,45.0,57.0,3.0,0.0,2026-05-19T11:12:24.827Z,2026-04-25T13:20:41.379Z,113,89
HCP0019,3,2,1,0.5000,36.0,36.0,2.0,4.0,2026-06-21T10:49:39.310Z,2026-06-21T10:49:39.310Z,56,56
HCP0038,8,4,4,1.0000,62.5,96.0,1.0,2.0,2026-08-03T12:41:22.758Z,2026-08-03T12:41:22.758Z,13,13
HCP0050,2,1,1,1.0000,50.0,50.0,0.0,4.0,2026-01-15T15:00:00.000Z,2026-01-15T15:00:00.000Z,213,213
HCP0056,7,4,3,0.7500,45.67,71.0,2.0,0.0,2026-06-29T17:26:53.793Z,2026-06-28T20:08:16.551Z,49,48
HCP0060,3,2,1,0.5000,69.0,69.0,3.0,1.0,2026-07-20T05:04:08.275Z,2026-07-20T05:04:08.275Z,27,27
HCP0064,6,3,3,1.0000,46.67,74.0,0.0,3.0,2026-07-12T22:45:31.034Z,2026-07-12T22:45:31.034Z,35,35
HCP0112,2,1,1,1.0000,85.0,85.0,0.0,0.0,2026-07-20T04:04:08.275Z,2026-07-20T04:04:08.275Z,27,27
HCP0131,7,4,3,0.7500,42.67,55.0,3.0,4.0,2026-07-13T00:45:31.034Z,2026-07-13T00:45:31.034Z,34,34
HCP0135,6,3,3,1.0000,36.67,46.0,3.0,5.0,2026-03-27T21:06:12.413Z,2026-03-27T21:06:12.413Z,142,142
HCP0155,6,4,2,0.5000,63.0,77.0,2.0,0.0,2026-05-24T03:35:10.344Z,2026-05-24T03:35:10.344Z,84,84
HCP0157,4,3,1,0.3333,74.0,74.0,0.0,1.0,2026-06-06T05:12:24.827Z,2026-03-13T14:28:57.931Z,156,71
HCP0279,10,5,5,1.0000,34.2,45.0,8.0,3.0,2026-07-13T01:45:31.034Z,2026-07-13T01:45:31.034Z,34,34
HCP0321,3,2,1,0.5000,33.0,33.0,0.0,0.0,2026-07-12T23:45:31.034Z,2026-07-12T23:45:31.034Z,35,35
HCP0348,3,2,1,0.5000,32.0,32.0,0.0,0.0,2026-05-26T06:31:02.068Z,2026-01-22T19:18:37.241Z,206,82
HCP0353,1,1,0,0.0000,0.0,0.0,0.0,0.0,2026-01-31T07:33:06.206Z,null,null,197
HCP0419,10,7,3,0.4286,53.67,70.0,3.0,1.0,2026-07-27T08:22:45.517Z,2026-07-27T08:22:45.517Z,20,20
HCP0426,5,3,2,0.6667,47.0,50.0,2.0,0.0,2026-04-03T21:24:49.655Z,2026-04-03T21:24:49.655Z,135,135
HCP0434,11,6,5,0.8333,57.4,101.0,1.0,6.0,2026-08-03T12:41:22.758Z,2026-08-03T12:41:22.758Z,13,13
HCP0440,10,5,5,1.0000,63.6,78.0,11.0,7.0,2026-05-24T00:35:10.344Z,2026-05-24T00:35:10.344Z,84,84
HCP0459,4,2,2,1.0000,52.5,63.0,0.0,1.0,2026-07-12T23:45:31.034Z,2026-07-12T23:45:31.034Z,35,35
HCP0503,2,1,1,1.0000,78.0,78.0,0.0,0.0,2026-05-24T01:35:10.344Z,2026-05-24T01:35:10.344Z,84,84
HCP0526,6,4,2,0.5000,45.0,52.0,0.0,7.0,2026-04-25T14:20:41.379Z,2026-04-25T14:20:41.379Z,113,113
HCP0528,10,7,3,0.4286,37.0,39.0,4.0,3.0,2026-08-10T16:00:00.000Z,2026-08-10T16:00:00.000Z,6,6
HCP0540,10,5,5,1.0000,54.8,78.0,8.0,3.0,2026-07-12T22:45:31.034Z,2026-07-12T22:45:31.034Z,35,35
HCP0552,3,2,1,0.5000,22.0,22.0,0.0,0.0,2026-05-02T12:39:18.620Z,2026-05-02T12:39:18.620Z,106,106
HCP0570,11,6,5,0.8333,61.4,107.0,7.0,2.0,2026-08-01T08:41:22.758Z,2026-07-20T00:04:08.275Z,27,15
HCP0581,4,2,2,1.0000,66.0,89.0,0.0,2.0,2026-07-05T19:26:53.793Z,2026-07-05T19:26:53.793Z,42,42
HCP0600,12,7,5,0.7143,55.8,90.0,2.0,4.0,2026-08-10T15:00:00.000Z,2026-08-10T15:00:00.000Z,6,6
HCP0625,3,2,1,0.5000,107.0,107.0,0.0,0.0,2026-06-07T06:12:24.827Z,2026-06-07T06:12:24.827Z,70,70
HCP0627,7,4,3,0.7500,56.67,91.0,6.0,7.0,2026-07-05T18:26:53.793Z,2026-07-05T18:26:53.793Z,42,42
HCP0672,6,3,3,1.0000,48.67,69.0,1.0,8.0,2026-04-04T00:24:49.655Z,2026-04-04T00:24:49.655Z,134,134
HCP0682,5,3,2,0.6667,60.5,96.0,1.0,0.0,2026-08-10T16:00:00.000Z,2026-08-10T16:00:00.000Z,6,6
HCP0700,2,1,1,1.0000,83.0,83.0,0.0,2.0,2026-05-09T18:57:55.862Z,2026-05-09T18:57:55.862Z,99,99
HCP0739,7,4,3,0.7500,43.67,50.0,3.0,2.0,2026-07-27T09:22:45.517Z,2026-07-27T09:22:45.517Z,20,20
HCP0742,11,6,5,0.8333,52.2,81.0,0.0,3.0,2026-07-05T21:26:53.793Z,2026-07-05T21:26:53.793Z,42,42
HCP0764,17,9,8,0.8889,62.5,112.0,9.0,15.0,2026-08-03T11:41:22.758Z,2026-08-03T11:41:22.758Z,13,13
HCP0767,8,5,3,0.6000,40.67,54.0,4.0,7.0,2026-06-21T10:49:39.310Z,2026-06-21T10:49:39.310Z,56,56
HCP0780,8,4,4,1.0000,60.75,91.0,0.0,4.0,2026-08-10T16:00:00.000Z,2026-08-10T16:00:00.000Z,6,6
HCP0840,11,6,5,0.8333,39.2,55.0,2.0,10.0,2026-07-12T19:45:31.034Z,2026-07-12T19:45:31.034Z,35,35
HCP0846,13,8,5,0.6250,43.0,69.0,7.0,5.0,2026-07-30T09:00:00.000Z,2026-07-27T07:22:45.517Z,20,17
HCP0855,3,2,1,0.5000,63.0,63.0,3.0,1.0,2026-07-20T12:41:22.758Z,2026-06-28T20:08:16.551Z,49,27
HCP0857,6,4,2,0.5000,75.5,85.0,2.0,0.0,2026-07-20T01:04:08.275Z,2026-07-20T01:04:08.275Z,27,27
HCP0920,7,5,2,0.4000,31.0,39.0,0.0,2.0,2026-06-28T01:45:31.034Z,2026-05-31T06:53:47.586Z,77,49
HCP0921,3,2,1,0.5000,79.0,79.0,0.0,0.0,2026-04-25T13:20:41.379Z,2026-04-25T13:20:41.379Z,113,113
HCP0929,4,2,2,1.0000,51.5,59.0,0.0,0.0,2026-06-21T14:49:39.310Z,2026-06-21T14:49:39.310Z,56,56
HCP0943,10,6,4,0.6667,50.0,71.0,3.0,4.0,2026-03-26T00:06:12.413Z,2026-03-20T14:47:35.172Z,149,143
HCP0950,2,2,0,0.0000,0.0,0.0,0.0,0.0,2026-05-06T00:35:10.344Z,null,null,102
HCP0962,6,3,3,1.0000,44.67,73.0,3.0,0.0,2026-07-13T00:45:31.034Z,2026-07-13T00:45:31.034Z,34,34
HCP0970,14,7,7,1.0000,61.29,91.0,0.0,7.0,2026-08-10T16:00:00.000Z,2026-08-10T16:00:00.000Z,6,6
HCP1014,7,4,3,0.7500,37.33,52.0,0.0,1.0,2026-06-24T15:26:53.793Z,2026-05-02T16:39:18.620Z,106,53
HCP1040,6,3,3,1.0000,73.67,100.0,2.0,1.0,2026-08-03T07:41:22.758Z,2026-08-03T07:41:22.758Z,13,13
HCP1080,2,1,1,1.0000,65.0,65.0,0.0,0.0,2026-03-13T17:28:57.931Z,2026-03-13T17:28:57.931Z,156,156
HCP1084,1,1,0,0.0000,0.0,0.0,0.0,0.0,2026-01-29T19:55:51.724Z,null,null,199
HCP1153,6,3,3,1.0000,56.33,66.0,4.0,3.0,2026-08-03T05:41:22.758Z,2026-08-03T05:41:22.758Z,13,13
HCP1200,4,2,2,1.0000,38.0,45.0,0.0,7.0,2026-03-06T12:10:20.689Z,2026-03-06T12:10:20.689Z,163,163
HCP1214,5,3,2,0.6667,43.5,46.0,0.0,0.0,2026-04-08T03:43:26.896Z,2026-04-04T04:24:49.655Z,134,130
HCP1231,11,6,5,0.8333,53.8,70.0,5.0,1.0,2026-07-25T09:22:45.517Z,2026-05-09T14:57:55.862Z,99,22
HCP1233,2,2,0,0.0000,0.0,0.0,0.0,0.0,2026-08-01T09:41:22.758Z,null,null,15
HCP1238,7,5,2,0.4000,40.0,48.0,0.0,4.0,2026-07-05T22:26:53.793Z,2026-07-05T22:26:53.793Z,42,42
HCP1239,10,5,5,1.0000,44.8,89.0,0.0,10.0,2026-05-16T19:16:33.103Z,2026-05-16T19:16:33.103Z,92,92
HCP1247,4,3,1,0.3333,26.0,26.0,0.0,0.0,2026-07-20T04:41:22.758Z,2026-02-20T04:33:06.206Z,177,27
HCP1248,8,5,3,0.6000,49.0,71.0,0.0,8.0,2026-06-28T14:08:16.551Z,2026-06-28T14:08:16.551Z,49,49
HCP1255,6,3,3,1.0000,47.33,55.0,3.0,2.0,2026-04-18T06:02:04.137Z,2026-04-18T06:02:04.137Z,120,120
HCP1279,8,5,3,0.6000,59.33,66.0,0.0,1.0,2026-08-03T12:41:22.758Z,2026-08-03T12:41:22.758Z,13,13
HCP1332,2,1,1,1.0000,53.0,53.0,0.0,0.0,2026-06-21T10:49:39.310Z,2026-06-21T10:49:39.310Z,56,56
HCP1336,9,6,3,0.5000,60.33,73.0,5.0,3.0,2026-06-07T07:12:24.827Z,2026-06-07T07:12:24.827Z,70,70
HCP1354,12,7,5,0.7143,49.4,76.0,4.0,12.0,2026-07-15T03:22:45.517Z,2026-06-14T08:31:02.068Z,63,32
HCP1357,8,5,3,0.6000,51.0,72.0,1.0,1.0,2026-07-13T02:45:31.034Z,2026-07-13T02:45:31.034Z,34,34
HCP1397,9,5,4,0.8000,52.5,72.0,3.0,6.0,2026-05-23T23:35:10.344Z,2026-05-23T23:35:10.344Z,85,85
HCP1412,7,4,3,0.7500,37.67,56.0,0.0,6.0,2026-05-17T00:16:33.103Z,2026-05-17T00:16:33.103Z,91,91
HCP1413,7,5,2,0.4000,54.5,75.0,0.0,3.0,2026-07-27T08:22:45.517Z,2026-07-27T08:22:45.517Z,20,20
HCP1421,6,3,3,1.0000,58.33,71.0,0.0,7.0,2026-06-28T17:08:16.551Z,2026-06-28T17:08:16.551Z,49,49
HCP1422,5,3,2,0.6667,58.5,69.0,0.0,0.0,2026-05-17T00:16:33.103Z,2026-05-17T00:16:33.103Z,91,91
HCP1428,6,3,3,1.0000,47.33,67.0,2.0,4.0,2026-06-07T05:12:24.827Z,2026-06-07T05:12:24.827Z,70,70
HCP1451,7,4,3,0.7500,59.33,82.0,3.0,3.0,2026-07-05T23:26:53.793Z,2026-07-05T23:26:53.793Z,42,42
HCP1457,8,4,4,1.0000,58.0,86.0,0.0,12.0,2026-07-20T01:04:08.275Z,2026-07-20T01:04:08.275Z,27,27
HCP1473,7,5,2,0.4000,35.0,44.0,2.0,0.0,2026-07-10T18:45:31.034Z,2026-05-16T22:16:33.103Z,92,37
HCP1529,2,2,0,0.0000,0.0,0.0,0.0,0.0,2026-07-09T10:22:45.517Z,null,null,38
HCP1550,7,4,3,0.7500,53.67,85.0,2.0,2.0,2026-06-21T16:49:39.310Z,2026-06-21T16:49:39.310Z,56,56
HCP1562,2,1,1,1.0000,44.0,44.0,0.0,4.0,2026-05-02T13:39:18.620Z,2026-05-02T13:39:18.620Z,106,106
HCP1567,10,5,5,1.0000,46.6,76.0,3.0,6.0,2026-08-10T14:00:00.000Z,2026-08-10T14:00:00.000Z,6,6
HCP1601,8,4,4,1.0000,38.5,52.0,0.0,0.0,2026-07-27T09:22:45.517Z,2026-07-27T09:22:45.517Z,20,20
HCP1654,8,5,3,0.6000,39.33,47.0,3.0,9.0,2026-06-14T13:31:02.068Z,2026-06-14T13:31:02.068Z,63,63
HCP1659,7,4,3,0.7500,59.0,95.0,1.0,5.0,2026-07-19T23:04:08.275Z,2026-07-19T23:04:08.275Z,28,28
HCP1698,5,3,2,0.6667,46.0,61.0,5.0,4.0,2026-05-18T19:35:10.344Z,2026-03-20T14:47:35.172Z,149,90
HCP1704,8,5,3,0.6000,61.33,72.0,1.0,0.0,2026-08-03T06:41:22.758Z,2026-08-03T06:41:22.758Z,13,13
HCP1728,8,5,3,0.6000,67.67,79.0,0.0,7.0,2026-07-27T05:22:45.517Z,2026-07-27T05:22:45.517Z,20,20
HCP1744,9,5,4,0.8000,49.75,74.0,2.0,7.0,2026-06-28T15:08:16.551Z,2026-06-28T15:08:16.551Z,49,49
HCP1752,9,5,4,0.8000,57.75,75.0,2.0,0.0,2026-06-07T06:12:24.827Z,2026-06-07T06:12:24.827Z,70,70
HCP1780,3,2,1,0.5000,62.0,62.0,0.0,4.0,2026-04-23T17:39:18.620Z,2026-03-20T17:47:35.172Z,149,115
HCP1809,9,5,4,0.8000,39.75,80.0,4.0,8.0,2026-05-31T03:53:47.586Z,2026-05-31T03:53:47.586Z,77,77
HCP1843,5,4,1,0.2500,91.0,91.0,1.0,0.0,2026-07-23T11:41:22.758Z,2026-07-20T04:04:08.275Z,27,24
HCP1849,10,5,5,1.0000,67.2,111.0,6.0,9.0,2026-06-14T11:31:02.068Z,2026-06-14T11:31:02.068Z,63,63
HCP1853,8,5,3,0.6000,60.67,79.0,0.0,0.0,2026-06-28T18:08:16.551Z,2026-06-28T18:08:16.551Z,49,49
HCP1864,8,4,4,1.0000,37.0,62.0,0.0,0.0,2026-06-21T09:49:39.310Z,2026-06-21T09:49:39.310Z,56,56
HCP1867,4,4,0,0.0000,0.0,0.0,0.0,0.0,2026-07-19T06:04:08.275Z,null,null,28
HCP1885,7,4,3,0.7500,42.0,72.0,5.0,3.0,2026-07-22T07:22:45.517Z,2026-05-24T03:35:10.344Z,84,25
HCP1894,9,6,3,0.5000,43.33,77.0,2.0,2.0,2026-06-27T03:45:31.034Z,2026-05-02T10:39:18.620Z,106,50
HCP1924,6,3,3,1.0000,70.0,102.0,1.0,3.0,2026-07-20T01:04:08.275Z,2026-07-20T01:04:08.275Z,27,27
HCP1932,2,1,1,1.0000,63.0,63.0,0.0,0.0,2026-06-07T10:12:24.827Z,2026-06-07T10:12:24.827Z,70,70
HCP1933,5,3,2,0.6667,57.5,62.0,3.0,3.0,2026-05-24T03:35:10.344Z,2026-05-24T03:35:10.344Z,84,84
HCP1935,10,6,4,0.6667,62.0,98.0,0.0,0.0,2026-08-10T09:00:00.000Z,2026-08-10T09:00:00.000Z,6,6
HCP1938,10,6,4,0.6667,66.75,111.0,0.0,3.0,2026-08-10T14:00:00.000Z,2026-08-10T14:00:00.000Z,6,6
HCP1939,1,1,0,0.0000,0.0,0.0,0.0,0.0,2026-01-09T17:18:37.241Z,null,null,219
HCP1953,5,3,2,0.6667,35.0,38.0,0.0,2.0,2026-03-27T19:06:12.413Z,2026-03-27T19:06:12.413Z,142,142
HCP1963,9,5,4,0.8000,53.0,74.0,4.0,0.0,2026-07-27T04:22:45.517Z,2026-07-27T04:22:45.517Z,20,20
HCP2000,8,4,4,1.0000,48.0,66.0,5.0,0.0,2026-06-21T13:49:39.310Z,2026-06-21T13:49:39.310Z,56,56
