hcp_id,total_veeva_interactions,in_person_visits,phone_calls,virtual_meetings,completed_interactions,cancelled_interactions,no_show_interactions,avg_interaction_duration_minutes,max_interaction_duration_minutes,followups_required,last_veeva_activity,last_veeva_engagement,days_since_last_veeva_engagement,days_since_last_veeva_activity
HCP0016,5,4,1,0,4,1,0,30.6,46.0,1,2026-07-28T04:07:27.000Z,2026-07-28T04:07:27.000Z,19,19
HCP0022,12,6,3,3,12,0,0,33.25,60.0,8,2026-07-28T05:28:06.000Z,2026-07-28T05:28:06.000Z,19,19
HCP0036,3,0,3,0,3,0,0,11.67,13.0,1,2026-05-17T20:06:16.000Z,2026-05-17T20:06:16.000Z,91,91
HCP0047,6,5,1,0,5,1,0,42.33,59.0,3,2026-07-13T14:33:59.000Z,2026-07-13T14:33:59.000Z,34,34
HCP0069,6,3,3,0,4,2,0,26.17,53.0,0,2026-07-11T02:18:52.000Z,2026-07-11T02:18:52.000Z,36,36
HCP0074,5,2,3,0,4,0,1,24.6,45.0,1,2026-07-21T11:34:28.000Z,2026-07-21T11:34:28.000Z,26,26
HCP0087,3,2,0,1,3,0,0,28.67,40.0,1,2026-06-23T17:45:09.000Z,2026-06-23T17:45:09.000Z,54,54
HCP0101,9,6,2,1,9,0,0,34.44,51.0,3,2026-07-14T04:17:28.000Z,2026-07-14T04:17:28.000Z,33,33
HCP0109,5,1,1,3,5,0,0,25.0,47.0,1,2026-07-05T07:16:23.000Z,2026-07-05T07:16:23.000Z,42,42
HCP0121,7,2,3,2,7,0,0,20.14,37.0,4,2026-07-22T19:51:31.000Z,2026-07-22T19:51:31.000Z,25,25
HCP0136,8,6,1,1,8,0,0,42.63,59.0,3,2026-07-27T04:52:08.000Z,2026-07-27T04:52:08.000Z,20,20
HCP0137,11,8,0,3,6,3,2,39.27,55.0,4,2026-08-14T22:07:48.000Z,2026-07-31T05:38:14.000Z,16,2
HCP0146,9,7,1,1,8,0,1,41.0,55.0,2,2026-08-11T21:38:42.000Z,2026-08-11T21:38:42.000Z,5,5
HCP0180,7,3,1,3,6,0,1,32.57,47.0,2,2026-06-01T10:00:21.000Z,2026-06-01T10:00:21.000Z,76,76
HCP0226,5,4,1,0,3,1,1,44.2,59.0,1,2026-08-05T22:45:00.000Z,2026-08-05T22:45:00.000Z,11,11
HCP0243,5,2,3,0,5,0,0,26.8,55.0,3,2026-05-27T05:34:10.000Z,2026-05-27T05:34:10.000Z,81,81
HCP0251,6,2,4,0,5,1,0,25.33,50.0,2,2026-05-21T20:58:27.000Z,2026-05-21T20:58:27.000Z,87,87
HCP0255,6,1,2,3,6,0,0,26.67,42.0,2,2026-07-30T23:17:41.000Z,2026-07-30T23:17:41.000Z,17,17
HCP0256,11,5,4,2,10,0,1,26.27,46.0,4,2026-06-27T06:41:16.000Z,2026-06-12T00:47:11.000Z,65,50
HCP0287,10,5,3,2,9,1,0,28.7,58.0,5,2026-07-30T00:22:28.000Z,2026-07-30T00:22:28.000Z,17,17
HCP0318,9,5,1,3,7,1,1,30.56,52.0,3,2026-06-26T20:45:42.000Z,2026-06-26T19:20:22.000Z,51,51
HCP0343,8,4,0,4,8,0,0,42.75,57.0,3,2026-06-29T08:53:32.000Z,2026-06-29T08:53:32.000Z,48,48
HCP0352,5,1,2,2,5,0,0,28.6,50.0,3,2026-06-20T05:13:37.000Z,2026-06-20T05:13:37.000Z,57,57
HCP0359,5,4,1,0,5,0,0,41.8,57.0,5,2026-08-11T13:33:05.000Z,2026-08-11T13:33:05.000Z,5,5
HCP0403,10,7,0,3,10,0,0,40.3,59.0,7,2026-08-07T02:55:03.000Z,2026-08-07T02:55:03.000Z,9,9
HCP0449,4,1,1,2,3,1,0,21.5,33.0,1,2026-08-01T21:23:47.000Z,2026-08-01T21:23:47.000Z,15,15
HCP0452,7,4,3,0,6,0,1,30.29,51.0,4,2026-08-09T13:02:50.000Z,2026-08-09T13:02:50.000Z,7,7
HCP0457,4,3,0,1,4,0,0,35.5,49.0,2,2026-07-15T10:42:23.000Z,2026-07-15T10:42:23.000Z,32,32
HCP0470,8,3,3,2,8,0,0,24.5,45.0,3,2026-06-26T04:11:42.000Z,2026-06-26T04:11:42.000Z,51,51
HCP0479,10,7,2,1,8,2,0,39.6,57.0,4,2026-08-05T04:46:34.000Z,2026-08-05T04:46:34.000Z,11,11
HCP0480,7,2,3,2,6,1,0,26.0,60.0,1,2026-05-28T22:17:40.000Z,2026-05-28T22:17:40.000Z,80,80
HCP0489,3,3,0,0,2,0,1,44.0,52.0,1,2026-06-02T11:08:53.000Z,2026-03-03T20:20:18.000Z,166,75
HCP0496,10,6,2,2,10,0,0,34.2,58.0,5,2026-08-06T15:53:33.000Z,2026-08-06T15:53:33.000Z,10,10
HCP0510,6,1,4,1,6,0,0,23.33,57.0,2,2026-05-27T04:32:06.000Z,2026-05-27T04:32:06.000Z,81,81
HCP0516,11,5,4,2,10,0,1,29.82,57.0,3,2026-06-29T11:31:29.000Z,2026-06-29T11:31:29.000Z,48,48
HCP0518,5,4,1,0,4,0,1,38.6,59.0,1,2026-06-24T08:18:46.000Z,2026-06-24T08:18:46.000Z,53,53
HCP0524,9,3,3,3,6,2,1,23.11,53.0,4,2026-08-09T03:30:14.000Z,2026-08-09T03:30:14.000Z,7,7
HCP0533,6,4,2,0,5,1,0,26.17,48.0,2,2026-08-13T12:06:56.000Z,2026-06-16T13:03:49.000Z,61,3
HCP0537,10,6,2,2,10,0,0,32.3,53.0,2,2026-07-23T17:53:20.000Z,2026-07-23T17:53:20.000Z,24,24
HCP0554,6,1,3,2,5,1,0,21.83,44.0,2,2026-08-10T03:18:15.000Z,2026-08-10T03:18:15.000Z,6,6
HCP0569,10,6,4,0,10,0,0,28.2,57.0,5,2026-08-02T03:47:28.000Z,2026-08-02T03:47:28.000Z,14,14
HCP0602,8,4,4,0,8,0,0,28.25,52.0,2,2026-06-08T19:05:58.000Z,2026-06-08T19:05:58.000Z,69,69
HCP0608,3,0,2,1,3,0,0,18.0,28.0,1,2026-07-16T22:23:13.000Z,2026-07-16T22:23:13.000Z,31,31
HCP0613,9,3,1,5,8,0,1,33.56,55.0,5,2026-07-08T20:42:01.000Z,2026-07-08T20:42:01.000Z,39,39
HCP0630,5,1,0,4,3,2,0,32.2,44.0,0,2026-06-28T02:42:56.000Z,2026-06-28T02:42:56.000Z,49,49
HCP0644,3,1,0,2,3,0,0,35.33,59.0,2,2026-05-31T23:46:10.000Z,2026-05-31T23:46:10.000Z,77,77
HCP0675,6,2,3,1,5,1,0,25.67,56.0,2,2026-07-25T01:41:51.000Z,2026-07-25T01:41:51.000Z,22,22
HCP0681,7,4,2,1,6,1,0,27.14,45.0,3,2026-08-04T10:18:17.000Z,2026-08-04T10:18:17.000Z,12,12
HCP0685,5,1,3,1,5,0,0,24.6,57.0,2,2026-07-06T18:29:47.000Z,2026-07-06T18:29:47.000Z,41,41
HCP0731,8,2,6,0,7,1,0,20.88,59.0,3,2026-06-24T05:31:16.000Z,2026-06-24T05:31:16.000Z,53,53
HCP0759,5,3,2,0,4,0,1,34.8,60.0,3,2026-07-24T23:52:00.000Z,2026-07-24T23:52:00.000Z,23,23
HCP0777,7,5,1,1,5,1,1,41.14,54.0,2,2026-07-10T13:35:05.000Z,2026-07-10T13:35:05.000Z,37,37
HCP0792,9,2,4,3,9,0,0,22.44,39.0,3,2026-06-05T06:47:33.000Z,2026-06-05T06:47:33.000Z,72,72
HCP0802,11,3,5,3,8,3,0,23.73,55.0,1,2026-07-27T23:22:56.000Z,2026-07-27T23:22:56.000Z,20,20
HCP0806,7,6,0,1,6,1,0,37.29,44.0,3,2026-06-22T20:13:01.000Z,2026-06-22T20:13:01.000Z,55,55
HCP0808,5,3,1,1,5,0,0,40.8,56.0,2,2026-07-11T07:56:58.000Z,2026-07-11T07:56:58.000Z,36,36
HCP0822,5,1,2,2,5,0,0,20.8,38.0,2,2026-05-31T18:43:33.000Z,2026-05-31T18:43:33.000Z,77,77
HCP0831,6,3,3,0,5,0,1,29.0,59.0,2,2026-08-05T11:45:49.000Z,2026-08-05T11:45:49.000Z,11,11
HCP0853,5,0,3,2,5,0,0,24.0,42.0,3,2026-07-21T19:17:46.000Z,2026-07-21T19:17:46.000Z,26,26
HCP0859,9,7,1,1,9,0,0,36.11,47.0,1,2026-07-14T12:12:31.000Z,2026-07-14T12:12:31.000Z,33,33
HCP0897,10,5,4,1,9,1,0,27.1,58.0,2,2026-07-04T22:29:50.000Z,2026-07-04T22:29:50.000Z,43,43
HCP0912,8,3,2,3,8,0,0,27.13,56.0,5,2026-08-13T04:41:37.000Z,2026-08-13T04:41:37.000Z,3,3
HCP0926,5,3,0,2,4,1,0,39.8,55.0,2,2026-08-08T08:08:34.000Z,2026-08-08T08:08:34.000Z,8,8
HCP0933,3,0,1,2,3,0,0,30.33,40.0,0,2026-06-29T23:11:50.000Z,2026-06-29T23:11:50.000Z,48,48
HCP0937,10,4,3,3,8,1,1,32.1,54.0,3,2026-07-24T01:37:56.000Z,2026-07-24T01:37:56.000Z,23,23
HCP0938,3,1,1,1,3,0,0,27.33,43.0,1,2026-07-19T00:32:07.000Z,2026-07-19T00:32:07.000Z,28,28
HCP0949,3,1,1,1,2,0,1,25.67,41.0,1,2026-05-25T19:07:50.000Z,2026-03-19T14:38:45.000Z,150,83
HCP0975,4,2,1,1,4,0,0,34.75,57.0,1,2026-08-10T08:57:59.000Z,2026-08-10T08:57:59.000Z,6,6
HCP1008,4,3,0,1,3,1,0,42.75,58.0,1,2026-07-09T05:11:29.000Z,2026-06-05T12:33:22.000Z,72,38
HCP1034,5,3,1,1,5,0,0,40.4,54.0,2,2026-07-20T08:44:12.000Z,2026-07-20T08:44:12.000Z,27,27
HCP1058,3,1,2,0,2,1,0,27.67,46.0,1,2026-08-01T12:46:53.000Z,2026-08-01T12:46:53.000Z,15,15
HCP1079,8,5,2,1,8,0,0,31.38,44.0,4,2026-05-10T22:23:58.000Z,2026-05-10T22:23:58.000Z,98,98
HCP1133,3,1,2,0,3,0,0,29.33,55.0,1,2026-06-10T21:03:24.000Z,2026-06-10T21:03:24.000Z,67,67
HCP1135,4,4,0,0,3,1,0,37.75,56.0,2,2026-07-02T06:28:40.000Z,2026-06-07T16:03:07.000Z,70,45
HCP1142,6,3,2,1,6,0,0,34.0,54.0,3,2026-06-30T00:31:45.000Z,2026-06-30T00:31:45.000Z,47,47
HCP1155,3,2,1,0,3,0,0,36.33,60.0,2,2026-08-11T10:30:01.000Z,2026-08-11T10:30:01.000Z,5,5
HCP1161,4,2,1,1,3,1,0,27.5,49.0,0,2026-04-08T08:48:24.000Z,2026-04-08T08:48:24.000Z,130,130
HCP1166,3,1,1,1,3,0,0,27.0,46.0,2,2026-07-27T15:54:40.000Z,2026-07-27T15:54:40.000Z,20,20
HCP1187,7,6,1,0,6,1,0,44.57,57.0,3,2026-07-23T22:16:16.000Z,2026-07-23T22:16:16.000Z,24,24
HCP1190,5,4,1,0,5,0,0,36.4,60.0,3,2026-08-07T11:06:48.000Z,2026-08-07T11:06:48.000Z,9,9
HCP1207,9,2,6,1,8,0,1,20.78,59.0,6,2026-06-07T17:02:17.000Z,2026-06-07T17:02:17.000Z,70,70
HCP1230,9,2,3,4,8,0,1,23.44,39.0,2,2026-07-29T03:24:46.000Z,2026-07-29T03:24:46.000Z,18,18
HCP1232,6,2,1,3,4,2,0,34.33,51.0,2,2026-08-01T23:14:45.000Z,2026-08-01T23:14:45.000Z,15,15
HCP1236,8,4,4,0,8,0,0,24.63,46.0,2,2026-07-10T09:12:45.000Z,2026-07-10T09:12:45.000Z,37,37
HCP1241,10,7,1,2,7,2,1,36.6,52.0,4,2026-08-09T07:17:52.000Z,2026-08-09T07:17:52.000Z,7,7
HCP1306,11,7,3,1,9,1,1,34.27,56.0,6,2026-06-27T20:57:52.000Z,2026-06-27T20:57:52.000Z,50,50
HCP1337,4,3,0,1,4,0,0,38.75,43.0,2,2026-07-20T13:00:56.000Z,2026-07-20T13:00:56.000Z,27,27
HCP1340,7,4,2,1,6,0,1,37.57,55.0,1,2026-07-15T04:24:45.000Z,2026-07-15T04:24:45.000Z,32,32
HCP1353,10,4,4,2,9,0,1,27.2,47.0,2,2026-08-12T19:45:12.000Z,2026-08-12T19:45:12.000Z,4,4
HCP1359,12,7,2,3,10,1,1,36.0,56.0,2,2026-07-09T05:09:57.000Z,2026-07-09T05:09:57.000Z,38,38
HCP1368,6,2,2,2,5,0,1,31.0,57.0,4,2026-08-07T12:56:24.000Z,2026-08-07T12:56:24.000Z,9,9
HCP1390,8,5,0,3,5,2,1,33.25,53.0,2,2026-08-07T02:04:45.000Z,2026-08-07T02:04:45.000Z,9,9
HCP1403,6,2,3,1,6,0,0,25.5,53.0,4,2026-07-10T14:32:57.000Z,2026-07-10T14:32:57.000Z,37,37
HCP1429,10,2,5,3,8,2,0,18.3,36.0,6,2026-08-05T14:39:19.000Z,2026-08-05T14:39:19.000Z,11,11
HCP1433,9,3,5,1,8,0,1,20.44,40.0,2,2026-08-04T22:48:12.000Z,2026-08-04T22:48:12.000Z,12,12
HCP1438,4,0,1,3,4,0,0,34.0,45.0,2,2026-06-08T08:37:50.000Z,2026-06-08T08:37:50.000Z,69,69
HCP1452,13,8,3,2,12,0,1,33.92,60.0,11,2026-08-12T05:19:28.000Z,2026-08-12T05:19:28.000Z,4,4
HCP1468,10,0,5,5,9,0,1,21.3,37.0,6,2026-08-14T11:31:26.000Z,2026-08-14T11:31:26.000Z,2,2
HCP1479,10,5,4,1,9,1,0,30.6,50.0,4,2026-08-02T04:52:33.000Z,2026-08-02T04:52:33.000Z,14,14
HCP1501,4,2,2,0,4,0,0,34.5,56.0,1,2026-07-05T21:33:12.000Z,2026-07-05T21:33:12.000Z,42,42
HCP1519,13,8,4,1,13,0,0,33.69,60.0,9,2026-07-27T18:26:30.000Z,2026-07-27T18:26:30.000Z,20,20
HCP1531,11,5,3,3,10,1,0,31.0,57.0,4,2026-08-02T16:51:58.000Z,2026-08-02T16:51:58.000Z,14,14
HCP1548,4,1,3,0,4,0,0,18.75,33.0,2,2026-06-29T14:55:18.000Z,2026-06-29T14:55:18.000Z,48,48
HCP1553,8,6,1,1,6,2,0,41.5,57.0,2,2026-07-19T05:03:48.000Z,2026-05-09T21:44:54.000Z,99,28
HCP1556,6,2,3,1,6,0,0,25.67,47.0,2,2026-08-12T10:54:06.000Z,2026-08-12T10:54:06.000Z,4,4
HCP1569,8,2,4,2,8,0,0,20.13,42.0,4,2026-07-28T16:26:34.000Z,2026-07-28T16:26:34.000Z,19,19
HCP1575,9,4,3,2,9,0,0,28.11,40.0,5,2026-07-07T02:34:57.000Z,2026-07-07T02:34:57.000Z,40,40
HCP1579,9,7,0,2,7,2,0,40.0,56.0,4,2026-08-10T06:01:53.000Z,2026-08-10T06:01:53.000Z,6,6
HCP1584,11,7,2,2,10,1,0,35.73,55.0,5,2026-08-08T20:22:26.000Z,2026-08-08T20:22:26.000Z,8,8
HCP1599,8,5,2,1,8,0,0,33.5,53.0,4,2026-06-10T23:56:56.000Z,2026-06-10T23:56:56.000Z,67,67
HCP1602,9,8,0,1,7,1,1,46.11,59.0,5,2026-08-02T21:08:24.000Z,2026-08-02T21:08:24.000Z,14,14
HCP1615,4,2,2,0,4,0,0,34.75,55.0,1,2026-05-02T18:21:17.000Z,2026-05-02T18:21:17.000Z,106,106
HCP1634,7,3,3,1,5,0,2,34.29,59.0,3,2026-05-31T08:08:53.000Z,2026-05-31T08:08:53.000Z,77,77
HCP1642,8,2,4,2,6,2,0,25.88,59.0,4,2026-08-10T20:13:32.000Z,2026-08-08T11:03:45.000Z,8,6
HCP1650,7,3,3,1,7,0,0,25.43,52.0,5,2026-08-10T10:27:03.000Z,2026-08-10T10:27:03.000Z,6,6
HCP1664,10,2,3,5,10,0,0,24.2,60.0,9,2026-08-09T02:44:31.000Z,2026-08-09T02:44:31.000Z,7,7
HCP1680,10,6,4,0,7,1,2,27.4,51.0,1,2026-08-05T16:12:19.000Z,2026-07-22T04:12:24.000Z,25,11
HCP1682,11,4,6,1,8,2,1,28.82,55.0,5,2026-08-04T19:28:14.000Z,2026-08-04T19:28:14.000Z,12,12
HCP1690,8,4,2,2,7,1,0,33.0,51.0,1,2026-07-17T12:09:12.000Z,2026-07-17T12:09:12.000Z,30,30
HCP1734,3,3,0,0,1,2,0,51.0,55.0,0,2026-06-17T16:07:01.000Z,2026-02-17T04:01:27.000Z,180,60
HCP1740,3,0,1,2,3,0,0,28.67,44.0,2,2026-07-18T15:35:42.000Z,2026-07-18T15:35:42.000Z,29,29
HCP1786,5,2,1,2,4,0,1,37.2,58.0,0,2026-04-12T21:59:19.000Z,2026-03-26T17:33:28.000Z,143,126
HCP1799,8,5,2,1,6,1,1,34.25,60.0,1,2026-04-25T01:57:58.000Z,2026-04-25T01:57:58.000Z,113,113
HCP1828,10,7,1,2,9,1,0,36.4,53.0,4,2026-07-01T19:38:04.000Z,2026-07-01T19:38:04.000Z,46,46
HCP1859,11,5,3,3,10,1,0,28.45,50.0,3,2026-08-13T22:26:17.000Z,2026-08-13T22:26:17.000Z,3,3
HCP1879,10,5,3,2,10,0,0,33.7,60.0,4,2026-07-19T12:21:27.000Z,2026-07-19T12:21:27.000Z,28,28
HCP1893,9,2,5,2,9,0,0,26.44,60.0,5,2026-05-22T20:40:07.000Z,2026-05-22T20:40:07.000Z,86,86
HCP1908,3,3,0,0,3,0,0,41.0,51.0,1,2026-07-12T13:06:47.000Z,2026-07-12T13:06:47.000Z,35,35
HCP1965,11,6,3,2,9,2,0,37.18,60.0,6,2026-08-02T09:55:13.000Z,2026-08-02T09:55:13.000Z,14,14
HCP1977,9,1,5,3,7,0,2,20.44,51.0,5,2026-07-07T03:04:13.000Z,2026-05-17T07:06:40.000Z,91,40
HCP1978,5,1,1,3,5,0,0,33.6,44.0,2,2026-08-06T02:56:45.000Z,2026-08-06T02:56:45.000Z,10,10
HCP1982,9,3,4,2,9,0,0,25.0,54.0,6,2026-07-18T13:44:41.000Z,2026-07-18T13:44:41.000Z,29,29
HCP0001,11,2,5,4,10,0,1,20.91,41.0,4,2026-08-13T02:20:04.000Z,2026-08-13T02:20:04.000Z,3,3
HCP0027,4,3,0,1,4,0,0,35.25,52.0,1,2026-07-30T05:55:42.000Z,2026-07-30T05:55:42.000Z,17,17
HCP0041,4,2,2,0,3,0,1,26.0,44.0,1,2026-08-12T09:24:25.000Z,2026-08-12T09:24:25.000Z,4,4
HCP0061,11,6,5,0,9,2,0,33.18,60.0,5,2026-08-02T04:48:30.000Z,2026-08-02T04:48:30.000Z,14,14
HCP0098,5,3,2,0,5,0,0,31.8,60.0,1,2026-06-28T19:21:51.000Z,2026-06-28T19:21:51.000Z,49,49
HCP0106,3,2,0,1,2,1,0,34.67,57.0,1,2026-07-22T22:06:17.000Z,2026-07-22T22:06:17.000Z,25,25
HCP0110,11,9,0,2,11,0,0,39.0,52.0,5,2026-08-10T08:11:26.000Z,2026-08-10T08:11:26.000Z,6,6
HCP0117,8,3,1,4,8,0,0,32.25,51.0,7,2026-08-05T04:34:35.000Z,2026-08-05T04:34:35.000Z,11,11
HCP0141,3,1,2,0,3,0,0,28.67,56.0,3,2026-06-04T12:47:21.000Z,2026-06-04T12:47:21.000Z,73,73
HCP0152,5,3,2,0,5,0,0,34.0,57.0,3,2026-05-26T14:41:25.000Z,2026-05-26T14:41:25.000Z,82,82
HCP0156,10,4,4,2,8,1,1,24.1,51.0,4,2026-07-16T23:49:12.000Z,2026-06-24T18:13:29.000Z,53,31
HCP0168,6,3,3,0,4,0,2,33.67,58.0,1,2026-06-16T22:31:08.000Z,2026-05-20T23:27:03.000Z,88,61
HCP0188,7,3,4,0,7,0,0,27.0,48.0,4,2026-05-30T02:24:50.000Z,2026-05-30T02:24:50.000Z,78,78
HCP0194,10,5,3,2,8,2,0,29.7,54.0,3,2026-07-15T06:08:28.000Z,2026-07-15T06:08:28.000Z,32,32
HCP0200,12,5,7,0,10,2,0,26.25,59.0,6,2026-06-19T11:01:10.000Z,2026-06-18T09:16:48.000Z,59,58
HCP0223,6,4,2,0,6,0,0,29.67,52.0,2,2026-07-22T10:02:12.000Z,2026-07-22T10:02:12.000Z,25,25
HCP0233,8,4,3,1,7,1,0,28.63,59.0,6,2026-07-24T19:33:58.000Z,2026-07-24T19:33:58.000Z,23,23
HCP0236,8,7,0,1,7,1,0,40.0,50.0,3,2026-08-02T14:15:45.000Z,2026-07-30T22:44:28.000Z,17,14
HCP0258,5,2,2,1,5,0,0,27.4,59.0,2,2026-08-14T15:44:12.000Z,2026-08-14T15:44:12.000Z,2,2
HCP0284,12,8,2,2,8,4,0,35.83,57.0,3,2026-07-25T21:22:38.000Z,2026-07-25T21:22:38.000Z,22,22
HCP0297,7,1,3,3,6,0,1,28.14,51.0,4,2026-06-19T00:28:32.000Z,2026-06-19T00:28:32.000Z,58,58
HCP0334,7,3,4,0,6,0,1,22.14,53.0,3,2026-07-11T12:18:05.000Z,2026-07-11T12:18:05.000Z,36,36
HCP0342,7,2,1,4,6,1,0,28.57,43.0,3,2026-06-18T12:45:13.000Z,2026-06-18T12:45:13.000Z,59,59
HCP0362,13,4,7,2,11,2,0,27.31,57.0,6,2026-06-30T19:22:44.000Z,2026-06-30T19:22:44.000Z,47,47
HCP0373,11,7,2,2,11,0,0,33.09,56.0,4,2026-08-03T06:50:08.000Z,2026-08-03T06:50:08.000Z,13,13
HCP0382,5,1,2,2,5,0,0,25.6,59.0,2,2026-06-14T19:04:13.000Z,2026-06-14T19:04:13.000Z,63,63
HCP0401,6,4,1,1,5,1,0,40.17,60.0,1,2026-06-26T18:53:25.000Z,2026-06-26T18:53:25.000Z,51,51
HCP0407,3,2,0,1,3,0,0,41.0,57.0,1,2026-08-13T21:43:03.000Z,2026-08-13T21:43:03.000Z,3,3
HCP0409,10,6,3,1,8,1,1,29.9,60.0,7,2026-08-12T15:51:38.000Z,2026-08-12T15:51:38.000Z,4,4
HCP0471,5,3,2,0,5,0,0,37.8,60.0,2,2026-07-14T19:19:06.000Z,2026-07-14T19:19:06.000Z,33,33
HCP0499,6,4,1,1,5,0,1,37.17,54.0,1,2026-06-03T17:23:03.000Z,2026-06-03T17:23:03.000Z,74,74
HCP0556,10,5,4,1,8,2,0,26.9,57.0,4,2026-06-28T11:54:16.000Z,2026-06-28T11:54:16.000Z,49,49
HCP0561,9,4,3,2,8,1,0,27.33,58.0,1,2026-08-11T09:22:56.000Z,2026-08-11T09:22:56.000Z,5,5
HCP0575,8,3,5,0,7,1,0,23.63,52.0,4,2026-07-13T05:54:27.000Z,2026-07-13T05:54:27.000Z,34,34
HCP0597,9,5,4,0,8,1,0,28.33,60.0,0,2026-08-04T14:27:41.000Z,2026-08-04T14:27:41.000Z,12,12
HCP0609,8,2,2,4,8,0,0,30.25,59.0,5,2026-07-27T15:22:16.000Z,2026-07-27T15:22:16.000Z,20,20
HCP0620,10,5,3,2,8,1,1,36.6,57.0,2,2026-08-08T08:21:15.000Z,2026-08-08T08:21:15.000Z,8,8
HCP0624,4,2,1,1,4,0,0,26.0,32.0,1,2026-06-04T01:19:03.000Z,2026-06-04T01:19:03.000Z,73,73
HCP0633,11,5,5,1,11,0,0,26.18,49.0,4,2026-08-06T03:34:50.000Z,2026-08-06T03:34:50.000Z,10,10
HCP0635,3,2,0,1,1,1,1,27.0,36.0,1,2026-04-17T02:39:52.000Z,2026-04-17T02:39:52.000Z,121,121
HCP0637,7,6,0,1,6,1,0,40.86,54.0,3,2026-08-01T12:45:17.000Z,2026-08-01T12:45:17.000Z,15,15
HCP0655,3,0,0,3,3,0,0,30.67,44.0,1,2026-07-08T04:38:43.000Z,2026-07-08T04:38:43.000Z,39,39
HCP0677,3,1,2,0,3,0,0,19.33,33.0,0,2026-07-15T15:27:05.000Z,2026-07-15T15:27:05.000Z,32,32
HCP0683,9,8,1,0,8,1,0,34.44,43.0,5,2026-07-10T11:51:19.000Z,2026-07-10T11:51:19.000Z,37,37
HCP0722,10,4,1,5,9,0,1,32.1,54.0,3,2026-07-21T15:41:45.000Z,2026-07-21T15:41:45.000Z,26,26
HCP0745,9,4,4,1,6,2,1,26.56,58.0,6,2026-07-24T12:10:48.000Z,2026-07-24T12:10:48.000Z,23,23
HCP0749,8,5,2,1,7,0,1,34.13,54.0,2,2026-08-14T16:23:48.000Z,2026-07-31T08:28:32.000Z,16,2
HCP0788,12,7,3,2,11,0,1,32.17,55.0,6,2026-08-11T19:28:13.000Z,2026-08-11T19:28:13.000Z,5,5
HCP0810,7,3,2,2,6,0,1,26.71,45.0,1,2026-07-21T04:23:02.000Z,2026-07-21T04:23:02.000Z,26,26
HCP0814,11,4,1,6,10,0,1,30.55,58.0,8,2026-07-29T08:31:49.000Z,2026-07-29T08:31:49.000Z,18,18
HCP0817,6,0,5,1,5,1,0,16.33,32.0,2,2026-06-15T17:58:10.000Z,2026-06-15T17:58:10.000Z,62,62
HCP0833,3,2,1,0,2,0,1,41.0,60.0,1,2026-08-03T09:07:23.000Z,2026-06-10T03:48:17.000Z,67,13
HCP0839,5,0,2,3,3,1,1,16.8,26.0,2,2026-08-10T19:18:56.000Z,2026-05-30T11:50:19.000Z,78,6
HCP0845,4,2,1,1,2,2,0,34.0,59.0,1,2026-06-13T00:07:03.000Z,2026-06-13T00:07:03.000Z,64,64
HCP0852,7,5,1,1,6,0,1,30.86,43.0,2,2026-07-14T10:41:16.000Z,2026-07-14T10:41:16.000Z,33,33
HCP0907,3,2,0,1,3,0,0,39.67,57.0,1,2026-07-07T06:33:12.000Z,2026-07-07T06:33:12.000Z,40,40
HCP0917,8,4,3,1,7,1,0,33.0,60.0,4,2026-07-24T13:32:59.000Z,2026-07-24T13:32:59.000Z,23,23
HCP0918,10,5,3,2,9,1,0,31.0,59.0,4,2026-08-12T20:00:30.000Z,2026-08-12T20:00:30.000Z,4,4
HCP0947,9,3,6,0,8,0,1,21.78,52.0,3,2026-08-14T05:00:51.000Z,2026-08-14T05:00:51.000Z,2,2
HCP0961,4,2,2,0,2,1,1,20.0,33.0,2,2026-03-23T14:44:22.000Z,2026-03-02T12:16:16.000Z,167,146
HCP0980,10,5,2,3,10,0,0,28.4,54.0,5,2026-08-04T11:47:51.000Z,2026-08-04T11:47:51.000Z,12,12
HCP0982,8,3,2,3,8,0,0,32.0,60.0,3,2026-07-20T22:03:21.000Z,2026-07-20T22:03:21.000Z,27,27
HCP0995,5,4,1,0,5,0,0,39.8,57.0,3,2026-05-31T21:33:06.000Z,2026-05-31T21:33:06.000Z,77,77
HCP1029,6,4,0,2,6,0,0,39.67,60.0,1,2026-08-14T07:46:32.000Z,2026-08-14T07:46:32.000Z,2,2
HCP1033,6,3,2,1,5,0,1,30.5,56.0,3,2026-07-31T09:08:29.000Z,2026-07-31T09:08:29.000Z,16,16
HCP1042,11,6,2,3,9,2,0,33.36,51.0,4,2026-08-04T10:52:48.000Z,2026-08-04T10:52:48.000Z,12,12
HCP1043,3,2,1,0,3,0,0,35.33,52.0,1,2026-06-18T08:50:05.000Z,2026-06-18T08:50:05.000Z,59,59
HCP1072,5,2,2,1,3,1,1,27.0,37.0,1,2026-07-06T10:37:39.000Z,2026-07-06T10:37:39.000Z,41,41
HCP1090,11,6,2,3,10,0,1,35.27,50.0,3,2026-08-07T10:53:35.000Z,2026-08-07T10:53:35.000Z,9,9
HCP1094,4,4,0,0,4,0,0,49.25,60.0,3,2026-05-30T13:26:44.000Z,2026-05-30T13:26:44.000Z,78,78
HCP1106,6,3,1,2,6,0,0,32.33,48.0,1,2026-07-26T14:19:24.000Z,2026-07-26T14:19:24.000Z,21,21
HCP1117,10,7,2,1,7,0,3,37.1,60.0,2,2026-06-24T22:19:23.000Z,2026-06-24T22:19:23.000Z,53,53
HCP1134,3,2,1,0,3,0,0,30.33,43.0,2,2026-07-28T13:08:51.000Z,2026-07-28T13:08:51.000Z,19,19
HCP1138,4,1,3,0,3,0,1,22.0,54.0,1,2026-07-26T05:14:18.000Z,2026-07-17T13:53:13.000Z,30,21
HCP1199,14,9,3,2,13,0,1,33.71,60.0,8,2026-07-29T10:19:07.000Z,2026-07-29T10:19:07.000Z,18,18
HCP1201,10,4,5,1,7,1,2,24.1,49.0,2,2026-03-29T18:39:58.000Z,2026-03-29T18:39:58.000Z,140,140
HCP1235,11,4,3,4,9,0,2,31.82,54.0,6,2026-08-07T09:21:32.000Z,2026-08-07T09:21:32.000Z,9,9
HCP1270,11,5,4,2,8,2,1,28.27,52.0,3,2026-06-02T21:42:21.000Z,2026-06-02T21:42:21.000Z,75,75
HCP1285,5,3,1,1,5,0,0,28.0,37.0,3,2026-08-12T07:44:30.000Z,2026-08-12T07:44:30.000Z,4,4
HCP1296,3,1,0,2,3,0,0,28.33,41.0,0,2026-03-16T00:32:32.000Z,2026-03-16T00:32:32.000Z,153,153
HCP1317,4,2,2,0,4,0,0,26.5,45.0,1,2026-06-28T07:09:06.000Z,2026-06-28T07:09:06.000Z,49,49
HCP1331,7,5,1,1,3,2,2,38.14,59.0,1,2026-08-02T09:14:58.000Z,2026-06-26T19:59:31.000Z,51,14
HCP1334,8,3,3,2,8,0,0,29.0,53.0,1,2026-08-01T02:33:00.000Z,2026-08-01T02:33:00.000Z,15,15
HCP1342,9,3,6,0,8,1,0,23.33,60.0,3,2026-08-07T03:31:08.000Z,2026-08-07T03:31:08.000Z,9,9
HCP1358,7,5,1,1,4,3,0,38.29,60.0,1,2026-07-26T12:33:49.000Z,2026-07-12T08:32:16.000Z,35,21
HCP1376,10,7,2,1,8,1,1,37.1,56.0,1,2026-07-10T20:47:23.000Z,2026-06-21T09:10:37.000Z,56,37
HCP1379,10,5,3,2,9,1,0,25.6,55.0,2,2026-08-11T23:42:58.000Z,2026-07-22T14:43:30.000Z,25,5
HCP1381,11,5,4,2,10,0,1,29.91,55.0,5,2026-08-04T01:03:53.000Z,2026-08-04T01:03:53.000Z,12,12
HCP1382,4,2,2,0,3,1,0,26.0,55.0,0,2026-08-04T12:41:02.000Z,2026-07-02T07:03:31.000Z,45,12
HCP1399,5,5,0,0,4,0,1,44.0,53.0,2,2026-06-05T23:03:00.000Z,2026-06-05T23:03:00.000Z,72,72
HCP1425,7,5,1,1,6,1,0,33.57,59.0,2,2026-07-30T16:46:35.000Z,2026-07-30T16:46:35.000Z,17,17
HCP1476,8,2,2,4,8,0,0,26.13,44.0,5,2026-07-30T12:34:07.000Z,2026-07-30T12:34:07.000Z,17,17
HCP1480,3,2,0,1,3,0,0,32.33,38.0,2,2026-07-14T19:31:53.000Z,2026-07-14T19:31:53.000Z,33,33
HCP1499,3,0,2,1,2,0,1,20.67,34.0,1,2026-03-23T12:03:47.000Z,2026-01-30T23:31:18.000Z,198,146
HCP1505,10,5,3,2,9,0,1,34.5,60.0,4,2026-07-25T20:10:26.000Z,2026-07-25T20:10:26.000Z,22,22
HCP1509,5,3,2,0,4,1,0,25.0,47.0,2,2026-07-17T02:52:42.000Z,2026-07-17T02:52:42.000Z,30,30
HCP1514,8,3,2,3,6,2,0,35.5,53.0,2,2026-07-23T16:33:05.000Z,2026-07-23T16:33:05.000Z,24,24
HCP1525,12,6,4,2,10,1,1,30.0,54.0,6,2026-08-02T12:40:57.000Z,2026-08-02T12:40:57.000Z,14,14
HCP1534,8,3,5,0,8,0,0,19.13,56.0,5,2026-08-14T05:00:21.000Z,2026-08-14T05:00:21.000Z,2,2
HCP1539,6,5,1,0,6,0,0,33.67,48.0,4,2026-07-06T09:09:06.000Z,2026-07-06T09:09:06.000Z,41,41
HCP1543,10,6,4,0,9,1,0,28.8,58.0,4,2026-08-06T21:12:20.000Z,2026-08-06T21:12:20.000Z,10,10
HCP1549,13,5,5,3,12,0,1,27.31,48.0,9,2026-08-04T09:26:43.000Z,2026-08-04T09:26:43.000Z,12,12
HCP1551,8,5,1,2,7,0,1,35.75,55.0,2,2026-08-06T03:38:23.000Z,2026-08-06T03:38:23.000Z,10,10
HCP1566,10,5,4,1,8,1,1,30.9,59.0,0,2026-08-10T17:19:04.000Z,2026-08-10T17:19:04.000Z,6,6
HCP1570,5,3,2,0,5,0,0,24.6,35.0,4,2026-06-11T01:06:59.000Z,2026-06-11T01:06:59.000Z,66,66
HCP1661,6,5,0,1,5,0,1,49.17,60.0,3,2026-07-11T04:31:37.000Z,2026-07-11T04:31:37.000Z,36,36
HCP1667,3,1,2,0,2,1,0,21.33,40.0,1,2026-07-05T23:13:58.000Z,2026-07-05T23:13:58.000Z,42,42
HCP1672,5,3,2,0,4,1,0,30.8,48.0,1,2026-08-01T03:07:11.000Z,2026-08-01T03:07:11.000Z,15,15
HCP1674,7,5,2,0,6,0,1,37.57,58.0,2,2026-08-12T00:51:44.000Z,2026-08-12T00:51:44.000Z,4,4
HCP1684,3,2,0,1,2,1,0,35.67,42.0,1,2026-03-31T12:54:28.000Z,2026-03-31T12:54:28.000Z,138,138
HCP1710,4,2,0,2,4,0,0,34.75,47.0,2,2026-06-17T21:25:50.000Z,2026-06-17T21:25:50.000Z,60,60
HCP1712,7,3,2,2,5,0,2,27.0,57.0,2,2026-06-18T21:02:14.000Z,2026-06-18T21:02:14.000Z,59,59
HCP1718,5,4,0,1,5,0,0,37.0,54.0,2,2026-08-02T21:03:43.000Z,2026-08-02T21:03:43.000Z,14,14
HCP1721,7,4,2,1,7,0,0,33.86,59.0,6,2026-07-13T21:07:52.000Z,2026-07-13T21:07:52.000Z,34,34
HCP1763,11,8,3,0,10,1,0,29.91,55.0,5,2026-08-10T01:44:35.000Z,2026-06-25T19:58:31.000Z,52,6
HCP1764,7,5,2,0,6,0,1,35.71,58.0,3,2026-06-03T02:59:38.000Z,2026-06-03T02:59:38.000Z,74,74
HCP1787,9,4,2,3,8,1,0,36.56,59.0,4,2026-08-03T02:56:13.000Z,2026-08-03T02:56:13.000Z,13,13
HCP1795,6,4,1,1,6,0,0,40.17,57.0,2,2026-07-30T14:04:16.000Z,2026-07-30T14:04:16.000Z,17,17
HCP1800,6,4,2,0,6,0,0,34.83,59.0,5,2026-07-28T05:20:54.000Z,2026-07-28T05:20:54.000Z,19,19
HCP1804,10,4,5,1,8,0,2,27.2,57.0,4,2026-08-13T21:53:16.000Z,2026-08-13T21:53:16.000Z,3,3
HCP1831,9,3,6,0,7,2,0,21.67,51.0,1,2026-07-31T13:42:36.000Z,2026-07-31T13:42:36.000Z,16,16
HCP1832,5,3,1,1,5,0,0,33.4,54.0,3,2026-08-02T12:50:39.000Z,2026-08-02T12:50:39.000Z,14,14
HCP1850,4,2,1,1,3,1,0,23.75,31.0,2,2026-04-14T09:30:04.000Z,2026-04-14T09:30:04.000Z,124,124
HCP1851,9,4,2,3,7,1,1,29.11,59.0,5,2026-07-02T02:30:36.000Z,2026-07-02T02:30:36.000Z,45,45
HCP1854,5,3,1,1,3,0,2,27.2,37.0,0,2026-07-27T07:15:08.000Z,2026-07-27T07:15:08.000Z,20,20
HCP1865,10,5,2,3,9,1,0,35.0,46.0,6,2026-08-11T15:18:21.000Z,2026-08-11T15:18:21.000Z,5,5
HCP1891,5,2,3,0,5,0,0,25.0,57.0,2,2026-07-12T05:10:52.000Z,2026-07-12T05:10:52.000Z,35,35
HCP1892,6,5,1,0,5,0,1,43.0,59.0,1,2026-06-18T13:25:23.000Z,2026-06-18T13:25:23.000Z,59,59
HCP1902,6,3,2,1,6,0,0,26.33,44.0,3,2026-08-05T19:00:04.000Z,2026-08-05T19:00:04.000Z,11,11
HCP1909,3,0,2,1,3,0,0,22.33,37.0,0,2026-06-13T10:19:00.000Z,2026-06-13T10:19:00.000Z,64,64
HCP1910,6,3,1,2,3,1,2,30.33,47.0,1,2026-04-17T15:43:30.000Z,2026-04-17T15:43:30.000Z,121,121
HCP1919,3,2,0,1,3,0,0,39.33,53.0,2,2026-06-12T12:08:00.000Z,2026-06-12T12:08:00.000Z,65,65
HCP1944,10,6,2,2,9,0,1,33.2,57.0,4,2026-07-23T07:02:12.000Z,2026-07-23T07:02:12.000Z,24,24
HCP1945,6,2,4,0,6,0,0,20.0,34.0,4,2026-08-14T13:51:55.000Z,2026-08-14T13:51:55.000Z,2,2
HCP1947,10,3,4,3,10,0,0,26.2,53.0,4,2026-08-14T02:38:48.000Z,2026-08-14T02:38:48.000Z,2,2
HCP1950,5,3,2,0,5,0,0,38.0,57.0,2,2026-07-08T13:48:15.000Z,2026-07-08T13:48:15.000Z,39,39
HCP1985,7,2,2,3,5,1,1,28.14,51.0,1,2026-07-15T08:00:01.000Z,2026-07-15T08:00:01.000Z,32,32
HCP1989,3,1,2,0,3,0,0,19.67,33.0,2,2026-07-11T10:57:06.000Z,2026-07-11T10:57:06.000Z,36,36
HCP0007,2,1,1,0,2,0,0,30.5,47.0,1,2026-03-17T11:24:36.000Z,2026-03-17T11:24:36.000Z,152,152
HCP0010,5,4,1,0,5,0,0,31.6,49.0,0,2026-07-29T01:21:41.000Z,2026-07-29T01:21:41.000Z,18,18
HCP0017,8,6,2,0,6,2,0,39.38,59.0,3,2026-06-09T02:04:33.000Z,2026-06-09T02:04:33.000Z,68,68
HCP0031,3,3,0,0,3,0,0,35.33,43.0,0,2026-06-26T21:53:15.000Z,2026-06-26T21:53:15.000Z,51,51
HCP0092,5,3,2,0,5,0,0,26.4,50.0,2,2026-06-18T06:20:20.000Z,2026-06-18T06:20:20.000Z,59,59
HCP0097,10,1,6,3,7,2,1,23.4,55.0,4,2026-07-25T19:37:24.000Z,2026-07-25T19:37:24.000Z,22,22
HCP0099,3,0,1,2,3,0,0,32.33,44.0,1,2026-07-10T23:41:22.000Z,2026-07-10T23:41:22.000Z,37,37
HCP0108,3,3,0,0,3,0,0,50.33,60.0,0,2026-06-16T15:32:23.000Z,2026-06-16T15:32:23.000Z,61,61
HCP0111,6,1,4,1,5,1,0,19.17,57.0,3,2026-08-12T22:52:53.000Z,2026-08-12T22:52:53.000Z,4,4
HCP0114,5,2,2,1,5,0,0,30.6,50.0,4,2026-08-05T20:48:15.000Z,2026-08-05T20:48:15.000Z,11,11
HCP0120,8,6,2,0,6,2,0,37.0,56.0,4,2026-08-10T07:55:39.000Z,2026-07-07T16:18:05.000Z,40,6
HCP0149,6,4,2,0,5,1,0,31.33,44.0,1,2026-08-07T06:38:42.000Z,2026-07-01T16:34:37.000Z,46,9
HCP0153,3,2,1,0,3,0,0,33.67,60.0,3,2026-08-09T16:23:27.000Z,2026-08-09T16:23:27.000Z,7,7
HCP0181,10,3,4,3,9,0,1,24.7,45.0,4,2026-08-06T21:55:49.000Z,2026-07-23T14:41:15.000Z,24,10
HCP0197,8,3,2,3,8,0,0,25.25,39.0,6,2026-06-23T15:18:49.000Z,2026-06-23T15:18:49.000Z,54,54
HCP0199,8,5,1,2,7,1,0,31.5,48.0,4,2026-07-29T23:26:55.000Z,2026-07-29T23:26:55.000Z,18,18
HCP0201,4,2,2,0,3,0,1,33.75,54.0,3,2026-06-28T23:48:07.000Z,2026-04-20T12:04:58.000Z,118,49
HCP0208,6,3,2,1,4,1,1,27.0,58.0,3,2026-08-02T08:29:43.000Z,2026-08-02T08:29:43.000Z,14,14
HCP0229,11,6,3,2,9,2,0,35.82,53.0,3,2026-08-08T15:37:00.000Z,2026-08-08T15:37:00.000Z,8,8
HCP0249,6,2,3,1,4,1,1,19.83,30.0,2,2026-08-14T06:44:44.000Z,2026-08-14T06:44:44.000Z,2,2
HCP0260,9,5,2,2,9,0,0,28.33,46.0,3,2026-07-22T06:17:04.000Z,2026-07-22T06:17:04.000Z,25,25
HCP0265,5,2,2,1,5,0,0,19.2,28.0,3,2026-07-24T15:52:07.000Z,2026-07-24T15:52:07.000Z,23,23
HCP0273,10,7,2,1,10,0,0,39.5,59.0,3,2026-07-12T17:54:35.000Z,2026-07-12T17:54:35.000Z,35,35
HCP0277,2,1,0,1,2,0,0,44.0,54.0,2,2026-03-04T23:57:58.000Z,2026-03-04T23:57:58.000Z,165,165
HCP0280,9,0,7,2,8,0,1,17.33,45.0,7,2026-07-28T00:06:21.000Z,2026-07-28T00:06:21.000Z,19,19
HCP0333,8,4,1,3,7,0,1,30.75,54.0,5,2026-07-08T10:40:00.000Z,2026-07-08T10:40:00.000Z,39,39
HCP0347,9,4,4,1,9,0,0,28.0,47.0,4,2026-08-02T16:54:33.000Z,2026-08-02T16:54:33.000Z,14,14
HCP0354,10,4,5,1,10,0,0,26.7,56.0,4,2026-07-15T18:27:02.000Z,2026-07-15T18:27:02.000Z,32,32
HCP0360,4,2,1,1,3,1,0,34.0,48.0,3,2026-06-07T21:44:45.000Z,2026-05-15T14:31:13.000Z,93,70
HCP0361,11,7,2,2,9,2,0,35.45,57.0,5,2026-08-13T00:56:29.000Z,2026-08-13T00:56:29.000Z,3,3
HCP0379,5,3,1,1,2,3,0,39.8,58.0,1,2026-04-14T21:33:32.000Z,2026-04-14T21:33:32.000Z,124,124
HCP0394,6,3,2,1,4,1,1,34.17,60.0,1,2026-08-12T05:09:33.000Z,2026-08-12T05:09:33.000Z,4,4
HCP0405,6,4,1,1,6,0,0,40.67,59.0,1,2026-08-05T09:14:26.000Z,2026-08-05T09:14:26.000Z,11,11
HCP0451,4,1,2,1,3,1,0,19.5,31.0,1,2026-06-02T13:30:56.000Z,2026-06-02T13:30:56.000Z,75,75
HCP0484,10,4,3,3,7,3,0,30.3,56.0,3,2026-08-02T21:40:27.000Z,2026-08-02T21:40:27.000Z,14,14
HCP0509,13,6,4,3,12,1,0,35.0,58.0,8,2026-07-31T05:39:50.000Z,2026-07-31T05:39:50.000Z,16,16
HCP0514,3,2,0,1,3,0,0,37.0,60.0,1,2026-08-12T03:39:22.000Z,2026-08-12T03:39:22.000Z,4,4
HCP0519,4,3,1,0,4,0,0,35.25,59.0,1,2026-07-18T16:33:27.000Z,2026-07-18T16:33:27.000Z,29,29
HCP0538,6,2,3,1,6,0,0,26.33,40.0,0,2026-07-19T04:51:39.000Z,2026-07-19T04:51:39.000Z,28,28
HCP0546,7,3,2,2,7,0,0,35.71,60.0,3,2026-08-07T08:09:54.000Z,2026-08-07T08:09:54.000Z,9,9
HCP0564,4,1,3,0,4,0,0,24.25,48.0,3,2026-05-19T12:57:27.000Z,2026-05-19T12:57:27.000Z,89,89
HCP0568,7,4,1,2,5,1,1,27.86,42.0,4,2026-06-26T12:25:51.000Z,2026-06-26T12:25:51.000Z,51,51
HCP0588,4,2,2,0,4,0,0,26.75,52.0,3,2026-05-19T20:03:42.000Z,2026-05-19T20:03:42.000Z,89,89
HCP0615,6,3,1,2,6,0,0,28.67,38.0,4,2026-07-14T17:20:32.000Z,2026-07-14T17:20:32.000Z,33,33
HCP0623,6,4,2,0,6,0,0,33.5,58.0,3,2026-07-04T15:51:39.000Z,2026-07-04T15:51:39.000Z,43,43
HCP0634,4,3,1,0,4,0,0,38.25,57.0,0,2026-06-20T16:54:39.000Z,2026-06-20T16:54:39.000Z,57,57
HCP0636,9,5,2,2,8,1,0,28.89,58.0,5,2026-08-03T20:56:02.000Z,2026-08-03T20:56:02.000Z,13,13
HCP0638,8,5,2,1,5,2,1,33.25,55.0,2,2026-07-29T03:57:41.000Z,2026-07-19T22:41:56.000Z,28,18
HCP0656,2,1,0,1,2,0,0,44.5,45.0,1,2026-06-22T11:46:43.000Z,2026-06-22T11:46:43.000Z,55,55
HCP0666,10,6,3,1,8,1,1,30.6,46.0,6,2026-08-08T16:55:36.000Z,2026-08-08T16:55:36.000Z,8,8
HCP0669,10,3,4,3,10,0,0,23.0,58.0,2,2026-08-05T17:05:48.000Z,2026-08-05T17:05:48.000Z,11,11
HCP0696,6,2,3,1,6,0,0,26.0,56.0,2,2026-07-08T20:13:34.000Z,2026-07-08T20:13:34.000Z,39,39
HCP0715,6,1,3,2,4,0,2,25.67,58.0,0,2026-07-08T04:00:36.000Z,2026-06-01T00:07:43.000Z,76,39
HCP0738,9,4,3,2,8,0,1,30.0,58.0,4,2026-06-09T22:34:03.000Z,2026-06-09T22:34:03.000Z,68,68
HCP0752,5,2,1,2,4,1,0,25.4,43.0,2,2026-07-29T10:52:45.000Z,2026-07-29T10:52:45.000Z,18,18
HCP0766,4,3,1,0,4,0,0,29.5,45.0,1,2026-08-05T23:12:49.000Z,2026-08-05T23:12:49.000Z,11,11
HCP0768,9,7,1,1,8,0,1,28.67,48.0,4,2026-07-25T03:53:42.000Z,2026-07-25T03:53:42.000Z,22,22
HCP0770,7,5,0,2,7,0,0,37.14,55.0,3,2026-08-05T17:43:59.000Z,2026-08-05T17:43:59.000Z,11,11
HCP0785,13,8,5,0,11,2,0,31.62,59.0,5,2026-08-08T12:54:29.000Z,2026-07-17T23:53:54.000Z,30,8
HCP0790,8,5,1,2,7,1,0,37.38,60.0,0,2026-08-11T20:12:17.000Z,2026-08-11T20:12:17.000Z,5,5
HCP0825,6,3,2,1,6,0,0,29.5,44.0,0,2026-07-14T22:01:19.000Z,2026-07-14T22:01:19.000Z,33,33
HCP0837,3,0,2,1,3,0,0,20.0,29.0,3,2026-04-07T07:07:03.000Z,2026-04-07T07:07:03.000Z,131,131
HCP0881,6,2,3,1,5,0,1,25.17,56.0,4,2026-07-14T01:02:43.000Z,2026-07-14T01:02:43.000Z,33,33
HCP0906,10,1,7,2,10,0,0,17.7,51.0,7,2026-08-09T18:59:26.000Z,2026-08-09T18:59:26.000Z,7,7
HCP0974,7,4,0,3,7,0,0,45.0,58.0,3,2026-07-12T13:10:26.000Z,2026-07-12T13:10:26.000Z,35,35
HCP0990,7,3,1,3,6,0,1,31.86,49.0,3,2026-06-17T09:14:19.000Z,2026-05-10T05:03:17.000Z,98,60
HCP0991,4,3,1,0,4,0,0,33.5,45.0,1,2026-04-27T06:39:42.000Z,2026-04-27T06:39:42.000Z,111,111
HCP1009,4,3,0,1,4,0,0,41.25,54.0,2,2026-03-20T03:46:47.000Z,2026-03-20T03:46:47.000Z,149,149
HCP1012,3,3,0,0,3,0,0,41.33,48.0,2,2026-07-18T18:04:37.000Z,2026-07-18T18:04:37.000Z,29,29
HCP1025,3,1,2,0,3,0,0,22.33,46.0,2,2026-06-10T09:29:51.000Z,2026-06-10T09:29:51.000Z,67,67
HCP1027,5,3,0,2,4,1,0,34.8,51.0,2,2026-07-15T02:38:12.000Z,2026-07-15T02:38:12.000Z,32,32
HCP1050,9,5,3,1,8,0,1,30.44,56.0,5,2026-07-02T06:09:03.000Z,2026-07-02T06:09:03.000Z,45,45
HCP1060,10,9,1,0,8,1,1,40.3,57.0,4,2026-07-16T21:02:35.000Z,2026-06-20T07:09:47.000Z,57,31
HCP1061,3,2,1,0,3,0,0,29.33,47.0,0,2026-06-16T16:53:12.000Z,2026-06-16T16:53:12.000Z,61,61
HCP1085,4,1,1,2,2,1,1,24.5,39.0,2,2026-06-18T13:15:13.000Z,2026-05-16T08:33:38.000Z,92,59
HCP1087,10,3,3,4,10,0,0,28.8,56.0,6,2026-08-08T11:24:16.000Z,2026-08-08T11:24:16.000Z,8,8
HCP1105,13,5,5,3,10,0,3,29.92,60.0,6,2026-07-26T17:03:09.000Z,2026-07-26T17:03:09.000Z,21,21
HCP1144,4,3,0,1,3,1,0,34.75,46.0,2,2026-05-01T20:22:05.000Z,2026-05-01T20:22:05.000Z,107,107
HCP1162,12,3,5,4,11,0,1,26.58,48.0,4,2026-08-02T06:49:43.000Z,2026-08-02T06:49:43.000Z,14,14
HCP1178,4,1,1,2,4,0,0,21.5,34.0,2,2026-05-04T08:48:55.000Z,2026-05-04T08:48:55.000Z,104,104
HCP1192,4,2,1,1,3,0,1,24.25,46.0,2,2026-06-01T10:39:41.000Z,2026-03-17T03:56:43.000Z,152,76
HCP1223,7,5,1,1,7,0,0,37.57,60.0,6,2026-07-22T15:05:50.000Z,2026-07-22T15:05:50.000Z,25,25
HCP1243,3,3,0,0,2,0,1,33.0,38.0,1,2026-06-23T19:09:00.000Z,2026-06-23T19:09:00.000Z,54,54
HCP1244,6,4,1,1,4,2,0,34.83,54.0,2,2026-07-28T10:22:30.000Z,2026-07-28T10:22:30.000Z,19,19
HCP1254,3,3,0,0,3,0,0,34.0,39.0,2,2026-08-06T00:31:57.000Z,2026-08-06T00:31:57.000Z,10,10
HCP1257,6,3,3,0,5,0,1,28.17,53.0,1,2026-06-27T18:22:14.000Z,2026-06-27T18:22:14.000Z,50,50
HCP1260,12,3,8,1,10,2,0,22.58,57.0,7,2026-07-25T22:25:04.000Z,2026-07-25T22:25:04.000Z,22,22
HCP1283,7,5,1,1,3,2,2,37.86,50.0,2,2026-06-25T04:20:43.000Z,2026-04-24T20:51:13.000Z,114,52
HCP1288,4,0,4,0,4,0,0,12.25,18.0,3,2026-06-24T13:29:16.000Z,2026-06-24T13:29:16.000Z,53,53
HCP1295,3,2,1,0,3,0,0,37.33,49.0,1,2026-05-20T02:22:44.000Z,2026-05-20T02:22:44.000Z,88,88
HCP1312,10,8,0,2,10,0,0,39.1,56.0,5,2026-07-21T07:23:40.000Z,2026-07-21T07:23:40.000Z,26,26
HCP1329,4,3,1,0,3,1,0,38.0,58.0,3,2026-08-08T09:26:52.000Z,2026-08-03T13:37:19.000Z,13,8
HCP1333,4,2,2,0,4,0,0,33.5,58.0,4,2026-06-26T10:14:29.000Z,2026-06-26T10:14:29.000Z,51,51
HCP1335,5,4,0,1,5,0,0,34.0,49.0,2,2026-07-30T01:50:05.000Z,2026-07-30T01:50:05.000Z,17,17
HCP1339,12,7,4,1,11,1,0,33.75,58.0,7,2026-08-14T10:17:06.000Z,2026-08-14T10:17:06.000Z,2,2
HCP1380,10,7,2,1,9,1,0,34.6,57.0,4,2026-08-14T17:38:00.000Z,2026-08-14T17:38:00.000Z,2,2
HCP1392,8,5,2,1,8,0,0,33.75,58.0,1,2026-07-27T05:21:50.000Z,2026-07-27T05:21:50.000Z,20,20
HCP1396,8,1,1,6,6,1,1,29.75,55.0,2,2026-06-09T12:26:23.000Z,2026-05-26T07:50:28.000Z,82,68
HCP1432,4,1,1,2,4,0,0,25.0,57.0,2,2026-06-24T02:45:42.000Z,2026-06-24T02:45:42.000Z,53,53
HCP1444,8,4,4,0,8,0,0,27.13,54.0,2,2026-05-20T10:56:10.000Z,2026-05-20T10:56:10.000Z,88,88
HCP1450,6,4,0,2,5,1,0,41.5,56.0,1,2026-08-11T21:14:32.000Z,2026-08-11T21:14:32.000Z,5,5
HCP1459,8,2,3,3,7,0,1,24.88,45.0,5,2026-07-08T09:10:03.000Z,2026-07-08T09:10:03.000Z,39,39
HCP1461,5,3,2,0,4,0,1,31.8,47.0,2,2026-08-08T01:15:14.000Z,2026-08-08T01:15:14.000Z,8,8
HCP1471,5,3,2,0,4,1,0,33.6,54.0,1,2026-08-09T01:52:42.000Z,2026-08-09T01:52:42.000Z,7,7
HCP1490,4,1,2,1,3,0,1,23.0,34.0,3,2026-02-27T23:39:36.000Z,2026-02-09T10:09:32.000Z,188,170
HCP1496,7,3,1,3,7,0,0,32.14,50.0,5,2026-08-07T04:53:27.000Z,2026-08-07T04:53:27.000Z,9,9
HCP1500,9,5,2,2,8,1,0,34.33,58.0,4,2026-07-22T20:57:00.000Z,2026-06-26T22:20:33.000Z,51,25
HCP1538,9,3,5,1,7,0,2,23.56,43.0,6,2026-07-30T23:26:52.000Z,2026-07-30T23:26:52.000Z,17,17
HCP1545,8,3,2,3,6,1,1,31.25,58.0,2,2026-07-28T01:06:55.000Z,2026-05-24T23:12:55.000Z,84,19
HCP1583,4,2,1,1,3,1,0,24.75,36.0,2,2026-07-03T00:08:03.000Z,2026-07-03T00:08:03.000Z,44,44
HCP1588,5,3,0,2,4,0,1,35.6,60.0,2,2026-08-01T20:16:59.000Z,2026-08-01T20:16:59.000Z,15,15
HCP1598,4,2,2,0,4,0,0,23.5,44.0,3,2026-05-23T12:16:37.000Z,2026-05-23T12:16:37.000Z,85,85
HCP1603,6,4,1,1,5,1,0,33.33,60.0,1,2026-08-12T18:32:19.000Z,2026-08-12T18:32:19.000Z,4,4
HCP1622,10,6,2,2,10,0,0,31.2,56.0,4,2026-08-08T15:30:41.000Z,2026-08-08T15:30:41.000Z,8,8
HCP1631,11,4,6,1,9,0,2,20.0,32.0,6,2026-08-04T18:50:17.000Z,2026-08-04T18:50:17.000Z,12,12
HCP1646,4,2,1,1,3,1,0,33.5,60.0,2,2026-07-27T00:07:04.000Z,2026-02-09T19:06:59.000Z,188,20
HCP1653,5,0,4,1,4,0,1,15.6,23.0,2,2026-05-31T04:11:03.000Z,2026-05-14T12:57:24.000Z,94,77
HCP1660,4,2,2,0,4,0,0,27.25,46.0,1,2026-04-20T12:36:10.000Z,2026-04-20T12:36:10.000Z,118,118
HCP1668,8,2,3,3,6,1,1,24.63,47.0,4,2026-07-19T13:45:55.000Z,2026-07-19T13:45:55.000Z,28,28
HCP1705,3,1,2,0,2,1,0,27.67,54.0,0,2026-08-09T04:37:39.000Z,2026-08-09T04:37:39.000Z,7,7
HCP1727,7,4,2,1,6,0,1,27.14,57.0,1,2026-06-28T15:39:50.000Z,2026-06-28T15:39:50.000Z,49,49
HCP1743,3,1,1,1,2,1,0,31.33,47.0,1,2026-06-18T06:17:43.000Z,2026-06-18T06:17:43.000Z,59,59
HCP1755,10,4,5,1,9,0,1,24.3,55.0,7,2026-08-07T08:18:39.000Z,2026-08-07T08:18:39.000Z,9,9
HCP1775,11,4,5,2,10,1,0,28.55,52.0,4,2026-08-10T19:48:01.000Z,2026-08-10T19:48:01.000Z,6,6
HCP1813,8,4,3,1,6,2,0,27.5,45.0,4,2026-06-09T23:43:01.000Z,2026-06-09T23:43:01.000Z,68,68
HCP1823,3,1,1,1,3,0,0,33.67,60.0,0,2026-07-14T20:26:44.000Z,2026-07-14T20:26:44.000Z,33,33
HCP1839,6,1,3,2,5,1,0,23.33,57.0,3,2026-08-10T12:36:53.000Z,2026-08-10T12:36:53.000Z,6,6
HCP1881,8,4,2,2,7,1,0,28.38,60.0,4,2026-06-30T09:24:17.000Z,2026-06-30T09:24:17.000Z,47,47
HCP1922,7,5,0,2,5,1,1,43.29,59.0,1,2026-08-14T09:24:22.000Z,2026-07-31T14:52:06.000Z,16,2
HCP1987,9,5,4,0,9,0,0,29.56,50.0,5,2026-07-24T17:07:06.000Z,2026-07-24T17:07:06.000Z,23,23
HCP1997,5,0,3,2,4,1,0,15.6,25.0,1,2026-07-04T12:47:18.000Z,2026-07-04T12:47:18.000Z,43,43
HCP0006,7,6,1,0,7,0,0,43.43,59.0,3,2026-07-20T11:22:05.000Z,2026-07-20T11:22:05.000Z,27,27
HCP0020,10,6,1,3,10,0,0,34.2,59.0,5,2026-08-06T01:28:41.000Z,2026-08-06T01:28:41.000Z,10,10
HCP0053,5,2,3,0,5,0,0,23.2,43.0,2,2026-07-30T04:53:20.000Z,2026-07-30T04:53:20.000Z,17,17
HCP0089,4,3,0,1,3,0,1,30.25,36.0,0,2026-05-24T03:21:31.000Z,2026-05-24T03:21:31.000Z,84,84
HCP0113,5,1,2,2,5,0,0,30.4,48.0,3,2026-07-18T04:31:55.000Z,2026-07-18T04:31:55.000Z,29,29
HCP0150,7,2,4,1,4,1,2,29.0,59.0,2,2026-08-05T10:46:17.000Z,2026-08-05T10:46:17.000Z,11,11
HCP0171,9,5,3,1,8,1,0,27.22,55.0,1,2026-07-20T05:18:27.000Z,2026-07-20T05:18:27.000Z,27,27
HCP0196,11,6,4,1,10,1,0,24.18,44.0,7,2026-07-26T02:12:58.000Z,2026-07-26T02:12:58.000Z,21,21
HCP0210,5,3,1,1,5,0,0,34.0,50.0,1,2026-08-09T21:23:02.000Z,2026-08-09T21:23:02.000Z,7,7
HCP0220,9,5,2,2,8,0,1,32.22,59.0,4,2026-07-07T22:56:27.000Z,2026-07-05T10:46:19.000Z,42,40
HCP0228,6,3,3,0,5,1,0,30.5,60.0,4,2026-08-14T04:56:43.000Z,2026-05-24T12:06:24.000Z,84,2
HCP0230,12,7,3,2,12,0,0,33.33,60.0,7,2026-08-13T01:43:38.000Z,2026-08-13T01:43:38.000Z,3,3
HCP0269,7,4,2,1,6,1,0,31.29,46.0,5,2026-08-10T17:45:48.000Z,2026-06-21T21:24:19.000Z,56,6
HCP0274,8,5,2,1,6,0,2,33.38,58.0,1,2026-08-03T17:01:05.000Z,2026-07-26T12:46:27.000Z,21,13
HCP0283,5,4,1,0,5,0,0,30.8,49.0,1,2026-08-08T12:41:10.000Z,2026-08-08T12:41:10.000Z,8,8
HCP0288,11,7,2,2,9,2,0,32.55,60.0,6,2026-07-13T19:03:22.000Z,2026-07-13T19:03:22.000Z,34,34
HCP0289,3,1,2,0,3,0,0,16.67,28.0,0,2026-07-06T03:16:00.000Z,2026-07-06T03:16:00.000Z,41,41
HCP0310,11,6,2,3,9,0,2,33.55,56.0,0,2026-08-01T10:17:04.000Z,2026-08-01T10:17:04.000Z,15,15
HCP0328,11,5,3,3,10,1,0,32.0,60.0,6,2026-07-27T12:53:11.000Z,2026-07-27T12:53:11.000Z,20,20
HCP0377,4,3,1,0,4,0,0,33.75,50.0,2,2026-06-04T22:57:52.000Z,2026-06-04T22:57:52.000Z,73,73
HCP0392,12,6,3,3,10,0,2,32.25,54.0,6,2026-08-13T02:33:11.000Z,2026-08-13T02:33:11.000Z,3,3
HCP0466,5,3,2,0,3,2,0,28.6,60.0,2,2026-06-24T05:35:44.000Z,2026-06-24T05:35:44.000Z,53,53
HCP0468,4,3,0,1,3,1,0,42.0,59.0,2,2026-07-08T13:57:46.000Z,2026-07-08T13:57:46.000Z,39,39
HCP0473,7,7,0,0,7,0,0,42.29,58.0,5,2026-07-27T10:45:35.000Z,2026-07-27T10:45:35.000Z,20,20
HCP0474,5,2,2,1,5,0,0,25.2,51.0,1,2026-07-14T13:42:31.000Z,2026-07-14T13:42:31.000Z,33,33
HCP0478,6,4,0,2,6,0,0,37.83,49.0,1,2026-06-28T15:08:02.000Z,2026-06-28T15:08:02.000Z,49,49
HCP0481,5,1,3,1,4,1,0,25.0,54.0,0,2026-08-10T21:11:02.000Z,2026-08-10T21:11:02.000Z,6,6
HCP0531,3,2,0,1,3,0,0,33.33,39.0,2,2026-07-25T20:30:07.000Z,2026-07-25T20:30:07.000Z,22,22
HCP0544,13,6,5,2,12,0,1,30.69,59.0,5,2026-08-03T09:08:24.000Z,2026-08-03T09:08:24.000Z,13,13
HCP0565,10,6,3,1,8,2,0,29.8,50.0,6,2026-07-16T13:38:22.000Z,2026-07-16T13:38:22.000Z,31,31
HCP0571,13,6,6,1,10,1,2,29.0,56.0,4,2026-07-27T10:45:19.000Z,2026-07-27T10:45:19.000Z,20,20
HCP0582,3,3,0,0,3,0,0,42.0,59.0,1,2026-04-20T11:22:52.000Z,2026-04-20T11:22:52.000Z,118,118
HCP0585,10,4,2,4,9,1,0,23.7,41.0,2,2026-07-20T06:17:26.000Z,2026-07-20T06:17:26.000Z,27,27
HCP0604,8,6,1,1,6,0,2,37.5,56.0,3,2026-06-19T18:06:46.000Z,2026-06-19T18:06:46.000Z,58,58
HCP0640,11,6,4,1,9,0,2,26.91,59.0,5,2026-08-10T21:40:19.000Z,2026-08-10T21:40:19.000Z,6,6
HCP0645,3,3,0,0,3,0,0,47.0,52.0,1,2026-04-21T23:54:20.000Z,2026-04-21T23:54:20.000Z,117,117
HCP0664,8,2,6,0,7,1,0,22.88,57.0,3,2026-04-30T13:50:37.000Z,2026-04-30T13:50:37.000Z,108,108
HCP0671,8,4,1,3,8,0,0,34.88,46.0,6,2026-08-03T08:43:03.000Z,2026-08-03T08:43:03.000Z,13,13
HCP0694,10,6,3,1,9,1,0,33.4,57.0,5,2026-08-03T03:10:04.000Z,2026-08-03T03:10:04.000Z,13,13
HCP0751,13,4,6,3,10,3,0,27.0,60.0,4,2026-08-01T11:42:52.000Z,2026-07-30T20:37:59.000Z,17,15
HCP0757,12,3,6,3,12,0,0,23.5,52.0,5,2026-08-14T22:38:37.000Z,2026-08-14T22:38:37.000Z,2,2
HCP0765,3,2,0,1,3,0,0,36.33,47.0,1,2026-07-30T05:43:17.000Z,2026-07-30T05:43:17.000Z,17,17
HCP0773,6,0,4,2,5,1,0,17.0,34.0,1,2026-08-11T22:46:34.000Z,2026-06-19T09:09:41.000Z,58,5
HCP0782,8,4,4,0,7,1,0,22.25,52.0,1,2026-07-29T01:50:15.000Z,2026-07-29T01:50:15.000Z,18,18
HCP0809,10,3,4,3,9,1,0,26.9,46.0,5,2026-07-19T04:03:51.000Z,2026-07-19T04:03:51.000Z,28,28
HCP0818,9,4,2,3,9,0,0,37.22,59.0,3,2026-08-14T04:16:40.000Z,2026-08-14T04:16:40.000Z,2,2
HCP0819,8,4,2,2,8,0,0,26.5,45.0,1,2026-07-23T14:02:35.000Z,2026-07-23T14:02:35.000Z,24,24
HCP0820,3,3,0,0,3,0,0,36.67,47.0,1,2026-05-18T14:21:01.000Z,2026-05-18T14:21:01.000Z,90,90
HCP0829,4,1,3,0,2,0,2,15.0,30.0,2,2026-06-29T21:55:22.000Z,2026-06-29T21:55:22.000Z,48,48
HCP0838,7,2,3,2,4,2,1,26.29,58.0,1,2026-08-12T00:02:54.000Z,2026-08-12T00:02:54.000Z,4,4
HCP0847,8,2,3,3,8,0,0,23.75,44.0,6,2026-07-15T18:56:05.000Z,2026-07-15T18:56:05.000Z,32,32
HCP0865,9,4,3,2,9,0,0,28.22,46.0,7,2026-07-13T12:18:03.000Z,2026-07-13T12:18:03.000Z,34,34
HCP0869,10,5,3,2,10,0,0,29.2,55.0,5,2026-07-21T23:42:35.000Z,2026-07-21T23:42:35.000Z,26,26
HCP0874,6,4,1,1,5,0,1,33.83,60.0,1,2026-07-30T04:58:24.000Z,2026-07-30T04:58:24.000Z,17,17
HCP0875,5,3,0,2,5,0,0,38.4,52.0,4,2026-04-21T17:52:50.000Z,2026-04-21T17:52:50.000Z,117,117
HCP0900,10,3,0,7,9,0,1,33.6,45.0,5,2026-08-12T19:31:31.000Z,2026-08-12T19:31:31.000Z,4,4
HCP0901,6,3,3,0,6,0,0,28.83,51.0,3,2026-07-18T03:54:45.000Z,2026-07-18T03:54:45.000Z,29,29
HCP0902,4,2,1,1,3,0,1,34.0,47.0,0,2026-04-22T06:11:34.000Z,2026-04-22T06:11:34.000Z,116,116
HCP0913,6,4,1,1,6,0,0,30.33,55.0,4,2026-07-18T02:38:01.000Z,2026-07-18T02:38:01.000Z,29,29
HCP0923,5,5,0,0,4,1,0,43.2,54.0,1,2026-07-20T17:43:52.000Z,2026-06-09T11:55:59.000Z,68,27
HCP0927,9,7,2,0,7,1,1,36.22,54.0,3,2026-08-07T18:32:45.000Z,2026-08-07T18:32:45.000Z,9,9
HCP0930,6,3,1,2,5,0,1,34.0,57.0,2,2026-07-14T05:59:20.000Z,2026-05-29T11:41:29.000Z,79,33
HCP0971,12,9,1,2,11,1,0,34.08,55.0,5,2026-08-14T15:13:21.000Z,2026-08-14T15:13:21.000Z,2,2
HCP0987,3,1,1,1,3,0,0,32.33,54.0,1,2026-06-23T15:05:36.000Z,2026-06-23T15:05:36.000Z,54,54
HCP1022,7,1,2,4,6,1,0,24.29,58.0,2,2026-05-30T16:44:13.000Z,2026-05-30T16:44:13.000Z,78,78
HCP1037,11,6,1,4,10,1,0,37.27,60.0,6,2026-07-31T06:07:32.000Z,2026-07-31T06:07:32.000Z,16,16
HCP1068,10,4,4,2,10,0,0,31.6,60.0,7,2026-08-06T06:54:51.000Z,2026-08-06T06:54:51.000Z,10,10
HCP1070,11,7,3,1,9,2,0,34.18,58.0,8,2026-07-12T18:13:36.000Z,2026-07-12T18:13:36.000Z,35,35
HCP1077,10,6,2,2,9,0,1,36.0,60.0,3,2026-08-09T14:34:59.000Z,2026-08-04T14:34:42.000Z,12,7
HCP1100,6,2,2,2,6,0,0,23.17,45.0,1,2026-05-19T11:24:44.000Z,2026-05-19T11:24:44.000Z,89,89
HCP1122,2,1,0,1,2,0,0,30.0,41.0,1,2026-04-13T02:04:12.000Z,2026-04-13T02:04:12.000Z,125,125
HCP1180,6,2,1,3,6,0,0,21.67,25.0,1,2026-07-04T18:16:05.000Z,2026-07-04T18:16:05.000Z,43,43
HCP1205,9,6,2,1,8,0,1,40.78,57.0,4,2026-07-31T00:20:16.000Z,2026-07-31T00:20:16.000Z,16,16
HCP1221,10,8,2,0,10,0,0,33.3,57.0,6,2026-08-01T06:09:04.000Z,2026-08-01T06:09:04.000Z,15,15
HCP1226,13,10,1,2,11,1,1,39.46,58.0,6,2026-06-24T20:54:57.000Z,2026-06-24T20:54:57.000Z,53,53
HCP1256,10,6,3,1,7,1,2,33.3,56.0,2,2026-07-30T00:05:52.000Z,2026-07-30T00:05:52.000Z,17,17
HCP1266,4,2,1,1,3,1,0,43.0,59.0,0,2026-06-11T14:27:31.000Z,2026-04-18T15:37:06.000Z,120,66
HCP1282,7,2,0,5,6,0,1,35.14,40.0,4,2026-07-25T21:59:14.000Z,2026-07-25T21:59:14.000Z,22,22
HCP1289,7,3,3,1,7,0,0,27.57,49.0,4,2026-07-24T09:00:31.000Z,2026-07-24T09:00:31.000Z,23,23
HCP1319,3,2,0,1,3,0,0,39.33,52.0,1,2026-04-21T11:16:48.000Z,2026-04-21T11:16:48.000Z,117,117
HCP1322,10,9,0,1,9,1,0,46.1,60.0,4,2026-07-15T09:33:39.000Z,2026-07-15T09:33:39.000Z,32,32
HCP1325,4,3,1,0,4,0,0,38.0,58.0,2,2026-06-21T16:08:30.000Z,2026-06-21T16:08:30.000Z,56,56
HCP1327,7,3,2,2,5,2,0,30.57,56.0,4,2026-08-06T05:33:32.000Z,2026-08-06T05:33:32.000Z,10,10
HCP1343,3,2,0,1,3,0,0,38.33,51.0,0,2026-04-28T19:42:31.000Z,2026-04-28T19:42:31.000Z,110,110
HCP1349,7,4,3,0,6,1,0,31.71,59.0,2,2026-06-24T19:18:56.000Z,2026-06-24T19:18:56.000Z,53,53
HCP1355,8,4,4,0,6,2,0,32.13,60.0,4,2026-07-27T07:02:30.000Z,2026-07-27T07:02:30.000Z,20,20
HCP1369,7,2,1,4,5,2,0,40.57,57.0,2,2026-07-24T12:18:29.000Z,2026-07-20T22:46:19.000Z,27,23
HCP1374,3,2,0,1,2,1,0,38.33,55.0,1,2026-06-30T07:12:39.000Z,2026-06-03T17:36:41.000Z,74,47
HCP1391,8,4,3,1,7,0,1,34.5,60.0,6,2026-08-12T00:51:40.000Z,2026-08-12T00:51:40.000Z,4,4
HCP1394,12,7,3,2,12,0,0,37.83,60.0,7,2026-08-07T05:49:56.000Z,2026-08-07T05:49:56.000Z,9,9
HCP1416,10,5,2,3,8,2,0,34.8,59.0,3,2026-07-25T09:48:24.000Z,2026-07-25T09:48:24.000Z,22,22
HCP1436,8,5,3,0,7,0,1,28.88,54.0,1,2026-08-12T18:57:12.000Z,2026-08-12T18:57:12.000Z,4,4
HCP1446,8,3,1,4,8,0,0,33.75,57.0,5,2026-07-01T05:35:49.000Z,2026-07-01T05:35:49.000Z,46,46
HCP1460,3,1,2,0,3,0,0,27.0,46.0,3,2026-08-12T08:08:06.000Z,2026-08-12T08:08:06.000Z,4,4
HCP1462,4,2,0,2,4,0,0,35.0,48.0,3,2026-06-19T01:19:36.000Z,2026-06-19T01:19:36.000Z,58,58
HCP1469,13,8,3,2,11,0,2,34.69,60.0,4,2026-07-16T06:16:12.000Z,2026-06-27T13:41:15.000Z,50,31
HCP1475,10,4,3,3,9,0,1,30.6,52.0,2,2026-07-25T05:53:35.000Z,2026-07-25T05:53:35.000Z,22,22
HCP1515,9,6,2,1,9,0,0,37.33,60.0,4,2026-08-01T10:02:43.000Z,2026-08-01T10:02:43.000Z,15,15
HCP1536,9,5,1,3,9,0,0,29.89,45.0,4,2026-07-28T02:44:01.000Z,2026-07-28T02:44:01.000Z,19,19
HCP1546,8,7,0,1,8,0,0,43.75,60.0,2,2026-06-25T19:35:39.000Z,2026-06-25T19:35:39.000Z,52,52
HCP1547,12,7,3,2,12,0,0,30.25,50.0,8,2026-08-12T17:39:41.000Z,2026-08-12T17:39:41.000Z,4,4
HCP1552,7,1,2,4,4,2,1,19.57,32.0,3,2026-08-07T01:03:27.000Z,2026-07-21T19:09:52.000Z,26,9
HCP1554,9,6,0,3,7,1,1,43.44,59.0,3,2026-08-01T10:57:28.000Z,2026-08-01T10:57:28.000Z,15,15
HCP1560,13,8,1,4,12,1,0,36.92,60.0,7,2026-07-04T09:18:36.000Z,2026-07-04T09:18:36.000Z,43,43
HCP1568,4,3,1,0,4,0,0,35.0,58.0,2,2026-07-20T18:46:20.000Z,2026-07-20T18:46:20.000Z,27,27
HCP1608,5,1,4,0,5,0,0,16.2,43.0,2,2026-07-11T20:00:21.000Z,2026-07-11T20:00:21.000Z,36,36
HCP1610,6,3,1,2,6,0,0,33.67,53.0,3,2026-08-14T02:22:41.000Z,2026-08-14T02:22:41.000Z,2,2
HCP1624,7,5,1,1,6,1,0,33.29,57.0,3,2026-08-11T21:07:29.000Z,2026-08-11T21:07:29.000Z,5,5
HCP1637,8,4,4,0,8,0,0,26.25,51.0,2,2026-08-10T02:40:39.000Z,2026-08-10T02:40:39.000Z,6,6
HCP1638,11,5,5,1,8,0,3,26.0,47.0,6,2026-08-14T03:05:26.000Z,2026-08-14T03:05:26.000Z,2,2
HCP1641,5,1,3,1,4,0,1,22.4,56.0,1,2026-07-25T13:00:51.000Z,2026-07-25T13:00:51.000Z,22,22
HCP1669,7,5,2,0,7,0,0,31.86,55.0,5,2026-05-31T08:53:33.000Z,2026-05-31T08:53:33.000Z,77,77
HCP1730,9,4,2,3,9,0,0,33.33,53.0,5,2026-07-16T04:32:37.000Z,2026-07-16T04:32:37.000Z,31,31
HCP1739,8,2,4,2,7,1,0,25.63,57.0,3,2026-08-07T10:18:58.000Z,2026-08-07T10:18:58.000Z,9,9
HCP1746,10,5,5,0,9,0,1,28.5,59.0,5,2026-07-14T22:15:25.000Z,2026-07-14T22:15:25.000Z,33,33
HCP1759,4,2,2,0,4,0,0,19.5,28.0,3,2026-08-07T03:02:12.000Z,2026-08-07T03:02:12.000Z,9,9
HCP1774,3,1,1,1,3,0,0,28.0,56.0,2,2026-06-09T17:21:18.000Z,2026-06-09T17:21:18.000Z,68,68
HCP1793,7,2,4,1,6,0,1,21.0,43.0,2,2026-06-19T19:33:11.000Z,2026-06-19T19:33:11.000Z,58,58
HCP1801,7,5,1,1,5,1,1,40.14,57.0,3,2026-08-05T12:19:57.000Z,2026-08-05T12:19:57.000Z,11,11
HCP1811,3,1,2,0,1,1,1,22.33,40.0,0,2026-06-11T19:59:13.000Z,2026-03-12T14:11:47.000Z,157,66
HCP1883,6,4,2,0,6,0,0,33.83,60.0,2,2026-07-26T21:51:23.000Z,2026-07-26T21:51:23.000Z,21,21
HCP1886,7,4,1,2,6,0,1,30.86,47.0,2,2026-08-14T09:02:37.000Z,2026-08-14T09:02:37.000Z,2,2
HCP1898,7,4,0,3,7,0,0,39.57,57.0,3,2026-07-08T16:07:21.000Z,2026-07-08T16:07:21.000Z,39,39
HCP1937,3,1,0,2,3,0,0,26.67,31.0,0,2026-08-05T14:10:36.000Z,2026-08-05T14:10:36.000Z,11,11
HCP1967,11,9,2,0,10,0,1,30.36,46.0,2,2026-07-29T15:17:46.000Z,2026-07-29T15:17:46.000Z,18,18
HCP1986,3,3,0,0,2,1,0,47.33,59.0,1,2026-02-18T14:14:09.000Z,2026-02-03T06:53:38.000Z,194,179
HCP1991,8,5,2,1,7,0,1,36.0,59.0,3,2026-07-25T00:34:49.000Z,2026-07-25T00:34:49.000Z,22,22
HCP1996,11,8,2,1,8,3,0,40.55,60.0,4,2026-08-05T21:06:54.000Z,2026-08-05T21:06:54.000Z,11,11
HCP0033,9,6,0,3,8,0,1,33.89,59.0,5,2026-08-11T19:22:47.000Z,2026-08-11T19:22:47.000Z,5,5
HCP0048,9,4,3,2,9,0,0,27.56,60.0,2,2026-08-12T13:48:08.000Z,2026-08-12T13:48:08.000Z,4,4
HCP0055,10,6,3,1,10,0,0,29.0,55.0,5,2026-07-20T17:55:20.000Z,2026-07-20T17:55:20.000Z,27,27
HCP0090,4,2,0,2,3,1,0,36.25,56.0,1,2026-06-11T20:21:41.000Z,2026-06-11T20:21:41.000Z,66,66
HCP0123,3,1,1,1,2,1,0,26.33,33.0,2,2026-07-14T08:25:31.000Z,2026-07-14T08:25:31.000Z,33,33
HCP0144,5,2,3,0,5,0,0,21.6,49.0,4,2026-06-04T19:16:12.000Z,2026-06-04T19:16:12.000Z,73,73
HCP0187,7,3,4,0,6,0,1,22.86,44.0,5,2026-06-26T10:42:31.000Z,2026-06-26T10:42:31.000Z,51,51
HCP0189,8,7,1,0,6,1,1,35.0,51.0,2,2026-08-10T01:35:52.000Z,2026-08-10T01:35:52.000Z,6,6
HCP0206,6,2,3,1,3,1,2,26.0,51.0,1,2026-06-11T13:47:17.000Z,2026-04-14T09:09:46.000Z,124,66
HCP0237,12,9,2,1,11,1,0,39.17,55.0,8,2026-08-09T21:05:16.000Z,2026-08-09T21:05:16.000Z,7,7
HCP0240,3,1,1,1,2,1,0,26.67,32.0,2,2026-07-11T19:45:10.000Z,2026-07-11T19:45:10.000Z,36,36
HCP0247,8,4,2,2,7,0,1,31.5,49.0,2,2026-06-14T15:27:14.000Z,2026-06-14T15:27:14.000Z,63,63
HCP0259,8,5,0,3,7,1,0,31.13,42.0,4,2026-06-25T01:23:00.000Z,2026-06-25T01:23:00.000Z,52,52
HCP0271,5,4,0,1,4,1,0,47.4,57.0,1,2026-08-04T11:07:45.000Z,2026-08-04T11:07:45.000Z,12,12
HCP0294,7,5,1,1,5,2,0,37.14,54.0,1,2026-07-24T14:40:07.000Z,2026-07-24T14:40:07.000Z,23,23
HCP0295,7,2,3,2,6,0,1,24.0,50.0,2,2026-07-04T08:12:25.000Z,2026-07-04T08:12:25.000Z,43,43
HCP0309,7,5,1,1,6,0,1,40.71,59.0,3,2026-08-06T16:39:27.000Z,2026-08-06T16:39:27.000Z,10,10
HCP0341,11,4,5,2,11,0,0,25.45,49.0,8,2026-07-24T05:19:20.000Z,2026-07-24T05:19:20.000Z,23,23
HCP0346,5,3,1,1,4,1,0,39.6,56.0,1,2026-08-10T15:29:13.000Z,2026-08-10T15:29:13.000Z,6,6
HCP0372,6,4,1,1,5,0,1,27.83,42.0,2,2026-07-01T02:20:14.000Z,2026-07-01T02:20:14.000Z,46,46
HCP0429,3,1,2,0,2,0,1,21.33,45.0,0,2026-07-24T17:29:45.000Z,2026-07-24T17:29:45.000Z,23,23
HCP0463,5,2,2,1,5,0,0,23.8,37.0,2,2026-07-28T02:59:48.000Z,2026-07-28T02:59:48.000Z,19,19
HCP0493,3,1,0,2,2,1,0,36.67,55.0,2,2026-06-20T02:48:11.000Z,2026-06-20T02:48:11.000Z,57,57
HCP0504,4,1,3,0,4,0,0,23.0,54.0,1,2026-07-14T01:50:56.000Z,2026-07-14T01:50:56.000Z,33,33
HCP0517,3,1,2,0,1,2,0,19.67,45.0,0,2026-07-19T03:17:49.000Z,2026-07-19T03:17:49.000Z,28,28
HCP0536,6,3,1,2,6,0,0,33.83,46.0,2,2026-07-31T15:21:58.000Z,2026-07-31T15:21:58.000Z,16,16
HCP0545,3,3,0,0,3,0,0,41.67,49.0,0,2026-07-09T05:10:29.000Z,2026-07-09T05:10:29.000Z,38,38
HCP0550,5,3,2,0,5,0,0,35.8,59.0,3,2026-08-12T19:57:12.000Z,2026-08-12T19:57:12.000Z,4,4
HCP0566,4,1,2,1,4,0,0,23.0,46.0,2,2026-08-04T15:49:36.000Z,2026-08-04T15:49:36.000Z,12,12
HCP0586,10,6,2,2,10,0,0,28.7,44.0,7,2026-08-11T22:39:50.000Z,2026-08-11T22:39:50.000Z,5,5
HCP0594,3,1,1,1,2,1,0,28.0,39.0,1,2026-07-15T06:52:54.000Z,2026-06-28T00:16:17.000Z,49,32
HCP0642,10,5,4,1,8,0,2,30.3,56.0,2,2026-08-08T21:47:24.000Z,2026-08-08T21:47:24.000Z,8,8
HCP0712,3,2,1,0,3,0,0,30.0,48.0,1,2026-02-27T13:26:33.000Z,2026-02-27T13:26:33.000Z,170,170
HCP0714,8,3,4,1,6,0,2,20.88,30.0,3,2026-08-09T13:42:53.000Z,2026-06-22T10:00:29.000Z,55,7
HCP0721,5,1,2,2,5,0,0,27.0,51.0,2,2026-08-07T06:14:12.000Z,2026-08-07T06:14:12.000Z,9,9
HCP0763,13,4,5,4,13,0,0,32.77,60.0,7,2026-08-05T18:10:44.000Z,2026-08-05T18:10:44.000Z,11,11
HCP0769,7,5,2,0,7,0,0,35.14,59.0,2,2026-07-17T13:15:53.000Z,2026-07-17T13:15:53.000Z,30,30
HCP0778,5,2,1,2,4,1,0,33.2,45.0,3,2026-08-01T02:36:43.000Z,2026-08-01T02:36:43.000Z,15,15
HCP0783,8,2,3,3,7,1,0,27.88,47.0,4,2026-07-17T12:21:26.000Z,2026-07-17T12:21:26.000Z,30,30
HCP0795,8,3,2,3,8,0,0,31.25,39.0,2,2026-06-15T03:59:27.000Z,2026-06-15T03:59:27.000Z,62,62
HCP0796,2,1,0,1,1,0,1,39.0,44.0,0,2026-05-05T14:48:17.000Z,2026-02-04T11:29:14.000Z,193,103
HCP0816,7,5,2,0,7,0,0,28.86,42.0,1,2026-06-10T04:57:54.000Z,2026-06-10T04:57:54.000Z,67,67
HCP0848,3,1,1,1,3,0,0,26.33,42.0,0,2026-07-08T09:47:12.000Z,2026-07-08T09:47:12.000Z,39,39
HCP0876,4,0,1,3,4,0,0,21.0,29.0,0,2026-07-02T10:05:08.000Z,2026-07-02T10:05:08.000Z,45,45
HCP0886,6,4,2,0,5,1,0,30.0,58.0,1,2026-07-23T20:28:23.000Z,2026-06-14T17:28:07.000Z,63,24
HCP0888,5,3,2,0,5,0,0,34.0,56.0,2,2026-05-13T01:27:00.000Z,2026-05-13T01:27:00.000Z,95,95
HCP0903,8,2,5,1,7,1,0,19.75,50.0,3,2026-08-06T07:52:54.000Z,2026-08-06T07:52:54.000Z,10,10
HCP0911,5,1,0,4,4,1,0,32.2,44.0,1,2026-08-09T05:54:27.000Z,2026-08-09T05:54:27.000Z,7,7
HCP0932,7,4,1,2,6,0,1,31.43,59.0,1,2026-08-09T07:32:24.000Z,2026-08-09T07:32:24.000Z,7,7
HCP0939,7,1,3,3,5,1,1,27.0,43.0,0,2026-07-25T15:22:57.000Z,2026-07-25T15:22:57.000Z,22,22
HCP0951,8,5,2,1,7,0,1,32.5,48.0,2,2026-08-03T05:32:45.000Z,2026-08-03T05:32:45.000Z,13,13
HCP0978,6,4,2,0,5,0,1,32.5,53.0,3,2026-07-02T12:36:35.000Z,2026-07-02T12:36:35.000Z,45,45
HCP0985,7,4,3,0,6,1,0,27.0,53.0,4,2026-06-24T05:52:43.000Z,2026-05-28T23:44:39.000Z,80,53
HCP0993,10,7,1,2,8,1,1,33.5,46.0,2,2026-07-07T10:54:59.000Z,2026-07-07T10:54:59.000Z,40,40
HCP1000,9,1,5,3,7,0,2,18.33,50.0,3,2026-07-14T19:53:15.000Z,2026-07-14T19:53:15.000Z,33,33
HCP1002,13,9,3,1,10,2,1,33.0,60.0,6,2026-08-10T23:46:39.000Z,2026-08-06T16:09:43.000Z,10,6
HCP1003,3,3,0,0,3,0,0,32.67,45.0,2,2026-04-10T21:14:28.000Z,2026-04-10T21:14:28.000Z,128,128
HCP1036,6,3,2,1,5,0,1,26.5,39.0,2,2026-06-04T01:14:41.000Z,2026-06-04T01:14:41.000Z,73,73
HCP1065,6,3,2,1,6,0,0,35.67,56.0,4,2026-08-10T18:24:37.000Z,2026-08-10T18:24:37.000Z,6,6
HCP1188,8,4,2,2,8,0,0,33.0,60.0,2,2026-08-14T15:26:47.000Z,2026-08-14T15:26:47.000Z,2,2
HCP1242,11,6,5,0,10,0,1,26.27,52.0,2,2026-07-08T19:25:30.000Z,2026-07-08T19:25:30.000Z,39,39
HCP1263,7,2,3,2,7,0,0,29.14,56.0,2,2026-08-12T03:47:43.000Z,2026-08-12T03:47:43.000Z,4,4
HCP1278,5,4,1,0,4,1,0,35.6,60.0,3,2026-08-08T04:46:14.000Z,2026-08-08T04:46:14.000Z,8,8
HCP1294,3,2,0,1,3,0,0,43.67,49.0,0,2026-07-24T14:48:46.000Z,2026-07-24T14:48:46.000Z,23,23
HCP1302,5,3,0,2,5,0,0,44.0,53.0,1,2026-06-11T03:58:13.000Z,2026-06-11T03:58:13.000Z,66,66
HCP1347,10,0,8,2,10,0,0,16.3,45.0,6,2026-08-02T22:30:31.000Z,2026-08-02T22:30:31.000Z,14,14
HCP1385,10,4,5,1,8,1,1,29.5,60.0,5,2026-06-30T15:31:28.000Z,2026-06-30T15:31:28.000Z,47,47
HCP1405,9,4,4,1,8,0,1,31.0,59.0,3,2026-07-28T18:25:10.000Z,2026-07-28T18:25:10.000Z,19,19
HCP1435,7,3,3,1,7,0,0,28.29,44.0,3,2026-07-27T06:21:40.000Z,2026-07-27T06:21:40.000Z,20,20
HCP1491,7,4,2,1,7,0,0,29.57,52.0,3,2026-06-29T22:58:45.000Z,2026-06-29T22:58:45.000Z,48,48
HCP1492,5,2,2,1,5,0,0,25.4,44.0,2,2026-06-25T21:18:07.000Z,2026-06-25T21:18:07.000Z,52,52
HCP1511,9,6,3,0,9,0,0,35.89,57.0,6,2026-08-06T12:09:51.000Z,2026-08-06T12:09:51.000Z,10,10
HCP1518,9,8,1,0,8,0,1,41.33,59.0,5,2026-08-12T15:32:04.000Z,2026-08-12T15:32:04.000Z,4,4
HCP1523,3,2,1,0,3,0,0,26.0,35.0,2,2026-06-08T18:58:22.000Z,2026-06-08T18:58:22.000Z,69,69
HCP1559,9,2,5,2,7,2,0,18.0,32.0,3,2026-08-03T23:55:08.000Z,2026-08-03T23:55:08.000Z,13,13
HCP1580,7,4,2,1,6,0,1,34.71,59.0,3,2026-07-17T17:36:37.000Z,2026-07-17T17:36:37.000Z,30,30
HCP1581,8,3,3,2,4,4,0,30.13,56.0,2,2026-08-14T02:01:34.000Z,2026-06-14T08:13:56.000Z,63,2
HCP1593,9,4,4,1,9,0,0,27.78,52.0,4,2026-08-12T11:33:56.000Z,2026-08-12T11:33:56.000Z,4,4
HCP1627,7,5,1,1,5,1,1,34.14,47.0,3,2026-05-30T02:37:47.000Z,2026-05-30T02:37:47.000Z,78,78
HCP1632,12,6,4,2,12,0,0,29.5,52.0,5,2026-08-14T15:47:31.000Z,2026-08-14T15:47:31.000Z,2,2
HCP1647,8,5,3,0,7,1,0,35.0,57.0,5,2026-08-09T18:19:20.000Z,2026-08-09T18:19:20.000Z,7,7
HCP1693,11,3,7,1,7,2,2,23.09,57.0,2,2026-07-21T17:41:39.000Z,2026-07-21T17:41:39.000Z,26,26
HCP1706,8,5,1,2,8,0,0,37.38,56.0,3,2026-07-28T21:31:51.000Z,2026-07-28T21:31:51.000Z,19,19
HCP1724,11,6,3,2,9,2,0,36.36,60.0,5,2026-08-10T10:04:55.000Z,2026-08-10T10:04:55.000Z,6,6
HCP1729,5,2,1,2,4,1,0,29.4,49.0,1,2026-08-13T15:13:36.000Z,2026-08-13T15:13:36.000Z,3,3
HCP1732,4,4,0,0,4,0,0,43.25,57.0,2,2026-06-09T18:54:00.000Z,2026-06-09T18:54:00.000Z,68,68
HCP1760,8,4,2,2,8,0,0,29.75,42.0,5,2026-07-31T04:50:41.000Z,2026-07-31T04:50:41.000Z,16,16
HCP1771,4,2,0,2,3,1,0,42.75,60.0,0,2026-06-22T23:15:20.000Z,2026-03-01T01:24:05.000Z,168,55
HCP1802,9,6,2,1,8,0,1,35.56,59.0,5,2026-07-13T11:35:46.000Z,2026-07-13T11:35:46.000Z,34,34
HCP1812,8,5,3,0,6,1,1,29.75,50.0,2,2026-06-24T08:30:55.000Z,2026-06-24T08:30:55.000Z,53,53
HCP1814,3,1,1,1,3,0,0,22.67,31.0,2,2026-05-21T10:40:26.000Z,2026-05-21T10:40:26.000Z,87,87
HCP1824,7,1,4,2,6,1,0,18.0,38.0,3,2026-08-01T07:49:32.000Z,2026-08-01T07:49:32.000Z,15,15
HCP1878,11,7,3,1,11,0,0,29.36,53.0,7,2026-08-13T19:29:13.000Z,2026-08-13T19:29:13.000Z,3,3
HCP1903,10,7,2,1,9,0,1,38.7,58.0,5,2026-07-13T23:35:45.000Z,2026-07-13T23:35:45.000Z,34,34
HCP1915,11,2,9,0,8,1,2,15.09,38.0,6,2026-06-29T20:38:45.000Z,2026-06-29T20:38:45.000Z,48,48
HCP1936,6,3,0,3,5,0,1,29.17,43.0,2,2026-06-14T00:44:16.000Z,2026-06-14T00:44:16.000Z,63,63
HCP1952,5,4,0,1,5,0,0,42.4,58.0,2,2026-04-26T01:14:30.000Z,2026-04-26T01:14:30.000Z,112,112
HCP1970,6,3,2,1,4,1,1,28.17,57.0,2,2026-06-18T14:21:26.000Z,2026-06-18T14:21:26.000Z,59,59
HCP0003,4,3,1,0,2,1,1,29.5,50.0,0,2026-07-23T04:28:39.000Z,2026-07-06T15:14:38.000Z,41,24
HCP0009,4,2,1,1,4,0,0,34.25,53.0,2,2026-05-19T08:18:02.000Z,2026-05-19T08:18:02.000Z,89,89
HCP0023,5,1,3,1,4,1,0,22.6,36.0,2,2026-08-06T03:10:45.000Z,2026-08-06T03:10:45.000Z,10,10
HCP0091,13,9,1,3,10,2,1,35.92,60.0,3,2026-08-04T11:21:00.000Z,2026-06-21T08:37:20.000Z,56,12
HCP0143,8,5,2,1,6,2,0,38.0,59.0,3,2026-08-04T16:53:00.000Z,2026-08-04T16:53:00.000Z,12,12
HCP0158,3,1,0,2,2,1,0,32.33,37.0,1,2026-07-01T00:58:36.000Z,2026-07-01T00:58:36.000Z,46,46
HCP0162,7,4,2,1,6,1,0,31.86,60.0,1,2026-07-24T13:53:25.000Z,2026-07-24T13:53:25.000Z,23,23
HCP0172,11,5,3,3,10,1,0,34.45,59.0,6,2026-08-07T22:32:46.000Z,2026-08-07T22:32:46.000Z,9,9
HCP0173,7,2,3,2,6,1,0,24.14,50.0,5,2026-07-07T14:52:37.000Z,2026-07-07T14:52:37.000Z,40,40
HCP0203,12,6,3,3,10,2,0,34.92,57.0,8,2026-08-13T16:51:29.000Z,2026-08-13T16:51:29.000Z,3,3
HCP0204,6,3,1,2,4,2,0,33.67,55.0,3,2026-05-12T00:59:40.000Z,2026-05-12T00:59:40.000Z,96,96
HCP0205,8,3,5,0,8,0,0,23.38,49.0,5,2026-07-22T01:12:34.000Z,2026-07-22T01:12:34.000Z,25,25
HCP0227,13,6,3,4,12,0,1,27.77,46.0,3,2026-08-14T08:52:08.000Z,2026-08-14T08:52:08.000Z,2,2
HCP0238,11,6,4,1,9,2,0,29.55,51.0,4,2026-07-11T21:27:42.000Z,2026-07-11T21:27:42.000Z,36,36
HCP0239,9,3,3,3,8,1,0,28.0,50.0,5,2026-08-10T16:46:27.000Z,2026-08-10T16:46:27.000Z,6,6
HCP0245,5,2,2,1,5,0,0,32.4,55.0,4,2026-06-12T19:10:11.000Z,2026-06-12T19:10:11.000Z,65,65
HCP0253,7,3,1,3,6,1,0,26.43,38.0,3,2026-08-14T03:34:31.000Z,2026-08-14T03:34:31.000Z,2,2
HCP0272,5,4,0,1,4,1,0,38.2,49.0,2,2026-07-11T20:24:23.000Z,2026-07-11T20:24:23.000Z,36,36
HCP0299,2,1,1,0,1,1,0,32.5,55.0,0,2026-07-19T03:22:21.000Z,2026-02-15T09:05:27.000Z,182,28
HCP0312,6,3,1,2,6,0,0,37.17,57.0,3,2026-08-10T13:39:17.000Z,2026-08-10T13:39:17.000Z,6,6
HCP0314,6,3,3,0,4,2,0,34.67,60.0,1,2026-06-28T08:27:52.000Z,2026-06-28T08:27:52.000Z,49,49
HCP0324,7,3,2,2,6,1,0,28.71,53.0,3,2026-08-08T19:06:45.000Z,2026-08-08T19:06:45.000Z,8,8
HCP0344,9,3,5,1,8,0,1,24.0,46.0,2,2026-07-09T14:39:32.000Z,2026-07-09T14:39:32.000Z,38,38
HCP0345,12,9,1,2,10,2,0,32.33,48.0,5,2026-07-15T06:37:57.000Z,2026-07-15T06:37:57.000Z,32,32
HCP0375,12,5,6,1,9,2,1,29.0,58.0,2,2026-08-14T09:06:49.000Z,2026-07-30T21:33:37.000Z,17,2
HCP0399,7,4,2,1,6,0,1,23.57,41.0,3,2026-06-30T16:35:05.000Z,2026-06-30T16:35:05.000Z,47,47
HCP0402,8,5,2,1,7,0,1,35.0,55.0,5,2026-06-30T13:10:56.000Z,2026-06-30T13:10:56.000Z,47,47
HCP0415,8,6,1,1,8,0,0,38.0,56.0,3,2026-08-06T13:33:27.000Z,2026-08-06T13:33:27.000Z,10,10
HCP0421,11,6,3,2,8,1,2,31.18,52.0,2,2026-05-24T05:35:18.000Z,2026-05-24T05:35:18.000Z,84,84
HCP0422,3,2,0,1,3,0,0,41.33,51.0,1,2026-05-21T13:15:28.000Z,2026-05-21T13:15:28.000Z,87,87
HCP0432,9,7,1,1,9,0,0,35.22,56.0,4,2026-08-05T01:06:12.000Z,2026-08-05T01:06:12.000Z,11,11
HCP0448,6,3,3,0,4,0,2,31.33,59.0,2,2026-07-17T06:30:22.000Z,2026-07-17T06:30:22.000Z,30,30
HCP0487,9,3,5,1,8,1,0,26.89,60.0,4,2026-07-27T19:40:30.000Z,2026-07-27T19:40:30.000Z,20,20
HCP0497,6,4,1,1,6,0,0,36.83,58.0,3,2026-06-11T21:37:24.000Z,2026-06-11T21:37:24.000Z,66,66
HCP0498,4,1,3,0,2,1,1,14.25,27.0,2,2026-05-08T10:51:31.000Z,2026-05-06T15:21:48.000Z,102,100
HCP0506,3,1,1,1,3,0,0,31.0,46.0,0,2026-04-12T23:23:19.000Z,2026-04-12T23:23:19.000Z,126,126
HCP0507,5,1,1,3,5,0,0,33.4,49.0,3,2026-08-04T19:43:41.000Z,2026-08-04T19:43:41.000Z,12,12
HCP0520,10,8,0,2,7,3,0,41.0,59.0,1,2026-06-30T08:30:30.000Z,2026-06-30T08:30:30.000Z,47,47
HCP0527,9,4,3,2,8,1,0,32.89,59.0,4,2026-07-13T19:42:25.000Z,2026-07-13T06:22:30.000Z,34,34
HCP0539,3,2,0,1,3,0,0,36.67,48.0,0,2026-08-03T18:55:47.000Z,2026-08-03T18:55:47.000Z,13,13
HCP0553,8,2,3,3,7,1,0,26.13,50.0,4,2026-06-04T06:46:10.000Z,2026-06-04T06:46:10.000Z,73,73
HCP0589,4,0,2,2,2,0,2,25.75,42.0,1,2026-08-08T09:41:46.000Z,2026-06-14T06:09:29.000Z,63,8
HCP0591,4,0,1,3,3,1,0,22.25,36.0,2,2026-07-30T09:05:38.000Z,2026-06-14T17:50:01.000Z,63,17
HCP0593,7,3,3,1,6,1,0,24.0,42.0,2,2026-07-17T11:03:06.000Z,2026-07-17T11:03:06.000Z,30,30
HCP0622,10,4,5,1,8,0,2,25.1,58.0,5,2026-08-06T05:51:59.000Z,2026-06-29T14:46:59.000Z,48,10
HCP0658,3,2,1,0,3,0,0,31.0,45.0,1,2026-08-08T10:07:22.000Z,2026-08-08T10:07:22.000Z,8,8
HCP0678,4,2,0,2,3,1,0,25.75,38.0,0,2026-07-12T21:19:25.000Z,2026-07-12T21:19:25.000Z,35,35
HCP0695,4,1,2,1,3,1,0,20.75,30.0,1,2026-07-19T04:33:47.000Z,2026-04-29T04:37:08.000Z,109,28
HCP0701,4,2,1,1,4,0,0,30.75,56.0,2,2026-07-08T09:52:12.000Z,2026-07-08T09:52:12.000Z,39,39
HCP0705,9,5,3,1,8,1,0,28.22,53.0,4,2026-08-13T14:53:03.000Z,2026-08-13T14:53:03.000Z,3,3
HCP0718,9,3,4,2,7,0,2,30.78,58.0,2,2026-06-27T23:58:45.000Z,2026-06-27T23:58:45.000Z,50,50
HCP0755,5,4,1,0,5,0,0,33.6,46.0,1,2026-08-07T14:36:34.000Z,2026-08-07T14:36:34.000Z,9,9
HCP0772,8,6,2,0,7,0,1,36.0,53.0,4,2026-07-29T10:01:16.000Z,2026-07-29T10:01:16.000Z,18,18
HCP0775,3,2,0,1,2,0,1,33.0,40.0,0,2026-02-01T17:04:29.000Z,2026-02-01T17:04:29.000Z,196,196
HCP0789,4,2,1,1,4,0,0,36.25,46.0,3,2026-07-23T06:12:13.000Z,2026-07-23T06:12:13.000Z,24,24
HCP0801,6,4,0,2,5,0,1,28.67,34.0,4,2026-08-02T01:49:12.000Z,2026-08-02T01:49:12.000Z,14,14
HCP0824,3,1,0,2,3,0,0,38.33,50.0,0,2026-07-18T18:19:00.000Z,2026-07-18T18:19:00.000Z,29,29
HCP0826,8,1,3,4,6,1,1,23.13,52.0,1,2026-08-03T20:24:48.000Z,2026-08-03T20:24:48.000Z,13,13
HCP0872,5,1,3,1,5,0,0,21.2,29.0,1,2026-08-13T01:04:28.000Z,2026-08-13T01:04:28.000Z,3,3
HCP0890,12,5,4,3,12,0,0,27.75,47.0,7,2026-08-14T12:29:58.000Z,2026-08-14T12:29:58.000Z,2,2
HCP0957,3,0,3,0,2,1,0,14.0,16.0,0,2026-08-08T14:10:38.000Z,2026-07-11T18:30:33.000Z,36,8
HCP0960,8,5,2,1,7,0,1,30.38,51.0,1,2026-07-25T08:55:07.000Z,2026-07-25T08:55:07.000Z,22,22
HCP0984,4,1,2,1,4,0,0,26.5,50.0,0,2026-06-30T05:24:05.000Z,2026-06-30T05:24:05.000Z,47,47
HCP1019,7,3,1,3,6,0,1,30.14,58.0,2,2026-07-07T03:03:34.000Z,2026-07-07T03:03:34.000Z,40,40
HCP1021,12,8,2,2,11,1,0,31.58,53.0,5,2026-08-14T06:48:24.000Z,2026-08-14T06:48:24.000Z,2,2
HCP1041,11,3,2,6,11,0,0,25.0,40.0,2,2026-08-04T04:11:55.000Z,2026-08-04T04:11:55.000Z,12,12
HCP1051,5,0,3,2,5,0,0,19.6,34.0,2,2026-07-13T09:48:22.000Z,2026-07-13T09:48:22.000Z,34,34
HCP1066,9,5,2,2,7,2,0,30.44,54.0,2,2026-08-08T02:48:48.000Z,2026-08-08T02:48:48.000Z,8,8
HCP1071,3,3,0,0,3,0,0,41.0,51.0,1,2026-07-09T09:07:32.000Z,2026-07-09T09:07:32.000Z,38,38
HCP1093,7,5,2,0,6,1,0,32.57,54.0,4,2026-08-02T16:33:56.000Z,2026-08-02T16:33:56.000Z,14,14
HCP1098,8,6,1,1,8,0,0,38.5,59.0,6,2026-07-25T05:02:50.000Z,2026-07-25T05:02:50.000Z,22,22
HCP1107,7,3,3,1,6,0,1,26.86,42.0,2,2026-08-12T22:42:03.000Z,2026-08-12T22:42:03.000Z,4,4
HCP1119,7,5,0,2,6,1,0,34.57,54.0,1,2026-07-13T09:37:55.000Z,2026-07-13T09:37:55.000Z,34,34
HCP1126,3,2,0,1,3,0,0,27.33,36.0,1,2026-06-05T05:04:51.000Z,2026-06-05T05:04:51.000Z,72,72
HCP1127,4,3,1,0,4,0,0,34.25,47.0,3,2026-07-29T20:15:27.000Z,2026-07-29T20:15:27.000Z,18,18
HCP1131,12,9,2,1,10,1,1,36.75,58.0,3,2026-06-19T19:38:59.000Z,2026-06-19T19:38:59.000Z,58,58
HCP1140,7,4,1,2,7,0,0,38.43,59.0,4,2026-08-01T08:19:00.000Z,2026-08-01T08:19:00.000Z,15,15
HCP1148,3,3,0,0,2,1,0,40.0,51.0,1,2026-06-12T07:41:41.000Z,2026-06-12T07:41:41.000Z,65,65
HCP1156,9,5,2,2,8,0,1,36.89,59.0,4,2026-07-10T16:44:34.000Z,2026-07-10T16:44:34.000Z,37,37
HCP1171,8,3,2,3,7,0,1,31.38,56.0,3,2026-07-26T09:03:25.000Z,2026-07-26T09:03:25.000Z,21,21
HCP1183,3,1,0,2,1,2,0,34.0,56.0,0,2026-06-11T01:39:54.000Z,2026-03-10T21:24:23.000Z,159,66
HCP1189,3,1,1,1,3,0,0,30.0,53.0,1,2026-07-21T02:31:49.000Z,2026-07-21T02:31:49.000Z,26,26
HCP1229,9,3,1,5,7,0,2,33.44,60.0,2,2026-07-12T11:49:07.000Z,2026-07-12T11:49:07.000Z,35,35
HCP1258,11,8,2,1,9,1,1,36.91,55.0,5,2026-07-23T00:05:48.000Z,2026-07-17T09:38:19.000Z,30,24
HCP1264,8,6,2,0,7,1,0,28.25,46.0,1,2026-08-07T01:13:03.000Z,2026-08-06T12:45:40.000Z,10,9
HCP1299,9,6,2,1,8,1,0,34.22,53.0,4,2026-08-11T09:02:06.000Z,2026-08-11T09:02:06.000Z,5,5
HCP1321,5,2,2,1,4,1,0,22.6,45.0,1,2026-07-02T21:06:56.000Z,2026-07-02T21:06:56.000Z,45,45
HCP1344,5,2,1,2,4,1,0,25.4,33.0,2,2026-08-09T08:26:46.000Z,2026-08-09T08:26:46.000Z,7,7
HCP1362,4,2,0,2,4,0,0,42.5,57.0,2,2026-07-09T06:52:50.000Z,2026-07-09T06:52:50.000Z,38,38
HCP1371,6,2,0,4,4,1,1,29.83,47.0,0,2026-06-14T07:12:52.000Z,2026-06-14T07:12:52.000Z,63,63
HCP1375,5,3,2,0,4,0,1,30.8,56.0,0,2026-08-08T09:42:37.000Z,2026-04-27T02:31:05.000Z,111,8
HCP1378,9,6,2,1,9,0,0,34.0,60.0,4,2026-07-23T17:58:08.000Z,2026-07-23T17:58:08.000Z,24,24
HCP1384,12,3,5,4,12,0,0,28.67,57.0,5,2026-08-12T15:32:03.000Z,2026-08-12T15:32:03.000Z,4,4
HCP1481,9,4,2,3,5,3,1,36.33,57.0,1,2026-08-09T17:14:18.000Z,2026-05-17T17:55:35.000Z,91,7
HCP1522,4,3,1,0,3,1,0,36.0,53.0,1,2026-08-08T14:01:04.000Z,2026-08-08T14:01:04.000Z,8,8
HCP1527,7,4,2,1,7,0,0,30.71,51.0,4,2026-08-07T09:55:39.000Z,2026-08-07T09:55:39.000Z,9,9
HCP1541,9,6,2,1,7,1,1,31.56,53.0,4,2026-07-20T21:32:36.000Z,2026-06-24T22:47:53.000Z,53,27
HCP1564,12,6,4,2,12,0,0,26.33,53.0,7,2026-08-09T12:21:45.000Z,2026-08-09T12:21:45.000Z,7,7
HCP1633,9,4,2,3,8,1,0,35.44,58.0,3,2026-08-03T11:26:47.000Z,2026-07-26T22:08:19.000Z,21,13
HCP1655,5,2,0,3,5,0,0,35.0,44.0,1,2026-05-04T19:10:05.000Z,2026-05-04T19:10:05.000Z,104,104
HCP1657,6,4,1,1,4,2,0,27.83,59.0,2,2026-05-26T19:33:03.000Z,2026-05-26T19:33:03.000Z,82,82
HCP1663,4,2,0,2,3,0,1,37.5,51.0,2,2026-08-07T05:42:47.000Z,2026-07-01T19:47:48.000Z,46,9
HCP1665,8,4,2,2,8,0,0,34.88,58.0,4,2026-08-01T00:10:17.000Z,2026-08-01T00:10:17.000Z,15,15
HCP1671,8,5,2,1,8,0,0,28.25,53.0,3,2026-07-08T14:03:12.000Z,2026-07-08T14:03:12.000Z,39,39
HCP1677,8,5,2,1,7,1,0,29.38,47.0,2,2026-06-07T08:37:21.000Z,2026-06-07T08:37:21.000Z,70,70
HCP1681,7,2,4,1,5,2,0,22.57,56.0,3,2026-07-20T05:26:13.000Z,2026-07-20T05:26:13.000Z,27,27
HCP1688,7,3,3,1,6,1,0,26.57,42.0,2,2026-08-08T04:23:37.000Z,2026-08-08T04:23:37.000Z,8,8
HCP1702,4,2,0,2,4,0,0,32.25,42.0,3,2026-06-12T15:41:12.000Z,2026-06-12T15:41:12.000Z,65,65
HCP1733,11,4,4,3,11,0,0,34.36,58.0,4,2026-08-08T15:14:23.000Z,2026-08-08T15:14:23.000Z,8,8
HCP1761,10,8,0,2,7,1,2,33.7,53.0,2,2026-06-27T09:21:02.000Z,2026-06-25T15:29:01.000Z,52,50
HCP1767,3,2,1,0,2,0,1,33.67,42.0,0,2026-06-09T19:48:13.000Z,2026-06-09T19:48:13.000Z,68,68
HCP1779,10,5,4,1,9,1,0,29.6,57.0,7,2026-06-24T07:45:50.000Z,2026-06-24T07:45:50.000Z,53,53
HCP1782,5,2,2,1,4,1,0,28.2,37.0,2,2026-07-30T13:48:33.000Z,2026-07-30T13:48:33.000Z,17,17
HCP1785,8,4,2,2,7,1,0,33.25,60.0,5,2026-07-07T02:47:39.000Z,2026-07-07T02:47:39.000Z,40,40
HCP1807,3,2,1,0,2,1,0,27.0,40.0,1,2026-08-14T14:18:01.000Z,2026-07-14T11:20:51.000Z,33,2
HCP1808,7,3,2,2,6,0,1,32.14,60.0,3,2026-08-05T19:34:12.000Z,2026-08-05T19:34:12.000Z,11,11
HCP1810,6,1,3,2,5,0,1,25.5,54.0,1,2026-07-10T13:26:18.000Z,2026-06-21T02:27:31.000Z,56,37
HCP1826,8,5,1,2,7,0,1,32.0,45.0,3,2026-07-27T08:27:49.000Z,2026-07-27T08:27:49.000Z,20,20
HCP1841,8,4,2,2,7,1,0,32.0,49.0,5,2026-06-17T03:41:36.000Z,2026-06-17T03:41:36.000Z,60,60
HCP1845,3,2,1,0,2,1,0,35.67,56.0,1,2026-06-18T03:50:13.000Z,2026-06-18T03:50:13.000Z,59,59
HCP1868,3,2,0,1,3,0,0,41.33,54.0,0,2026-07-20T12:25:36.000Z,2026-07-20T12:25:36.000Z,27,27
HCP1873,3,1,1,1,3,0,0,37.67,59.0,2,2026-07-17T05:58:13.000Z,2026-07-17T05:58:13.000Z,30,30
HCP1899,10,2,6,2,10,0,0,18.5,40.0,2,2026-08-10T14:06:02.000Z,2026-08-10T14:06:02.000Z,6,6
HCP1912,5,4,1,0,3,2,0,31.8,47.0,2,2026-07-02T19:41:47.000Z,2026-06-01T17:43:51.000Z,76,45
HCP1921,11,3,4,4,10,0,1,25.09,48.0,2,2026-06-28T17:28:54.000Z,2026-06-28T17:28:54.000Z,49,49
HCP1930,7,3,2,2,7,0,0,27.14,53.0,1,2026-07-29T06:37:37.000Z,2026-07-29T06:37:37.000Z,18,18
HCP1962,8,5,1,2,5,1,2,35.75,50.0,1,2026-08-09T01:11:22.000Z,2026-08-09T01:11:22.000Z,7,7
HCP1966,9,2,4,3,7,0,2,24.33,53.0,5,2026-07-20T18:34:41.000Z,2026-07-20T18:34:41.000Z,27,27
HCP1972,7,5,2,0,6,0,1,32.86,60.0,4,2026-07-22T18:41:05.000Z,2026-07-22T18:41:05.000Z,25,25
HCP1973,12,5,4,3,12,0,0,26.08,53.0,7,2026-06-23T20:16:08.000Z,2026-06-23T20:16:08.000Z,54,54
HCP1992,8,5,0,3,7,1,0,39.63,60.0,3,2026-07-26T00:56:41.000Z,2026-07-26T00:56:41.000Z,21,21
HCP0026,7,4,2,1,7,0,0,31.0,50.0,4,2026-08-03T12:21:07.000Z,2026-08-03T12:21:07.000Z,13,13
HCP0042,7,2,4,1,6,0,1,18.14,35.0,3,2026-07-23T08:12:46.000Z,2026-07-23T08:12:46.000Z,24,24
HCP0046,4,0,2,2,4,0,0,22.5,39.0,4,2026-06-18T13:22:03.000Z,2026-06-18T13:22:03.000Z,59,59
HCP0051,4,2,1,1,3,1,0,41.75,59.0,1,2026-06-25T14:22:31.000Z,2026-06-25T14:22:31.000Z,52,52
HCP0052,8,6,1,1,8,0,0,39.25,57.0,6,2026-06-17T17:52:29.000Z,2026-06-17T17:52:29.000Z,60,60
HCP0065,8,3,5,0,8,0,0,26.63,54.0,2,2026-08-09T23:20:40.000Z,2026-08-09T23:20:40.000Z,7,7
HCP0070,4,4,0,0,4,0,0,33.25,40.0,1,2026-05-17T03:26:17.000Z,2026-05-17T03:26:17.000Z,91,91
HCP0072,11,6,2,3,10,1,0,36.64,57.0,2,2026-08-10T08:46:07.000Z,2026-08-10T08:46:07.000Z,6,6
HCP0079,8,2,1,5,5,2,1,26.25,41.0,3,2026-08-05T13:43:34.000Z,2026-08-05T13:43:34.000Z,11,11
HCP0086,6,5,1,0,5,0,1,35.83,57.0,2,2026-08-04T23:09:44.000Z,2026-08-04T23:09:44.000Z,12,12
HCP0093,12,3,8,1,10,1,1,22.25,56.0,4,2026-08-05T08:18:13.000Z,2026-08-05T08:18:13.000Z,11,11
HCP0095,5,2,1,2,4,0,1,32.6,57.0,2,2026-07-22T20:07:42.000Z,2026-06-20T01:51:49.000Z,57,25
HCP0096,8,4,4,0,6,1,1,25.13,52.0,2,2026-07-26T02:48:51.000Z,2026-07-26T02:48:51.000Z,21,21
HCP0100,12,8,2,2,10,1,1,30.17,48.0,3,2026-08-13T06:39:57.000Z,2026-08-13T06:39:57.000Z,3,3
HCP0107,8,3,2,3,8,0,0,24.0,42.0,5,2026-07-11T16:37:34.000Z,2026-07-11T16:37:34.000Z,36,36
HCP0127,10,6,3,1,10,0,0,35.6,58.0,5,2026-06-08T14:47:12.000Z,2026-06-08T14:47:12.000Z,69,69
HCP0161,7,5,1,1,6,0,1,26.0,34.0,2,2026-06-05T07:41:09.000Z,2026-06-05T07:41:09.000Z,72,72
HCP0165,5,1,1,3,5,0,0,33.4,48.0,3,2026-07-29T12:54:24.000Z,2026-07-29T12:54:24.000Z,18,18
HCP0174,5,2,3,0,3,0,2,26.4,53.0,1,2026-07-06T23:29:42.000Z,2026-07-06T23:29:42.000Z,41,41
HCP0198,5,3,2,0,5,0,0,29.8,57.0,2,2026-07-21T06:26:26.000Z,2026-07-21T06:26:26.000Z,26,26
HCP0212,10,4,4,2,10,0,0,33.4,56.0,6,2026-08-01T04:27:51.000Z,2026-08-01T04:27:51.000Z,15,15
HCP0213,10,6,4,0,9,0,1,27.7,54.0,4,2026-08-10T20:22:48.000Z,2026-08-08T12:30:42.000Z,8,6
HCP0221,4,1,1,2,4,0,0,25.0,41.0,2,2026-08-11T04:53:22.000Z,2026-08-11T04:53:22.000Z,5,5
HCP0225,3,1,1,1,3,0,0,31.33,41.0,2,2026-08-11T20:47:57.000Z,2026-08-11T20:47:57.000Z,5,5
HCP0232,7,2,1,4,7,0,0,32.29,60.0,5,2026-07-17T06:50:59.000Z,2026-07-17T06:50:59.000Z,30,30
HCP0235,5,4,1,0,5,0,0,33.4,44.0,0,2026-07-30T05:34:32.000Z,2026-07-30T05:34:32.000Z,17,17
HCP0250,3,2,1,0,2,1,0,32.0,42.0,0,2026-06-11T22:41:14.000Z,2026-06-11T22:41:14.000Z,66,66
HCP0252,9,4,2,3,8,1,0,29.22,47.0,4,2026-07-27T03:52:51.000Z,2026-07-27T03:52:51.000Z,20,20
HCP0262,3,1,1,1,2,1,0,32.33,44.0,2,2026-03-01T05:43:25.000Z,2026-01-10T20:23:33.000Z,218,168
HCP0291,9,3,3,3,6,3,0,24.56,43.0,4,2026-07-27T20:16:17.000Z,2026-07-26T08:19:29.000Z,21,20
HCP0307,5,4,1,0,5,0,0,41.2,57.0,1,2026-08-10T16:27:02.000Z,2026-08-10T16:27:02.000Z,6,6
HCP0317,5,1,3,1,5,0,0,25.8,60.0,2,2026-07-24T13:53:41.000Z,2026-07-24T13:53:41.000Z,23,23
HCP0329,6,2,2,2,4,1,1,35.17,60.0,3,2026-07-06T08:30:23.000Z,2026-07-06T08:30:23.000Z,41,41
HCP0335,6,3,3,0,5,0,1,23.83,41.0,4,2026-08-10T21:44:39.000Z,2026-08-10T21:44:39.000Z,6,6
HCP0357,11,4,6,1,9,1,1,25.82,57.0,2,2026-08-05T02:34:58.000Z,2026-08-05T02:34:58.000Z,11,11
HCP0366,7,3,2,2,6,1,0,36.0,60.0,2,2026-08-02T16:47:17.000Z,2026-08-02T16:47:17.000Z,14,14
HCP0378,3,0,1,2,3,0,0,25.33,43.0,1,2026-06-05T20:17:29.000Z,2026-06-05T20:17:29.000Z,72,72
HCP0395,4,1,2,1,4,0,0,26.25,42.0,0,2026-06-11T01:34:40.000Z,2026-06-11T01:34:40.000Z,66,66
HCP0414,9,3,4,2,8,1,0,23.33,46.0,3,2026-07-23T01:42:24.000Z,2026-06-21T15:18:31.000Z,56,24
HCP0428,9,3,2,4,9,0,0,31.78,50.0,1,2026-08-14T10:19:01.000Z,2026-08-14T10:19:01.000Z,2,2
HCP0439,4,1,2,1,3,0,1,20.75,43.0,1,2026-06-23T17:49:49.000Z,2026-06-23T17:49:49.000Z,54,54
HCP0454,12,7,2,3,10,0,2,34.33,52.0,4,2026-07-28T03:33:25.000Z,2026-07-28T03:33:25.000Z,19,19
HCP0458,6,3,2,1,6,0,0,30.5,60.0,3,2026-07-05T19:15:41.000Z,2026-07-05T19:15:41.000Z,42,42
HCP0476,9,6,2,1,9,0,0,33.67,60.0,7,2026-06-25T10:28:46.000Z,2026-06-25T10:28:46.000Z,52,52
HCP0502,11,7,2,2,9,1,1,31.36,54.0,5,2026-08-04T10:38:56.000Z,2026-08-04T10:38:56.000Z,12,12
HCP0523,11,5,6,0,9,0,2,29.55,54.0,5,2026-08-07T21:33:14.000Z,2026-07-30T09:15:59.000Z,17,9
HCP0541,10,8,2,0,10,0,0,37.4,58.0,4,2026-08-05T02:34:12.000Z,2026-08-05T02:34:12.000Z,11,11
HCP0576,11,6,2,3,9,1,1,31.18,56.0,4,2026-08-07T23:46:24.000Z,2026-08-07T23:46:24.000Z,9,9
HCP0577,10,5,4,1,10,0,0,29.3,56.0,8,2026-07-26T08:34:07.000Z,2026-07-26T08:34:07.000Z,21,21
HCP0579,9,7,1,1,8,0,1,33.11,53.0,4,2026-08-08T05:45:19.000Z,2026-08-08T05:45:19.000Z,8,8
HCP0584,6,4,0,2,6,0,0,38.0,53.0,3,2026-08-03T03:11:04.000Z,2026-08-03T03:11:04.000Z,13,13
HCP0610,7,5,1,1,6,0,1,36.0,58.0,3,2026-05-24T02:55:06.000Z,2026-05-24T02:55:06.000Z,84,84
HCP0617,3,0,2,1,3,0,0,21.0,38.0,2,2026-03-31T10:24:20.000Z,2026-03-31T10:24:20.000Z,138,138
HCP0679,5,2,2,1,4,1,0,25.4,60.0,3,2026-07-14T19:19:36.000Z,2026-07-14T19:19:36.000Z,33,33
HCP0691,11,8,2,1,11,0,0,32.27,60.0,5,2026-08-14T20:38:58.000Z,2026-08-14T20:38:58.000Z,2,2
HCP0702,12,6,5,1,11,0,1,30.67,60.0,3,2026-07-15T19:31:24.000Z,2026-07-15T19:31:24.000Z,32,32
HCP0703,9,4,3,2,9,0,0,34.78,58.0,4,2026-08-11T20:18:16.000Z,2026-08-11T20:18:16.000Z,5,5
HCP0723,13,5,7,1,11,2,0,26.69,54.0,5,2026-08-10T12:52:14.000Z,2026-08-07T16:22:04.000Z,9,6
HCP0754,6,4,1,1,6,0,0,42.83,60.0,3,2026-08-03T18:41:23.000Z,2026-08-03T18:41:23.000Z,13,13
HCP0793,5,2,2,1,5,0,0,28.6,44.0,1,2026-08-13T03:36:49.000Z,2026-08-13T03:36:49.000Z,3,3
HCP0812,3,1,1,1,3,0,0,35.0,53.0,1,2026-05-18T10:10:09.000Z,2026-05-18T10:10:09.000Z,90,90
HCP0823,5,2,1,2,2,1,2,33.8,51.0,1,2026-07-26T07:09:13.000Z,2026-07-26T07:09:13.000Z,21,21
HCP0858,9,5,3,1,9,0,0,32.78,57.0,3,2026-08-13T20:18:30.000Z,2026-08-13T20:18:30.000Z,3,3
HCP0862,3,1,1,1,2,0,1,29.33,41.0,0,2026-07-24T10:09:36.000Z,2026-07-24T10:09:36.000Z,23,23
HCP0894,7,6,1,0,7,0,0,42.29,60.0,2,2026-07-09T16:47:29.000Z,2026-07-09T16:47:29.000Z,38,38
HCP0896,3,1,1,1,3,0,0,29.67,44.0,0,2026-04-01T17:30:30.000Z,2026-04-01T17:30:30.000Z,137,137
HCP0899,11,4,5,2,10,0,1,28.82,54.0,3,2026-08-06T12:43:59.000Z,2026-08-06T12:43:59.000Z,10,10
HCP0946,9,5,3,1,9,0,0,27.78,43.0,5,2026-08-14T22:18:12.000Z,2026-08-14T22:18:12.000Z,2,2
HCP0973,4,3,1,0,3,1,0,27.25,38.0,1,2026-07-18T08:01:28.000Z,2026-07-18T08:01:28.000Z,29,29
HCP0981,3,1,2,0,3,0,0,21.0,50.0,1,2026-05-30T14:54:18.000Z,2026-05-30T14:54:18.000Z,78,78
HCP0998,8,4,2,2,6,2,0,31.5,57.0,0,2026-06-20T18:24:40.000Z,2026-06-20T18:24:40.000Z,57,57
HCP1028,7,4,3,0,7,0,0,30.14,54.0,2,2026-06-13T18:21:22.000Z,2026-06-13T18:21:22.000Z,64,64
HCP1045,10,7,3,0,6,2,2,35.4,59.0,3,2026-07-16T17:22:34.000Z,2026-07-16T17:22:34.000Z,31,31
HCP1062,9,4,2,3,8,1,0,31.0,51.0,5,2026-08-01T14:30:11.000Z,2026-08-01T14:30:11.000Z,15,15
HCP1069,4,0,3,1,4,0,0,20.0,40.0,1,2026-08-13T01:15:54.000Z,2026-08-13T01:15:54.000Z,3,3
HCP1073,9,6,2,1,9,0,0,27.67,38.0,4,2026-08-09T07:38:34.000Z,2026-08-09T07:38:34.000Z,7,7
HCP1091,10,6,2,2,9,1,0,31.0,53.0,4,2026-07-23T05:20:03.000Z,2026-07-23T05:20:03.000Z,24,24
HCP1097,4,2,1,1,4,0,0,29.75,54.0,1,2026-06-28T15:48:47.000Z,2026-06-28T15:48:47.000Z,49,49
HCP1130,7,3,3,1,3,4,0,32.57,58.0,1,2026-04-24T11:06:01.000Z,2026-04-24T11:06:01.000Z,114,114
HCP1151,10,4,4,2,10,0,0,29.3,58.0,7,2026-08-05T15:51:38.000Z,2026-08-05T15:51:38.000Z,11,11
HCP1185,11,5,4,2,10,1,0,32.27,59.0,5,2026-08-07T21:59:43.000Z,2026-08-07T21:59:43.000Z,9,9
HCP1211,4,3,1,0,3,0,1,38.25,58.0,0,2026-08-14T03:15:12.000Z,2026-08-14T03:15:12.000Z,2,2
HCP1271,10,5,5,0,9,0,1,27.3,59.0,5,2026-08-11T03:06:02.000Z,2026-08-11T03:06:02.000Z,5,5
HCP1276,7,3,1,3,7,0,0,32.43,49.0,3,2026-07-20T13:29:05.000Z,2026-07-20T13:29:05.000Z,27,27
HCP1314,9,5,2,2,9,0,0,30.33,59.0,4,2026-07-28T04:24:56.000Z,2026-07-28T04:24:56.000Z,19,19
HCP1326,5,2,3,0,4,1,0,23.6,49.0,1,2026-08-10T09:19:10.000Z,2026-08-10T09:19:10.000Z,6,6
HCP1348,5,4,1,0,5,0,0,28.8,44.0,1,2026-06-09T16:34:25.000Z,2026-06-09T16:34:25.000Z,68,68
HCP1356,7,3,3,1,7,0,0,28.14,59.0,3,2026-07-24T15:29:02.000Z,2026-07-24T15:29:02.000Z,23,23
HCP1410,4,1,3,0,4,0,0,18.75,32.0,2,2026-06-10T23:12:40.000Z,2026-06-10T23:12:40.000Z,67,67
HCP1417,7,4,2,1,7,0,0,28.14,52.0,2,2026-08-02T22:41:45.000Z,2026-08-02T22:41:45.000Z,14,14
HCP1426,4,1,2,1,4,0,0,28.0,45.0,0,2026-06-25T07:41:40.000Z,2026-06-25T07:41:40.000Z,52,52
HCP1437,12,5,3,4,11,0,1,29.83,52.0,6,2026-08-06T19:50:41.000Z,2026-08-06T19:50:41.000Z,10,10
HCP1458,3,1,2,0,3,0,0,18.33,38.0,2,2026-07-20T17:11:15.000Z,2026-07-20T17:11:15.000Z,27,27
HCP1464,5,1,3,1,5,0,0,19.4,37.0,2,2026-07-08T23:31:38.000Z,2026-07-08T23:31:38.000Z,39,39
HCP1493,4,3,1,0,4,0,0,42.0,59.0,3,2026-07-15T03:48:51.000Z,2026-07-15T03:48:51.000Z,32,32
HCP1502,9,3,1,5,5,3,1,32.56,51.0,2,2026-07-31T00:07:16.000Z,2026-07-31T00:07:16.000Z,16,16
HCP1537,10,8,0,2,9,0,1,43.8,60.0,6,2026-07-02T10:37:23.000Z,2026-07-02T10:37:23.000Z,45,45
HCP1614,4,1,1,2,3,0,1,38.5,59.0,1,2026-06-05T04:54:07.000Z,2026-06-05T04:54:07.000Z,72,72
HCP1618,5,1,2,2,5,0,0,21.6,42.0,2,2026-06-27T19:42:44.000Z,2026-06-27T19:42:44.000Z,50,50
HCP1629,5,2,3,0,4,1,0,22.6,45.0,2,2026-07-12T19:49:52.000Z,2026-07-12T19:49:52.000Z,35,35
HCP1651,7,4,1,2,5,1,1,32.29,52.0,4,2026-05-08T22:47:24.000Z,2026-05-08T22:47:24.000Z,100,100
HCP1652,7,1,5,1,6,1,0,19.29,37.0,4,2026-08-09T19:54:05.000Z,2026-06-04T00:06:39.000Z,73,7
HCP1678,7,5,2,0,7,0,0,40.29,55.0,2,2026-08-08T08:27:40.000Z,2026-08-08T08:27:40.000Z,8,8
HCP1689,12,6,2,4,11,1,0,33.0,58.0,7,2026-07-28T03:05:30.000Z,2026-07-28T03:05:30.000Z,19,19
HCP1697,9,7,2,0,9,0,0,37.11,57.0,4,2026-08-12T20:23:36.000Z,2026-08-12T20:23:36.000Z,4,4
HCP1700,10,4,2,4,8,0,2,33.1,58.0,2,2026-07-07T15:15:20.000Z,2026-07-07T15:15:20.000Z,40,40
HCP1714,9,4,5,0,9,0,0,24.56,41.0,3,2026-08-07T15:40:21.000Z,2026-08-07T15:40:21.000Z,9,9
HCP1722,4,4,0,0,4,0,0,44.5,54.0,2,2026-04-28T14:13:37.000Z,2026-04-28T14:13:37.000Z,110,110
HCP1792,10,3,5,2,9,1,0,23.4,50.0,2,2026-07-08T03:52:40.000Z,2026-07-08T03:52:40.000Z,39,39
HCP1846,4,1,1,2,4,0,0,31.5,49.0,3,2026-08-03T05:46:08.000Z,2026-08-03T05:46:08.000Z,13,13
HCP1863,4,1,1,2,4,0,0,30.0,56.0,2,2026-07-25T08:02:57.000Z,2026-07-25T08:02:57.000Z,22,22
HCP1874,8,6,1,1,8,0,0,41.88,58.0,3,2026-07-09T05:04:56.000Z,2026-07-09T05:04:56.000Z,38,38
HCP1884,7,4,2,1,6,1,0,34.43,59.0,4,2026-08-04T10:03:55.000Z,2026-08-04T10:03:55.000Z,12,12
HCP1890,12,6,3,3,10,1,1,26.25,51.0,6,2026-08-04T17:50:27.000Z,2026-08-04T17:50:27.000Z,12,12
HCP1907,11,2,4,5,10,0,1,28.45,55.0,4,2026-08-06T22:49:39.000Z,2026-08-06T22:49:39.000Z,10,10
HCP1927,10,4,5,1,10,0,0,27.4,53.0,7,2026-07-30T18:14:26.000Z,2026-07-30T18:14:26.000Z,17,17
HCP1929,9,4,2,3,8,1,0,35.89,59.0,4,2026-07-24T06:21:29.000Z,2026-07-24T06:21:29.000Z,23,23
HCP1941,6,5,0,1,6,0,0,33.83,44.0,4,2026-08-09T01:34:18.000Z,2026-08-09T01:34:18.000Z,7,7
HCP1954,7,1,1,5,6,1,0,31.29,43.0,3,2026-06-14T19:43:16.000Z,2026-06-14T19:43:16.000Z,63,63
HCP1955,6,4,1,1,6,0,0,32.33,53.0,1,2026-08-10T11:15:17.000Z,2026-08-10T11:15:17.000Z,6,6
HCP1974,3,1,2,0,3,0,0,31.0,53.0,2,2026-06-10T09:14:07.000Z,2026-06-10T09:14:07.000Z,67,67
HCP1990,4,2,1,1,4,0,0,30.75,42.0,3,2026-06-23T06:02:05.000Z,2026-06-23T06:02:05.000Z,54,54
HCP0002,5,1,3,1,5,0,0,19.0,38.0,1,2026-07-13T19:24:00.000Z,2026-07-13T19:24:00.000Z,34,34
HCP0057,3,2,1,0,3,0,0,27.0,42.0,1,2026-05-07T18:25:07.000Z,2026-05-07T18:25:07.000Z,101,101
HCP0066,9,1,6,2,8,0,1,16.22,35.0,6,2026-06-26T03:15:03.000Z,2026-06-26T03:15:03.000Z,51,51
HCP0068,6,3,2,1,4,2,0,36.67,55.0,3,2026-08-03T01:41:12.000Z,2026-08-03T01:41:12.000Z,13,13
HCP0073,3,1,1,1,2,0,1,27.0,51.0,1,2026-06-19T21:23:42.000Z,2026-06-01T13:53:48.000Z,76,58
HCP0077,7,5,2,0,6,0,1,30.71,49.0,0,2026-08-11T01:38:25.000Z,2026-08-10T14:26:49.000Z,6,5
HCP0102,3,2,1,0,2,0,1,35.0,52.0,1,2026-06-26T10:36:18.000Z,2026-04-06T08:19:27.000Z,132,51
HCP0124,8,5,2,1,8,0,0,34.63,55.0,2,2026-06-08T07:14:52.000Z,2026-06-08T07:14:52.000Z,69,69
HCP0126,9,2,4,3,8,0,1,25.22,44.0,2,2026-07-25T13:39:18.000Z,2026-07-25T13:39:18.000Z,22,22
HCP0130,11,3,3,5,11,0,0,29.45,49.0,4,2026-08-06T00:19:59.000Z,2026-08-06T00:19:59.000Z,10,10
HCP0132,4,1,2,1,4,0,0,26.0,45.0,0,2026-05-31T00:52:56.000Z,2026-05-31T00:52:56.000Z,77,77
HCP0140,7,4,3,0,7,0,0,25.71,50.0,2,2026-08-12T02:31:00.000Z,2026-08-12T02:31:00.000Z,4,4
HCP0147,5,3,1,1,5,0,0,34.4,54.0,2,2026-07-21T02:39:20.000Z,2026-07-21T02:39:20.000Z,26,26
HCP0169,7,3,4,0,7,0,0,27.0,58.0,2,2026-08-14T16:27:36.000Z,2026-08-14T16:27:36.000Z,2,2
HCP0175,10,6,3,1,10,0,0,33.6,60.0,4,2026-07-20T01:29:50.000Z,2026-07-20T01:29:50.000Z,27,27
HCP0178,12,5,5,2,11,1,0,26.5,51.0,6,2026-07-30T09:49:21.000Z,2026-07-23T18:54:14.000Z,24,17
HCP0182,5,3,2,0,5,0,0,34.4,60.0,3,2026-07-25T01:41:34.000Z,2026-07-25T01:41:34.000Z,22,22
HCP0231,6,5,1,0,5,1,0,36.67,50.0,2,2026-06-03T18:42:22.000Z,2026-06-03T18:42:22.000Z,74,74
HCP0266,3,1,1,1,3,0,0,32.33,40.0,0,2026-04-19T13:13:06.000Z,2026-04-19T13:13:06.000Z,119,119
HCP0282,9,5,2,2,6,1,2,31.56,55.0,1,2026-07-20T15:17:08.000Z,2026-07-20T15:17:08.000Z,27,27
HCP0286,8,3,3,2,6,1,1,30.0,56.0,3,2026-07-01T09:38:35.000Z,2026-07-01T09:38:35.000Z,46,46
HCP0290,8,6,0,2,8,0,0,34.75,49.0,1,2026-07-12T11:33:43.000Z,2026-07-12T11:33:43.000Z,35,35
HCP0302,4,3,1,0,4,0,0,34.75,55.0,2,2026-05-22T13:18:10.000Z,2026-05-22T13:18:10.000Z,86,86
HCP0303,4,3,1,0,3,1,0,37.75,59.0,1,2026-08-10T13:34:52.000Z,2026-08-10T13:34:52.000Z,6,6
HCP0304,9,2,2,5,7,2,0,34.22,58.0,4,2026-07-25T00:50:49.000Z,2026-07-25T00:50:49.000Z,22,22
HCP0313,11,6,4,1,9,2,0,32.0,56.0,4,2026-05-09T00:31:54.000Z,2026-05-09T00:31:54.000Z,99,99
HCP0316,3,0,3,0,3,0,0,10.33,16.0,3,2026-07-12T21:48:00.000Z,2026-07-12T21:48:00.000Z,35,35
HCP0331,4,3,1,0,3,0,1,32.0,45.0,2,2026-08-08T21:47:51.000Z,2026-08-08T21:47:51.000Z,8,8
HCP0339,7,4,0,3,6,1,0,38.57,55.0,2,2026-08-08T00:48:06.000Z,2026-08-08T00:48:06.000Z,8,8
HCP0368,8,3,2,3,7,0,1,28.0,60.0,2,2026-08-08T00:46:09.000Z,2026-08-08T00:46:09.000Z,8,8
HCP0371,9,4,4,1,6,3,0,25.89,50.0,4,2026-08-09T19:27:37.000Z,2026-08-09T19:27:37.000Z,7,7
HCP0410,8,4,1,3,8,0,0,35.75,60.0,1,2026-08-07T02:38:37.000Z,2026-08-07T02:38:37.000Z,9,9
HCP0430,4,2,0,2,4,0,0,33.25,53.0,2,2026-08-04T12:54:04.000Z,2026-08-04T12:54:04.000Z,12,12
HCP0436,8,4,1,3,7,1,0,34.25,54.0,2,2026-07-31T05:20:13.000Z,2026-07-31T05:20:13.000Z,16,16
HCP0447,6,2,2,2,5,1,0,23.5,34.0,1,2026-06-25T22:15:10.000Z,2026-06-07T06:03:04.000Z,70,52
HCP0462,11,4,4,3,10,0,1,30.55,54.0,5,2026-07-21T03:01:21.000Z,2026-07-21T03:01:21.000Z,26,26
HCP0467,10,7,1,2,8,1,1,41.1,58.0,2,2026-07-20T03:41:21.000Z,2026-07-20T03:41:21.000Z,27,27
HCP0482,12,6,5,1,11,0,1,29.0,60.0,4,2026-07-02T05:49:06.000Z,2026-07-02T05:49:06.000Z,45,45
HCP0491,9,2,5,2,8,1,0,26.33,60.0,2,2026-08-08T05:55:36.000Z,2026-08-08T05:55:36.000Z,8,8
HCP0525,5,3,1,1,5,0,0,30.4,46.0,3,2026-07-15T12:24:16.000Z,2026-07-15T12:24:16.000Z,32,32
HCP0529,6,1,3,2,6,0,0,20.33,42.0,4,2026-05-07T00:11:11.000Z,2026-05-07T00:11:11.000Z,101,101
HCP0530,5,3,1,1,4,1,0,35.6,48.0,0,2026-07-26T06:19:34.000Z,2026-07-26T06:19:34.000Z,21,21
HCP0555,12,7,3,2,11,0,1,32.17,60.0,4,2026-07-28T17:27:47.000Z,2026-07-28T17:27:47.000Z,19,19
HCP0567,5,3,2,0,4,0,1,29.6,50.0,1,2026-06-27T01:44:14.000Z,2026-06-27T01:44:14.000Z,50,50
HCP0598,11,7,1,3,9,1,1,36.36,60.0,4,2026-08-02T07:05:41.000Z,2026-08-02T07:05:41.000Z,14,14
HCP0605,3,1,2,0,2,1,0,21.33,38.0,1,2026-06-24T19:10:33.000Z,2026-05-19T21:27:57.000Z,89,53
HCP0606,5,1,3,1,4,1,0,23.4,52.0,2,2026-06-23T19:24:19.000Z,2026-06-23T19:24:19.000Z,54,54
HCP0628,5,3,1,1,3,0,2,28.6,37.0,3,2026-07-31T18:23:19.000Z,2026-05-10T11:06:31.000Z,98,16
HCP0657,8,5,2,1,7,1,0,37.63,58.0,4,2026-07-18T01:52:44.000Z,2026-07-18T01:52:44.000Z,29,29
HCP0661,11,5,3,3,10,1,0,28.36,60.0,5,2026-07-29T04:32:28.000Z,2026-07-29T04:32:28.000Z,18,18
HCP0663,8,5,0,3,8,0,0,39.0,58.0,5,2026-07-12T04:39:34.000Z,2026-07-12T04:39:34.000Z,35,35
HCP0680,10,4,4,2,10,0,0,27.9,48.0,3,2026-08-14T04:58:29.000Z,2026-08-14T04:58:29.000Z,2,2
HCP0689,12,7,3,2,12,0,0,30.75,46.0,6,2026-08-05T15:13:26.000Z,2026-08-05T15:13:26.000Z,11,11
HCP0693,4,1,1,2,3,1,0,27.5,43.0,2,2026-08-09T22:29:19.000Z,2026-08-09T22:29:19.000Z,7,7
HCP0697,2,1,1,0,2,0,0,25.5,43.0,0,2026-04-02T03:32:46.000Z,2026-04-02T03:32:46.000Z,136,136
HCP0708,5,3,1,1,4,0,1,38.8,59.0,3,2026-08-09T20:06:06.000Z,2026-08-09T20:06:06.000Z,7,7
HCP0709,3,2,0,1,3,0,0,39.33,44.0,2,2026-05-14T04:07:36.000Z,2026-05-14T04:07:36.000Z,94,94
HCP0711,8,3,4,1,8,0,0,29.75,54.0,3,2026-07-29T14:12:27.000Z,2026-07-29T14:12:27.000Z,18,18
HCP0725,9,7,1,1,9,0,0,35.22,58.0,6,2026-07-24T11:21:47.000Z,2026-07-24T11:21:47.000Z,23,23
HCP0728,6,2,0,4,6,0,0,40.0,58.0,3,2026-08-11T07:44:58.000Z,2026-08-11T07:44:58.000Z,5,5
HCP0733,9,5,1,3,9,0,0,40.78,56.0,7,2026-08-13T12:36:58.000Z,2026-08-13T12:36:58.000Z,3,3
HCP0746,8,4,2,2,8,0,0,27.88,59.0,4,2026-08-02T11:30:15.000Z,2026-08-02T11:30:15.000Z,14,14
HCP0750,5,3,1,1,4,1,0,29.0,48.0,2,2026-06-23T21:43:00.000Z,2026-06-02T21:35:11.000Z,75,54
HCP0760,4,1,1,2,4,0,0,29.25,39.0,1,2026-06-23T15:19:10.000Z,2026-06-23T15:19:10.000Z,54,54
HCP0776,10,8,1,1,8,1,1,36.8,49.0,5,2026-07-24T14:13:20.000Z,2026-07-24T14:13:20.000Z,23,23
HCP0803,6,3,0,3,6,0,0,33.5,55.0,2,2026-08-03T20:38:49.000Z,2026-08-03T20:38:49.000Z,13,13
HCP0828,12,5,4,3,11,1,0,29.58,58.0,5,2026-07-21T21:49:09.000Z,2026-07-21T21:49:09.000Z,26,26
HCP0841,9,2,2,5,8,1,0,26.67,57.0,2,2026-07-29T03:12:02.000Z,2026-07-29T03:12:02.000Z,18,18
HCP0844,4,1,1,2,3,1,0,29.75,41.0,0,2026-06-21T12:22:35.000Z,2026-06-21T12:22:35.000Z,56,56
HCP0904,7,5,1,1,5,2,0,38.29,56.0,3,2026-06-26T11:47:53.000Z,2026-06-16T02:42:31.000Z,61,51
HCP0915,3,1,2,0,3,0,0,29.33,52.0,0,2026-04-29T03:48:35.000Z,2026-04-29T03:48:35.000Z,109,109
HCP0935,7,4,1,2,7,0,0,29.43,41.0,3,2026-07-29T00:21:42.000Z,2026-07-29T00:21:42.000Z,18,18
HCP0952,13,7,4,2,12,1,0,32.69,59.0,6,2026-08-14T04:00:39.000Z,2026-08-14T04:00:39.000Z,2,2
HCP0964,12,6,4,2,12,0,0,32.17,59.0,8,2026-08-03T19:21:42.000Z,2026-08-03T19:21:42.000Z,13,13
HCP0966,10,6,2,2,8,2,0,32.9,57.0,5,2026-07-26T23:08:05.000Z,2026-07-26T23:08:05.000Z,21,21
HCP0988,6,3,1,2,6,0,0,32.5,46.0,3,2026-08-01T10:35:12.000Z,2026-08-01T10:35:12.000Z,15,15
HCP1007,2,1,1,0,2,0,0,29.5,54.0,1,2026-07-31T14:52:18.000Z,2026-07-31T14:52:18.000Z,16,16
HCP1010,9,4,2,3,8,0,1,29.0,46.0,2,2026-08-14T04:33:38.000Z,2026-08-14T04:33:38.000Z,2,2
HCP1015,10,5,4,1,8,1,1,24.3,59.0,2,2026-07-16T23:35:26.000Z,2026-07-16T23:35:26.000Z,31,31
HCP1016,9,6,2,1,7,2,0,39.11,59.0,2,2026-07-22T19:17:40.000Z,2026-07-22T19:17:40.000Z,25,25
HCP1024,4,2,1,1,4,0,0,34.75,54.0,1,2026-05-10T12:14:26.000Z,2026-05-10T12:14:26.000Z,98,98
HCP1030,8,4,2,2,5,2,1,29.75,52.0,1,2026-06-28T11:53:25.000Z,2026-06-28T11:53:25.000Z,49,49
HCP1056,5,3,2,0,4,1,0,35.2,56.0,3,2026-07-21T06:30:30.000Z,2026-07-21T06:30:30.000Z,26,26
HCP1067,9,6,2,1,9,0,0,28.22,44.0,6,2026-07-22T18:13:29.000Z,2026-07-22T18:13:29.000Z,25,25
HCP1089,9,3,5,1,8,1,0,23.0,59.0,3,2026-07-29T19:33:20.000Z,2026-07-29T19:33:20.000Z,18,18
HCP1096,7,4,3,0,6,1,0,26.43,51.0,4,2026-07-10T00:13:03.000Z,2026-07-10T00:13:03.000Z,37,37
HCP1103,9,7,0,2,9,0,0,43.89,58.0,2,2026-07-28T12:54:39.000Z,2026-07-28T12:54:39.000Z,19,19
HCP1111,3,3,0,0,3,0,0,44.33,51.0,0,2026-06-23T06:05:30.000Z,2026-06-23T06:05:30.000Z,54,54
HCP1112,7,4,2,1,6,0,1,25.86,46.0,2,2026-06-18T14:06:33.000Z,2026-06-18T14:06:33.000Z,59,59
HCP1137,3,1,2,0,2,1,0,24.67,49.0,2,2026-05-15T14:55:14.000Z,2026-01-14T08:16:34.000Z,214,93
HCP1139,3,1,2,0,2,1,0,20.0,38.0,0,2026-02-22T17:37:17.000Z,2026-02-22T17:37:17.000Z,175,175
HCP1143,6,4,1,1,6,0,0,35.5,52.0,2,2026-08-12T23:03:58.000Z,2026-08-12T23:03:58.000Z,4,4
HCP1167,3,2,0,1,3,0,0,33.33,38.0,1,2026-05-07T12:04:34.000Z,2026-05-07T12:04:34.000Z,101,101
HCP1172,5,2,2,1,4,1,0,27.2,50.0,1,2026-04-28T16:49:55.000Z,2026-04-28T16:49:55.000Z,110,110
HCP1174,7,2,5,0,7,0,0,22.86,59.0,3,2026-08-09T01:09:40.000Z,2026-08-09T01:09:40.000Z,7,7
HCP1184,6,2,2,2,5,0,1,30.67,52.0,3,2026-07-27T22:44:08.000Z,2026-07-27T22:44:08.000Z,20,20
HCP1224,4,2,2,0,4,0,0,28.75,49.0,1,2026-07-31T08:15:45.000Z,2026-07-31T08:15:45.000Z,16,16
HCP1228,3,1,1,1,2,1,0,20.33,31.0,1,2026-05-20T12:27:28.000Z,2026-05-03T22:11:51.000Z,105,88
HCP1253,11,7,1,3,10,1,0,35.91,56.0,4,2026-08-09T22:05:09.000Z,2026-08-09T22:05:09.000Z,7,7
HCP1269,7,2,3,2,7,0,0,23.14,38.0,3,2026-08-05T07:53:45.000Z,2026-08-05T07:53:45.000Z,11,11
HCP1273,3,1,1,1,2,0,1,28.33,57.0,1,2026-07-15T16:07:03.000Z,2026-07-13T12:37:13.000Z,34,32
HCP1280,11,9,2,0,10,0,1,41.73,60.0,4,2026-08-10T07:46:31.000Z,2026-08-10T07:46:31.000Z,6,6
HCP1284,7,5,0,2,7,0,0,38.0,50.0,4,2026-08-11T04:50:32.000Z,2026-08-11T04:50:32.000Z,5,5
HCP1291,3,1,2,0,3,0,0,27.0,57.0,1,2026-07-28T03:27:15.000Z,2026-07-28T03:27:15.000Z,19,19
HCP1293,7,2,1,4,5,2,0,29.86,42.0,4,2026-06-29T20:35:36.000Z,2026-06-29T20:35:36.000Z,48,48
HCP1300,4,2,2,0,4,0,0,32.5,55.0,1,2026-08-08T19:24:09.000Z,2026-08-08T19:24:09.000Z,8,8
HCP1309,11,7,4,0,6,2,3,29.0,50.0,3,2026-08-14T19:40:14.000Z,2026-07-16T20:09:30.000Z,31,2
HCP1318,6,2,3,1,4,1,1,22.83,46.0,3,2026-08-08T23:03:56.000Z,2026-08-08T23:03:56.000Z,8,8
HCP1366,10,7,3,0,10,0,0,36.2,59.0,6,2026-08-01T12:13:45.000Z,2026-08-01T12:13:45.000Z,15,15
HCP1404,12,8,2,2,11,1,0,35.67,59.0,3,2026-08-10T12:58:08.000Z,2026-08-10T12:58:08.000Z,6,6
HCP1419,10,6,1,3,10,0,0,38.9,59.0,6,2026-05-28T09:01:19.000Z,2026-05-28T09:01:19.000Z,80,80
HCP1420,6,3,2,1,5,1,0,35.17,57.0,3,2026-07-19T03:54:44.000Z,2026-07-19T03:54:44.000Z,28,28
HCP1424,5,5,0,0,3,2,0,41.6,47.0,1,2026-06-30T14:43:10.000Z,2026-06-30T14:43:10.000Z,47,47
HCP1445,7,2,3,2,7,0,0,26.71,55.0,6,2026-06-08T10:04:47.000Z,2026-06-08T10:04:47.000Z,69,69
HCP1448,5,3,1,1,5,0,0,37.0,60.0,4,2026-07-17T09:54:49.000Z,2026-07-17T09:54:49.000Z,30,30
HCP1465,7,4,1,2,7,0,0,37.14,51.0,2,2026-07-05T01:12:44.000Z,2026-07-05T01:12:44.000Z,42,42
HCP1472,4,2,2,0,3,0,1,24.25,41.0,0,2026-08-11T06:34:39.000Z,2026-08-11T06:34:39.000Z,5,5
HCP1485,6,3,2,1,6,0,0,23.33,36.0,1,2026-08-14T23:13:19.000Z,2026-08-14T23:13:19.000Z,2,2
HCP1495,5,3,2,0,5,0,0,30.6,59.0,2,2026-08-07T01:03:19.000Z,2026-08-07T01:03:19.000Z,9,9
HCP1506,4,1,3,0,4,0,0,24.25,54.0,3,2026-06-02T23:34:03.000Z,2026-06-02T23:34:03.000Z,75,75
HCP1507,3,3,0,0,3,0,0,42.67,52.0,1,2026-06-23T18:31:17.000Z,2026-06-23T18:31:17.000Z,54,54
HCP1508,9,4,5,0,8,1,0,24.22,49.0,4,2026-08-11T01:06:15.000Z,2026-08-11T01:06:15.000Z,5,5
HCP1512,5,2,1,2,5,0,0,39.4,58.0,1,2026-06-25T12:18:16.000Z,2026-06-25T12:18:16.000Z,52,52
HCP1521,4,2,0,2,4,0,0,33.25,53.0,0,2026-02-18T23:59:54.000Z,2026-02-18T23:59:54.000Z,179,179
HCP1524,6,5,1,0,6,0,0,27.0,36.0,4,2026-08-09T16:40:25.000Z,2026-08-09T16:40:25.000Z,7,7
HCP1555,5,4,0,1,5,0,0,37.6,60.0,1,2026-08-10T21:05:57.000Z,2026-08-10T21:05:57.000Z,6,6
HCP1571,5,3,2,0,5,0,0,32.6,56.0,3,2026-08-05T19:23:15.000Z,2026-08-05T19:23:15.000Z,11,11
HCP1576,12,7,4,1,11,1,0,30.42,59.0,7,2026-08-04T05:01:20.000Z,2026-08-04T05:01:20.000Z,12,12
HCP1585,12,7,2,3,12,0,0,33.83,54.0,6,2026-07-07T12:36:18.000Z,2026-07-07T12:36:18.000Z,40,40
HCP1586,4,3,1,0,4,0,0,25.75,31.0,3,2026-08-05T04:50:22.000Z,2026-08-05T04:50:22.000Z,11,11
HCP1592,9,5,3,1,9,0,0,35.0,58.0,5,2026-08-09T19:09:36.000Z,2026-08-09T19:09:36.000Z,7,7
HCP1596,7,4,1,2,7,0,0,39.86,60.0,2,2026-07-26T03:21:24.000Z,2026-07-26T03:21:24.000Z,21,21
HCP1694,3,1,2,0,3,0,0,22.0,41.0,1,2026-03-12T19:37:07.000Z,2026-03-12T19:37:07.000Z,157,157
HCP1701,6,3,3,0,5,1,0,30.5,55.0,1,2026-05-25T19:12:16.000Z,2026-05-25T19:12:16.000Z,83,83
HCP1707,3,3,0,0,2,0,1,49.0,55.0,2,2026-06-08T01:13:25.000Z,2026-03-29T11:36:45.000Z,140,69
HCP1751,6,5,0,1,4,1,1,34.17,45.0,2,2026-08-08T02:22:20.000Z,2026-08-08T02:22:20.000Z,8,8
HCP1758,10,5,3,2,7,1,2,31.8,59.0,3,2026-07-30T19:18:19.000Z,2026-07-30T19:18:19.000Z,17,17
HCP1769,10,5,2,3,10,0,0,33.1,58.0,4,2026-07-29T08:26:51.000Z,2026-07-29T08:26:51.000Z,18,18
HCP1778,4,1,2,1,4,0,0,29.0,59.0,2,2026-08-03T06:40:19.000Z,2026-08-03T06:40:19.000Z,13,13
HCP1791,3,1,1,1,1,1,1,29.67,43.0,0,2026-06-26T01:09:57.000Z,2026-03-16T21:51:02.000Z,153,51
HCP1796,11,7,3,1,11,0,0,32.45,54.0,5,2026-07-26T22:26:27.000Z,2026-07-26T22:26:27.000Z,21,21
HCP1805,11,7,3,1,11,0,0,31.55,56.0,4,2026-07-27T10:15:06.000Z,2026-07-27T10:15:06.000Z,20,20
HCP1818,9,5,1,3,8,1,0,39.11,53.0,5,2026-08-03T11:28:20.000Z,2026-08-03T11:28:20.000Z,13,13
HCP1855,6,3,1,2,5,1,0,35.17,58.0,2,2026-06-10T13:22:20.000Z,2026-06-10T13:22:20.000Z,67,67
HCP1858,6,2,4,0,4,1,1,24.83,56.0,4,2026-08-05T02:41:20.000Z,2026-08-05T02:41:20.000Z,11,11
HCP1860,4,2,1,1,3,1,0,34.25,54.0,2,2026-06-16T05:26:26.000Z,2026-06-16T05:26:26.000Z,61,61
HCP1882,11,7,3,1,9,1,1,37.09,59.0,2,2026-08-10T20:04:40.000Z,2026-08-10T20:04:40.000Z,6,6
HCP1888,5,2,1,2,5,0,0,38.8,52.0,1,2026-07-25T06:30:48.000Z,2026-07-25T06:30:48.000Z,22,22
HCP1928,7,2,3,2,7,0,0,27.43,54.0,4,2026-06-01T07:19:52.000Z,2026-06-01T07:19:52.000Z,76,76
HCP1940,6,4,1,1,5,1,0,33.83,42.0,1,2026-07-24T03:05:47.000Z,2026-07-24T03:05:47.000Z,23,23
HCP1948,9,3,4,2,9,0,0,28.44,57.0,4,2026-07-10T18:02:12.000Z,2026-07-10T18:02:12.000Z,37,37
HCP1949,7,3,1,3,7,0,0,27.0,40.0,2,2026-08-07T06:52:27.000Z,2026-08-07T06:52:27.000Z,9,9
HCP1956,6,2,3,1,5,0,1,28.33,56.0,2,2026-08-03T18:56:42.000Z,2026-08-03T18:56:42.000Z,13,13
HCP1959,4,2,2,0,3,1,0,26.5,56.0,1,2026-07-29T01:53:30.000Z,2026-07-08T15:23:57.000Z,39,18
HCP1971,11,6,4,1,11,0,0,22.55,41.0,5,2026-07-16T21:57:57.000Z,2026-07-16T21:57:57.000Z,31,31
HCP1995,3,2,0,1,3,0,0,36.67,47.0,1,2026-07-22T07:56:06.000Z,2026-07-22T07:56:06.000Z,25,25
HCP0013,5,3,0,2,4,0,1,36.2,54.0,2,2026-06-20T18:25:13.000Z,2026-06-20T18:25:13.000Z,57,57
HCP0045,6,2,3,1,6,0,0,22.17,45.0,3,2026-07-12T18:53:53.000Z,2026-07-12T18:53:53.000Z,35,35
HCP0081,5,4,1,0,3,1,1,41.6,55.0,1,2026-06-26T23:52:18.000Z,2026-05-03T21:43:29.000Z,105,51
HCP0083,10,4,4,2,9,1,0,25.1,45.0,3,2026-08-10T01:15:45.000Z,2026-08-10T01:15:45.000Z,6,6
HCP0129,4,2,1,1,3,1,0,39.0,56.0,1,2026-07-05T15:55:53.000Z,2026-07-01T21:43:59.000Z,46,42
HCP0133,13,7,5,1,11,1,1,27.92,49.0,7,2026-08-08T15:35:52.000Z,2026-08-08T15:35:52.000Z,8,8
HCP0134,8,6,1,1,5,2,1,40.0,58.0,0,2026-06-04T23:49:43.000Z,2026-06-04T23:49:43.000Z,73,73
HCP0163,3,3,0,0,2,1,0,28.67,30.0,0,2026-05-22T03:28:55.000Z,2026-05-20T14:40:51.000Z,88,86
HCP0170,7,4,2,1,6,1,0,31.14,51.0,3,2026-07-16T05:17:49.000Z,2026-07-16T05:17:49.000Z,31,31
HCP0179,8,2,1,5,7,0,1,27.0,39.0,1,2026-07-23T00:27:27.000Z,2026-07-23T00:27:27.000Z,24,24
HCP0218,3,2,0,1,3,0,0,30.33,44.0,2,2026-06-16T01:51:11.000Z,2026-06-16T01:51:11.000Z,61,61
HCP0241,12,9,3,0,9,0,3,34.42,60.0,3,2026-08-11T14:32:41.000Z,2026-08-11T14:32:41.000Z,5,5
HCP0242,6,3,1,2,5,0,1,35.17,55.0,3,2026-07-25T23:16:37.000Z,2026-07-25T23:16:37.000Z,22,22
HCP0264,5,3,2,0,4,1,0,33.8,57.0,3,2026-05-20T11:16:12.000Z,2026-05-20T11:16:12.000Z,88,88
HCP0268,5,2,0,3,5,0,0,38.2,44.0,2,2026-06-02T18:58:11.000Z,2026-06-02T18:58:11.000Z,75,75
HCP0293,4,2,0,2,4,0,0,28.25,41.0,2,2026-06-10T01:59:20.000Z,2026-06-10T01:59:20.000Z,67,67
HCP0358,8,5,2,1,7,1,0,32.63,56.0,1,2026-08-04T00:38:29.000Z,2026-08-04T00:38:29.000Z,12,12
HCP0420,11,4,2,5,10,0,1,32.73,60.0,7,2026-08-10T11:46:12.000Z,2026-08-10T11:46:12.000Z,6,6
HCP0431,6,3,2,1,6,0,0,32.0,52.0,3,2026-07-12T06:27:07.000Z,2026-07-12T06:27:07.000Z,35,35
HCP0437,8,1,3,4,7,1,0,27.0,45.0,6,2026-07-24T18:06:56.000Z,2026-07-24T18:06:56.000Z,23,23
HCP0441,12,3,6,3,11,1,0,23.75,59.0,4,2026-07-11T04:38:40.000Z,2026-07-07T16:36:55.000Z,40,36
HCP0464,9,4,2,3,8,1,0,28.11,55.0,2,2026-07-28T13:47:21.000Z,2026-07-28T13:47:21.000Z,19,19
HCP0477,8,4,1,3,8,0,0,33.38,58.0,4,2026-08-03T02:49:49.000Z,2026-08-03T02:49:49.000Z,13,13
HCP0486,9,5,2,2,8,1,0,32.11,55.0,2,2026-08-14T23:50:45.000Z,2026-08-14T23:50:45.000Z,2,2
HCP0488,3,1,2,0,3,0,0,22.67,47.0,2,2026-07-26T02:58:21.000Z,2026-07-26T02:58:21.000Z,21,21
HCP0501,6,1,4,1,5,0,1,24.5,44.0,1,2026-07-08T16:59:56.000Z,2026-05-26T02:04:09.000Z,82,39
HCP0508,7,2,4,1,6,1,0,24.0,48.0,4,2026-07-22T06:29:51.000Z,2026-07-22T06:29:51.000Z,25,25
HCP0513,10,6,3,1,10,0,0,30.4,55.0,3,2026-08-03T19:35:46.000Z,2026-08-03T19:35:46.000Z,13,13
HCP0522,3,0,1,2,2,1,0,26.67,43.0,0,2026-05-31T23:43:07.000Z,2026-05-31T23:43:07.000Z,77,77
HCP0542,5,1,3,1,4,1,0,16.2,33.0,1,2026-05-14T20:18:17.000Z,2026-05-09T07:41:35.000Z,99,94
HCP0590,10,5,2,3,8,1,1,32.0,55.0,6,2026-07-24T14:44:33.000Z,2026-07-24T14:44:33.000Z,23,23
HCP0612,12,8,2,2,9,0,3,32.5,53.0,4,2026-07-04T19:34:40.000Z,2026-07-04T19:34:40.000Z,43,43
HCP0619,11,6,3,2,8,2,1,26.82,51.0,5,2026-07-28T21:50:11.000Z,2026-07-28T21:50:11.000Z,19,19
HCP0629,3,0,1,2,3,0,0,25.33,44.0,1,2026-07-04T02:55:41.000Z,2026-07-04T02:55:41.000Z,43,43
HCP0650,10,5,4,1,9,1,0,23.8,57.0,6,2026-08-14T06:08:07.000Z,2026-08-14T06:08:07.000Z,2,2
HCP0651,5,5,0,0,5,0,0,46.2,60.0,1,2026-07-03T21:30:16.000Z,2026-07-03T21:30:16.000Z,44,44
HCP0652,11,5,6,0,10,1,0,27.18,57.0,5,2026-08-08T04:27:59.000Z,2026-08-08T04:27:59.000Z,8,8
HCP0662,13,11,1,1,11,2,0,42.31,60.0,7,2026-07-13T21:50:46.000Z,2026-07-13T21:50:46.000Z,34,34
HCP0673,6,3,0,3,4,2,0,37.67,55.0,2,2026-07-28T17:16:10.000Z,2026-07-11T17:05:41.000Z,36,19
HCP0686,6,5,1,0,5,0,1,39.5,52.0,3,2026-06-13T19:13:43.000Z,2026-06-13T19:13:43.000Z,64,64
HCP0706,5,2,2,1,5,0,0,26.2,42.0,2,2026-06-30T19:51:39.000Z,2026-06-30T19:51:39.000Z,47,47
HCP0707,9,6,0,3,9,0,0,41.0,59.0,3,2026-08-06T05:11:02.000Z,2026-08-06T05:11:02.000Z,10,10
HCP0717,5,3,0,2,5,0,0,41.4,60.0,1,2026-06-26T01:49:52.000Z,2026-06-26T01:49:52.000Z,51,51
HCP0730,3,1,2,0,3,0,0,21.0,35.0,1,2026-06-28T08:46:08.000Z,2026-06-28T08:46:08.000Z,49,49
HCP0744,6,4,2,0,4,2,0,29.0,55.0,1,2026-07-29T04:01:04.000Z,2026-07-18T05:32:45.000Z,29,18
HCP0753,4,4,0,0,4,0,0,39.25,55.0,3,2026-06-16T07:48:13.000Z,2026-06-16T07:48:13.000Z,61,61
HCP0758,8,5,2,1,7,0,1,34.0,60.0,2,2026-08-06T08:06:36.000Z,2026-08-06T08:06:36.000Z,10,10
HCP0779,5,4,0,1,5,0,0,44.2,56.0,2,2026-07-11T19:07:42.000Z,2026-07-11T19:07:42.000Z,36,36
HCP0794,5,3,2,0,5,0,0,30.0,45.0,2,2026-05-12T18:00:25.000Z,2026-05-12T18:00:25.000Z,96,96
HCP0811,5,2,3,0,4,0,1,21.0,32.0,2,2026-06-07T12:43:23.000Z,2026-04-19T23:59:46.000Z,119,70
HCP0821,6,4,2,0,6,0,0,29.33,59.0,2,2026-06-20T22:52:47.000Z,2026-06-20T22:52:47.000Z,57,57
HCP0834,7,3,2,2,5,0,2,24.43,47.0,2,2026-07-21T21:58:04.000Z,2026-07-21T21:58:04.000Z,26,26
HCP0836,8,4,1,3,7,1,0,35.5,48.0,2,2026-07-04T02:14:37.000Z,2026-06-25T08:03:17.000Z,52,43
HCP0851,11,8,2,1,10,1,0,30.18,47.0,6,2026-08-11T16:37:22.000Z,2026-08-11T16:37:22.000Z,5,5
HCP0854,13,4,3,6,12,1,0,30.46,47.0,10,2026-07-21T16:50:19.000Z,2026-07-21T16:50:19.000Z,26,26
HCP0870,10,5,3,2,6,3,1,30.6,45.0,3,2026-07-11T08:04:11.000Z,2026-07-11T08:04:11.000Z,36,36
HCP0873,11,4,4,3,9,1,1,29.0,45.0,2,2026-07-19T21:00:14.000Z,2026-07-17T19:31:33.000Z,30,28
HCP0898,4,2,0,2,4,0,0,36.75,55.0,3,2026-05-05T02:23:51.000Z,2026-05-05T02:23:51.000Z,103,103
HCP0925,9,5,2,2,7,2,0,29.22,49.0,1,2026-07-22T16:03:23.000Z,2026-07-22T16:03:23.000Z,25,25
HCP0945,3,2,1,0,3,0,0,40.67,55.0,2,2026-07-22T03:45:58.000Z,2026-07-22T03:45:58.000Z,25,25
HCP0954,6,5,1,0,6,0,0,38.0,54.0,4,2026-08-11T16:35:42.000Z,2026-08-11T16:35:42.000Z,5,5
HCP0956,6,2,2,2,6,0,0,32.17,50.0,3,2026-07-25T04:58:01.000Z,2026-07-25T04:58:01.000Z,22,22
HCP0963,7,3,3,1,7,0,0,23.43,46.0,3,2026-06-12T04:58:11.000Z,2026-06-12T04:58:11.000Z,65,65
HCP0997,8,4,3,1,6,2,0,31.25,59.0,3,2026-07-09T14:24:43.000Z,2026-06-30T13:20:45.000Z,47,38
HCP1052,5,3,2,0,4,1,0,40.0,58.0,0,2026-08-03T06:10:50.000Z,2026-08-03T06:10:50.000Z,13,13
HCP1054,7,3,2,2,7,0,0,33.14,60.0,1,2026-07-05T12:32:15.000Z,2026-07-05T12:32:15.000Z,42,42
HCP1055,3,2,0,1,2,0,1,34.0,44.0,1,2026-08-11T11:37:59.000Z,2026-08-11T11:37:59.000Z,5,5
HCP1063,6,3,2,1,5,1,0,29.5,54.0,2,2026-08-01T20:39:36.000Z,2026-08-01T20:39:36.000Z,15,15
HCP1064,3,1,2,0,3,0,0,21.33,44.0,2,2026-06-18T16:06:49.000Z,2026-06-18T16:06:49.000Z,59,59
HCP1088,11,6,3,2,10,1,0,30.55,50.0,6,2026-08-07T11:21:23.000Z,2026-07-31T17:54:07.000Z,16,9
HCP1102,5,4,0,1,5,0,0,36.0,48.0,0,2026-07-19T04:19:06.000Z,2026-07-19T04:19:06.000Z,28,28
HCP1115,10,4,5,1,9,0,1,24.2,49.0,6,2026-07-06T04:07:24.000Z,2026-07-06T04:07:24.000Z,41,41
HCP1120,7,3,3,1,6,1,0,24.43,54.0,1,2026-08-11T12:25:07.000Z,2026-08-11T12:25:07.000Z,5,5
HCP1154,5,2,2,1,4,0,1,37.2,57.0,2,2026-08-12T09:16:28.000Z,2026-08-12T09:16:28.000Z,4,4
HCP1173,6,2,2,2,5,1,0,27.33,42.0,5,2026-04-14T14:43:56.000Z,2026-04-14T14:43:56.000Z,124,124
HCP1203,7,2,2,3,7,0,0,26.71,58.0,4,2026-06-13T10:46:09.000Z,2026-06-13T10:46:09.000Z,64,64
HCP1240,6,3,3,0,5,1,0,26.67,48.0,3,2026-06-26T10:58:10.000Z,2026-06-26T10:58:10.000Z,51,51
HCP1245,6,2,3,1,5,0,1,25.83,41.0,1,2026-07-01T15:09:06.000Z,2026-07-01T15:09:06.000Z,46,46
HCP1287,9,5,0,4,8,1,0,38.22,52.0,1,2026-06-28T18:39:20.000Z,2026-06-28T18:39:20.000Z,49,49
HCP1290,8,5,1,2,7,1,0,42.75,59.0,3,2026-08-06T23:05:09.000Z,2026-08-06T23:05:09.000Z,10,10
HCP1297,8,3,2,3,8,0,0,32.38,46.0,4,2026-07-05T06:46:19.000Z,2026-07-05T06:46:19.000Z,42,42
HCP1303,3,3,0,0,3,0,0,40.67,49.0,0,2026-08-13T02:51:03.000Z,2026-08-13T02:51:03.000Z,3,3
HCP1305,4,1,2,1,3,1,0,23.75,42.0,1,2026-07-11T10:17:18.000Z,2026-07-11T10:17:18.000Z,36,36
HCP1352,8,4,3,1,7,0,1,31.75,55.0,3,2026-07-28T15:46:26.000Z,2026-07-28T15:46:26.000Z,19,19
HCP1361,11,5,6,0,9,0,2,24.36,51.0,4,2026-07-01T03:22:52.000Z,2026-07-01T03:22:52.000Z,46,46
HCP1386,9,7,2,0,7,2,0,37.67,54.0,3,2026-05-04T12:46:15.000Z,2026-05-04T12:46:15.000Z,104,104
HCP1395,6,2,3,1,6,0,0,29.83,55.0,2,2026-06-09T22:43:34.000Z,2026-06-09T22:43:34.000Z,68,68
HCP1409,3,3,0,0,3,0,0,48.33,58.0,1,2026-07-21T23:54:39.000Z,2026-07-21T23:54:39.000Z,26,26
HCP1414,3,1,1,1,3,0,0,33.67,54.0,2,2026-05-30T20:18:46.000Z,2026-05-30T20:18:46.000Z,78,78
HCP1418,3,3,0,0,3,0,0,41.0,51.0,3,2026-05-13T08:45:12.000Z,2026-05-13T08:45:12.000Z,95,95
HCP1427,10,7,1,2,9,0,1,37.1,53.0,4,2026-06-27T18:50:02.000Z,2026-06-27T18:50:02.000Z,50,50
HCP1430,7,3,4,0,7,0,0,25.86,50.0,0,2026-07-25T22:48:57.000Z,2026-07-25T22:48:57.000Z,22,22
HCP1447,4,2,2,0,4,0,0,27.75,60.0,2,2026-08-02T02:51:41.000Z,2026-08-02T02:51:41.000Z,14,14
HCP1453,4,2,0,2,4,0,0,33.75,57.0,3,2026-07-27T08:06:10.000Z,2026-07-27T08:06:10.000Z,20,20
HCP1477,5,2,3,0,4,0,1,26.8,44.0,1,2026-08-13T04:56:10.000Z,2026-08-13T04:56:10.000Z,3,3
HCP1482,4,2,0,2,3,1,0,42.5,60.0,1,2026-06-14T01:25:52.000Z,2026-06-14T01:25:52.000Z,63,63
HCP1510,6,3,2,1,4,1,1,26.0,42.0,1,2026-06-28T07:48:55.000Z,2026-06-28T07:48:55.000Z,49,49
HCP1517,10,7,2,1,10,0,0,44.7,60.0,4,2026-07-04T02:19:58.000Z,2026-07-04T02:19:58.000Z,43,43
HCP1530,7,5,2,0,4,2,1,33.14,59.0,1,2026-06-28T18:33:34.000Z,2026-06-28T18:33:34.000Z,49,49
HCP1572,12,7,2,3,12,0,0,31.33,58.0,4,2026-08-07T11:51:49.000Z,2026-08-07T11:51:49.000Z,9,9
HCP1577,11,4,3,4,9,1,1,31.64,49.0,2,2026-08-12T17:41:13.000Z,2026-07-14T11:06:07.000Z,33,4
HCP1616,4,2,0,2,4,0,0,35.0,54.0,2,2026-06-29T01:12:19.000Z,2026-06-29T01:12:19.000Z,48,48
HCP1670,4,3,0,1,4,0,0,43.5,60.0,4,2026-08-05T13:36:32.000Z,2026-08-05T13:36:32.000Z,11,11
HCP1683,10,6,3,1,9,0,1,31.0,57.0,3,2026-08-14T16:53:17.000Z,2026-08-14T16:53:17.000Z,2,2
HCP1687,7,5,2,0,5,2,0,39.43,60.0,1,2026-07-27T02:59:40.000Z,2026-07-27T02:59:40.000Z,20,20
HCP1691,5,2,1,2,5,0,0,32.0,41.0,1,2026-06-18T08:45:37.000Z,2026-06-18T08:45:37.000Z,59,59
HCP1703,8,5,2,1,8,0,0,29.0,46.0,1,2026-08-04T04:54:43.000Z,2026-08-04T04:54:43.000Z,12,12
HCP1731,2,1,1,0,2,0,0,21.0,35.0,1,2026-07-30T11:48:02.000Z,2026-07-30T11:48:02.000Z,17,17
HCP1750,5,2,2,1,5,0,0,27.0,44.0,1,2026-08-03T13:10:19.000Z,2026-08-03T13:10:19.000Z,13,13
HCP1783,5,3,0,2,2,2,1,40.0,59.0,1,2026-05-22T12:32:38.000Z,2026-04-19T20:40:35.000Z,119,86
HCP1789,10,5,4,1,9,1,0,27.5,58.0,4,2026-07-11T01:40:53.000Z,2026-07-11T01:40:53.000Z,36,36
HCP1790,4,2,1,1,4,0,0,32.0,46.0,2,2026-07-30T15:41:17.000Z,2026-07-30T15:41:17.000Z,17,17
HCP1794,9,5,4,0,9,0,0,31.44,59.0,3,2026-08-07T19:44:00.000Z,2026-08-07T19:44:00.000Z,9,9
HCP1822,7,4,0,3,7,0,0,42.29,58.0,4,2026-07-05T06:45:09.000Z,2026-07-05T06:45:09.000Z,42,42
HCP1847,5,3,0,2,5,0,0,42.8,58.0,3,2026-07-30T13:24:21.000Z,2026-07-30T13:24:21.000Z,17,17
HCP1861,6,3,1,2,6,0,0,34.67,55.0,3,2026-08-02T14:02:37.000Z,2026-08-02T14:02:37.000Z,14,14
HCP1876,4,2,2,0,4,0,0,37.5,57.0,2,2026-08-02T12:11:43.000Z,2026-08-02T12:11:43.000Z,14,14
HCP1901,6,1,3,2,6,0,0,22.67,39.0,3,2026-05-05T08:22:34.000Z,2026-05-05T08:22:34.000Z,103,103
HCP1905,4,3,1,0,4,0,0,32.5,50.0,2,2026-08-14T13:15:26.000Z,2026-08-14T13:15:26.000Z,2,2
HCP1917,9,2,2,5,8,1,0,28.44,45.0,3,2026-07-08T22:13:31.000Z,2026-07-08T22:13:31.000Z,39,39
HCP1957,9,2,4,3,9,0,0,23.11,58.0,2,2026-06-18T14:53:38.000Z,2026-06-18T14:53:38.000Z,59,59
HCP1983,10,3,5,2,10,0,0,21.1,45.0,7,2026-05-25T10:59:15.000Z,2026-05-25T10:59:15.000Z,83,83
HCP0004,6,3,3,0,5,0,1,33.83,60.0,3,2026-07-20T22:39:01.000Z,2026-07-20T22:39:01.000Z,27,27
HCP0021,9,4,4,1,6,0,3,25.11,44.0,3,2026-08-11T00:24:33.000Z,2026-08-02T04:04:07.000Z,14,5
HCP0024,8,4,3,1,6,1,1,29.88,59.0,1,2026-07-21T13:29:12.000Z,2026-07-21T13:29:12.000Z,26,26
HCP0059,7,5,2,0,5,2,0,29.14,44.0,2,2026-08-10T20:32:32.000Z,2026-08-10T20:32:32.000Z,6,6
HCP0071,9,5,3,1,8,1,0,29.33,56.0,1,2026-07-22T05:52:59.000Z,2026-07-22T05:52:59.000Z,25,25
HCP0094,4,2,0,2,4,0,0,39.75,57.0,0,2026-08-11T17:51:07.000Z,2026-08-11T17:51:07.000Z,5,5
HCP0177,6,4,1,1,4,1,1,34.83,52.0,3,2026-07-07T22:24:27.000Z,2026-07-07T22:24:27.000Z,40,40
HCP0183,2,1,0,1,2,0,0,26.5,29.0,1,2026-07-19T17:22:51.000Z,2026-07-19T17:22:51.000Z,28,28
HCP0184,8,3,4,1,7,1,0,27.63,54.0,2,2026-08-13T22:28:41.000Z,2026-08-13T22:28:41.000Z,3,3
HCP0185,3,2,0,1,3,0,0,45.67,59.0,0,2026-08-01T15:56:43.000Z,2026-08-01T15:56:43.000Z,15,15
HCP0209,6,1,5,0,6,0,0,15.33,41.0,3,2026-07-30T16:48:17.000Z,2026-07-30T16:48:17.000Z,17,17
HCP0224,7,2,3,2,6,0,1,26.71,50.0,3,2026-05-25T04:49:12.000Z,2026-05-25T04:49:12.000Z,83,83
HCP0244,9,5,3,1,7,1,1,33.22,60.0,3,2026-07-29T15:11:15.000Z,2026-07-29T15:11:15.000Z,18,18
HCP0267,4,3,1,0,4,0,0,36.5,60.0,2,2026-07-03T22:26:03.000Z,2026-07-03T22:26:03.000Z,44,44
HCP0296,8,6,2,0,8,0,0,37.88,59.0,2,2026-07-28T07:18:34.000Z,2026-07-28T07:18:34.000Z,19,19
HCP0306,5,1,3,1,5,0,0,18.8,41.0,2,2026-08-03T18:28:32.000Z,2026-08-03T18:28:32.000Z,13,13
HCP0323,7,3,3,1,7,0,0,28.43,51.0,5,2026-08-06T23:54:31.000Z,2026-08-06T23:54:31.000Z,10,10
HCP0340,12,6,4,2,12,0,0,32.25,47.0,6,2026-07-21T13:05:53.000Z,2026-07-21T13:05:53.000Z,26,26
HCP0349,9,4,4,1,8,1,0,23.11,40.0,5,2026-07-25T12:28:05.000Z,2026-07-20T22:10:52.000Z,27,22
HCP0355,4,1,1,2,4,0,0,27.75,40.0,3,2026-06-14T09:26:28.000Z,2026-06-14T09:26:28.000Z,63,63
HCP0369,4,3,0,1,2,2,0,39.25,43.0,1,2026-07-07T16:57:05.000Z,2026-05-15T03:38:34.000Z,93,40
HCP0423,5,3,2,0,3,2,0,27.4,45.0,2,2026-07-15T09:21:43.000Z,2026-07-15T09:21:43.000Z,32,32
HCP0424,4,3,1,0,4,0,0,37.0,50.0,2,2026-06-21T17:14:25.000Z,2026-06-21T17:14:25.000Z,56,56
HCP0438,4,3,0,1,2,1,1,48.0,60.0,0,2026-02-28T11:26:39.000Z,2026-02-28T11:26:39.000Z,169,169
HCP0442,3,2,1,0,3,0,0,30.67,58.0,2,2026-06-15T09:39:38.000Z,2026-06-15T09:39:38.000Z,62,62
HCP0444,10,6,4,0,8,1,1,31.5,56.0,4,2026-08-11T02:09:20.000Z,2026-07-20T01:30:40.000Z,27,5
HCP0446,9,3,2,4,7,1,1,31.56,59.0,2,2026-06-25T03:50:30.000Z,2026-06-25T03:50:30.000Z,52,52
HCP0455,3,2,0,1,3,0,0,44.33,56.0,0,2026-07-27T04:53:30.000Z,2026-07-27T04:53:30.000Z,20,20
HCP0469,5,3,1,1,4,1,0,32.8,56.0,0,2026-08-09T17:53:41.000Z,2026-08-09T17:53:41.000Z,7,7
HCP0485,10,5,2,3,10,0,0,32.8,58.0,2,2026-08-08T15:46:29.000Z,2026-08-08T15:46:29.000Z,8,8
HCP0515,11,4,3,4,10,0,1,27.0,50.0,5,2026-08-14T05:16:50.000Z,2026-08-14T05:16:50.000Z,2,2
HCP0534,5,1,1,3,5,0,0,33.8,59.0,2,2026-08-04T07:55:33.000Z,2026-08-04T07:55:33.000Z,12,12
HCP0549,7,5,1,1,6,1,0,38.57,60.0,3,2026-07-31T19:09:08.000Z,2026-07-31T15:11:43.000Z,16,16
HCP0558,8,3,4,1,8,0,0,22.5,60.0,4,2026-08-02T05:15:41.000Z,2026-08-02T05:15:41.000Z,14,14
HCP0574,13,5,5,3,11,1,1,26.54,59.0,4,2026-07-24T19:39:01.000Z,2026-07-13T07:40:52.000Z,34,23
HCP0611,9,5,3,1,7,0,2,30.78,56.0,4,2026-08-11T09:45:46.000Z,2026-06-11T12:50:40.000Z,66,5
HCP0618,8,2,4,2,6,1,1,29.38,58.0,3,2026-06-29T07:47:05.000Z,2026-06-29T07:47:05.000Z,48,48
HCP0626,11,6,3,2,10,1,0,32.82,58.0,2,2026-08-06T11:54:08.000Z,2026-08-06T11:54:08.000Z,10,10
HCP0631,7,4,2,1,5,2,0,36.43,60.0,2,2026-08-07T14:59:10.000Z,2026-07-22T09:19:08.000Z,25,9
HCP0639,9,6,3,0,8,1,0,31.44,56.0,3,2026-08-14T18:20:13.000Z,2026-08-14T18:20:13.000Z,2,2
HCP0653,5,2,2,1,5,0,0,25.2,46.0,4,2026-07-27T23:21:57.000Z,2026-07-27T23:21:57.000Z,20,20
HCP0654,5,4,1,0,4,1,0,41.0,56.0,2,2026-07-04T09:51:40.000Z,2026-07-04T09:51:40.000Z,43,43
HCP0660,9,5,4,0,6,3,0,25.22,47.0,2,2026-08-13T06:54:40.000Z,2026-08-13T06:54:40.000Z,3,3
HCP0665,9,7,2,0,8,1,0,40.78,60.0,4,2026-07-13T00:25:31.000Z,2026-07-13T00:25:31.000Z,34,34
HCP0667,3,1,2,0,3,0,0,21.67,42.0,3,2026-07-17T22:26:57.000Z,2026-07-17T22:26:57.000Z,30,30
HCP0676,6,3,1,2,6,0,0,35.5,50.0,4,2026-08-04T05:59:15.000Z,2026-08-04T05:59:15.000Z,12,12
HCP0720,9,5,4,0,8,0,1,28.56,58.0,1,2026-07-20T12:28:24.000Z,2026-07-20T12:28:24.000Z,27,27
HCP0740,4,1,1,2,3,0,1,28.25,41.0,2,2026-07-16T01:59:53.000Z,2026-06-11T02:58:31.000Z,66,31
HCP0784,7,5,2,0,4,1,2,36.71,55.0,1,2026-06-21T00:20:33.000Z,2026-06-10T13:24:53.000Z,67,56
HCP0797,10,7,1,2,10,0,0,40.7,60.0,5,2026-07-24T06:00:40.000Z,2026-07-24T06:00:40.000Z,23,23
HCP0800,7,1,1,5,4,2,1,28.86,45.0,2,2026-08-13T23:02:40.000Z,2026-08-13T23:02:40.000Z,3,3
HCP0843,5,3,1,1,3,1,1,39.4,55.0,2,2026-07-22T20:24:37.000Z,2026-04-21T06:04:24.000Z,117,25
HCP0849,4,4,0,0,3,0,1,42.75,59.0,1,2026-06-20T22:19:55.000Z,2026-06-20T22:19:55.000Z,57,57
HCP0850,11,4,4,3,8,0,3,29.36,59.0,5,2026-08-14T22:51:24.000Z,2026-08-14T22:51:24.000Z,2,2
HCP0860,5,4,1,0,4,0,1,37.6,53.0,2,2026-04-14T10:16:01.000Z,2026-04-14T10:16:01.000Z,124,124
HCP0861,10,6,1,3,8,2,0,35.1,58.0,5,2026-06-04T19:42:46.000Z,2026-05-30T23:08:37.000Z,78,73
HCP0892,4,1,2,1,4,0,0,26.5,45.0,2,2026-08-09T14:42:54.000Z,2026-08-09T14:42:54.000Z,7,7
HCP0924,9,5,1,3,8,1,0,35.78,54.0,1,2026-08-13T05:56:11.000Z,2026-07-20T01:10:15.000Z,27,3
HCP0941,10,5,4,1,9,1,0,29.2,59.0,4,2026-08-06T12:21:56.000Z,2026-08-06T12:21:56.000Z,10,10
HCP0944,7,3,2,2,7,0,0,33.86,59.0,4,2026-08-05T12:34:42.000Z,2026-08-05T12:34:42.000Z,11,11
HCP0955,7,4,2,1,7,0,0,32.0,52.0,2,2026-07-04T23:43:15.000Z,2026-07-04T23:43:15.000Z,43,43
HCP0959,8,4,2,2,7,0,1,32.5,54.0,5,2026-07-24T23:32:34.000Z,2026-07-24T23:32:34.000Z,23,23
HCP0965,9,5,2,2,9,0,0,35.67,60.0,4,2026-08-08T14:30:14.000Z,2026-08-08T14:30:14.000Z,8,8
HCP0969,8,4,4,0,6,0,2,30.75,57.0,1,2026-07-06T02:46:18.000Z,2026-07-06T02:46:18.000Z,41,41
HCP0989,9,4,0,5,7,0,2,37.11,58.0,1,2026-06-03T14:29:45.000Z,2026-06-03T14:29:45.000Z,74,74
HCP0994,7,1,5,1,6,0,1,18.0,35.0,2,2026-08-10T08:45:52.000Z,2026-08-10T08:45:52.000Z,6,6
HCP1023,3,1,1,1,3,0,0,29.67,60.0,2,2026-06-24T22:16:12.000Z,2026-06-24T22:16:12.000Z,53,53
HCP1046,7,3,2,2,6,1,0,29.43,55.0,2,2026-07-10T18:51:13.000Z,2026-07-10T18:51:13.000Z,37,37
HCP1047,6,4,1,1,5,0,1,36.83,52.0,4,2026-08-12T08:25:07.000Z,2026-08-12T08:25:07.000Z,4,4
HCP1059,4,4,0,0,3,0,1,44.0,59.0,2,2026-07-30T16:31:00.000Z,2026-07-03T23:39:15.000Z,44,17
HCP1074,11,6,3,2,10,1,0,29.64,49.0,7,2026-08-06T09:08:44.000Z,2026-07-12T17:21:29.000Z,35,10
HCP1078,10,5,4,1,10,0,0,26.6,52.0,5,2026-07-24T23:21:12.000Z,2026-07-24T23:21:12.000Z,23,23
HCP1086,7,5,1,1,6,1,0,36.29,49.0,1,2026-08-13T23:47:03.000Z,2026-08-13T23:47:03.000Z,3,3
HCP1104,12,7,4,1,10,2,0,31.58,59.0,7,2026-07-06T09:29:27.000Z,2026-07-06T09:29:27.000Z,41,41
HCP1125,11,6,3,2,9,2,0,31.18,58.0,5,2026-08-04T20:07:42.000Z,2026-08-04T20:07:42.000Z,12,12
HCP1177,4,1,2,1,4,0,0,31.0,54.0,2,2026-07-29T09:19:00.000Z,2026-07-29T09:19:00.000Z,18,18
HCP1208,6,5,0,1,6,0,0,43.67,58.0,4,2026-05-29T21:45:28.000Z,2026-05-29T21:45:28.000Z,79,79
HCP1213,4,2,2,0,4,0,0,35.0,59.0,1,2026-06-24T06:37:08.000Z,2026-06-24T06:37:08.000Z,53,53
HCP1227,7,3,2,2,7,0,0,28.71,47.0,5,2026-08-12T19:26:39.000Z,2026-08-12T19:26:39.000Z,4,4
HCP1262,8,4,4,0,8,0,0,27.25,56.0,3,2026-07-18T03:21:51.000Z,2026-07-18T03:21:51.000Z,29,29
HCP1265,5,2,1,2,4,0,1,25.6,45.0,1,2026-05-07T05:56:40.000Z,2026-05-07T05:56:40.000Z,101,101
HCP1268,9,5,3,1,9,0,0,31.33,58.0,8,2026-07-15T16:04:44.000Z,2026-07-15T16:04:44.000Z,32,32
HCP1307,7,4,2,1,7,0,0,35.0,56.0,5,2026-06-13T01:25:54.000Z,2026-06-13T01:25:54.000Z,64,64
HCP1311,2,1,1,0,2,0,0,19.0,28.0,1,2026-07-25T15:49:11.000Z,2026-07-25T15:49:11.000Z,22,22
HCP1320,9,4,4,1,8,1,0,29.22,57.0,2,2026-06-28T13:32:36.000Z,2026-06-28T13:32:36.000Z,49,49
HCP1328,8,7,1,0,5,2,1,35.38,48.0,5,2026-07-21T21:59:05.000Z,2026-07-21T21:59:05.000Z,26,26
HCP1346,3,1,2,0,3,0,0,24.0,56.0,1,2026-04-09T12:12:19.000Z,2026-04-09T12:12:19.000Z,129,129
HCP1372,10,7,2,1,10,0,0,34.3,57.0,5,2026-08-11T19:30:55.000Z,2026-08-11T19:30:55.000Z,5,5
HCP1411,5,2,2,1,4,0,1,18.8,36.0,0,2026-08-02T15:56:37.000Z,2026-08-02T15:56:37.000Z,14,14
HCP1434,9,1,2,6,8,0,1,25.89,60.0,3,2026-07-18T14:17:30.000Z,2026-07-18T14:17:30.000Z,29,29
HCP1441,5,1,2,2,5,0,0,27.8,46.0,1,2026-08-11T09:14:01.000Z,2026-08-11T09:14:01.000Z,5,5
HCP1443,5,4,0,1,5,0,0,42.4,52.0,1,2026-07-19T12:30:29.000Z,2026-07-19T12:30:29.000Z,28,28
HCP1463,6,6,0,0,5,1,0,32.67,47.0,0,2026-07-07T14:03:04.000Z,2026-07-07T14:03:04.000Z,40,40
HCP1474,6,4,1,1,4,1,1,37.5,58.0,3,2026-06-19T21:11:17.000Z,2026-06-19T21:11:17.000Z,58,58
HCP1497,7,4,2,1,6,1,0,31.71,56.0,3,2026-07-27T02:29:10.000Z,2026-07-11T11:05:12.000Z,36,20
HCP1533,8,6,1,1,8,0,0,39.0,55.0,7,2026-06-18T05:23:37.000Z,2026-06-18T05:23:37.000Z,59,59
HCP1558,9,2,4,3,7,2,0,18.89,35.0,2,2026-07-09T14:53:04.000Z,2026-07-09T14:53:04.000Z,38,38
HCP1600,10,3,2,5,9,0,1,31.7,60.0,6,2026-07-26T15:29:17.000Z,2026-07-26T15:29:17.000Z,21,21
HCP1613,6,2,0,4,4,1,1,38.0,59.0,2,2026-08-10T00:53:15.000Z,2026-08-10T00:53:15.000Z,6,6
HCP1628,9,3,4,2,7,2,0,26.11,47.0,6,2026-08-12T22:18:02.000Z,2026-08-12T22:18:02.000Z,4,4
HCP1658,7,5,1,1,7,0,0,37.43,60.0,3,2026-07-29T00:57:08.000Z,2026-07-29T00:57:08.000Z,18,18
HCP1695,4,2,1,1,4,0,0,41.0,57.0,1,2026-07-12T20:38:53.000Z,2026-07-12T20:38:53.000Z,35,35
HCP1720,5,2,1,2,5,0,0,29.6,41.0,3,2026-05-23T14:11:04.000Z,2026-05-23T14:11:04.000Z,85,85
HCP1736,6,3,1,2,6,0,0,25.5,38.0,1,2026-07-03T00:16:37.000Z,2026-07-03T00:16:37.000Z,44,44
HCP1748,4,2,1,1,4,0,0,30.0,41.0,0,2026-06-27T18:14:37.000Z,2026-06-27T18:14:37.000Z,50,50
HCP1762,11,3,4,4,9,2,0,26.73,59.0,4,2026-08-05T10:56:48.000Z,2026-08-05T10:56:48.000Z,11,11
HCP1819,7,1,3,3,4,2,1,25.14,52.0,1,2026-07-16T03:05:24.000Z,2026-07-16T03:05:24.000Z,31,31
HCP1852,3,2,1,0,3,0,0,25.67,32.0,2,2026-04-16T13:49:03.000Z,2026-04-16T13:49:03.000Z,122,122
HCP1872,10,7,2,1,9,1,0,33.3,54.0,4,2026-07-13T08:44:20.000Z,2026-07-13T08:44:20.000Z,34,34
HCP1875,7,2,2,3,7,0,0,32.0,52.0,1,2026-06-26T02:05:20.000Z,2026-06-26T02:05:20.000Z,51,51
HCP1895,6,3,1,2,6,0,0,37.5,53.0,2,2026-07-22T07:16:08.000Z,2026-07-22T07:16:08.000Z,25,25
HCP1896,7,3,3,1,6,0,1,28.86,55.0,3,2026-06-29T01:29:27.000Z,2026-06-29T01:29:27.000Z,48,48
HCP1964,8,3,2,3,6,0,2,25.75,41.0,5,2026-08-07T00:21:35.000Z,2026-08-07T00:21:35.000Z,9,9
HCP1980,7,3,2,2,6,1,0,24.14,40.0,3,2026-07-31T14:08:17.000Z,2026-07-31T14:08:17.000Z,16,16
HCP0005,4,2,2,0,3,1,0,27.25,52.0,1,2026-03-24T03:35:55.000Z,2026-03-24T03:35:55.000Z,145,145
HCP0014,12,3,6,3,9,1,2,27.17,52.0,4,2026-07-19T23:32:46.000Z,2026-07-19T23:32:46.000Z,28,28
HCP0025,13,7,2,4,11,0,2,32.92,57.0,10,2026-08-05T00:48:21.000Z,2026-08-05T00:48:21.000Z,11,11
HCP0029,11,4,4,3,9,1,1,29.27,50.0,7,2026-07-08T09:07:20.000Z,2026-07-08T09:07:20.000Z,39,39
HCP0040,12,7,4,1,7,2,3,32.83,58.0,5,2026-08-10T04:51:01.000Z,2026-08-04T03:19:06.000Z,12,6
HCP0044,4,2,2,0,4,0,0,25.0,41.0,2,2026-06-29T17:29:26.000Z,2026-06-29T17:29:26.000Z,48,48
HCP0078,6,4,1,1,6,0,0,36.83,58.0,3,2026-07-20T02:32:20.000Z,2026-07-20T02:32:20.000Z,27,27
HCP0082,7,4,1,2,6,1,0,41.43,53.0,1,2026-08-02T17:04:46.000Z,2026-08-02T17:04:46.000Z,14,14
HCP0084,5,3,0,2,5,0,0,35.8,47.0,2,2026-08-01T18:09:49.000Z,2026-08-01T18:09:49.000Z,15,15
HCP0122,5,3,2,0,5,0,0,33.0,51.0,0,2026-06-30T11:04:32.000Z,2026-06-30T11:04:32.000Z,47,47
HCP0154,7,3,3,1,7,0,0,28.14,45.0,3,2026-08-09T00:46:49.000Z,2026-08-09T00:46:49.000Z,7,7
HCP0167,5,4,0,1,4,0,1,35.4,57.0,2,2026-06-04T02:53:15.000Z,2026-06-04T02:53:15.000Z,73,73
HCP0207,9,2,5,2,9,0,0,26.56,43.0,4,2026-08-09T17:07:35.000Z,2026-08-09T17:07:35.000Z,7,7
HCP0211,7,2,1,4,6,0,1,30.43,42.0,5,2026-08-04T21:38:02.000Z,2026-08-04T21:38:02.000Z,12,12
HCP0246,7,5,1,1,5,2,0,36.86,60.0,1,2026-07-19T21:19:41.000Z,2026-07-19T21:19:41.000Z,28,28
HCP0257,9,7,1,1,6,1,2,42.22,55.0,2,2026-08-07T20:07:05.000Z,2026-08-07T20:07:05.000Z,9,9
HCP0298,4,1,2,1,4,0,0,21.25,32.0,1,2026-05-03T19:38:45.000Z,2026-05-03T19:38:45.000Z,105,105
HCP0326,6,2,2,2,5,1,0,23.17,47.0,4,2026-07-10T04:45:37.000Z,2026-07-10T04:45:37.000Z,37,37
HCP0330,3,1,1,1,3,0,0,23.0,43.0,3,2026-06-01T18:31:42.000Z,2026-06-01T18:31:42.000Z,76,76
HCP0338,8,3,4,1,8,0,0,27.5,46.0,5,2026-07-11T15:11:11.000Z,2026-07-11T15:11:11.000Z,36,36
HCP0364,11,5,3,3,8,2,1,30.91,60.0,5,2026-08-09T07:23:32.000Z,2026-08-09T07:23:32.000Z,7,7
HCP0370,3,1,2,0,3,0,0,23.33,41.0,1,2026-04-20T20:06:12.000Z,2026-04-20T20:06:12.000Z,118,118
HCP0374,3,1,1,1,3,0,0,18.67,29.0,3,2026-06-26T08:11:43.000Z,2026-06-26T08:11:43.000Z,51,51
HCP0388,7,4,2,1,5,0,2,36.14,59.0,3,2026-07-04T22:30:01.000Z,2026-07-04T22:30:01.000Z,43,43
HCP0389,10,4,4,2,10,0,0,29.3,55.0,4,2026-07-27T20:11:15.000Z,2026-07-27T20:11:15.000Z,20,20
HCP0404,4,4,0,0,4,0,0,41.75,60.0,3,2026-06-12T18:19:44.000Z,2026-06-12T18:19:44.000Z,65,65
HCP0427,5,2,2,1,5,0,0,29.8,51.0,2,2026-07-14T13:37:39.000Z,2026-07-14T13:37:39.000Z,33,33
HCP0445,5,2,1,2,5,0,0,38.4,59.0,2,2026-07-06T03:45:48.000Z,2026-07-06T03:45:48.000Z,41,41
HCP0450,4,1,0,3,4,0,0,38.25,51.0,3,2026-07-15T23:39:48.000Z,2026-07-15T23:39:48.000Z,32,32
HCP0453,7,2,2,3,4,2,1,32.14,60.0,1,2026-07-31T03:56:43.000Z,2026-07-31T03:56:43.000Z,16,16
HCP0461,4,3,0,1,3,1,0,40.25,47.0,1,2026-08-10T22:56:28.000Z,2026-08-10T22:56:28.000Z,6,6
HCP0472,7,2,2,3,6,0,1,30.43,44.0,2,2026-08-07T15:23:03.000Z,2026-08-07T15:23:03.000Z,9,9
HCP0532,9,5,2,2,8,1,0,34.22,56.0,4,2026-06-12T09:28:22.000Z,2026-06-12T09:28:22.000Z,65,65
HCP0580,3,0,2,1,2,1,0,12.33,20.0,0,2026-06-26T06:08:20.000Z,2026-06-08T16:46:31.000Z,69,51
HCP0595,3,2,1,0,3,0,0,28.0,47.0,1,2026-05-16T22:08:02.000Z,2026-05-16T22:08:02.000Z,92,92
HCP0641,4,1,2,1,4,0,0,27.5,57.0,2,2026-06-13T10:16:46.000Z,2026-06-13T10:16:46.000Z,64,64
HCP0647,10,3,4,3,8,2,0,25.8,49.0,4,2026-07-28T20:41:37.000Z,2026-07-28T20:41:37.000Z,19,19
HCP0670,11,3,3,5,10,0,1,32.36,60.0,6,2026-08-05T06:20:00.000Z,2026-08-05T06:20:00.000Z,11,11
HCP0687,6,3,3,0,5,1,0,20.33,46.0,1,2026-05-19T04:48:58.000Z,2026-05-19T04:48:58.000Z,89,89
HCP0726,8,1,5,2,6,0,2,17.88,51.0,3,2026-08-11T18:02:06.000Z,2026-08-11T18:02:06.000Z,5,5
HCP0732,9,3,4,2,7,1,1,24.33,51.0,3,2026-07-29T20:53:41.000Z,2026-07-29T20:53:41.000Z,18,18
HCP0736,4,2,0,2,4,0,0,30.25,36.0,3,2026-07-30T07:51:22.000Z,2026-07-30T07:51:22.000Z,17,17
HCP0737,8,2,3,3,7,0,1,25.25,59.0,4,2026-08-14T04:58:48.000Z,2026-08-14T04:58:48.000Z,2,2
HCP0748,10,4,4,2,10,0,0,28.8,53.0,6,2026-08-08T04:13:40.000Z,2026-08-08T04:13:40.000Z,8,8
HCP0774,4,2,2,0,3,1,0,25.75,54.0,0,2026-08-08T07:45:17.000Z,2026-08-08T07:45:17.000Z,8,8
HCP0781,8,4,3,1,8,0,0,27.88,58.0,5,2026-08-12T09:07:38.000Z,2026-08-12T09:07:38.000Z,4,4
HCP0799,11,7,3,1,10,1,0,32.27,56.0,3,2026-07-17T23:18:05.000Z,2026-07-17T23:18:05.000Z,30,30
HCP0813,10,6,2,2,10,0,0,35.6,58.0,3,2026-08-13T13:14:20.000Z,2026-08-13T13:14:20.000Z,3,3
HCP0867,10,5,3,2,7,2,1,32.2,53.0,6,2026-06-27T14:45:57.000Z,2026-06-27T14:45:57.000Z,50,50
HCP0882,5,3,1,1,4,1,0,34.6,57.0,3,2026-08-03T18:58:43.000Z,2026-08-03T18:58:43.000Z,13,13
HCP0895,11,7,4,0,9,1,1,34.45,59.0,6,2026-08-03T13:18:27.000Z,2026-07-20T12:58:41.000Z,27,13
HCP0931,8,5,2,1,8,0,0,26.63,46.0,3,2026-07-22T02:57:41.000Z,2026-07-22T02:57:41.000Z,25,25
HCP0986,6,3,3,0,6,0,0,36.0,60.0,1,2026-08-14T19:59:04.000Z,2026-08-14T19:59:04.000Z,2,2
HCP1004,8,4,2,2,6,2,0,32.75,51.0,4,2026-06-20T11:51:12.000Z,2026-06-20T11:51:12.000Z,57,57
HCP1005,5,3,1,1,4,0,1,29.8,48.0,3,2026-08-04T06:56:31.000Z,2026-05-28T08:41:19.000Z,80,12
HCP1013,11,3,6,2,7,3,1,24.09,52.0,4,2026-08-09T12:17:49.000Z,2026-07-30T03:34:13.000Z,17,7
HCP1039,9,3,4,2,5,2,2,24.11,49.0,1,2026-07-12T05:08:49.000Z,2026-06-23T01:50:55.000Z,54,35
HCP1124,8,7,0,1,6,2,0,50.75,59.0,4,2026-08-14T03:14:28.000Z,2026-08-14T03:14:28.000Z,2,2
HCP1132,9,4,1,4,8,1,0,31.0,52.0,3,2026-07-31T04:04:34.000Z,2026-07-31T04:04:34.000Z,16,16
HCP1136,4,1,1,2,3,1,0,27.25,46.0,3,2026-08-08T20:34:56.000Z,2026-08-08T20:34:56.000Z,8,8
HCP1152,9,6,0,3,9,0,0,40.67,57.0,3,2026-07-24T07:00:24.000Z,2026-07-24T07:00:24.000Z,23,23
HCP1159,3,2,0,1,3,0,0,43.0,59.0,2,2026-07-15T10:07:21.000Z,2026-07-15T10:07:21.000Z,32,32
HCP1169,12,7,3,2,12,0,0,32.75,56.0,5,2026-08-10T09:30:05.000Z,2026-08-10T09:30:05.000Z,6,6
HCP1176,6,3,3,0,5,1,0,28.83,52.0,3,2026-07-13T03:15:04.000Z,2026-07-13T03:15:04.000Z,34,34
HCP1186,11,7,3,1,10,0,1,32.55,57.0,5,2026-07-18T20:46:16.000Z,2026-07-18T20:46:16.000Z,29,29
HCP1194,5,2,2,1,5,0,0,21.6,31.0,2,2026-05-21T12:58:43.000Z,2026-05-21T12:58:43.000Z,87,87
HCP1202,9,6,1,2,7,2,0,38.78,58.0,4,2026-07-10T05:19:27.000Z,2026-07-03T05:52:10.000Z,44,37
HCP1209,3,2,1,0,3,0,0,41.67,60.0,2,2026-02-27T15:50:33.000Z,2026-02-27T15:50:33.000Z,170,170
HCP1216,5,2,1,2,3,1,1,25.4,34.0,0,2026-07-22T06:11:38.000Z,2026-07-22T06:11:38.000Z,25,25
HCP1219,6,5,0,1,5,0,1,29.33,40.0,2,2026-07-15T20:18:47.000Z,2026-07-15T20:18:47.000Z,32,32
HCP1222,3,3,0,0,2,0,1,46.67,59.0,0,2026-04-06T04:53:32.000Z,2026-04-06T04:53:32.000Z,132,132
HCP1225,6,2,1,3,5,1,0,27.83,38.0,3,2026-08-07T09:29:24.000Z,2026-08-07T09:29:24.000Z,9,9
HCP1234,4,3,0,1,3,1,0,30.75,36.0,2,2026-08-02T13:44:22.000Z,2026-08-02T13:44:22.000Z,14,14
HCP1252,6,3,2,1,6,0,0,31.17,56.0,0,2026-06-15T16:02:39.000Z,2026-06-15T16:02:39.000Z,62,62
HCP1259,3,1,1,1,3,0,0,34.0,56.0,3,2026-07-13T06:00:03.000Z,2026-07-13T06:00:03.000Z,34,34
HCP1261,5,3,1,1,4,0,1,30.4,49.0,2,2026-07-22T06:28:59.000Z,2026-07-22T06:28:59.000Z,25,25
HCP1286,5,4,0,1,4,1,0,39.2,57.0,1,2026-07-09T01:25:20.000Z,2026-07-09T01:25:20.000Z,38,38
HCP1292,8,5,1,2,6,2,0,43.38,60.0,3,2026-08-09T16:33:03.000Z,2026-08-09T16:33:03.000Z,7,7
HCP1308,4,1,2,1,4,0,0,28.0,46.0,2,2026-07-01T09:02:56.000Z,2026-07-01T09:02:56.000Z,46,46
HCP1370,4,2,0,2,4,0,0,28.75,40.0,2,2026-08-13T03:42:07.000Z,2026-08-13T03:42:07.000Z,3,3
HCP1387,9,5,0,4,8,1,0,39.67,60.0,4,2026-07-11T14:31:42.000Z,2026-07-11T14:31:42.000Z,36,36
HCP1400,8,2,3,3,8,0,0,29.75,58.0,4,2026-07-31T03:18:47.000Z,2026-07-31T03:18:47.000Z,16,16
HCP1406,10,6,1,3,10,0,0,38.5,58.0,5,2026-07-26T21:04:19.000Z,2026-07-26T21:04:19.000Z,21,21
HCP1407,3,1,2,0,3,0,0,28.0,48.0,1,2026-07-29T17:22:45.000Z,2026-07-29T17:22:45.000Z,18,18
HCP1439,5,3,1,1,4,0,1,40.0,52.0,1,2026-05-26T19:18:55.000Z,2026-05-26T19:18:55.000Z,82,82
HCP1442,9,4,3,2,7,2,0,29.78,50.0,3,2026-07-23T23:27:16.000Z,2026-07-23T23:27:16.000Z,24,24
HCP1466,3,1,1,1,3,0,0,31.0,51.0,1,2026-08-07T07:03:37.000Z,2026-08-07T07:03:37.000Z,9,9
HCP1478,7,2,3,2,7,0,0,22.0,35.0,4,2026-08-07T04:44:06.000Z,2026-08-07T04:44:06.000Z,9,9
HCP1484,8,4,3,1,6,1,1,24.63,51.0,2,2026-08-12T03:42:52.000Z,2026-07-22T16:34:42.000Z,25,4
HCP1488,3,1,0,2,3,0,0,33.33,42.0,0,2026-08-03T04:49:32.000Z,2026-08-03T04:49:32.000Z,13,13
HCP1494,4,2,1,1,3,0,1,31.25,54.0,1,2026-07-18T17:08:15.000Z,2026-07-18T17:08:15.000Z,29,29
HCP1504,6,2,3,1,5,0,1,24.5,49.0,3,2026-08-10T23:24:30.000Z,2026-08-10T23:24:30.000Z,6,6
HCP1520,8,2,4,2,7,0,1,25.0,42.0,4,2026-07-29T22:52:03.000Z,2026-07-29T22:52:03.000Z,18,18
HCP1535,10,3,5,2,8,1,1,25.1,58.0,4,2026-08-12T08:01:10.000Z,2026-07-29T16:03:27.000Z,18,4
HCP1589,6,3,0,3,4,2,0,33.67,41.0,2,2026-07-05T09:47:22.000Z,2026-06-24T17:35:10.000Z,53,42
HCP1607,5,3,1,1,5,0,0,39.8,56.0,4,2026-07-16T18:53:02.000Z,2026-07-16T18:53:02.000Z,31,31
HCP1619,10,6,3,1,7,3,0,34.0,54.0,3,2026-07-27T00:43:34.000Z,2026-06-21T21:38:43.000Z,56,20
HCP1620,5,0,4,1,5,0,0,17.4,44.0,1,2026-06-27T20:46:45.000Z,2026-06-27T20:46:45.000Z,50,50
HCP1623,7,5,1,1,3,3,1,36.86,56.0,2,2026-08-07T13:17:09.000Z,2026-08-07T13:17:09.000Z,9,9
HCP1639,10,5,2,3,8,0,2,28.9,53.0,5,2026-07-31T21:54:39.000Z,2026-06-25T07:43:54.000Z,52,16
HCP1640,8,3,1,4,6,2,0,35.25,58.0,5,2026-07-30T21:21:19.000Z,2026-07-30T21:21:19.000Z,17,17
HCP1673,13,8,3,2,13,0,0,29.62,49.0,10,2026-08-08T14:16:30.000Z,2026-08-08T14:16:30.000Z,8,8
HCP1676,5,5,0,0,5,0,0,38.8,48.0,2,2026-06-27T09:04:51.000Z,2026-06-27T09:04:51.000Z,50,50
HCP1709,4,2,2,0,4,0,0,23.0,37.0,0,2026-07-11T07:01:28.000Z,2026-07-11T07:01:28.000Z,36,36
HCP1716,7,3,3,1,5,1,1,30.43,55.0,2,2026-06-27T15:04:02.000Z,2026-06-27T15:04:02.000Z,50,50
HCP1726,10,7,3,0,10,0,0,37.7,59.0,5,2026-08-06T04:33:30.000Z,2026-08-06T04:33:30.000Z,10,10
HCP1735,11,6,4,1,9,1,1,32.45,50.0,4,2026-07-22T16:18:48.000Z,2026-07-22T16:18:48.000Z,25,25
HCP1737,5,2,2,1,3,1,1,34.8,58.0,1,2026-08-04T15:10:53.000Z,2026-08-04T15:10:53.000Z,12,12
HCP1745,11,5,3,3,10,1,0,30.91,59.0,8,2026-08-05T05:32:34.000Z,2026-08-05T05:32:34.000Z,11,11
HCP1747,9,4,3,2,6,3,0,27.33,55.0,4,2026-07-17T10:16:04.000Z,2026-07-17T10:16:04.000Z,30,30
HCP1754,6,2,3,1,6,0,0,26.17,60.0,2,2026-05-25T17:43:24.000Z,2026-05-25T17:43:24.000Z,83,83
HCP1768,5,2,2,1,2,2,1,20.0,39.0,1,2026-07-03T07:23:29.000Z,2026-05-19T04:11:49.000Z,89,44
HCP1777,13,8,5,0,12,0,1,30.46,59.0,6,2026-08-07T15:15:10.000Z,2026-08-07T15:15:10.000Z,9,9
HCP1797,11,6,4,1,8,2,1,30.64,59.0,3,2026-07-31T13:54:56.000Z,2026-07-31T13:54:56.000Z,16,16
HCP1806,5,4,1,0,5,0,0,39.8,54.0,4,2026-08-05T03:24:20.000Z,2026-08-05T03:24:20.000Z,11,11
HCP1835,11,4,4,3,11,0,0,31.27,58.0,8,2026-07-10T12:04:41.000Z,2026-07-10T12:04:41.000Z,37,37
HCP1840,8,5,0,3,7,0,1,34.5,48.0,3,2026-07-02T23:26:34.000Z,2026-07-02T23:26:34.000Z,45,45
HCP1920,10,4,2,4,9,0,1,32.5,51.0,7,2026-07-27T03:19:32.000Z,2026-07-27T03:19:32.000Z,20,20
HCP0012,9,4,3,2,8,0,1,25.44,47.0,3,2026-08-10T20:51:21.000Z,2026-08-10T20:51:21.000Z,6,6
HCP0015,12,2,7,3,11,1,0,23.83,42.0,5,2026-08-06T10:18:23.000Z,2026-07-22T22:47:12.000Z,25,10
HCP0034,3,3,0,0,2,1,0,40.67,58.0,1,2026-07-11T16:14:52.000Z,2026-07-11T16:14:52.000Z,36,36
HCP0058,8,3,2,3,6,1,1,27.0,45.0,1,2026-06-28T19:24:18.000Z,2026-06-28T19:24:18.000Z,49,49
HCP0062,8,6,0,2,6,2,0,40.0,58.0,3,2026-07-26T05:18:52.000Z,2026-07-26T05:18:52.000Z,21,21
HCP0085,6,2,1,3,5,0,1,28.67,55.0,3,2026-06-24T15:30:54.000Z,2026-06-24T15:30:54.000Z,53,53
HCP0088,6,4,1,1,6,0,0,40.17,57.0,4,2026-08-04T06:02:28.000Z,2026-08-04T06:02:28.000Z,12,12
HCP0103,8,4,1,3,8,0,0,34.38,58.0,4,2026-08-13T03:16:29.000Z,2026-08-13T03:16:29.000Z,3,3
HCP0128,8,3,4,1,6,1,1,27.5,60.0,4,2026-08-04T12:49:35.000Z,2026-08-04T12:49:35.000Z,12,12
HCP0142,11,4,5,2,11,0,0,24.82,47.0,7,2026-05-15T19:14:37.000Z,2026-05-15T19:14:37.000Z,93,93
HCP0159,8,4,1,3,6,1,1,32.13,53.0,4,2026-07-18T09:44:02.000Z,2026-07-18T09:44:02.000Z,29,29
HCP0160,3,3,0,0,2,1,0,48.67,53.0,1,2026-03-29T18:46:56.000Z,2026-03-04T19:33:46.000Z,165,140
HCP0176,3,2,0,1,2,0,1,51.67,56.0,1,2026-06-22T17:23:51.000Z,2026-06-22T17:23:51.000Z,55,55
HCP0190,3,0,0,3,3,0,0,26.67,45.0,1,2026-08-14T21:05:32.000Z,2026-08-14T21:05:32.000Z,2,2
HCP0192,5,3,2,0,5,0,0,32.6,60.0,2,2026-08-14T19:12:05.000Z,2026-08-14T19:12:05.000Z,2,2
HCP0202,5,2,1,2,4,1,0,31.8,53.0,0,2026-07-02T01:28:34.000Z,2026-07-02T01:28:34.000Z,45,45
HCP0285,3,2,1,0,3,0,0,40.0,52.0,1,2026-05-20T17:56:33.000Z,2026-05-20T17:56:33.000Z,88,88
HCP0301,12,5,7,0,11,1,0,23.75,49.0,7,2026-08-13T18:23:33.000Z,2026-08-13T18:23:33.000Z,3,3
HCP0308,9,6,3,0,7,1,1,29.67,54.0,1,2026-07-18T13:41:06.000Z,2026-07-18T13:41:06.000Z,29,29
HCP0322,9,3,5,1,8,1,0,22.67,55.0,5,2026-08-13T16:09:03.000Z,2026-08-13T16:09:03.000Z,3,3
HCP0327,11,6,4,1,9,1,1,37.0,60.0,7,2026-07-19T21:25:41.000Z,2026-07-19T21:25:41.000Z,28,28
HCP0332,8,4,3,1,8,0,0,28.75,54.0,3,2026-08-04T07:08:22.000Z,2026-08-04T07:08:22.000Z,12,12
HCP0337,8,5,1,2,7,1,0,39.88,59.0,4,2026-07-16T03:03:28.000Z,2026-07-16T03:03:28.000Z,31,31
HCP0363,9,2,5,2,6,0,3,21.56,43.0,3,2026-08-12T06:19:43.000Z,2026-04-24T11:56:04.000Z,114,4
HCP0384,8,3,2,3,8,0,0,24.38,43.0,4,2026-07-31T21:55:43.000Z,2026-07-31T21:55:43.000Z,16,16
HCP0385,6,3,1,2,6,0,0,35.17,49.0,1,2026-06-28T18:08:10.000Z,2026-06-28T18:08:10.000Z,49,49
HCP0386,10,4,3,3,9,1,0,31.1,51.0,4,2026-08-06T10:52:09.000Z,2026-08-06T10:52:09.000Z,10,10
HCP0391,7,4,2,1,6,0,1,29.14,47.0,4,2026-07-23T18:48:06.000Z,2026-07-23T18:48:06.000Z,24,24
HCP0396,5,2,1,2,5,0,0,30.6,48.0,1,2026-06-28T04:01:50.000Z,2026-06-28T04:01:50.000Z,49,49
HCP0413,8,5,2,1,8,0,0,32.25,49.0,5,2026-08-04T09:42:08.000Z,2026-08-04T09:42:08.000Z,12,12
HCP0417,5,2,2,1,5,0,0,31.8,57.0,1,2026-06-05T22:05:15.000Z,2026-06-05T22:05:15.000Z,72,72
HCP0492,4,1,2,1,4,0,0,32.0,60.0,3,2026-04-26T10:21:52.000Z,2026-04-26T10:21:52.000Z,112,112
HCP0505,12,5,5,2,12,0,0,28.75,55.0,5,2026-08-14T11:00:12.000Z,2026-08-14T11:00:12.000Z,2,2
HCP0511,8,3,3,2,8,0,0,27.0,45.0,2,2026-08-09T11:13:35.000Z,2026-08-09T11:13:35.000Z,7,7
HCP0535,13,5,4,4,13,0,0,29.85,60.0,5,2026-06-26T15:00:47.000Z,2026-06-26T15:00:47.000Z,51,51
HCP0572,11,8,2,1,7,4,0,34.0,57.0,4,2026-08-03T00:39:52.000Z,2026-08-03T00:39:52.000Z,13,13
HCP0583,8,5,3,0,8,0,0,28.13,60.0,5,2026-07-16T05:06:48.000Z,2026-07-16T05:06:48.000Z,31,31
HCP0599,10,6,2,2,9,1,0,31.6,56.0,3,2026-08-11T23:43:24.000Z,2026-08-11T23:43:24.000Z,5,5
HCP0603,6,3,3,0,6,0,0,26.17,56.0,3,2026-07-30T00:10:26.000Z,2026-07-30T00:10:26.000Z,17,17
HCP0607,12,6,4,2,9,0,3,29.83,58.0,4,2026-07-13T10:53:40.000Z,2026-07-13T10:53:40.000Z,34,34
HCP0614,10,6,1,3,9,0,1,36.7,57.0,4,2026-08-07T10:54:52.000Z,2026-08-07T10:54:52.000Z,9,9
HCP0643,7,3,4,0,5,1,1,23.14,38.0,1,2026-07-20T13:45:38.000Z,2026-07-20T13:45:38.000Z,27,27
HCP0646,7,3,1,3,7,0,0,31.0,49.0,3,2026-08-05T09:36:50.000Z,2026-08-05T09:36:50.000Z,11,11
HCP0684,4,3,0,1,3,1,0,44.5,55.0,0,2026-06-23T13:22:13.000Z,2026-06-23T13:22:13.000Z,54,54
HCP0690,7,3,2,2,6,1,0,33.43,59.0,2,2026-08-01T22:02:52.000Z,2026-08-01T22:02:52.000Z,15,15
HCP0716,5,3,2,0,5,0,0,31.2,59.0,0,2026-07-06T00:57:48.000Z,2026-07-06T00:57:48.000Z,41,41
HCP0727,3,2,1,0,3,0,0,35.67,50.0,2,2026-07-19T07:29:51.000Z,2026-07-19T07:29:51.000Z,28,28
HCP0747,7,3,2,2,4,1,2,26.29,46.0,3,2026-07-24T14:44:49.000Z,2026-07-24T04:14:34.000Z,23,23
HCP0786,9,5,4,0,7,1,1,27.0,42.0,2,2026-06-18T21:11:43.000Z,2026-05-09T20:04:28.000Z,99,59
HCP0804,10,6,3,1,9,1,0,29.7,58.0,6,2026-05-13T12:52:30.000Z,2026-05-13T12:52:30.000Z,95,95
HCP0827,3,3,0,0,3,0,0,33.67,43.0,2,2026-08-07T10:19:41.000Z,2026-08-07T10:19:41.000Z,9,9
HCP0842,6,4,2,0,5,1,0,34.33,60.0,2,2026-06-21T23:10:44.000Z,2026-06-21T23:10:44.000Z,56,56
HCP0871,9,6,0,3,7,0,2,43.67,59.0,2,2026-06-30T07:18:33.000Z,2026-06-30T07:18:33.000Z,47,47
HCP0878,9,5,2,2,7,1,1,29.56,51.0,0,2026-08-05T05:12:15.000Z,2026-08-05T05:12:15.000Z,11,11
HCP0883,10,3,3,4,9,1,0,34.2,57.0,4,2026-07-27T09:42:44.000Z,2026-07-27T09:42:44.000Z,20,20
HCP0887,6,5,1,0,4,2,0,32.0,52.0,0,2026-05-24T12:05:25.000Z,2026-03-26T11:29:39.000Z,143,84
HCP0905,5,3,0,2,5,0,0,35.0,55.0,2,2026-03-23T21:14:36.000Z,2026-03-23T21:14:36.000Z,146,146
HCP0908,5,3,0,2,5,0,0,43.6,60.0,1,2026-04-22T06:40:44.000Z,2026-04-22T06:40:44.000Z,116,116
HCP0928,8,5,1,2,8,0,0,32.63,51.0,5,2026-07-06T16:40:46.000Z,2026-07-06T16:40:46.000Z,41,41
HCP0940,8,4,2,2,8,0,0,29.63,54.0,5,2026-08-01T23:44:30.000Z,2026-08-01T23:44:30.000Z,15,15
HCP0958,8,5,3,0,8,0,0,28.25,57.0,4,2026-08-07T15:57:44.000Z,2026-08-07T15:57:44.000Z,9,9
HCP0968,9,2,7,0,9,0,0,18.22,40.0,2,2026-07-08T05:51:48.000Z,2026-07-08T05:51:48.000Z,39,39
HCP0972,8,6,1,1,7,1,0,34.75,58.0,5,2026-07-13T00:17:42.000Z,2026-07-13T00:17:42.000Z,34,34
HCP0976,11,6,5,0,10,0,1,34.55,59.0,6,2026-08-02T17:35:22.000Z,2026-08-02T17:35:22.000Z,14,14
HCP1006,8,7,1,0,7,0,1,36.63,58.0,1,2026-08-11T05:10:21.000Z,2026-08-11T05:10:21.000Z,5,5
HCP1011,5,3,2,0,5,0,0,28.2,47.0,2,2026-06-16T02:23:37.000Z,2026-06-16T02:23:37.000Z,61,61
HCP1017,6,3,1,2,6,0,0,41.33,58.0,4,2026-07-17T07:20:14.000Z,2026-07-17T07:20:14.000Z,30,30
HCP1076,6,1,1,4,6,0,0,31.17,42.0,5,2026-07-10T10:16:45.000Z,2026-07-10T10:16:45.000Z,37,37
HCP1081,9,5,0,4,6,2,1,36.22,48.0,0,2026-07-29T22:50:06.000Z,2026-07-29T22:50:06.000Z,18,18
HCP1109,9,7,1,1,8,0,1,35.0,50.0,4,2026-08-12T03:05:17.000Z,2026-08-12T03:05:17.000Z,4,4
HCP1113,9,3,5,1,8,1,0,27.0,55.0,4,2026-07-27T13:25:36.000Z,2026-07-27T13:25:36.000Z,20,20
HCP1114,9,6,2,1,8,1,0,40.11,60.0,4,2026-06-03T15:30:26.000Z,2026-06-03T15:30:26.000Z,74,74
HCP1141,11,7,4,0,8,2,1,33.27,60.0,5,2026-08-04T07:41:13.000Z,2026-08-04T07:41:13.000Z,12,12
HCP1146,7,7,0,0,5,1,1,42.71,58.0,3,2026-07-23T12:25:01.000Z,2026-07-23T12:25:01.000Z,24,24
HCP1170,6,3,0,3,5,1,0,42.17,55.0,4,2026-08-09T12:51:41.000Z,2026-08-09T12:51:41.000Z,7,7
HCP1179,10,9,0,1,8,1,1,41.2,57.0,7,2026-05-16T21:22:12.000Z,2026-05-16T21:22:12.000Z,92,92
HCP1193,4,4,0,0,3,1,0,50.5,57.0,2,2026-07-27T08:32:37.000Z,2026-07-27T08:32:37.000Z,20,20
HCP1195,9,7,1,1,9,0,0,39.11,58.0,4,2026-08-10T16:50:20.000Z,2026-08-10T16:50:20.000Z,6,6
HCP1198,5,5,0,0,5,0,0,39.2,46.0,1,2026-08-09T00:21:07.000Z,2026-08-09T00:21:07.000Z,7,7
HCP1210,11,4,4,3,10,0,1,27.73,45.0,4,2026-07-09T07:01:56.000Z,2026-07-09T07:01:56.000Z,38,38
HCP1215,10,7,1,2,10,0,0,35.5,57.0,5,2026-07-17T11:05:55.000Z,2026-07-17T11:05:55.000Z,30,30
HCP1217,9,4,2,3,8,1,0,26.56,52.0,2,2026-08-04T15:01:36.000Z,2026-08-04T15:01:36.000Z,12,12
HCP1218,9,6,1,2,9,0,0,35.56,52.0,3,2026-07-03T14:13:05.000Z,2026-07-03T14:13:05.000Z,44,44
HCP1220,11,7,3,1,11,0,0,33.27,57.0,5,2026-08-11T20:14:43.000Z,2026-08-11T20:14:43.000Z,5,5
HCP1251,5,2,2,1,5,0,0,31.2,60.0,3,2026-07-26T00:11:23.000Z,2026-07-26T00:11:23.000Z,21,21
HCP1267,10,5,2,3,10,0,0,28.7,44.0,7,2026-08-13T15:20:39.000Z,2026-08-13T15:20:39.000Z,3,3
HCP1316,3,2,1,0,3,0,0,33.67,50.0,1,2026-05-20T17:25:46.000Z,2026-05-20T17:25:46.000Z,88,88
HCP1350,8,5,2,1,8,0,0,35.0,52.0,2,2026-06-06T20:23:10.000Z,2026-06-06T20:23:10.000Z,71,71
HCP1373,5,3,1,1,4,1,0,32.4,49.0,2,2026-08-12T13:15:29.000Z,2026-08-12T13:15:29.000Z,4,4
HCP1408,7,5,1,1,7,0,0,37.43,60.0,2,2026-04-28T20:16:29.000Z,2026-04-28T20:16:29.000Z,110,110
HCP1423,5,3,1,1,4,0,1,34.0,45.0,2,2026-07-20T22:15:07.000Z,2026-07-20T22:15:07.000Z,27,27
HCP1440,3,2,0,1,3,0,0,35.33,55.0,1,2026-05-27T06:38:36.000Z,2026-05-27T06:38:36.000Z,81,81
HCP1455,4,2,2,0,4,0,0,19.75,28.0,3,2026-07-08T20:44:52.000Z,2026-07-08T20:44:52.000Z,39,39
HCP1513,3,0,2,1,3,0,0,20.67,38.0,1,2026-06-27T23:19:04.000Z,2026-06-27T23:19:04.000Z,50,50
HCP1516,7,3,2,2,7,0,0,27.14,46.0,1,2026-07-19T05:33:44.000Z,2026-07-19T05:33:44.000Z,28,28
HCP1528,11,5,1,5,9,2,0,28.27,47.0,5,2026-07-01T12:48:27.000Z,2026-07-01T12:48:27.000Z,46,46
HCP1542,10,7,2,1,9,1,0,37.3,56.0,3,2026-07-18T18:13:33.000Z,2026-07-18T18:13:33.000Z,29,29
HCP1561,5,1,2,2,4,1,0,26.4,57.0,1,2026-08-06T02:56:40.000Z,2026-08-06T02:56:40.000Z,10,10
HCP1563,4,3,0,1,3,1,0,30.75,41.0,3,2026-05-27T22:17:33.000Z,2026-05-27T22:17:33.000Z,81,81
HCP1582,9,6,2,1,8,1,0,36.67,60.0,3,2026-08-12T06:45:03.000Z,2026-08-12T06:45:03.000Z,4,4
HCP1594,7,3,4,0,5,1,1,25.29,43.0,2,2026-07-27T10:06:39.000Z,2026-07-27T10:06:39.000Z,20,20
HCP1626,9,6,3,0,8,1,0,31.89,55.0,3,2026-08-02T09:11:34.000Z,2026-08-02T09:11:34.000Z,14,14
HCP1643,11,5,2,4,10,1,0,35.09,53.0,4,2026-08-14T08:00:17.000Z,2026-08-14T08:00:17.000Z,2,2
HCP1648,8,6,1,1,6,1,1,37.0,56.0,3,2026-07-12T06:54:18.000Z,2026-07-12T06:54:18.000Z,35,35
HCP1649,12,7,2,3,11,0,1,42.0,58.0,6,2026-08-12T22:29:01.000Z,2026-08-12T22:29:01.000Z,4,4
HCP1662,9,5,2,2,9,0,0,32.22,60.0,6,2026-08-11T17:35:09.000Z,2026-08-11T17:35:09.000Z,5,5
HCP1708,5,3,0,2,5,0,0,29.2,42.0,1,2026-08-03T11:35:30.000Z,2026-08-03T11:35:30.000Z,13,13
HCP1715,4,2,2,0,2,1,1,21.75,46.0,2,2026-06-25T15:08:10.000Z,2026-02-12T19:28:20.000Z,185,52
HCP1723,7,7,0,0,6,0,1,41.86,58.0,2,2026-06-29T00:35:32.000Z,2026-06-22T08:51:21.000Z,55,48
HCP1741,9,6,3,0,9,0,0,28.89,59.0,6,2026-08-12T21:59:52.000Z,2026-08-12T21:59:52.000Z,4,4
HCP1836,10,4,2,4,10,0,0,29.9,54.0,3,2026-08-05T11:17:18.000Z,2026-08-05T11:17:18.000Z,11,11
HCP1838,3,2,0,1,2,1,0,35.33,58.0,1,2026-06-25T06:02:32.000Z,2026-06-25T06:02:32.000Z,52,52
HCP1842,3,2,1,0,3,0,0,31.0,44.0,3,2026-07-14T14:01:36.000Z,2026-07-14T14:01:36.000Z,33,33
HCP1869,12,8,2,2,11,1,0,38.83,60.0,5,2026-07-24T02:38:29.000Z,2026-07-24T02:38:29.000Z,23,23
HCP1906,6,3,1,2,6,0,0,30.83,44.0,4,2026-08-13T03:27:09.000Z,2026-08-13T03:27:09.000Z,3,3
HCP1918,9,7,1,1,9,0,0,39.11,59.0,1,2026-08-06T11:05:52.000Z,2026-08-06T11:05:52.000Z,10,10
HCP1925,4,3,0,1,4,0,0,33.0,39.0,1,2026-05-30T14:20:49.000Z,2026-05-30T14:20:49.000Z,78,78
HCP1942,7,2,4,1,6,0,1,22.86,48.0,1,2026-08-12T16:17:06.000Z,2026-08-12T16:17:06.000Z,4,4
HCP1968,9,6,2,1,9,0,0,33.56,54.0,4,2026-08-08T06:38:43.000Z,2026-08-08T06:38:43.000Z,8,8
HCP1981,10,1,5,4,9,1,0,23.9,51.0,5,2026-08-07T13:13:37.000Z,2026-08-07T13:13:37.000Z,9,9
HCP1984,12,6,2,4,10,1,1,31.08,59.0,7,2026-08-14T05:15:20.000Z,2026-08-14T05:15:20.000Z,2,2
HCP1988,8,8,0,0,7,1,0,36.13,55.0,4,2026-08-06T16:14:44.000Z,2026-08-06T16:14:44.000Z,10,10
HCP1994,3,0,2,1,3,0,0,19.0,26.0,1,2026-07-12T01:54:47.000Z,2026-07-12T01:54:47.000Z,35,35
HCP1998,3,2,1,0,2,1,0,33.33,51.0,1,2026-07-21T18:33:15.000Z,2026-07-21T18:33:15.000Z,26,26
HCP0032,9,4,3,2,9,0,0,27.56,55.0,4,2026-08-10T15:55:41.000Z,2026-08-10T15:55:41.000Z,6,6
HCP0035,7,2,2,3,6,0,1,29.57,57.0,1,2026-07-29T21:48:10.000Z,2026-07-29T21:48:10.000Z,18,18
HCP0039,3,1,1,1,3,0,0,25.33,43.0,2,2026-02-17T06:37:16.000Z,2026-02-17T06:37:16.000Z,180,180
HCP0049,3,1,2,0,2,1,0,27.67,52.0,0,2026-05-27T07:16:18.000Z,2026-05-27T07:16:18.000Z,81,81
HCP0063,9,6,2,1,7,0,2,34.67,60.0,5,2026-08-08T15:32:05.000Z,2026-08-08T15:32:05.000Z,8,8
HCP0067,3,2,0,1,3,0,0,48.67,51.0,0,2026-05-28T05:01:28.000Z,2026-05-28T05:01:28.000Z,80,80
HCP0080,7,3,1,3,6,0,1,31.71,54.0,2,2026-08-07T17:49:39.000Z,2026-08-07T17:49:39.000Z,9,9
HCP0104,9,6,3,0,9,0,0,30.0,50.0,4,2026-08-04T23:41:48.000Z,2026-08-04T23:41:48.000Z,12,12
HCP0105,12,6,2,4,12,0,0,34.08,48.0,8,2026-07-17T23:03:21.000Z,2026-07-17T23:03:21.000Z,30,30
HCP0116,11,8,1,2,9,2,0,36.45,54.0,8,2026-08-13T13:00:02.000Z,2026-08-11T14:49:40.000Z,5,3
HCP0139,9,3,4,2,8,0,1,25.11,58.0,2,2026-08-14T15:56:51.000Z,2026-08-14T15:56:51.000Z,2,2
HCP0148,10,5,5,0,8,1,1,27.7,57.0,4,2026-08-12T12:44:28.000Z,2026-07-21T07:14:46.000Z,26,4
HCP0195,14,6,6,2,12,2,0,28.21,50.0,5,2026-07-23T23:09:32.000Z,2026-07-23T23:09:32.000Z,24,24
HCP0219,7,4,3,0,7,0,0,25.86,49.0,4,2026-07-28T19:57:37.000Z,2026-07-28T19:57:37.000Z,19,19
HCP0248,8,4,3,1,7,1,0,31.63,56.0,2,2026-07-09T03:50:07.000Z,2026-07-09T03:50:07.000Z,38,38
HCP0254,5,2,0,3,5,0,0,41.4,55.0,2,2026-08-06T07:57:50.000Z,2026-08-06T07:57:50.000Z,10,10
HCP0292,4,3,1,0,4,0,0,29.5,50.0,1,2026-07-17T21:08:20.000Z,2026-07-17T21:08:20.000Z,30,30
HCP0300,14,6,5,3,13,1,0,29.79,60.0,9,2026-07-16T10:55:39.000Z,2026-07-16T10:55:39.000Z,31,31
HCP0305,12,6,2,4,12,0,0,35.08,60.0,6,2026-07-30T15:27:33.000Z,2026-07-30T15:27:33.000Z,17,17
HCP0319,7,0,3,4,6,1,0,21.57,41.0,5,2026-07-22T04:59:11.000Z,2026-07-22T04:59:11.000Z,25,25
HCP0320,4,3,0,1,4,0,0,44.0,56.0,1,2026-08-08T00:10:31.000Z,2026-08-08T00:10:31.000Z,8,8
HCP0325,9,3,3,3,6,2,1,26.67,40.0,3,2026-08-02T09:51:00.000Z,2026-07-07T05:13:09.000Z,40,14
HCP0376,5,3,0,2,5,0,0,42.6,60.0,3,2026-07-24T17:34:39.000Z,2026-07-24T17:34:39.000Z,23,23
HCP0383,5,3,0,2,5,0,0,38.4,51.0,2,2026-08-02T15:04:32.000Z,2026-08-02T15:04:32.000Z,14,14
HCP0390,5,3,2,0,4,1,0,21.6,30.0,4,2026-07-31T17:47:57.000Z,2026-07-31T17:47:57.000Z,16,16
HCP0397,11,7,3,1,9,1,1,34.27,58.0,6,2026-08-09T00:40:18.000Z,2026-08-09T00:40:18.000Z,7,7
HCP0400,5,4,1,0,5,0,0,31.6,51.0,3,2026-08-13T10:11:23.000Z,2026-08-13T10:11:23.000Z,3,3
HCP0406,7,4,2,1,7,0,0,38.71,60.0,4,2026-08-02T12:22:20.000Z,2026-08-02T12:22:20.000Z,14,14
HCP0408,7,3,2,2,7,0,0,25.57,44.0,3,2026-07-08T04:07:56.000Z,2026-07-08T04:07:56.000Z,39,39
HCP0416,6,4,2,0,4,1,1,33.83,52.0,1,2026-08-11T19:43:01.000Z,2026-08-11T19:43:01.000Z,5,5
HCP0433,10,4,3,3,7,2,1,30.7,53.0,5,2026-07-27T21:21:28.000Z,2026-07-27T21:21:28.000Z,20,20
HCP0456,11,5,3,3,9,1,1,30.82,54.0,5,2026-07-22T03:19:08.000Z,2026-07-22T01:36:34.000Z,25,25
HCP0495,11,5,4,2,10,1,0,29.91,52.0,7,2026-08-05T06:16:57.000Z,2026-08-05T06:16:57.000Z,11,11
HCP0500,8,6,0,2,8,0,0,44.5,60.0,2,2026-07-27T19:31:48.000Z,2026-07-27T19:31:48.000Z,20,20
HCP0512,4,3,1,0,4,0,0,31.5,50.0,2,2026-06-27T23:23:23.000Z,2026-06-27T23:23:23.000Z,50,50
HCP0560,8,4,4,0,7,1,0,26.63,59.0,5,2026-08-11T13:50:59.000Z,2026-08-11T13:50:59.000Z,5,5
HCP0573,10,6,1,3,8,2,0,39.7,55.0,5,2026-08-09T14:43:53.000Z,2026-08-09T14:43:53.000Z,7,7
HCP0601,12,7,3,2,10,1,1,36.25,58.0,4,2026-07-26T12:15:37.000Z,2026-07-10T20:58:15.000Z,37,21
HCP0616,6,2,2,2,5,1,0,32.17,57.0,2,2026-07-19T21:19:21.000Z,2026-07-19T21:19:21.000Z,28,28
HCP0621,4,1,1,2,4,0,0,29.0,39.0,0,2026-06-27T10:40:20.000Z,2026-06-27T10:40:20.000Z,50,50
HCP0649,4,4,0,0,2,1,1,46.0,59.0,2,2026-08-10T01:57:05.000Z,2026-08-10T01:57:05.000Z,6,6
HCP0688,4,1,3,0,4,0,0,18.5,40.0,2,2026-07-24T17:25:36.000Z,2026-07-24T17:25:36.000Z,23,23
HCP0699,10,4,3,3,8,2,0,31.0,57.0,5,2026-06-29T08:32:09.000Z,2026-06-29T08:32:09.000Z,48,48
HCP0729,3,2,1,0,3,0,0,33.0,40.0,1,2026-02-10T17:50:33.000Z,2026-02-10T17:50:33.000Z,187,187
HCP0762,5,3,1,1,5,0,0,36.0,59.0,4,2026-08-09T09:45:08.000Z,2026-08-09T09:45:08.000Z,7,7
HCP0807,8,5,2,1,6,2,0,34.25,49.0,1,2026-08-12T16:06:33.000Z,2026-08-12T16:06:33.000Z,4,4
HCP0815,10,4,4,2,10,0,0,24.7,56.0,5,2026-07-31T12:33:55.000Z,2026-07-31T12:33:55.000Z,16,16
HCP0832,11,5,1,5,8,1,2,31.45,53.0,3,2026-08-02T13:00:44.000Z,2026-08-02T13:00:44.000Z,14,14
HCP0856,11,6,3,2,10,0,1,34.73,59.0,6,2026-08-01T05:45:55.000Z,2026-08-01T05:45:55.000Z,15,15
HCP0863,5,2,0,3,4,1,0,34.4,47.0,3,2026-06-28T18:25:38.000Z,2026-06-28T18:25:38.000Z,49,49
HCP0866,6,4,1,1,4,2,0,35.0,56.0,3,2026-07-25T07:05:35.000Z,2026-07-25T07:05:35.000Z,22,22
HCP0868,12,4,6,2,9,2,1,25.0,53.0,7,2026-08-08T12:15:55.000Z,2026-08-08T12:15:55.000Z,8,8
HCP0877,9,5,4,0,8,1,0,26.78,57.0,6,2026-07-25T17:20:12.000Z,2026-07-25T17:20:12.000Z,22,22
HCP0893,4,2,2,0,3,0,1,23.0,44.0,3,2026-04-22T18:55:05.000Z,2026-04-22T18:55:05.000Z,116,116
HCP0910,3,1,1,1,3,0,0,36.0,58.0,1,2026-06-25T10:07:08.000Z,2026-06-25T10:07:08.000Z,52,52
HCP0919,7,3,3,1,7,0,0,19.29,31.0,3,2026-07-21T21:30:02.000Z,2026-07-21T21:30:02.000Z,26,26
HCP0948,3,0,2,1,3,0,0,20.67,34.0,1,2026-07-09T15:04:12.000Z,2026-07-09T15:04:12.000Z,38,38
HCP0967,8,5,1,2,7,0,1,34.75,56.0,3,2026-08-08T17:01:33.000Z,2026-08-08T17:01:33.000Z,8,8
HCP0977,8,4,2,2,7,1,0,32.5,47.0,3,2026-08-06T13:32:46.000Z,2026-08-06T13:32:46.000Z,10,10
HCP0999,11,4,4,3,10,1,0,30.73,60.0,5,2026-08-01T05:07:08.000Z,2026-08-01T05:07:08.000Z,15,15
HCP1026,3,3,0,0,3,0,0,42.67,58.0,0,2026-04-09T11:31:36.000Z,2026-04-09T11:31:36.000Z,129,129
HCP1032,14,11,1,2,12,2,0,41.86,60.0,5,2026-08-07T01:59:27.000Z,2026-08-07T01:59:27.000Z,9,9
HCP1044,8,6,1,1,6,1,1,46.75,58.0,2,2026-06-27T19:40:11.000Z,2026-06-17T01:41:41.000Z,60,50
HCP1049,4,3,1,0,3,0,1,40.0,56.0,3,2026-08-12T02:13:29.000Z,2026-08-12T02:13:29.000Z,4,4
HCP1092,5,0,5,0,3,1,1,14.2,20.0,2,2026-06-04T22:56:10.000Z,2026-06-04T22:56:10.000Z,73,73
HCP1099,4,1,2,1,4,0,0,23.5,42.0,1,2026-07-10T09:45:30.000Z,2026-07-10T09:45:30.000Z,37,37
HCP1116,4,1,2,1,4,0,0,17.0,33.0,0,2026-08-02T17:52:31.000Z,2026-08-02T17:52:31.000Z,14,14
HCP1118,5,3,1,1,2,1,2,38.2,55.0,1,2026-07-21T02:41:54.000Z,2026-05-24T12:04:11.000Z,84,26
HCP1123,11,5,4,2,10,1,0,32.55,58.0,6,2026-08-01T05:14:28.000Z,2026-08-01T05:14:28.000Z,15,15
HCP1128,8,5,2,1,6,1,1,34.88,55.0,2,2026-07-04T21:40:59.000Z,2026-07-04T21:40:59.000Z,43,43
HCP1129,7,5,1,1,6,1,0,35.14,47.0,2,2026-08-14T19:57:24.000Z,2026-08-14T19:57:24.000Z,2,2
HCP1147,4,3,1,0,3,1,0,33.5,59.0,2,2026-08-01T22:16:06.000Z,2026-08-01T22:16:06.000Z,15,15
HCP1150,6,4,2,0,5,1,0,27.0,51.0,2,2026-07-18T10:08:20.000Z,2026-07-18T10:08:20.000Z,29,29
HCP1157,6,3,3,0,6,0,0,28.0,57.0,3,2026-06-30T22:03:04.000Z,2026-06-30T22:03:04.000Z,47,47
HCP1165,8,6,2,0,7,0,1,38.13,59.0,0,2026-04-22T03:54:17.000Z,2026-04-22T03:54:17.000Z,116,116
HCP1168,9,8,0,1,6,2,1,43.11,59.0,2,2026-07-29T10:03:02.000Z,2026-07-29T10:03:02.000Z,18,18
HCP1182,5,2,2,1,4,1,0,30.8,57.0,1,2026-07-17T14:05:48.000Z,2026-07-17T14:05:48.000Z,30,30
HCP1204,11,6,4,1,10,0,1,28.73,49.0,5,2026-08-04T18:14:53.000Z,2026-08-04T18:14:53.000Z,12,12
HCP1237,10,4,5,1,10,0,0,25.5,53.0,5,2026-05-22T06:32:18.000Z,2026-05-22T06:32:18.000Z,86,86
HCP1246,7,4,1,2,6,0,1,30.86,42.0,2,2026-08-11T07:57:21.000Z,2026-08-11T07:57:21.000Z,5,5
HCP1250,8,4,1,3,7,1,0,33.63,58.0,4,2026-08-05T02:37:10.000Z,2026-08-05T02:37:10.000Z,11,11
HCP1272,8,3,1,4,7,0,1,30.38,57.0,2,2026-07-04T05:43:15.000Z,2026-07-04T05:43:15.000Z,43,43
HCP1274,7,3,4,0,6,1,0,28.0,55.0,2,2026-08-10T22:50:12.000Z,2026-08-10T22:50:12.000Z,6,6
HCP1277,11,4,5,2,11,0,0,23.45,41.0,3,2026-07-14T04:49:06.000Z,2026-07-14T04:49:06.000Z,33,33
HCP1281,11,4,3,4,9,0,2,29.91,55.0,4,2026-07-27T19:57:16.000Z,2026-07-27T19:57:16.000Z,20,20
HCP1298,4,2,1,1,3,1,0,34.75,55.0,3,2026-07-24T16:14:32.000Z,2026-07-09T07:18:56.000Z,38,23
HCP1304,8,5,1,2,6,1,1,35.75,56.0,3,2026-08-04T05:32:59.000Z,2026-07-24T01:01:53.000Z,23,12
HCP1310,11,8,3,0,10,0,1,32.36,46.0,4,2026-08-04T01:26:38.000Z,2026-08-04T01:26:38.000Z,12,12
HCP1324,6,1,4,1,5,0,1,17.0,39.0,2,2026-07-27T20:41:05.000Z,2026-07-27T20:41:05.000Z,20,20
HCP1338,9,6,3,0,9,0,0,34.33,58.0,0,2026-08-02T07:29:35.000Z,2026-08-02T07:29:35.000Z,14,14
HCP1402,5,2,2,1,5,0,0,29.6,59.0,2,2026-08-08T18:29:17.000Z,2026-08-08T18:29:17.000Z,8,8
HCP1456,8,3,4,1,8,0,0,27.25,60.0,3,2026-08-01T02:09:36.000Z,2026-08-01T02:09:36.000Z,15,15
HCP1470,11,6,3,2,10,1,0,33.36,59.0,5,2026-08-03T23:04:44.000Z,2026-08-03T23:04:44.000Z,13,13
HCP1498,10,5,2,3,10,0,0,37.2,58.0,8,2026-08-11T05:21:40.000Z,2026-08-11T05:21:40.000Z,5,5
HCP1565,6,1,3,2,5,0,1,21.5,43.0,1,2026-08-10T19:57:51.000Z,2026-08-10T19:57:51.000Z,6,6
HCP1573,7,3,0,4,3,2,2,38.14,56.0,1,2026-08-09T17:23:09.000Z,2026-04-13T15:28:59.000Z,125,7
HCP1578,4,2,2,0,3,1,0,31.25,51.0,1,2026-07-24T09:48:43.000Z,2026-07-24T09:48:43.000Z,23,23
HCP1591,6,3,1,2,6,0,0,36.67,57.0,3,2026-08-03T03:12:06.000Z,2026-08-03T03:12:06.000Z,13,13
HCP1604,12,3,4,5,11,0,1,27.58,55.0,7,2026-07-07T23:21:20.000Z,2026-07-07T23:21:20.000Z,40,40
HCP1636,8,4,2,2,7,0,1,28.5,48.0,3,2026-08-10T10:25:23.000Z,2026-07-30T19:14:12.000Z,17,6
HCP1644,10,2,4,4,10,0,0,22.8,41.0,5,2026-08-07T08:14:24.000Z,2026-08-07T08:14:24.000Z,9,9
HCP1666,8,6,1,1,8,0,0,38.38,58.0,3,2026-07-27T11:13:57.000Z,2026-07-27T11:13:57.000Z,20,20
HCP1685,9,6,1,2,9,0,0,38.11,58.0,4,2026-07-20T06:03:39.000Z,2026-07-20T06:03:39.000Z,27,27
HCP1692,5,2,1,2,5,0,0,25.2,43.0,1,2026-05-10T14:24:33.000Z,2026-05-10T14:24:33.000Z,98,98
HCP1717,7,3,2,2,6,1,0,31.0,57.0,3,2026-07-13T23:00:19.000Z,2026-07-13T23:00:19.000Z,34,34
HCP1757,8,7,1,0,7,0,1,44.38,56.0,2,2026-07-27T20:06:14.000Z,2026-07-27T20:06:14.000Z,20,20
HCP1770,9,3,5,1,7,1,1,26.89,55.0,4,2026-08-11T14:14:18.000Z,2026-08-11T14:14:18.000Z,5,5
HCP1784,9,6,1,2,7,2,0,34.67,57.0,4,2026-08-13T12:44:11.000Z,2026-08-13T12:44:11.000Z,3,3
HCP1798,6,3,1,2,5,1,0,35.83,49.0,3,2026-07-29T09:16:28.000Z,2026-07-29T09:16:28.000Z,18,18
HCP1803,4,1,2,1,4,0,0,27.25,47.0,3,2026-05-19T00:18:35.000Z,2026-05-19T00:18:35.000Z,89,89
HCP1817,3,3,0,0,3,0,0,38.0,53.0,1,2026-06-27T04:49:24.000Z,2026-06-27T04:49:24.000Z,50,50
HCP1820,11,4,5,2,10,1,0,26.27,60.0,4,2026-08-04T13:11:10.000Z,2026-07-29T19:38:16.000Z,18,12
HCP1821,9,5,3,1,9,0,0,31.0,51.0,3,2026-08-05T14:51:38.000Z,2026-08-05T14:51:38.000Z,11,11
HCP1829,11,7,3,1,11,0,0,33.91,47.0,7,2026-08-06T02:01:11.000Z,2026-08-06T02:01:11.000Z,10,10
HCP1833,11,7,3,1,10,0,1,33.64,57.0,5,2026-08-08T16:05:49.000Z,2026-07-26T17:43:19.000Z,21,8
HCP1837,8,6,1,1,7,1,0,39.75,59.0,2,2026-08-10T00:30:53.000Z,2026-08-10T00:30:53.000Z,6,6
HCP1857,6,1,5,0,6,0,0,14.33,32.0,2,2026-07-13T11:14:40.000Z,2026-07-13T11:14:40.000Z,34,34
HCP1877,5,5,0,0,5,0,0,43.8,57.0,3,2026-08-01T17:26:46.000Z,2026-08-01T17:26:46.000Z,15,15
HCP1889,3,3,0,0,2,1,0,42.0,51.0,2,2026-04-17T11:09:11.000Z,2026-02-16T09:34:01.000Z,181,121
HCP1900,11,3,6,2,9,0,2,24.73,50.0,3,2026-08-13T20:58:19.000Z,2026-07-18T08:39:55.000Z,29,3
HCP1904,6,5,1,0,5,0,1,34.33,51.0,2,2026-08-05T21:22:43.000Z,2026-08-05T21:22:43.000Z,11,11
HCP1916,8,4,4,0,7,1,0,29.75,60.0,2,2026-07-27T17:20:44.000Z,2026-07-27T17:20:44.000Z,20,20
HCP1975,5,3,1,1,5,0,0,33.4,52.0,2,2026-06-26T14:29:28.000Z,2026-06-26T14:29:28.000Z,51,51
HCP1979,4,3,1,0,4,0,0,34.25,53.0,2,2026-07-25T18:37:28.000Z,2026-07-25T18:37:28.000Z,22,22
HCP1993,8,3,3,2,6,1,1,28.75,55.0,3,2026-08-02T20:53:30.000Z,2026-06-25T18:02:24.000Z,52,14
HCP0008,4,3,0,1,4,0,0,36.75,60.0,1,2026-08-05T12:00:14.000Z,2026-08-05T12:00:14.000Z,11,11
HCP0011,10,5,3,2,9,1,0,31.0,58.0,3,2026-06-14T14:07:20.000Z,2026-06-06T10:35:41.000Z,71,63
HCP0030,4,3,1,0,4,0,0,33.5,50.0,2,2026-07-06T05:39:11.000Z,2026-07-06T05:39:11.000Z,41,41
HCP0037,4,3,0,1,3,1,0,35.75,56.0,1,2026-06-01T06:12:08.000Z,2026-06-01T06:12:08.000Z,76,76
HCP0054,6,4,1,1,5,1,0,40.67,59.0,4,2026-07-07T11:19:40.000Z,2026-07-07T11:19:40.000Z,40,40
HCP0075,6,4,1,1,6,0,0,33.0,48.0,5,2026-06-23T05:50:20.000Z,2026-06-23T05:50:20.000Z,54,54
HCP0076,4,2,1,1,4,0,0,30.75,46.0,1,2026-08-14T08:31:00.000Z,2026-08-14T08:31:00.000Z,2,2
HCP0118,6,4,1,1,5,0,1,32.17,58.0,2,2026-04-15T04:50:43.000Z,2026-04-15T04:50:43.000Z,123,123
HCP0119,5,3,1,1,5,0,0,35.4,56.0,2,2026-07-24T02:18:05.000Z,2026-07-24T02:18:05.000Z,23,23
HCP0166,9,4,2,3,8,1,0,39.33,56.0,1,2026-06-11T20:41:38.000Z,2026-06-11T20:41:38.000Z,66,66
HCP0214,9,6,2,1,8,1,0,30.22,57.0,2,2026-08-02T19:36:32.000Z,2026-08-02T19:36:32.000Z,14,14
HCP0222,3,2,0,1,2,0,1,34.67,45.0,0,2026-02-13T14:05:08.000Z,2026-02-04T04:53:26.000Z,193,184
HCP0276,5,2,0,3,3,1,1,34.0,43.0,1,2026-06-25T20:16:40.000Z,2026-06-25T20:16:40.000Z,52,52
HCP0278,4,2,1,1,4,0,0,22.0,34.0,3,2026-08-03T11:19:13.000Z,2026-08-03T11:19:13.000Z,13,13
HCP0315,7,3,2,2,6,1,0,31.43,58.0,4,2026-06-26T02:48:46.000Z,2026-06-26T02:48:46.000Z,51,51
HCP0350,10,6,3,1,9,0,1,35.9,58.0,4,2026-08-11T12:20:15.000Z,2026-08-11T12:20:15.000Z,5,5
HCP0351,7,2,3,2,7,0,0,28.86,50.0,2,2026-08-09T13:25:19.000Z,2026-08-09T13:25:19.000Z,7,7
HCP0381,8,4,3,1,7,0,1,30.25,52.0,3,2026-07-21T16:09:37.000Z,2026-07-21T16:09:37.000Z,26,26
HCP0387,5,3,1,1,5,0,0,43.2,59.0,2,2026-08-10T04:40:52.000Z,2026-08-10T04:40:52.000Z,6,6
HCP0411,7,3,2,2,7,0,0,34.29,58.0,2,2026-06-28T01:47:05.000Z,2026-06-28T01:47:05.000Z,49,49
HCP0412,4,1,2,1,4,0,0,22.75,43.0,3,2026-06-11T17:45:32.000Z,2026-06-11T17:45:32.000Z,66,66
HCP0425,7,2,2,3,6,1,0,31.86,57.0,3,2026-07-25T21:35:52.000Z,2026-07-25T21:35:52.000Z,22,22
HCP0443,7,3,2,2,5,1,1,30.43,52.0,4,2026-05-22T03:49:39.000Z,2026-05-22T03:49:39.000Z,86,86
HCP0460,6,2,2,2,5,0,1,25.83,55.0,2,2026-07-04T23:26:44.000Z,2026-07-04T23:26:44.000Z,43,43
HCP0465,4,4,0,0,4,0,0,32.5,38.0,4,2026-07-28T22:00:12.000Z,2026-07-28T22:00:12.000Z,19,19
HCP0475,5,3,0,2,3,2,0,43.0,60.0,1,2026-07-13T06:47:54.000Z,2026-07-13T06:47:54.000Z,34,34
HCP0483,5,2,3,0,4,0,1,21.8,42.0,4,2026-08-07T21:13:18.000Z,2026-04-22T02:44:18.000Z,116,9
HCP0551,8,4,2,2,6,1,1,32.25,59.0,2,2026-08-04T13:17:59.000Z,2026-08-04T13:17:59.000Z,12,12
HCP0557,6,2,1,3,6,0,0,26.17,56.0,2,2026-07-23T15:24:22.000Z,2026-07-23T15:24:22.000Z,24,24
HCP0562,3,0,2,1,3,0,0,22.33,28.0,1,2026-07-26T14:36:39.000Z,2026-07-26T14:36:39.000Z,21,21
HCP0578,10,5,2,3,9,1,0,36.2,58.0,4,2026-07-31T01:08:09.000Z,2026-07-31T01:08:09.000Z,16,16
HCP0632,11,3,6,2,9,1,1,24.09,54.0,4,2026-07-24T09:00:36.000Z,2026-07-24T09:00:36.000Z,23,23
HCP0648,7,5,2,0,7,0,0,28.29,43.0,2,2026-07-31T00:18:38.000Z,2026-07-31T00:18:38.000Z,16,16
HCP0704,8,6,2,0,5,3,0,28.63,44.0,3,2026-07-10T17:32:42.000Z,2026-07-10T17:32:42.000Z,37,37
HCP0710,9,2,1,6,8,0,1,33.22,59.0,3,2026-08-01T17:24:32.000Z,2026-08-01T17:24:32.000Z,15,15
HCP0719,6,1,3,2,5,1,0,20.5,34.0,2,2026-05-18T05:12:46.000Z,2026-05-18T05:12:46.000Z,90,90
HCP0724,9,5,2,2,9,0,0,34.89,60.0,6,2026-08-11T01:42:28.000Z,2026-08-11T01:42:28.000Z,5,5
HCP0741,11,6,1,4,10,0,1,36.55,57.0,6,2026-07-21T12:53:12.000Z,2026-07-21T12:53:12.000Z,26,26
HCP0787,9,4,4,1,9,0,0,29.0,43.0,3,2026-07-31T15:51:06.000Z,2026-07-31T15:51:06.000Z,16,16
HCP0791,9,7,1,1,8,0,1,35.89,52.0,4,2026-07-21T00:26:04.000Z,2026-07-14T15:17:53.000Z,33,26
HCP0805,4,1,2,1,2,2,0,22.25,33.0,1,2026-05-03T12:43:28.000Z,2026-05-03T12:43:28.000Z,105,105
HCP0879,5,3,1,1,4,0,1,35.8,51.0,2,2026-08-13T11:32:38.000Z,2026-08-13T11:32:38.000Z,3,3
HCP0880,5,2,2,1,5,0,0,34.4,60.0,4,2026-07-08T04:39:27.000Z,2026-07-08T04:39:27.000Z,39,39
HCP0884,7,3,3,1,7,0,0,26.14,46.0,4,2026-08-11T17:26:07.000Z,2026-08-11T17:26:07.000Z,5,5
HCP0909,9,5,2,2,5,1,3,31.22,59.0,2,2026-06-25T05:10:28.000Z,2026-05-09T20:27:16.000Z,99,52
HCP0914,9,5,3,1,9,0,0,29.44,58.0,3,2026-08-13T04:57:52.000Z,2026-08-13T04:57:52.000Z,3,3
HCP0934,9,4,2,3,9,0,0,33.11,57.0,6,2026-08-08T01:33:49.000Z,2026-08-08T01:33:49.000Z,8,8
HCP0936,7,2,4,1,6,1,0,20.43,51.0,4,2026-06-07T01:28:37.000Z,2026-06-07T01:28:37.000Z,70,70
HCP0942,9,6,2,1,8,1,0,33.33,57.0,4,2026-08-03T13:27:19.000Z,2026-08-03T13:27:19.000Z,13,13
HCP0953,10,3,4,3,9,1,0,25.4,56.0,2,2026-07-16T07:25:33.000Z,2026-07-16T07:25:33.000Z,31,31
HCP0979,5,0,4,1,5,0,0,16.4,30.0,1,2026-07-12T23:29:53.000Z,2026-07-12T23:29:53.000Z,35,35
HCP1018,4,3,0,1,4,0,0,33.25,35.0,3,2026-03-08T15:09:46.000Z,2026-03-08T15:09:46.000Z,161,161
HCP1057,6,1,4,1,5,1,0,18.83,38.0,1,2026-05-27T08:57:22.000Z,2026-05-27T08:57:22.000Z,81,81
HCP1075,7,4,2,1,6,1,0,29.86,58.0,5,2026-08-10T14:35:10.000Z,2026-08-10T14:35:10.000Z,6,6
HCP1083,11,5,4,2,9,2,0,31.18,60.0,5,2026-08-01T17:44:11.000Z,2026-08-01T17:44:11.000Z,15,15
HCP1101,11,5,4,2,10,1,0,26.18,46.0,2,2026-08-05T07:50:32.000Z,2026-08-05T07:50:32.000Z,11,11
HCP1110,12,6,2,4,12,0,0,33.83,59.0,8,2026-07-30T01:00:03.000Z,2026-07-30T01:00:03.000Z,17,17
HCP1145,10,5,3,2,10,0,0,27.9,54.0,3,2026-08-03T18:41:38.000Z,2026-08-03T18:41:38.000Z,13,13
HCP1158,10,6,3,1,9,1,0,34.0,56.0,4,2026-08-13T09:17:26.000Z,2026-08-13T09:17:26.000Z,3,3
HCP1164,11,2,6,3,10,1,0,23.73,43.0,5,2026-08-14T13:10:39.000Z,2026-08-14T13:10:39.000Z,2,2
HCP1175,3,1,1,1,3,0,0,27.0,35.0,0,2026-06-17T12:21:00.000Z,2026-06-17T12:21:00.000Z,60,60
HCP1181,11,3,6,2,10,1,0,22.82,48.0,6,2026-07-23T16:19:30.000Z,2026-07-23T16:19:30.000Z,24,24
HCP1196,10,7,1,2,10,0,0,31.2,49.0,4,2026-07-27T13:20:31.000Z,2026-07-27T13:20:31.000Z,20,20
HCP1212,8,3,1,4,7,1,0,28.0,50.0,5,2026-07-26T01:53:45.000Z,2026-07-26T01:53:45.000Z,21,21
HCP1275,6,5,0,1,6,0,0,42.33,49.0,1,2026-05-25T22:49:01.000Z,2026-05-25T22:49:01.000Z,83,83
HCP1313,10,5,3,2,10,0,0,32.2,57.0,3,2026-07-07T23:03:20.000Z,2026-07-07T23:03:20.000Z,40,40
HCP1330,7,1,2,4,6,0,1,20.86,29.0,3,2026-08-02T06:10:30.000Z,2026-08-02T06:10:30.000Z,14,14
HCP1351,9,6,1,2,8,1,0,33.89,58.0,4,2026-07-28T10:43:01.000Z,2026-07-28T10:43:01.000Z,19,19
HCP1360,8,3,5,0,7,1,0,24.5,60.0,4,2026-08-02T09:07:29.000Z,2026-08-02T09:07:29.000Z,14,14
HCP1364,11,5,3,3,10,1,0,27.09,59.0,4,2026-07-24T20:59:39.000Z,2026-07-24T20:59:39.000Z,23,23
HCP1365,8,4,2,2,7,1,0,31.25,49.0,4,2026-06-16T23:44:07.000Z,2026-06-16T23:44:07.000Z,61,61
HCP1367,3,3,0,0,3,0,0,37.0,48.0,0,2026-06-30T13:32:48.000Z,2026-06-30T13:32:48.000Z,47,47
HCP1377,3,0,3,0,2,0,1,15.33,19.0,2,2026-07-23T12:27:42.000Z,2026-07-23T12:27:42.000Z,24,24
HCP1388,4,1,1,2,3,0,1,31.25,46.0,3,2026-03-30T18:42:24.000Z,2026-03-30T18:42:24.000Z,139,139
HCP1389,6,4,2,0,4,1,1,28.0,48.0,1,2026-08-11T10:16:22.000Z,2026-08-11T10:16:22.000Z,5,5
HCP1415,9,6,2,1,9,0,0,34.78,54.0,4,2026-07-31T16:20:18.000Z,2026-07-31T16:20:18.000Z,16,16
HCP1449,8,6,0,2,8,0,0,38.0,52.0,3,2026-08-10T17:39:32.000Z,2026-08-10T17:39:32.000Z,6,6
HCP1467,7,4,3,0,6,1,0,32.14,53.0,3,2026-08-14T13:39:21.000Z,2026-08-14T13:39:21.000Z,2,2
HCP1483,7,0,5,2,7,0,0,17.71,44.0,4,2026-06-11T21:40:42.000Z,2026-06-11T21:40:42.000Z,66,66
HCP1487,3,2,1,0,3,0,0,36.0,53.0,3,2026-06-21T04:01:35.000Z,2026-06-21T04:01:35.000Z,56,56
HCP1503,9,3,5,1,7,1,1,25.44,60.0,1,2026-06-10T17:54:50.000Z,2026-06-10T17:54:50.000Z,67,67
HCP1532,4,1,3,0,2,1,1,18.75,25.0,1,2026-06-19T00:14:34.000Z,2026-06-19T00:14:34.000Z,58,58
HCP1540,4,1,3,0,3,0,1,17.0,39.0,3,2026-06-28T01:22:20.000Z,2026-04-09T00:48:00.000Z,129,49
HCP1544,8,3,4,1,7,0,1,22.25,50.0,5,2026-06-17T04:21:30.000Z,2026-06-17T04:21:30.000Z,60,60
HCP1574,3,3,0,0,2,1,0,44.67,56.0,1,2026-07-08T14:30:35.000Z,2026-05-23T17:56:56.000Z,85,39
HCP1587,5,3,2,0,5,0,0,36.2,57.0,1,2026-07-01T14:05:50.000Z,2026-07-01T14:05:50.000Z,46,46
HCP1609,4,2,2,0,4,0,0,27.5,59.0,3,2026-07-31T00:44:32.000Z,2026-07-31T00:44:32.000Z,16,16
HCP1621,13,7,5,1,13,0,0,33.62,60.0,7,2026-08-11T19:01:53.000Z,2026-08-11T19:01:53.000Z,5,5
HCP1630,8,5,2,1,7,1,0,33.5,49.0,2,2026-07-31T08:21:25.000Z,2026-07-31T08:21:25.000Z,16,16
HCP1645,9,4,3,2,9,0,0,32.78,58.0,5,2026-08-07T07:22:02.000Z,2026-08-07T07:22:02.000Z,9,9
HCP1656,4,2,2,0,4,0,0,24.0,44.0,3,2026-06-02T04:04:12.000Z,2026-06-02T04:04:12.000Z,75,75
HCP1675,4,1,0,3,3,1,0,32.5,41.0,2,2026-07-18T03:52:37.000Z,2026-07-18T03:52:37.000Z,29,29
HCP1679,2,1,0,1,1,0,1,39.5,56.0,1,2026-07-18T04:07:48.000Z,2026-07-12T16:20:30.000Z,35,29
HCP1696,12,5,4,3,11,1,0,31.83,57.0,3,2026-08-04T20:39:51.000Z,2026-08-04T20:39:51.000Z,12,12
HCP1711,12,5,6,1,10,2,0,24.75,41.0,3,2026-07-28T15:06:38.000Z,2026-07-28T15:06:38.000Z,19,19
HCP1713,10,4,3,3,10,0,0,27.7,55.0,4,2026-07-08T14:22:00.000Z,2026-07-08T14:22:00.000Z,39,39
HCP1756,3,1,1,1,0,2,1,24.67,36.0,0,2026-06-12T05:18:24.000Z,null,null,65
HCP1765,6,4,2,0,5,0,1,33.67,57.0,2,2026-06-06T05:24:50.000Z,2026-06-06T05:24:50.000Z,71,71
HCP1766,5,3,2,0,4,1,0,29.4,49.0,1,2026-07-31T09:37:38.000Z,2026-07-31T09:37:38.000Z,16,16
HCP1776,4,1,2,1,4,0,0,26.0,50.0,1,2026-05-31T04:02:43.000Z,2026-05-31T04:02:43.000Z,77,77
HCP1781,6,3,2,1,5,1,0,29.5,60.0,3,2026-06-13T06:31:50.000Z,2026-06-13T06:31:50.000Z,64,64
HCP1815,10,6,3,1,9,0,1,33.0,60.0,5,2026-08-09T14:38:42.000Z,2026-08-09T14:38:42.000Z,7,7
HCP1825,10,6,3,1,9,1,0,35.7,58.0,4,2026-07-01T04:36:42.000Z,2026-07-01T04:36:42.000Z,46,46
HCP1844,12,7,4,1,8,1,3,33.33,59.0,3,2026-08-09T22:10:40.000Z,2026-08-09T22:10:40.000Z,7,7
HCP1848,3,1,1,1,3,0,0,33.67,57.0,2,2026-07-21T03:50:37.000Z,2026-07-21T03:50:37.000Z,26,26
HCP1862,3,3,0,0,3,0,0,47.33,55.0,2,2026-03-12T08:27:40.000Z,2026-03-12T08:27:40.000Z,157,157
HCP1870,7,4,1,2,7,0,0,39.29,57.0,3,2026-05-19T05:17:07.000Z,2026-05-19T05:17:07.000Z,89,89
HCP1887,10,7,2,1,7,1,2,34.9,53.0,3,2026-06-15T03:59:41.000Z,2026-06-15T03:59:41.000Z,62,62
HCP1911,10,5,3,2,10,0,0,33.2,55.0,7,2026-08-10T13:16:54.000Z,2026-08-10T13:16:54.000Z,6,6
HCP1913,4,1,2,1,4,0,0,27.25,41.0,0,2026-05-26T03:10:07.000Z,2026-05-26T03:10:07.000Z,82,82
HCP1923,3,2,1,0,3,0,0,32.0,54.0,1,2026-03-29T01:06:07.000Z,2026-03-29T01:06:07.000Z,140,140
HCP1931,4,2,1,1,4,0,0,30.25,58.0,3,2026-07-08T04:10:39.000Z,2026-07-08T04:10:39.000Z,39,39
HCP1943,4,2,1,1,4,0,0,27.5,44.0,1,2026-07-28T10:56:08.000Z,2026-07-28T10:56:08.000Z,19,19
HCP1946,3,1,0,2,3,0,0,32.0,46.0,1,2026-04-24T22:07:28.000Z,2026-04-24T22:07:28.000Z,114,114
HCP1951,4,3,0,1,4,0,0,40.5,59.0,3,2026-07-11T10:15:37.000Z,2026-07-11T10:15:37.000Z,36,36
HCP1961,9,2,6,1,9,0,0,21.22,45.0,4,2026-08-09T07:32:53.000Z,2026-08-09T07:32:53.000Z,7,7
HCP1999,6,5,1,0,6,0,0,38.0,57.0,3,2026-07-17T16:41:17.000Z,2026-07-17T16:41:17.000Z,30,30
HCP0018,10,4,2,4,8,2,0,28.3,54.0,4,2026-08-14T22:07:39.000Z,2026-08-14T22:07:39.000Z,2,2
HCP0028,8,4,4,0,8,0,0,21.75,41.0,2,2026-08-08T00:56:50.000Z,2026-08-08T00:56:50.000Z,8,8
HCP0043,12,6,4,2,11,1,0,28.25,54.0,7,2026-08-08T13:34:38.000Z,2026-08-08T13:34:38.000Z,8,8
HCP0125,4,2,1,1,4,0,0,33.75,47.0,1,2026-05-19T10:39:11.000Z,2026-05-19T10:39:11.000Z,89,89
HCP0138,9,4,4,1,8,1,0,29.11,59.0,6,2026-08-01T01:26:50.000Z,2026-06-25T15:04:35.000Z,52,15
HCP0145,6,3,1,2,6,0,0,31.67,46.0,2,2026-06-09T22:23:39.000Z,2026-06-09T22:23:39.000Z,68,68
HCP0151,7,4,2,1,7,0,0,34.14,59.0,3,2026-07-20T03:21:15.000Z,2026-07-20T03:21:15.000Z,27,27
HCP0164,10,7,1,2,7,2,1,43.0,57.0,4,2026-08-09T18:56:20.000Z,2026-08-09T18:56:20.000Z,7,7
HCP0191,6,5,1,0,6,0,0,40.67,52.0,2,2026-05-30T12:28:09.000Z,2026-05-30T12:28:09.000Z,78,78
HCP0193,4,1,3,0,4,0,0,18.25,32.0,2,2026-05-11T22:28:28.000Z,2026-05-11T22:28:28.000Z,97,97
HCP0215,3,0,1,2,2,1,0,25.33,35.0,0,2026-07-31T07:47:28.000Z,2026-07-31T07:47:28.000Z,16,16
HCP0216,6,4,2,0,3,1,2,36.83,56.0,1,2026-05-09T09:03:26.000Z,2026-03-27T04:52:05.000Z,142,99
HCP0217,12,5,3,4,12,0,0,34.25,52.0,7,2026-07-12T00:15:06.000Z,2026-07-12T00:15:06.000Z,35,35
HCP0234,4,1,1,2,4,0,0,24.25,40.0,3,2026-06-10T02:36:06.000Z,2026-06-10T02:36:06.000Z,67,67
HCP0261,4,4,0,0,4,0,0,46.0,54.0,0,2026-08-01T21:05:59.000Z,2026-08-01T21:05:59.000Z,15,15
HCP0263,6,6,0,0,6,0,0,43.0,56.0,3,2026-08-01T14:23:21.000Z,2026-08-01T14:23:21.000Z,15,15
HCP0270,4,2,2,0,4,0,0,26.5,48.0,1,2026-06-28T05:18:48.000Z,2026-06-28T05:18:48.000Z,49,49
HCP0275,4,1,2,1,4,0,0,22.25,44.0,2,2026-06-11T21:55:37.000Z,2026-06-11T21:55:37.000Z,66,66
HCP0281,4,3,1,0,3,0,1,28.25,41.0,1,2026-03-05T18:34:05.000Z,2026-03-05T18:34:05.000Z,164,164
HCP0311,3,0,1,2,3,0,0,23.67,41.0,0,2026-08-12T18:15:12.000Z,2026-08-12T18:15:12.000Z,4,4
HCP0336,12,9,2,1,11,0,1,41.08,58.0,6,2026-06-15T23:07:28.000Z,2026-06-15T23:07:28.000Z,62,62
HCP0356,10,4,3,3,8,1,1,30.6,57.0,3,2026-08-06T10:16:40.000Z,2026-07-10T23:10:32.000Z,37,10
HCP0365,5,2,2,1,5,0,0,31.2,57.0,2,2026-06-19T17:05:03.000Z,2026-06-19T17:05:03.000Z,58,58
HCP0367,11,7,2,2,8,1,2,38.27,60.0,4,2026-08-11T13:05:17.000Z,2026-08-11T13:05:17.000Z,5,5
HCP0380,9,4,3,2,9,0,0,29.33,52.0,4,2026-08-10T12:47:21.000Z,2026-08-10T12:47:21.000Z,6,6
HCP0393,4,2,2,0,3,0,1,29.25,45.0,1,2026-07-12T01:35:23.000Z,2026-07-12T01:35:23.000Z,35,35
HCP0398,7,5,1,1,7,0,0,29.29,43.0,1,2026-07-16T09:04:25.000Z,2026-07-16T09:04:25.000Z,31,31
HCP0418,5,4,0,1,3,2,0,49.0,59.0,2,2026-06-28T09:10:38.000Z,2026-06-28T09:10:38.000Z,49,49
HCP0435,10,5,4,1,10,0,0,25.4,57.0,3,2026-08-05T15:34:14.000Z,2026-08-05T15:34:14.000Z,11,11
HCP0490,5,1,2,2,4,0,1,23.4,45.0,2,2026-06-20T13:49:01.000Z,2026-06-15T00:54:56.000Z,62,57
HCP0494,9,5,2,2,7,1,1,32.44,55.0,5,2026-08-02T04:08:41.000Z,2026-08-02T04:08:41.000Z,14,14
HCP0521,9,3,5,1,7,2,0,22.22,44.0,6,2026-08-13T04:46:12.000Z,2026-08-13T04:46:12.000Z,3,3
HCP0543,5,3,2,0,5,0,0,38.8,59.0,1,2026-07-25T15:56:45.000Z,2026-07-25T15:56:45.000Z,22,22
HCP0547,3,2,0,1,2,1,0,33.0,47.0,2,2026-07-01T14:41:46.000Z,2026-06-22T21:57:26.000Z,55,46
HCP0548,5,2,0,3,4,1,0,41.8,57.0,1,2026-07-15T10:32:54.000Z,2026-07-15T10:32:54.000Z,32,32
HCP0559,7,5,2,0,6,1,0,36.57,60.0,4,2026-08-08T04:56:37.000Z,2026-08-08T04:56:37.000Z,8,8
HCP0563,4,4,0,0,4,0,0,42.25,55.0,3,2026-08-06T02:29:44.000Z,2026-08-06T02:29:44.000Z,10,10
HCP0587,10,4,4,2,10,0,0,26.9,44.0,4,2026-08-03T18:21:07.000Z,2026-08-03T18:21:07.000Z,13,13
HCP0592,3,1,2,0,3,0,0,25.0,54.0,1,2026-05-22T04:26:20.000Z,2026-05-22T04:26:20.000Z,86,86
HCP0596,6,3,1,2,6,0,0,29.33,50.0,3,2026-07-30T13:38:07.000Z,2026-07-30T13:38:07.000Z,17,17
HCP0659,13,5,5,3,11,1,1,21.77,42.0,7,2026-08-01T01:33:34.000Z,2026-08-01T01:33:34.000Z,15,15
HCP0668,6,3,2,1,5,1,0,31.17,54.0,1,2026-05-18T13:39:57.000Z,2026-05-18T13:39:57.000Z,90,90
HCP0692,5,3,0,2,4,1,0,31.6,37.0,2,2026-08-02T10:30:09.000Z,2026-06-28T20:27:54.000Z,49,14
HCP0698,10,4,5,1,7,2,1,27.3,48.0,3,2026-07-06T19:33:39.000Z,2026-07-06T19:33:39.000Z,41,41
HCP0713,10,4,2,4,9,1,0,29.7,56.0,3,2026-07-28T03:24:00.000Z,2026-07-28T03:24:00.000Z,19,19
HCP0734,6,3,2,1,5,1,0,27.83,52.0,2,2026-07-26T18:13:49.000Z,2026-07-26T18:13:49.000Z,21,21
HCP0735,5,1,3,1,5,0,0,21.8,41.0,3,2026-06-11T16:17:32.000Z,2026-06-11T16:17:32.000Z,66,66
HCP0743,5,4,1,0,5,0,0,36.0,58.0,1,2026-07-12T04:21:49.000Z,2026-07-12T04:21:49.000Z,35,35
HCP0756,4,3,1,0,4,0,0,42.5,56.0,1,2026-06-04T10:20:22.000Z,2026-06-04T10:20:22.000Z,73,73
HCP0761,10,8,2,0,9,1,0,37.9,56.0,4,2026-08-07T05:38:31.000Z,2026-08-07T05:38:31.000Z,9,9
HCP0771,6,3,2,1,5,1,0,28.67,54.0,3,2026-07-31T01:32:20.000Z,2026-07-31T01:32:20.000Z,16,16
HCP0798,6,3,3,0,4,2,0,26.33,52.0,2,2026-07-24T07:08:07.000Z,2026-07-24T07:08:07.000Z,23,23
HCP0830,7,1,4,2,5,2,0,25.57,55.0,2,2026-07-21T04:20:05.000Z,2026-07-21T04:20:05.000Z,26,26
HCP0835,12,8,2,2,11,0,1,36.67,60.0,9,2026-08-10T07:14:14.000Z,2026-08-10T07:14:14.000Z,6,6
HCP0864,7,3,3,1,7,0,0,23.0,36.0,2,2026-06-21T10:37:59.000Z,2026-06-21T10:37:59.000Z,56,56
HCP0885,12,7,2,3,12,0,0,33.17,48.0,3,2026-08-09T03:19:14.000Z,2026-08-09T03:19:14.000Z,7,7
HCP0889,6,3,2,1,5,1,0,27.83,37.0,3,2026-03-13T15:39:32.000Z,2026-03-13T15:39:32.000Z,156,156
HCP0891,3,1,2,0,2,1,0,26.0,52.0,1,2026-07-12T12:39:08.000Z,2026-07-12T12:39:08.000Z,35,35
HCP0916,5,1,3,1,5,0,0,18.8,37.0,3,2026-06-20T00:27:45.000Z,2026-06-20T00:27:45.000Z,57,57
HCP0922,6,4,2,0,5,0,1,35.0,60.0,5,2026-07-18T02:11:40.000Z,2026-07-18T02:11:40.000Z,29,29
HCP0983,4,0,2,2,4,0,0,21.0,29.0,0,2026-08-11T22:03:48.000Z,2026-08-11T22:03:48.000Z,5,5
HCP0992,8,6,1,1,8,0,0,35.5,59.0,4,2026-07-28T20:11:34.000Z,2026-07-28T20:11:34.000Z,19,19
HCP0996,12,10,2,0,11,0,1,41.33,59.0,7,2026-08-05T23:23:28.000Z,2026-08-05T23:23:28.000Z,11,11
HCP1001,5,3,1,1,3,1,1,34.6,55.0,1,2026-07-25T12:09:55.000Z,2026-07-25T12:09:55.000Z,22,22
HCP1020,7,2,4,1,5,1,1,21.86,59.0,1,2026-07-01T03:28:56.000Z,2026-07-01T03:28:56.000Z,46,46
HCP1031,11,8,1,2,10,1,0,36.18,56.0,7,2026-07-24T04:17:53.000Z,2026-07-24T04:17:53.000Z,23,23
HCP1035,6,1,5,0,6,0,0,16.5,26.0,3,2026-05-28T00:25:27.000Z,2026-05-28T00:25:27.000Z,80,80
HCP1038,3,3,0,0,3,0,0,39.67,42.0,2,2026-06-01T06:49:09.000Z,2026-06-01T06:49:09.000Z,76,76
HCP1048,10,6,3,1,10,0,0,28.5,52.0,6,2026-07-24T16:40:49.000Z,2026-07-24T16:40:49.000Z,23,23
HCP1082,5,3,1,1,4,1,0,34.8,56.0,1,2026-08-04T09:30:31.000Z,2026-08-04T09:30:31.000Z,12,12
HCP1095,5,3,1,1,4,1,0,27.8,47.0,1,2026-06-15T20:49:52.000Z,2026-05-10T01:49:05.000Z,98,62
HCP1108,6,3,1,2,6,0,0,39.33,58.0,3,2026-08-06T01:53:40.000Z,2026-08-06T01:53:40.000Z,10,10
HCP1121,9,6,2,1,8,1,0,29.89,43.0,4,2026-08-01T04:21:54.000Z,2026-08-01T04:21:54.000Z,15,15
HCP1149,3,3,0,0,3,0,0,34.0,39.0,0,2026-06-19T14:35:39.000Z,2026-06-19T14:35:39.000Z,58,58
HCP1160,11,5,5,1,9,2,0,26.82,54.0,5,2026-07-26T15:20:29.000Z,2026-07-26T15:20:29.000Z,21,21
HCP1163,12,8,2,2,11,1,0,37.33,58.0,6,2026-07-03T13:17:36.000Z,2026-07-03T13:17:36.000Z,44,44
HCP1191,8,4,3,1,6,2,0,34.5,60.0,2,2026-06-27T19:51:22.000Z,2026-06-27T19:51:22.000Z,50,50
HCP1197,8,4,3,1,7,1,0,32.5,55.0,4,2026-08-08T22:47:57.000Z,2026-08-08T22:47:57.000Z,8,8
HCP1206,10,4,4,2,9,0,1,24.3,52.0,3,2026-06-08T07:39:26.000Z,2026-06-08T07:39:26.000Z,69,69
HCP1249,4,1,3,0,4,0,0,20.5,46.0,2,2026-07-11T22:56:46.000Z,2026-07-11T22:56:46.000Z,36,36
HCP1301,4,2,2,0,3,0,1,22.5,42.0,1,2026-05-08T14:11:23.000Z,2026-05-08T14:11:23.000Z,100,100
HCP1315,6,1,3,2,6,0,0,21.5,41.0,3,2026-05-13T13:11:17.000Z,2026-05-13T13:11:17.000Z,95,95
HCP1323,9,3,0,6,8,1,0,38.22,53.0,2,2026-07-19T06:49:51.000Z,2026-07-19T06:49:51.000Z,28,28
HCP1341,13,5,4,4,9,3,1,28.69,47.0,3,2026-07-20T18:32:49.000Z,2026-07-20T18:32:49.000Z,27,27
HCP1345,6,4,0,2,6,0,0,38.5,53.0,3,2026-08-01T22:53:49.000Z,2026-08-01T22:53:49.000Z,15,15
HCP1363,3,1,0,2,2,1,0,28.33,35.0,1,2026-08-03T20:16:16.000Z,2026-06-16T00:31:29.000Z,61,13
HCP1383,7,2,1,4,7,0,0,28.86,59.0,2,2026-07-21T11:51:23.000Z,2026-07-21T11:51:23.000Z,26,26
HCP1393,8,5,2,1,8,0,0,38.0,57.0,4,2026-07-13T06:39:01.000Z,2026-07-13T06:39:01.000Z,34,34
HCP1398,7,3,3,1,7,0,0,25.43,43.0,3,2026-07-24T17:05:00.000Z,2026-07-24T17:05:00.000Z,23,23
HCP1401,2,1,0,1,1,1,0,42.0,53.0,1,2026-04-04T22:10:53.000Z,2026-01-24T13:27:07.000Z,204,134
HCP1431,10,5,3,2,10,0,0,30.1,50.0,3,2026-08-04T01:05:35.000Z,2026-08-04T01:05:35.000Z,12,12
HCP1454,10,6,3,1,9,1,0,33.3,54.0,3,2026-08-14T10:32:39.000Z,2026-08-14T10:32:39.000Z,2,2
HCP1486,7,3,2,2,6,1,0,28.14,50.0,4,2026-07-24T23:16:51.000Z,2026-07-24T23:16:51.000Z,23,23
HCP1489,4,3,0,1,4,0,0,32.0,38.0,4,2026-04-19T10:57:08.000Z,2026-04-19T10:57:08.000Z,119,119
HCP1526,5,4,0,1,4,1,0,44.8,57.0,1,2026-06-01T23:10:14.000Z,2026-06-01T23:10:14.000Z,76,76
HCP1557,7,2,5,0,7,0,0,18.14,46.0,4,2026-06-28T19:02:41.000Z,2026-06-28T19:02:41.000Z,49,49
HCP1590,9,5,3,1,9,0,0,32.0,51.0,5,2026-06-22T04:07:44.000Z,2026-06-22T04:07:44.000Z,55,55
HCP1595,3,2,1,0,3,0,0,36.0,49.0,1,2026-05-11T14:47:54.000Z,2026-05-11T14:47:54.000Z,97,97
HCP1597,7,4,3,0,7,0,0,31.86,55.0,3,2026-05-20T14:41:08.000Z,2026-05-20T14:41:08.000Z,88,88
HCP1605,5,3,1,1,5,0,0,42.4,60.0,2,2026-07-26T17:57:08.000Z,2026-07-26T17:57:08.000Z,21,21
HCP1606,7,3,2,2,6,1,0,26.86,56.0,1,2026-07-17T14:00:42.000Z,2026-07-17T14:00:42.000Z,30,30
HCP1611,8,7,1,0,5,2,1,43.63,60.0,3,2026-08-12T05:04:30.000Z,2026-08-12T05:04:30.000Z,4,4
HCP1612,8,4,3,1,7,0,1,33.38,58.0,6,2026-05-18T23:01:34.000Z,2026-05-18T23:01:34.000Z,90,90
HCP1617,4,1,2,1,4,0,0,25.25,40.0,1,2026-08-13T06:46:17.000Z,2026-08-13T06:46:17.000Z,3,3
HCP1625,9,2,6,1,8,0,1,21.56,43.0,4,2026-07-29T18:50:28.000Z,2026-07-29T18:50:28.000Z,18,18
HCP1635,3,2,1,0,3,0,0,24.0,33.0,2,2026-06-09T22:10:05.000Z,2026-06-09T22:10:05.000Z,68,68
HCP1686,14,4,6,4,13,1,0,26.5,51.0,7,2026-07-18T19:45:16.000Z,2026-07-18T19:45:16.000Z,29,29
HCP1699,3,2,0,1,2,1,0,39.33,59.0,1,2026-05-13T07:41:08.000Z,2026-04-23T06:53:52.000Z,115,95
HCP1719,4,3,0,1,3,1,0,38.5,46.0,3,2026-05-30T22:43:34.000Z,2026-05-30T22:43:34.000Z,78,78
HCP1725,3,2,1,0,3,0,0,33.33,48.0,1,2026-02-25T20:45:29.000Z,2026-02-25T20:45:29.000Z,172,172
HCP1738,10,6,1,3,8,0,2,37.3,59.0,4,2026-07-15T09:52:09.000Z,2026-07-15T09:52:09.000Z,32,32
HCP1742,6,2,3,1,6,0,0,19.5,43.0,1,2026-08-11T07:19:51.000Z,2026-08-11T07:19:51.000Z,5,5
HCP1749,6,3,0,3,6,0,0,36.0,50.0,4,2026-08-02T06:58:55.000Z,2026-08-02T06:58:55.000Z,14,14
HCP1753,11,9,2,0,10,1,0,38.09,60.0,4,2026-08-02T14:33:36.000Z,2026-08-02T14:33:36.000Z,14,14
HCP1772,4,4,0,0,3,1,0,44.25,59.0,1,2026-05-14T23:21:23.000Z,2026-05-14T11:05:19.000Z,94,94
HCP1773,4,4,0,0,4,0,0,42.75,56.0,0,2026-06-13T00:32:13.000Z,2026-06-13T00:32:13.000Z,64,64
HCP1788,9,6,2,1,8,0,1,36.33,54.0,4,2026-08-14T18:18:33.000Z,2026-08-14T18:18:33.000Z,2,2
HCP1816,11,6,4,1,10,1,0,34.0,57.0,3,2026-08-08T15:37:18.000Z,2026-06-22T05:31:19.000Z,55,8
HCP1827,8,6,1,1,7,0,1,37.63,52.0,4,2026-07-09T03:44:37.000Z,2026-07-09T03:44:37.000Z,38,38
HCP1830,7,3,2,2,5,1,1,30.14,60.0,4,2026-07-23T14:54:36.000Z,2026-07-23T14:54:36.000Z,24,24
HCP1834,11,6,3,2,10,1,0,33.64,56.0,8,2026-06-27T00:59:59.000Z,2026-06-27T00:59:59.000Z,50,50
HCP1856,5,2,1,2,4,1,0,34.4,60.0,2,2026-08-02T16:41:27.000Z,2026-06-17T00:34:43.000Z,60,14
HCP1866,8,4,3,1,7,1,0,25.5,49.0,5,2026-07-31T06:15:50.000Z,2026-07-31T06:15:50.000Z,16,16
HCP1871,9,6,2,1,9,0,0,32.89,60.0,5,2026-08-05T13:54:02.000Z,2026-08-05T13:54:02.000Z,11,11
HCP1880,8,4,1,3,8,0,0,35.25,56.0,3,2026-07-16T12:55:13.000Z,2026-07-16T12:55:13.000Z,31,31
HCP1897,5,4,1,0,5,0,0,35.2,54.0,1,2026-07-05T08:46:17.000Z,2026-07-05T08:46:17.000Z,42,42
HCP1914,5,2,1,2,5,0,0,32.2,44.0,3,2026-04-13T13:05:57.000Z,2026-04-13T13:05:57.000Z,125,125
HCP1926,10,6,2,2,8,1,1,32.6,57.0,6,2026-08-01T14:11:39.000Z,2026-08-01T14:11:39.000Z,15,15
HCP1934,5,1,2,2,5,0,0,21.0,42.0,2,2026-07-08T19:46:20.000Z,2026-07-08T19:46:20.000Z,39,39
HCP1958,4,2,1,1,4,0,0,28.5,45.0,1,2026-06-06T20:10:08.000Z,2026-06-06T20:10:08.000Z,71,71
HCP1960,9,4,2,3,6,3,0,27.22,58.0,3,2026-08-08T19:16:10.000Z,2026-08-08T19:16:10.000Z,8,8
HCP1969,7,1,6,0,5,1,1,15.71,29.0,5,2026-08-07T15:34:53.000Z,2026-08-07T15:34:53.000Z,9,9
HCP1976,10,4,4,2,9,0,1,27.3,50.0,4,2026-08-05T01:38:01.000Z,2026-06-29T11:22:34.000Z,48,11
HCP0019,4,2,2,0,2,2,0,30.5,55.0,1,2026-06-16T13:11:48.000Z,2026-06-16T13:11:48.000Z,61,61
HCP0038,12,8,2,2,11,1,0,31.92,58.0,7,2026-08-13T03:30:06.000Z,2026-08-13T03:30:06.000Z,3,3
HCP0050,4,1,3,0,4,0,0,17.0,33.0,1,2026-06-27T16:29:43.000Z,2026-06-27T16:29:43.000Z,50,50
HCP0056,6,1,3,2,5,0,1,24.33,42.0,3,2026-06-21T19:17:40.000Z,2026-05-26T07:38:53.000Z,82,56
HCP0060,4,2,1,1,2,2,0,32.25,50.0,1,2026-07-17T14:33:25.000Z,2026-07-17T14:33:25.000Z,30,30
HCP0064,3,1,2,0,3,0,0,23.67,51.0,1,2026-07-16T20:40:16.000Z,2026-07-16T20:40:16.000Z,31,31
HCP0112,6,2,3,1,5,1,0,25.33,46.0,3,2026-08-05T22:11:22.000Z,2026-08-05T22:11:22.000Z,11,11
HCP0115,10,5,4,1,9,1,0,29.4,59.0,4,2026-08-02T03:19:41.000Z,2026-08-02T03:19:41.000Z,14,14
HCP0131,12,5,3,4,12,0,0,32.67,59.0,8,2026-08-04T13:41:53.000Z,2026-08-04T13:41:53.000Z,12,12
HCP0135,5,2,1,2,4,1,0,33.4,49.0,1,2026-06-02T20:19:30.000Z,2026-05-20T15:57:45.000Z,88,75
HCP0155,10,4,2,4,10,0,0,30.8,52.0,4,2026-07-27T23:14:37.000Z,2026-07-27T23:14:37.000Z,20,20
HCP0157,4,0,1,3,4,0,0,27.75,44.0,1,2026-03-14T03:58:17.000Z,2026-03-14T03:58:17.000Z,155,155
HCP0186,8,6,0,2,8,0,0,44.25,57.0,0,2026-08-05T13:15:34.000Z,2026-08-05T13:15:34.000Z,11,11
HCP0279,8,1,4,3,8,0,0,22.25,41.0,4,2026-07-30T07:50:04.000Z,2026-07-30T07:50:04.000Z,17,17
HCP0321,4,3,1,0,3,0,1,30.5,48.0,2,2026-05-13T22:09:04.000Z,2026-05-13T22:09:04.000Z,95,95
HCP0348,4,1,1,2,3,1,0,27.75,56.0,1,2026-07-24T13:20:42.000Z,2026-07-24T13:20:42.000Z,23,23
HCP0353,9,5,2,2,9,0,0,37.33,55.0,4,2026-06-24T23:11:51.000Z,2026-06-24T23:11:51.000Z,53,53
HCP0419,8,7,1,0,8,0,0,36.13,58.0,5,2026-08-03T18:09:14.000Z,2026-08-03T18:09:14.000Z,13,13
HCP0426,6,4,2,0,5,1,0,29.33,56.0,4,2026-07-15T12:01:18.000Z,2026-07-15T12:01:18.000Z,32,32
HCP0434,9,7,1,1,9,0,0,41.78,59.0,4,2026-07-23T02:15:44.000Z,2026-07-23T02:15:44.000Z,24,24
HCP0440,4,2,2,0,4,0,0,24.0,40.0,3,2026-05-14T04:00:06.000Z,2026-05-14T04:00:06.000Z,94,94
HCP0459,3,0,3,0,3,0,0,13.33,16.0,2,2026-07-22T01:28:42.000Z,2026-07-22T01:28:42.000Z,25,25
HCP0503,6,3,1,2,6,0,0,38.17,59.0,1,2026-08-05T19:56:26.000Z,2026-08-05T19:56:26.000Z,11,11
HCP0526,6,2,3,1,6,0,0,26.83,49.0,2,2026-08-12T03:51:23.000Z,2026-08-12T03:51:23.000Z,4,4
HCP0528,3,2,1,0,2,1,0,41.33,60.0,1,2026-06-05T18:37:16.000Z,2026-06-05T18:37:16.000Z,72,72
HCP0540,4,3,1,0,3,1,0,32.0,54.0,3,2026-08-06T17:45:36.000Z,2026-08-06T17:45:36.000Z,10,10
HCP0552,11,4,2,5,10,1,0,25.73,48.0,1,2026-07-26T03:05:02.000Z,2026-07-01T18:02:12.000Z,46,21
HCP0570,11,7,2,2,10,1,0,34.36,60.0,3,2026-08-01T21:53:58.000Z,2026-08-01T21:53:58.000Z,15,15
HCP0581,5,3,0,2,4,0,1,31.6,42.0,3,2026-06-25T03:18:35.000Z,2026-06-25T03:18:35.000Z,52,52
HCP0600,10,4,4,2,10,0,0,24.2,56.0,4,2026-08-04T07:11:21.000Z,2026-08-04T07:11:21.000Z,12,12
HCP0625,7,6,1,0,7,0,0,35.57,55.0,4,2026-07-29T11:01:53.000Z,2026-07-29T11:01:53.000Z,18,18
HCP0627,10,5,4,1,7,1,2,30.1,53.0,3,2026-06-27T06:49:33.000Z,2026-06-27T06:49:33.000Z,50,50
HCP0672,4,3,1,0,3,0,1,36.0,60.0,3,2026-06-11T11:21:11.000Z,2026-06-11T11:21:11.000Z,66,66
HCP0674,3,1,0,2,2,0,1,39.0,58.0,2,2026-06-22T06:49:33.000Z,2026-03-17T12:56:12.000Z,152,55
HCP0682,2,1,1,0,1,0,1,21.0,37.0,0,2026-04-30T02:27:28.000Z,2026-04-30T02:27:28.000Z,108,108
HCP0700,3,1,2,0,2,1,0,20.67,31.0,1,2026-07-19T14:24:46.000Z,2026-07-19T14:24:46.000Z,28,28
HCP0739,9,6,3,0,8,1,0,32.44,58.0,4,2026-08-10T21:53:55.000Z,2026-08-10T21:53:55.000Z,6,6
HCP0742,9,3,5,1,9,0,0,25.67,49.0,5,2026-06-25T06:03:10.000Z,2026-06-25T06:03:10.000Z,52,52
HCP0764,7,4,2,1,7,0,0,31.57,52.0,1,2026-06-30T18:53:44.000Z,2026-06-30T18:53:44.000Z,47,47
HCP0767,6,2,1,3,6,0,0,30.5,58.0,3,2026-08-07T21:29:33.000Z,2026-08-07T21:29:33.000Z,9,9
HCP0780,6,4,0,2,5,1,0,36.67,60.0,1,2026-08-09T18:44:21.000Z,2026-08-09T18:44:21.000Z,7,7
HCP0840,10,6,3,1,10,0,0,36.3,58.0,5,2026-07-02T23:39:38.000Z,2026-07-02T23:39:38.000Z,45,45
HCP0846,6,4,1,1,6,0,0,41.17,57.0,2,2026-08-13T14:47:57.000Z,2026-08-13T14:47:57.000Z,3,3
HCP0855,6,3,2,1,5,1,0,28.5,58.0,3,2026-07-26T06:25:41.000Z,2026-07-26T06:25:41.000Z,21,21
HCP0857,10,3,5,2,9,1,0,23.2,47.0,4,2026-08-07T13:20:51.000Z,2026-08-07T13:20:51.000Z,9,9
HCP0920,8,5,3,0,6,2,0,33.5,55.0,2,2026-07-23T12:32:48.000Z,2026-07-23T12:32:48.000Z,24,24
HCP0921,7,3,4,0,7,0,0,21.43,42.0,4,2026-07-31T06:05:49.000Z,2026-07-31T06:05:49.000Z,16,16
HCP0929,5,4,0,1,4,1,0,45.6,57.0,3,2026-08-07T05:19:12.000Z,2026-08-07T05:19:12.000Z,9,9
HCP0943,9,2,5,2,9,0,0,25.78,56.0,5,2026-08-11T17:09:40.000Z,2026-08-11T17:09:40.000Z,5,5
HCP0950,9,3,2,4,9,0,0,30.89,45.0,7,2026-06-30T10:01:59.000Z,2026-06-30T10:01:59.000Z,47,47
HCP0962,4,2,1,1,3,0,1,27.75,36.0,1,2026-05-05T09:57:48.000Z,2026-05-05T09:57:48.000Z,103,103
HCP0970,4,2,0,2,4,0,0,33.5,44.0,1,2026-05-20T23:58:14.000Z,2026-05-20T23:58:14.000Z,88,88
HCP1014,3,1,2,0,3,0,0,21.33,50.0,0,2026-07-29T00:19:32.000Z,2026-07-29T00:19:32.000Z,18,18
HCP1040,12,6,4,2,8,4,0,32.75,57.0,3,2026-08-07T15:19:53.000Z,2026-08-07T15:19:53.000Z,9,9
HCP1053,5,3,0,2,3,1,1,37.4,59.0,1,2026-06-09T02:04:38.000Z,2026-06-09T02:04:38.000Z,68,68
HCP1080,6,1,2,3,5,0,1,28.67,53.0,2,2026-06-22T05:25:06.000Z,2026-06-22T05:25:06.000Z,55,55
HCP1084,6,4,0,2,6,0,0,40.33,58.0,1,2026-08-01T01:43:54.000Z,2026-08-01T01:43:54.000Z,15,15
HCP1153,8,4,1,3,8,0,0,33.75,42.0,3,2026-08-11T16:35:30.000Z,2026-08-11T16:35:30.000Z,5,5
HCP1200,7,1,2,4,7,0,0,24.29,43.0,7,2026-05-23T01:27:59.000Z,2026-05-23T01:27:59.000Z,85,85
HCP1214,6,5,1,0,5,0,1,32.33,60.0,1,2026-06-21T04:28:40.000Z,2026-06-21T04:28:40.000Z,56,56
HCP1231,10,7,1,2,10,0,0,40.5,57.0,4,2026-07-01T14:26:32.000Z,2026-07-01T14:26:32.000Z,46,46
HCP1233,6,2,3,1,5,1,0,28.83,48.0,2,2026-05-11T13:02:41.000Z,2026-05-11T13:02:41.000Z,97,97
HCP1238,9,6,2,1,8,1,0,35.0,60.0,3,2026-08-13T11:23:06.000Z,2026-08-13T11:23:06.000Z,3,3
HCP1239,4,1,2,1,4,0,0,27.25,55.0,3,2026-05-13T06:46:07.000Z,2026-05-13T06:46:07.000Z,95,95
HCP1247,7,3,2,2,6,0,1,22.86,39.0,2,2026-06-09T19:21:02.000Z,2026-06-09T19:21:02.000Z,68,68
HCP1248,7,5,1,1,7,0,0,35.29,57.0,3,2026-08-05T08:33:14.000Z,2026-08-05T08:33:14.000Z,11,11
HCP1255,4,1,2,1,4,0,0,24.0,40.0,0,2026-07-21T16:48:36.000Z,2026-07-21T16:48:36.000Z,26,26
HCP1279,2,2,0,0,2,0,0,38.5,50.0,1,2026-02-04T13:00:37.000Z,2026-02-04T13:00:37.000Z,193,193
HCP1332,5,1,1,3,5,0,0,37.4,54.0,1,2026-08-11T01:46:47.000Z,2026-08-11T01:46:47.000Z,5,5
HCP1336,7,6,0,1,6,0,1,46.86,58.0,2,2026-07-21T08:59:44.000Z,2026-06-28T12:04:29.000Z,49,26
HCP1354,4,2,1,1,2,1,1,32.25,58.0,2,2026-07-28T11:55:44.000Z,2026-02-23T00:59:11.000Z,174,19
HCP1357,11,6,4,1,9,1,1,33.91,60.0,5,2026-07-19T23:35:49.000Z,2026-06-28T04:48:51.000Z,49,28
HCP1397,10,3,6,1,10,0,0,24.1,55.0,6,2026-07-26T05:26:17.000Z,2026-07-26T05:26:17.000Z,21,21
HCP1412,3,0,2,1,3,0,0,19.67,32.0,2,2026-02-04T05:50:42.000Z,2026-02-04T05:50:42.000Z,193,193
HCP1413,6,4,1,1,6,0,0,35.83,50.0,2,2026-07-16T01:28:45.000Z,2026-07-16T01:28:45.000Z,31,31
HCP1421,10,5,4,1,9,0,1,24.9,43.0,5,2026-08-03T09:58:39.000Z,2026-08-03T09:58:39.000Z,13,13
HCP1422,7,2,2,3,7,0,0,35.71,56.0,2,2026-07-03T03:32:52.000Z,2026-07-03T03:32:52.000Z,44,44
HCP1428,3,1,2,0,2,1,0,26.67,53.0,2,2026-06-10T23:43:39.000Z,2026-06-06T05:16:09.000Z,71,67
HCP1451,11,9,1,1,9,1,1,37.45,59.0,5,2026-06-07T04:49:16.000Z,2026-06-07T04:49:16.000Z,70,70
HCP1457,9,3,4,2,9,0,0,27.33,51.0,5,2026-08-10T22:53:14.000Z,2026-08-10T22:53:14.000Z,6,6
HCP1473,10,4,4,2,9,1,0,28.3,58.0,5,2026-07-26T02:07:30.000Z,2026-07-26T02:07:30.000Z,21,21
HCP1529,3,3,0,0,3,0,0,36.33,49.0,1,2026-04-27T08:54:43.000Z,2026-04-27T08:54:43.000Z,111,111
HCP1550,11,5,2,4,9,0,2,28.82,41.0,3,2026-07-19T13:30:18.000Z,2026-07-19T13:30:18.000Z,28,28
HCP1562,5,3,0,2,4,1,0,45.2,55.0,1,2026-07-15T07:01:13.000Z,2026-07-15T07:01:13.000Z,32,32
HCP1567,10,7,2,1,6,0,4,34.9,58.0,4,2026-07-22T10:45:36.000Z,2026-07-22T10:45:36.000Z,25,25
HCP1601,8,4,2,2,6,1,1,29.0,48.0,4,2026-08-09T18:32:03.000Z,2026-08-09T18:32:03.000Z,7,7
HCP1654,11,6,3,2,11,0,0,32.09,53.0,6,2026-07-23T06:14:10.000Z,2026-07-23T06:14:10.000Z,24,24
HCP1659,5,1,3,1,2,3,0,19.2,41.0,1,2026-06-26T23:41:00.000Z,2026-06-26T23:41:00.000Z,51,51
HCP1698,6,4,2,0,4,2,0,41.67,60.0,3,2026-08-11T21:19:16.000Z,2026-08-11T21:19:16.000Z,5,5
HCP1704,4,1,1,2,2,1,1,35.75,49.0,0,2026-03-25T15:54:06.000Z,2026-03-25T15:54:06.000Z,144,144
HCP1728,6,1,5,0,6,0,0,21.83,58.0,2,2026-08-10T03:42:09.000Z,2026-08-10T03:42:09.000Z,6,6
HCP1744,6,5,1,0,6,0,0,33.67,49.0,1,2026-06-29T23:31:38.000Z,2026-06-29T23:31:38.000Z,48,48
HCP1752,7,4,3,0,6,0,1,27.86,48.0,2,2026-08-13T09:42:15.000Z,2026-08-09T05:32:33.000Z,7,3
HCP1780,4,3,0,1,3,0,1,36.0,53.0,0,2026-06-21T08:26:54.000Z,2026-06-21T08:26:54.000Z,56,56
HCP1809,5,1,3,1,3,1,1,22.4,35.0,1,2026-06-01T04:03:08.000Z,2026-05-29T15:50:36.000Z,79,76
HCP1843,9,4,3,2,8,1,0,27.44,46.0,4,2026-07-31T19:30:57.000Z,2026-07-31T19:30:57.000Z,16,16
HCP1849,11,5,3,3,9,2,0,32.45,58.0,6,2026-08-10T01:15:40.000Z,2026-08-10T01:15:40.000Z,6,6
HCP1853,8,6,1,1,7,1,0,36.13,59.0,2,2026-08-12T01:39:48.000Z,2026-08-12T01:39:48.000Z,4,4
HCP1864,7,3,3,1,6,1,0,28.43,60.0,2,2026-06-25T09:00:23.000Z,2026-06-12T08:47:30.000Z,65,52
HCP1867,9,6,2,1,9,0,0,38.33,60.0,5,2026-08-10T15:55:24.000Z,2026-08-10T15:55:24.000Z,6,6
HCP1885,12,3,4,5,11,0,1,29.75,56.0,8,2026-08-11T06:52:38.000Z,2026-08-11T06:52:38.000Z,5,5
HCP1894,9,5,2,2,9,0,0,33.44,56.0,5,2026-08-11T23:31:00.000Z,2026-08-11T23:31:00.000Z,5,5
HCP1924,12,6,5,1,10,2,0,28.67,54.0,5,2026-08-13T11:13:23.000Z,2026-08-13T11:13:23.000Z,3,3
HCP1932,11,3,5,3,10,0,1,26.64,59.0,5,2026-08-08T05:07:22.000Z,2026-08-08T05:07:22.000Z,8,8
HCP1933,6,4,1,1,5,1,0,28.0,39.0,5,2026-05-26T16:57:23.000Z,2026-05-26T16:57:23.000Z,82,82
HCP1935,6,4,2,0,5,1,0,36.5,59.0,2,2026-05-30T22:35:04.000Z,2026-05-30T22:35:04.000Z,78,78
HCP1938,8,5,3,0,7,0,1,34.38,59.0,3,2026-08-13T10:40:04.000Z,2026-08-13T10:40:04.000Z,3,3
HCP1939,11,4,5,2,9,2,0,27.18,56.0,6,2026-08-10T10:48:45.000Z,2026-08-10T10:48:45.000Z,6,6
HCP1953,5,2,1,2,5,0,0,35.2,55.0,3,2026-08-07T12:11:32.000Z,2026-08-07T12:11:32.000Z,9,9
HCP1963,8,4,3,1,7,1,0,29.88,60.0,1,2026-08-06T02:52:35.000Z,2026-08-06T02:52:35.000Z,10,10
HCP2000,5,4,0,1,4,0,1,36.4,57.0,1,2026-07-31T23:03:33.000Z,2026-07-31T23:03:33.000Z,16,16
