hcp_id,total_web_events,page_views,content_views,downloads,download_rate,video_starts,video_completions,video_completion_rate,sessions,avg_session_duration,last_web_activity,last_web_engagement,days_since_last_web_engagement,days_since_last_web_activity
HCP0016,37,24,9,4,0.4444,0,0,0.0000,24,168.08,2026-07-03T06:03:18.000Z,2026-07-03T06:03:18.000Z,44,44
HCP0022,57,23,18,6,0.3333,8,2,0.2500,23,257.26,2026-08-13T15:38:54.000Z,2026-07-16T16:34:07.000Z,31,3
HCP0036,31,21,8,2,0.2500,0,0,0.0000,21,123.61,2026-07-27T18:19:53.000Z,2026-07-27T18:19:53.000Z,20,20
HCP0047,103,47,28,18,0.6429,6,4,0.6667,47,215.57,2026-08-05T00:52:44.000Z,2026-08-05T00:52:44.000Z,11,11
HCP0069,29,18,6,5,0.8333,0,0,0.0000,18,181.93,2026-08-10T12:44:08.000Z,2026-08-10T12:44:08.000Z,6,6
HCP0074,67,29,22,12,0.5455,3,1,0.3333,29,265.13,2026-08-08T03:21:44.000Z,2026-08-08T03:21:44.000Z,8,8
HCP0087,56,32,17,4,0.2353,2,1,0.5000,32,199.36,2026-08-09T00:06:26.000Z,2026-06-15T19:48:30.000Z,62,7
HCP0101,43,23,13,5,0.3846,1,1,1.0000,23,263.65,2026-08-13T11:33:36.000Z,2026-08-13T11:33:36.000Z,3,3
HCP0109,33,18,11,4,0.3636,0,0,0.0000,18,243.33,2026-08-12T15:12:57.000Z,2026-08-12T15:12:57.000Z,4,4
HCP0121,43,21,11,8,0.7273,2,1,0.5000,21,206.51,2026-08-13T23:29:35.000Z,2026-08-13T23:29:35.000Z,3,3
HCP0136,78,34,25,15,0.6000,4,0,0.0000,34,250.79,2026-08-07T22:52:15.000Z,2026-08-07T22:52:15.000Z,9,9
HCP0137,100,46,28,18,0.6429,5,3,0.6000,46,247.49,2026-08-02T08:20:46.000Z,2026-08-02T08:20:46.000Z,14,14
HCP0146,29,17,7,2,0.2857,2,1,0.5000,17,224.1,2026-08-06T02:33:27.000Z,2026-08-01T10:18:39.000Z,15,10
HCP0180,42,26,9,6,0.6667,1,0,0.0000,26,152.83,2026-08-14T00:43:47.000Z,2026-08-14T00:43:47.000Z,2,2
HCP0226,55,32,15,3,0.2000,3,2,0.6667,32,182.35,2026-07-31T20:33:22.000Z,2026-07-31T20:33:22.000Z,16,16
HCP0243,72,34,17,13,0.7647,5,3,0.6000,34,229.26,2026-08-11T16:58:38.000Z,2026-07-15T18:04:10.000Z,32,5
HCP0251,51,26,16,7,0.4375,1,1,1.0000,26,214.82,2026-08-07T07:14:39.000Z,2026-08-07T07:14:39.000Z,9,9
HCP0255,23,14,5,2,0.4000,1,1,1.0000,14,194.43,2026-07-18T07:39:40.000Z,2026-07-14T08:49:50.000Z,33,29
HCP0256,46,22,14,6,0.4286,2,2,1.0000,22,188.02,2026-08-13T20:44:40.000Z,2026-08-13T20:44:40.000Z,3,3
HCP0287,69,34,21,8,0.3810,4,2,0.5000,34,217.99,2026-08-14T21:51:50.000Z,2026-08-14T21:51:50.000Z,2,2
HCP0318,101,41,29,21,0.7241,6,4,0.6667,41,254.82,2026-08-10T23:57:38.000Z,2026-08-10T23:57:38.000Z,6,6
HCP0343,33,24,7,1,0.1429,1,0,0.0000,24,188.94,2026-07-28T08:04:23.000Z,2026-07-23T09:18:21.000Z,24,19
HCP0352,52,24,18,8,0.4444,1,1,1.0000,24,258.38,2026-07-30T20:57:00.000Z,2026-07-30T20:57:00.000Z,17,17
HCP0359,69,35,21,11,0.5238,1,1,1.0000,35,258.22,2026-08-13T18:58:34.000Z,2026-08-13T18:58:34.000Z,3,3
HCP0403,48,24,15,9,0.6000,0,0,0.0000,24,246.92,2026-08-01T05:01:37.000Z,2026-08-01T05:01:37.000Z,15,15
HCP0449,42,24,11,5,0.4545,2,0,0.0000,24,233.79,2026-08-05T17:08:48.000Z,2026-08-05T17:08:48.000Z,11,11
HCP0452,43,23,11,9,0.8182,0,0,0.0000,23,193.93,2026-07-04T22:33:41.000Z,2026-07-04T22:33:41.000Z,43,43
HCP0457,18,11,5,1,0.2000,1,0,0.0000,11,241.33,2026-07-29T17:40:52.000Z,2026-07-05T03:30:44.000Z,42,18
HCP0470,34,13,7,1,0.1429,7,6,0.8571,13,253.68,2026-06-26T12:46:27.000Z,2026-06-26T12:46:27.000Z,51,51
HCP0479,43,20,15,4,0.2667,3,1,0.3333,20,334.23,2026-08-13T09:32:43.000Z,2026-08-13T09:32:43.000Z,3,3
HCP0480,51,26,13,10,0.7692,1,1,1.0000,26,187.37,2026-08-10T06:02:23.000Z,2026-08-10T06:02:23.000Z,6,6
HCP0489,66,38,19,8,0.4211,1,0,0.0000,38,197.24,2026-08-13T21:54:41.000Z,2026-08-12T16:53:59.000Z,4,3
HCP0496,60,29,18,10,0.5556,2,1,0.5000,29,180.08,2026-08-02T17:28:16.000Z,2026-08-02T17:28:16.000Z,14,14
HCP0510,56,33,18,2,0.1111,2,1,0.5000,33,189.27,2026-08-08T16:28:22.000Z,2026-08-08T16:28:22.000Z,8,8
HCP0516,30,15,8,5,0.6250,1,1,1.0000,15,243.1,2026-08-06T06:27:33.000Z,2026-08-02T09:18:53.000Z,14,10
HCP0518,71,41,19,9,0.4737,2,0,0.0000,41,170.92,2026-08-14T16:36:28.000Z,2026-08-11T10:57:01.000Z,5,2
HCP0524,108,45,29,19,0.6552,8,7,0.8750,45,284.99,2026-08-11T01:13:22.000Z,2026-08-11T01:13:22.000Z,5,5
HCP0533,28,14,9,5,0.5556,0,0,0.0000,14,213.57,2026-08-09T12:12:33.000Z,2026-07-19T15:40:30.000Z,28,7
HCP0537,63,28,17,11,0.6471,5,2,0.4000,28,251.73,2026-08-01T15:45:41.000Z,2026-07-24T19:39:56.000Z,23,15
HCP0554,37,19,10,5,0.5000,2,1,0.5000,19,248.57,2026-08-02T05:28:24.000Z,2026-07-08T09:50:14.000Z,39,14
HCP0569,91,39,29,20,0.6897,2,1,0.5000,39,352.08,2026-08-13T17:15:31.000Z,2026-08-13T17:15:31.000Z,3,3
HCP0602,60,27,18,12,0.6667,2,1,0.5000,27,191.58,2026-08-07T00:37:07.000Z,2026-08-07T00:37:07.000Z,9,9
HCP0608,28,16,9,2,0.2222,1,0,0.0000,16,218.04,2026-07-22T18:43:19.000Z,2026-07-22T18:43:19.000Z,25,25
HCP0613,50,24,15,9,0.6000,1,1,1.0000,24,264.62,2026-08-11T13:02:02.000Z,2026-08-11T13:02:02.000Z,5,5
HCP0630,66,36,16,14,0.8750,0,0,0.0000,36,161.71,2026-08-08T20:26:59.000Z,2026-08-08T20:26:59.000Z,8,8
HCP0644,60,24,18,12,0.6667,4,2,0.5000,24,270.67,2026-08-13T14:37:57.000Z,2026-08-13T14:37:57.000Z,3,3
HCP0675,39,19,11,5,0.4545,3,1,0.3333,19,241.41,2026-08-06T09:27:34.000Z,2026-08-06T09:27:34.000Z,10,10
HCP0681,58,29,17,11,0.6471,1,0,0.0000,29,232.97,2026-08-11T08:00:33.000Z,2026-08-11T08:00:33.000Z,5,5
HCP0685,24,13,6,4,0.6667,1,0,0.0000,13,148.54,2026-08-11T11:49:40.000Z,2026-08-11T11:49:40.000Z,5,5
HCP0731,27,14,7,4,0.5714,1,1,1.0000,14,193.07,2026-07-25T04:26:39.000Z,2026-07-25T04:26:39.000Z,22,22
HCP0759,22,12,5,4,0.8000,1,0,0.0000,12,185.55,2026-08-08T06:48:11.000Z,2026-08-08T06:48:11.000Z,8,8
HCP0777,25,14,7,4,0.5714,0,0,0.0000,14,258.4,2026-08-05T09:45:44.000Z,2026-08-01T14:40:04.000Z,15,11
HCP0792,25,13,6,4,0.6667,1,1,1.0000,13,228.44,2026-08-03T16:50:56.000Z,2026-07-14T08:01:04.000Z,33,13
HCP0802,27,14,8,4,0.5000,1,0,0.0000,14,220.22,2026-07-24T00:08:52.000Z,2026-07-24T00:08:52.000Z,23,23
HCP0806,54,23,19,9,0.4737,2,1,0.5000,23,259.65,2026-08-14T09:31:42.000Z,2026-08-14T09:31:42.000Z,2,2
HCP0808,80,42,19,15,0.7895,3,1,0.3333,42,204.79,2026-08-14T01:19:51.000Z,2026-08-13T08:51:22.000Z,3,2
HCP0822,79,40,18,13,0.7222,4,4,1.0000,40,207.19,2026-07-31T09:10:55.000Z,2026-07-30T19:53:45.000Z,17,16
HCP0831,66,32,17,15,0.8824,2,0,0.0000,32,208.58,2026-07-20T12:48:52.000Z,2026-07-20T12:48:52.000Z,27,27
HCP0853,46,24,9,12,1.3333,1,0,0.0000,24,196.0,2026-08-06T12:25:11.000Z,2026-08-06T12:25:11.000Z,10,10
HCP0859,79,43,17,13,0.7647,4,2,0.5000,43,201.08,2026-08-14T21:19:00.000Z,2026-08-14T21:19:00.000Z,2,2
HCP0897,28,16,6,4,0.6667,2,0,0.0000,16,181.96,2026-08-07T08:37:15.000Z,2026-08-07T08:37:15.000Z,9,9
HCP0912,120,53,36,19,0.5278,7,5,0.7143,53,263.44,2026-08-13T11:45:42.000Z,2026-08-11T23:10:16.000Z,5,3
HCP0926,48,23,15,7,0.4667,2,1,0.5000,23,204.98,2026-08-13T20:40:21.000Z,2026-08-13T20:40:21.000Z,3,3
HCP0933,66,38,17,8,0.4706,2,1,0.5000,38,262.09,2026-07-31T06:57:22.000Z,2026-07-31T06:57:22.000Z,16,16
HCP0937,90,46,28,12,0.4286,3,1,0.3333,46,254.47,2026-08-10T05:25:46.000Z,2026-08-08T09:17:42.000Z,8,6
HCP0938,67,30,17,13,0.7647,4,3,0.7500,30,221.93,2026-08-14T12:18:56.000Z,2026-08-14T12:18:56.000Z,2,2
HCP0949,25,12,11,1,0.0909,1,0,0.0000,12,195.12,2026-08-06T21:35:42.000Z,2026-08-06T21:35:42.000Z,10,10
HCP0975,31,21,6,3,0.5000,1,0,0.0000,21,142.39,2026-08-01T06:01:02.000Z,2026-08-01T06:01:02.000Z,15,15
HCP1008,51,25,14,10,0.7143,1,1,1.0000,25,197.73,2026-08-02T09:11:36.000Z,2026-08-02T09:11:36.000Z,14,14
HCP1034,33,21,9,3,0.3333,0,0,0.0000,21,224.33,2026-08-05T01:43:46.000Z,2026-08-05T01:43:46.000Z,11,11
HCP1058,44,24,14,6,0.4286,0,0,0.0000,24,149.95,2026-07-01T14:26:51.000Z,2026-06-27T07:09:32.000Z,50,46
HCP1079,62,30,15,11,0.7333,3,3,1.0000,30,241.77,2026-08-13T11:06:37.000Z,2026-08-13T11:06:37.000Z,3,3
HCP1133,69,34,22,13,0.5909,0,0,0.0000,34,207.19,2026-08-11T05:19:25.000Z,2026-08-11T05:19:25.000Z,5,5
HCP1135,66,34,16,10,0.6250,3,3,1.0000,34,217.79,2026-08-03T20:49:56.000Z,2026-08-03T20:49:56.000Z,13,13
HCP1142,76,28,22,13,0.5909,8,5,0.6250,28,255.46,2026-08-12T05:57:52.000Z,2026-08-01T04:30:33.000Z,15,4
HCP1155,82,39,22,17,0.7727,3,1,0.3333,39,226.68,2026-08-09T21:04:31.000Z,2026-08-09T21:04:31.000Z,7,7
HCP1161,63,31,19,7,0.3684,4,2,0.5000,31,183.35,2026-08-10T14:11:24.000Z,2026-08-10T14:11:24.000Z,6,6
HCP1166,75,39,24,12,0.5000,0,0,0.0000,39,219.33,2026-08-12T03:36:29.000Z,2026-08-12T03:36:29.000Z,4,4
HCP1187,51,29,15,6,0.4000,1,0,0.0000,29,206.16,2026-07-16T12:10:47.000Z,2026-06-30T17:47:46.000Z,47,31
HCP1190,44,20,13,5,0.3846,4,2,0.5000,20,302.02,2026-08-14T13:46:07.000Z,2026-08-14T13:46:07.000Z,2,2
HCP1207,66,34,16,10,0.6250,4,2,0.5000,34,188.38,2026-08-05T09:07:49.000Z,2026-08-05T09:07:49.000Z,11,11
HCP1230,56,31,13,8,0.6154,3,1,0.3333,31,211.27,2026-08-12T05:00:40.000Z,2026-08-12T05:00:40.000Z,4,4
HCP1232,84,35,26,20,0.7692,2,1,0.5000,35,226.92,2026-08-12T02:45:51.000Z,2026-08-12T02:45:51.000Z,4,4
HCP1236,39,23,7,8,1.1429,1,0,0.0000,23,215.1,2026-07-19T12:38:17.000Z,2026-07-16T08:21:20.000Z,31,28
HCP1241,68,32,21,11,0.5238,2,2,1.0000,32,207.5,2026-08-13T05:17:45.000Z,2026-08-13T05:17:45.000Z,3,3
HCP1306,58,31,16,5,0.3125,3,3,1.0000,31,304.03,2026-08-11T11:45:25.000Z,2026-08-11T11:45:25.000Z,5,5
HCP1337,29,14,10,5,0.5000,0,0,0.0000,14,178.48,2026-07-09T07:17:44.000Z,2026-07-09T07:17:44.000Z,38,38
HCP1340,53,31,13,7,0.5385,1,1,1.0000,31,188.98,2026-08-09T02:28:01.000Z,2026-08-09T02:28:01.000Z,7,7
HCP1353,47,23,14,4,0.2857,3,3,1.0000,23,288.53,2026-08-05T05:26:07.000Z,2026-08-03T19:00:24.000Z,13,11
HCP1359,27,15,7,1,0.1429,3,1,0.3333,15,218.3,2026-08-11T13:38:45.000Z,2026-07-17T04:45:42.000Z,30,5
HCP1368,55,25,15,7,0.4667,5,3,0.6000,25,203.75,2026-08-13T18:02:09.000Z,2026-08-13T18:02:09.000Z,3,3
HCP1390,48,26,15,3,0.2000,2,2,1.0000,26,178.21,2026-08-09T13:05:32.000Z,2026-08-09T13:05:32.000Z,7,7
HCP1403,66,32,20,12,0.6000,1,1,1.0000,32,237.36,2026-08-13T23:59:29.000Z,2026-08-13T23:59:29.000Z,3,3
HCP1429,67,33,20,9,0.4500,4,1,0.2500,33,301.91,2026-08-12T19:58:59.000Z,2026-08-12T19:58:59.000Z,4,4
HCP1433,64,33,17,10,0.5882,2,2,1.0000,33,242.59,2026-08-14T14:07:08.000Z,2026-08-14T14:07:08.000Z,2,2
HCP1438,59,33,16,8,0.5000,2,0,0.0000,33,180.59,2026-08-04T17:31:55.000Z,2026-08-03T03:48:02.000Z,13,12
HCP1452,98,41,32,19,0.5938,4,2,0.5000,41,266.79,2026-08-12T13:02:17.000Z,2026-08-12T13:02:17.000Z,4,4
HCP1468,33,14,8,4,0.5000,5,2,0.4000,14,212.82,2026-06-26T03:59:34.000Z,2026-06-26T03:59:34.000Z,51,51
HCP1479,92,43,27,20,0.7407,1,1,1.0000,43,245.93,2026-08-03T22:34:08.000Z,2026-08-03T22:34:08.000Z,13,13
HCP1501,20,13,4,1,0.2500,2,0,0.0000,13,169.55,2026-08-11T23:30:51.000Z,2026-08-11T23:30:51.000Z,5,5
HCP1519,56,25,16,9,0.5625,4,2,0.5000,25,206.89,2026-08-13T16:28:13.000Z,2026-08-13T16:28:13.000Z,3,3
HCP1531,108,49,33,20,0.6061,4,2,0.5000,49,252.15,2026-08-13T22:24:13.000Z,2026-08-13T22:24:13.000Z,3,3
HCP1548,83,41,24,14,0.5833,3,1,0.3333,41,210.36,2026-08-04T14:47:39.000Z,2026-08-04T14:47:39.000Z,12,12
HCP1553,84,42,24,13,0.5417,3,2,0.6667,42,257.71,2026-08-12T20:14:38.000Z,2026-08-12T20:14:38.000Z,4,4
HCP1556,31,16,10,3,0.3000,1,1,1.0000,16,189.03,2026-07-29T10:42:10.000Z,2026-07-19T02:25:24.000Z,28,18
HCP1569,46,23,7,8,1.1429,5,3,0.6000,23,258.7,2026-08-10T15:55:48.000Z,2026-07-30T00:59:44.000Z,17,6
HCP1575,85,38,24,17,0.7083,5,1,0.2000,38,255.92,2026-08-13T22:48:51.000Z,2026-08-11T10:14:44.000Z,5,3
HCP1579,100,44,31,20,0.6452,3,2,0.6667,44,229.86,2026-08-06T18:40:14.000Z,2026-08-06T18:40:14.000Z,10,10
HCP1584,74,34,23,11,0.4783,4,2,0.5000,34,211.46,2026-08-12T05:18:39.000Z,2026-08-12T05:18:39.000Z,4,4
HCP1599,104,46,35,16,0.4571,4,3,0.7500,46,263.62,2026-08-12T18:32:00.000Z,2026-08-12T18:32:00.000Z,4,4
HCP1602,29,13,6,7,1.1667,2,1,0.5000,13,233.41,2026-08-10T00:05:22.000Z,2026-08-10T00:05:22.000Z,6,6
HCP1615,43,27,9,6,0.6667,1,0,0.0000,27,189.33,2026-08-06T05:52:37.000Z,2026-07-19T02:48:00.000Z,28,10
HCP1634,36,19,8,7,0.8750,1,1,1.0000,19,172.97,2026-08-10T07:32:45.000Z,2026-08-10T07:32:45.000Z,6,6
HCP1642,50,25,13,6,0.4615,5,1,0.2000,25,236.08,2026-07-18T05:33:43.000Z,2026-07-18T05:33:43.000Z,29,29
HCP1650,54,24,17,11,0.6471,1,1,1.0000,24,242.48,2026-08-12T09:40:28.000Z,2026-08-12T09:40:28.000Z,4,4
HCP1664,84,39,28,13,0.4643,2,2,1.0000,39,220.69,2026-08-10T20:28:35.000Z,2026-08-10T20:28:35.000Z,6,6
HCP1680,101,44,29,17,0.5862,6,5,0.8333,44,243.41,2026-08-13T18:31:56.000Z,2026-08-10T00:31:57.000Z,6,3
HCP1682,62,33,16,8,0.5000,4,1,0.2500,33,225.84,2026-07-26T17:40:18.000Z,2026-07-26T17:40:18.000Z,21,21
HCP1690,33,20,7,3,0.4286,2,1,0.5000,20,189.33,2026-08-14T18:11:34.000Z,2026-07-14T20:05:27.000Z,33,2
HCP1734,24,15,6,2,0.3333,1,0,0.0000,15,197.29,2026-07-27T11:19:19.000Z,2026-05-16T17:40:37.000Z,92,20
HCP1740,32,13,11,6,0.5455,1,1,1.0000,13,222.94,2026-08-14T11:56:30.000Z,2026-08-14T11:56:30.000Z,2,2
HCP1786,18,13,5,0,0.0000,0,0,0.0000,13,207.33,2026-08-01T22:23:23.000Z,2026-08-01T22:23:23.000Z,15,15
HCP1799,64,30,20,8,0.4000,6,0,0.0000,30,233.91,2026-08-12T04:04:14.000Z,2026-08-12T04:04:14.000Z,4,4
HCP1828,97,44,27,13,0.4815,9,4,0.4444,44,226.38,2026-08-13T20:15:49.000Z,2026-08-13T20:15:49.000Z,3,3
HCP1859,56,26,15,15,1.0000,0,0,0.0000,26,226.77,2026-08-09T03:35:12.000Z,2026-08-09T03:35:12.000Z,7,7
HCP1879,55,26,17,10,0.5882,2,0,0.0000,26,227.11,2026-08-12T22:56:42.000Z,2026-08-12T22:56:42.000Z,4,4
HCP1893,39,18,9,8,0.8889,2,2,1.0000,18,242.64,2026-08-07T10:47:04.000Z,2026-08-07T10:47:04.000Z,9,9
HCP1908,50,23,18,6,0.3333,3,0,0.0000,23,217.98,2026-07-24T15:06:24.000Z,2026-07-24T15:06:24.000Z,23,23
HCP1965,102,46,32,16,0.5000,5,3,0.6000,46,261.18,2026-08-10T23:13:26.000Z,2026-08-10T23:13:26.000Z,6,6
HCP1977,73,35,22,11,0.5000,3,2,0.6667,35,198.33,2026-08-08T06:26:32.000Z,2026-08-08T06:26:32.000Z,8,8
HCP1978,49,24,15,10,0.6667,0,0,0.0000,24,254.39,2026-06-30T03:16:31.000Z,2026-06-30T03:16:31.000Z,47,47
HCP1982,52,30,15,7,0.4667,0,0,0.0000,30,211.0,2026-08-14T06:57:16.000Z,2026-08-07T06:09:47.000Z,9,2
HCP0001,37,19,11,7,0.6364,0,0,0.0000,19,257.19,2026-08-14T18:57:56.000Z,2026-08-14T18:57:56.000Z,2,2
HCP0027,18,14,4,0,0.0000,0,0,0.0000,14,234.06,2026-08-06T10:38:23.000Z,2026-08-06T10:38:23.000Z,10,10
HCP0041,62,30,14,10,0.7143,6,2,0.3333,30,235.61,2026-08-13T19:38:15.000Z,2026-08-13T19:38:15.000Z,3,3
HCP0061,107,45,26,22,0.8462,7,7,1.0000,45,296.24,2026-08-10T14:38:59.000Z,2026-08-10T14:38:59.000Z,6,6
HCP0098,33,20,8,5,0.6250,0,0,0.0000,20,215.91,2026-08-11T23:39:42.000Z,2026-08-11T23:39:42.000Z,5,5
HCP0106,60,31,14,13,0.9286,1,1,1.0000,31,245.92,2026-08-10T08:44:08.000Z,2026-07-30T16:58:34.000Z,17,6
HCP0110,44,20,15,6,0.4000,2,1,0.5000,20,263.7,2026-08-13T18:52:30.000Z,2026-08-13T18:52:30.000Z,3,3
HCP0117,57,28,16,11,0.6875,2,0,0.0000,28,229.77,2026-08-11T05:36:00.000Z,2026-08-11T05:36:00.000Z,5,5
HCP0141,80,38,21,13,0.6190,6,2,0.3333,38,248.4,2026-07-30T15:57:31.000Z,2026-07-30T15:57:31.000Z,17,17
HCP0152,33,17,10,5,0.5000,1,0,0.0000,17,304.3,2026-08-11T18:35:41.000Z,2026-08-11T18:35:41.000Z,5,5
HCP0156,76,36,25,8,0.3200,5,2,0.4000,36,215.93,2026-08-08T06:31:23.000Z,2026-08-08T06:31:23.000Z,8,8
HCP0168,71,39,21,9,0.4286,1,1,1.0000,39,231.15,2026-08-14T09:54:39.000Z,2026-08-14T09:54:39.000Z,2,2
HCP0188,106,46,27,20,0.7407,8,5,0.6250,46,244.36,2026-08-12T04:37:44.000Z,2026-08-12T04:37:44.000Z,4,4
HCP0194,33,17,9,5,0.5556,2,0,0.0000,17,208.97,2026-08-08T16:05:38.000Z,2026-08-08T16:05:38.000Z,8,8
HCP0200,110,46,35,19,0.5429,6,4,0.6667,46,261.38,2026-08-08T23:53:52.000Z,2026-08-08T23:53:52.000Z,8,8
HCP0223,37,19,8,8,1.0000,1,1,1.0000,19,246.59,2026-08-08T10:50:09.000Z,2026-06-22T14:24:59.000Z,55,8
HCP0233,57,28,18,11,0.6111,0,0,0.0000,28,284.65,2026-08-06T09:54:29.000Z,2026-08-06T09:54:29.000Z,10,10
HCP0236,36,22,8,6,0.7500,0,0,0.0000,22,234.47,2026-07-28T02:46:23.000Z,2026-07-12T23:42:50.000Z,35,19
HCP0258,63,32,18,11,0.6111,2,0,0.0000,32,249.78,2026-08-03T05:38:34.000Z,2026-08-03T05:38:34.000Z,13,13
HCP0284,29,14,11,4,0.3636,0,0,0.0000,14,254.79,2026-06-26T23:53:31.000Z,2026-06-16T23:55:10.000Z,61,51
HCP0297,51,24,13,11,0.8462,2,1,0.5000,24,253.25,2026-08-07T04:43:03.000Z,2026-08-07T04:43:03.000Z,9,9
HCP0334,42,22,11,4,0.3636,3,2,0.6667,22,195.0,2026-08-07T15:47:22.000Z,2026-08-07T15:47:22.000Z,9,9
HCP0342,66,32,23,9,0.3913,2,0,0.0000,32,213.94,2026-08-12T22:29:40.000Z,2026-08-12T22:29:40.000Z,4,4
HCP0362,71,37,18,11,0.6111,4,1,0.2500,37,341.08,2026-07-27T13:48:49.000Z,2026-07-27T13:48:49.000Z,20,20
HCP0373,32,16,8,7,0.8750,1,0,0.0000,16,186.84,2026-07-28T05:14:05.000Z,2026-06-16T22:10:12.000Z,61,19
HCP0382,58,37,12,7,0.5833,1,1,1.0000,37,204.72,2026-08-04T09:59:35.000Z,2026-08-04T09:59:35.000Z,12,12
HCP0401,30,13,10,5,0.5000,2,0,0.0000,13,245.13,2026-08-04T10:17:41.000Z,2026-08-04T10:17:41.000Z,12,12
HCP0407,40,24,14,1,0.0714,1,0,0.0000,24,151.63,2026-08-14T09:58:53.000Z,2026-08-14T09:58:53.000Z,2,2
HCP0409,45,23,13,6,0.4615,2,1,0.5000,23,232.67,2026-08-01T22:07:58.000Z,2026-07-23T16:37:05.000Z,24,15
HCP0471,36,24,6,2,0.3333,3,1,0.3333,24,130.78,2026-08-13T23:17:56.000Z,2026-08-02T14:53:35.000Z,14,3
HCP0499,63,35,17,8,0.4706,2,1,0.5000,35,245.38,2026-08-02T10:11:23.000Z,2026-07-31T13:49:22.000Z,16,14
HCP0556,29,14,10,1,0.1000,2,2,1.0000,14,297.38,2026-08-03T15:26:12.000Z,2026-08-03T15:26:12.000Z,13,13
HCP0561,27,15,8,2,0.2500,2,0,0.0000,15,183.67,2026-06-06T22:24:24.000Z,2026-06-06T11:18:54.000Z,71,71
HCP0575,35,19,11,2,0.1818,3,0,0.0000,19,191.57,2026-08-10T22:40:50.000Z,2026-08-10T22:40:50.000Z,6,6
HCP0597,29,14,7,7,1.0000,1,0,0.0000,14,190.28,2026-07-26T08:21:08.000Z,2026-07-26T08:21:08.000Z,21,21
HCP0609,93,42,26,17,0.6538,6,2,0.3333,42,218.8,2026-08-08T23:35:36.000Z,2026-08-08T23:35:36.000Z,8,8
HCP0620,65,33,15,13,0.8667,3,1,0.3333,33,252.29,2026-08-08T20:39:49.000Z,2026-08-07T06:16:01.000Z,9,8
HCP0624,19,12,4,3,0.7500,0,0,0.0000,12,162.47,2026-06-23T14:53:19.000Z,2026-06-23T14:53:19.000Z,54,54
HCP0633,89,44,24,10,0.4167,7,4,0.5714,44,211.89,2026-08-07T23:00:04.000Z,2026-08-07T23:00:04.000Z,9,9
HCP0635,78,30,23,11,0.4783,7,7,1.0000,30,255.63,2026-08-13T18:14:18.000Z,2026-08-13T18:14:18.000Z,3,3
HCP0637,89,45,30,13,0.4333,1,0,0.0000,45,198.25,2026-08-06T06:13:45.000Z,2026-08-06T06:13:45.000Z,10,10
HCP0655,75,37,26,10,0.3846,1,1,1.0000,37,214.73,2026-08-05T06:57:04.000Z,2026-08-05T06:57:04.000Z,11,11
HCP0677,51,32,12,3,0.2500,3,1,0.3333,32,235.67,2026-08-08T16:37:56.000Z,2026-08-06T13:59:21.000Z,10,8
HCP0683,85,41,26,11,0.4231,4,3,0.7500,41,242.91,2026-08-10T13:51:39.000Z,2026-08-10T13:51:39.000Z,6,6
HCP0722,23,13,7,2,0.2857,1,0,0.0000,13,285.74,2026-07-27T04:32:37.000Z,2026-07-27T04:32:37.000Z,20,20
HCP0745,23,15,5,3,0.6000,0,0,0.0000,15,218.22,2026-07-25T02:39:37.000Z,2026-07-25T02:39:37.000Z,22,22
HCP0749,51,23,15,8,0.5333,3,2,0.6667,23,213.51,2026-08-12T11:20:43.000Z,2026-08-12T11:20:43.000Z,4,4
HCP0788,62,33,17,10,0.5882,2,0,0.0000,33,284.21,2026-08-14T13:10:48.000Z,2026-08-14T13:10:48.000Z,2,2
HCP0810,39,24,10,5,0.5000,0,0,0.0000,24,228.13,2026-08-12T22:31:15.000Z,2026-08-12T22:31:15.000Z,4,4
HCP0814,36,18,9,3,0.3333,3,3,1.0000,18,200.0,2026-08-11T01:13:38.000Z,2026-08-11T01:13:38.000Z,5,5
HCP0817,30,15,12,3,0.2500,0,0,0.0000,15,246.6,2026-08-04T08:27:49.000Z,2026-07-14T22:11:08.000Z,33,12
HCP0833,38,20,5,8,1.6000,5,0,0.0000,20,150.76,2026-08-11T19:22:53.000Z,2026-08-11T19:22:53.000Z,5,5
HCP0839,66,29,16,13,0.8125,4,4,1.0000,29,204.73,2026-07-30T22:47:04.000Z,2026-07-30T22:47:04.000Z,17,17
HCP0845,31,17,6,6,1.0000,1,1,1.0000,17,207.03,2026-07-19T05:27:53.000Z,2026-07-19T05:27:53.000Z,28,28
HCP0852,89,38,27,15,0.5556,7,2,0.2857,38,213.46,2026-08-02T22:14:43.000Z,2026-08-02T22:14:43.000Z,14,14
HCP0907,16,13,3,0,0.0000,0,0,0.0000,13,182.94,2026-08-12T06:51:43.000Z,2026-06-20T22:40:05.000Z,57,4
HCP0917,73,34,23,9,0.3913,5,2,0.4000,34,228.56,2026-08-06T00:13:02.000Z,2026-07-25T05:40:01.000Z,22,10
HCP0918,57,32,13,9,0.6923,2,1,0.5000,32,216.07,2026-08-02T00:04:14.000Z,2026-08-02T00:04:14.000Z,14,14
HCP0947,39,25,11,3,0.2727,0,0,0.0000,25,151.95,2026-08-14T12:19:39.000Z,2026-08-08T16:28:21.000Z,8,2
HCP0961,70,37,20,9,0.4500,2,2,1.0000,37,223.87,2026-08-13T15:19:57.000Z,2026-08-13T15:19:57.000Z,3,3
HCP0980,75,34,27,13,0.4815,1,0,0.0000,34,288.75,2026-08-12T22:27:44.000Z,2026-08-12T22:27:44.000Z,4,4
HCP0982,72,36,18,13,0.7222,3,2,0.6667,36,186.44,2026-08-11T19:29:43.000Z,2026-08-11T19:29:43.000Z,5,5
HCP0995,66,30,22,7,0.3182,4,3,0.7500,30,271.27,2026-08-11T14:21:15.000Z,2026-08-11T14:21:15.000Z,5,5
HCP1029,41,16,9,10,1.1111,5,1,0.2000,16,266.78,2026-08-12T11:36:48.000Z,2026-08-12T11:36:48.000Z,4,4
HCP1033,43,24,12,4,0.3333,2,1,0.5000,24,197.77,2026-08-07T13:03:02.000Z,2026-07-22T02:47:11.000Z,25,9
HCP1042,54,23,15,11,0.7333,3,2,0.6667,23,273.8,2026-07-31T20:44:39.000Z,2026-07-24T00:08:54.000Z,23,16
HCP1043,44,29,10,5,0.5000,0,0,0.0000,29,177.43,2026-08-07T23:15:35.000Z,2026-06-29T21:03:34.000Z,48,9
HCP1072,34,22,9,1,0.1111,1,1,1.0000,22,204.88,2026-08-08T21:12:20.000Z,2026-08-04T20:57:05.000Z,12,8
HCP1090,36,17,8,5,0.6250,3,3,1.0000,17,235.83,2026-08-03T19:14:59.000Z,2026-08-03T19:14:59.000Z,13,13
HCP1094,62,29,19,11,0.5789,2,1,0.5000,29,270.06,2026-08-06T19:59:39.000Z,2026-08-06T19:59:39.000Z,10,10
HCP1106,13,9,3,1,0.3333,0,0,0.0000,9,130.85,2026-08-03T18:52:18.000Z,2026-08-03T18:52:18.000Z,13,13
HCP1117,59,32,18,9,0.5000,0,0,0.0000,32,223.95,2026-08-13T04:53:43.000Z,2026-08-13T04:53:43.000Z,3,3
HCP1134,40,19,11,6,0.5455,3,1,0.3333,19,176.88,2026-08-02T12:46:04.000Z,2026-08-02T12:46:04.000Z,14,14
HCP1138,65,31,22,12,0.5455,0,0,0.0000,31,236.91,2026-08-14T06:12:26.000Z,2026-08-14T06:12:26.000Z,2,2
HCP1199,59,22,20,11,0.5500,3,3,1.0000,22,231.92,2026-08-05T04:01:03.000Z,2026-08-05T04:01:03.000Z,11,11
HCP1201,62,34,19,6,0.3158,3,0,0.0000,34,183.61,2026-08-09T23:01:52.000Z,2026-06-26T23:24:44.000Z,51,7
HCP1235,39,17,13,7,0.5385,1,1,1.0000,17,252.64,2026-08-03T13:15:42.000Z,2026-08-03T13:15:42.000Z,13,13
HCP1270,39,20,13,6,0.4615,0,0,0.0000,20,226.74,2026-08-11T21:36:10.000Z,2026-08-11T21:36:10.000Z,5,5
HCP1285,45,24,13,4,0.3077,4,0,0.0000,24,293.11,2026-07-23T21:41:23.000Z,2026-07-21T20:43:37.000Z,26,24
HCP1296,57,28,16,9,0.5625,2,2,1.0000,28,221.81,2026-08-05T09:53:36.000Z,2026-08-05T09:53:36.000Z,11,11
HCP1317,20,11,6,0,0.0000,2,1,0.5000,11,202.85,2026-07-26T02:33:48.000Z,2026-07-26T02:33:48.000Z,21,21
HCP1331,31,17,8,5,0.6250,1,0,0.0000,17,221.13,2026-06-12T04:06:29.000Z,2026-06-12T04:06:29.000Z,65,65
HCP1334,54,25,15,10,0.6667,3,1,0.3333,25,246.98,2026-08-11T00:22:55.000Z,2026-08-11T00:22:55.000Z,5,5
HCP1342,30,15,9,6,0.6667,0,0,0.0000,15,308.33,2026-08-10T19:06:55.000Z,2026-08-10T19:06:55.000Z,6,6
HCP1358,36,19,10,5,0.5000,1,1,1.0000,19,272.58,2026-07-28T04:25:19.000Z,2026-07-28T04:25:19.000Z,19,19
HCP1376,54,27,13,7,0.5385,5,2,0.4000,27,171.19,2026-08-12T12:50:20.000Z,2026-07-27T20:13:35.000Z,20,4
HCP1379,49,24,16,9,0.5625,0,0,0.0000,24,217.84,2026-08-14T15:43:02.000Z,2026-08-14T15:43:02.000Z,2,2
HCP1381,44,23,14,5,0.3571,1,1,1.0000,23,172.77,2026-08-04T21:28:32.000Z,2026-08-04T21:28:32.000Z,12,12
HCP1382,76,41,23,8,0.3478,3,1,0.3333,41,232.29,2026-08-11T10:20:59.000Z,2026-08-04T16:35:51.000Z,12,5
HCP1399,92,44,24,18,0.7500,4,2,0.5000,44,224.39,2026-08-07T07:04:19.000Z,2026-08-07T07:04:19.000Z,9,9
HCP1425,48,24,13,9,0.6923,2,0,0.0000,24,190.08,2026-08-13T09:07:17.000Z,2026-08-13T09:07:17.000Z,3,3
HCP1476,40,21,10,5,0.5000,2,2,1.0000,21,207.25,2026-08-14T02:58:49.000Z,2026-08-14T02:58:49.000Z,2,2
HCP1480,28,17,7,4,0.5714,0,0,0.0000,17,162.11,2026-07-28T17:10:03.000Z,2026-07-28T17:10:03.000Z,19,19
HCP1499,57,27,16,9,0.5625,3,2,0.6667,27,218.65,2026-08-06T18:31:09.000Z,2026-08-06T18:31:09.000Z,10,10
HCP1505,54,27,16,8,0.5000,3,0,0.0000,27,239.39,2026-08-04T18:24:43.000Z,2026-08-04T18:24:43.000Z,12,12
HCP1509,57,27,16,8,0.5000,4,2,0.5000,27,250.89,2026-08-12T05:58:21.000Z,2026-07-11T23:06:18.000Z,36,4
HCP1514,88,41,24,18,0.7500,3,2,0.6667,41,258.5,2026-08-13T18:13:11.000Z,2026-08-13T18:13:11.000Z,3,3
HCP1525,94,36,24,23,0.9583,7,4,0.5714,36,309.34,2026-08-07T09:43:03.000Z,2026-08-07T09:43:03.000Z,9,9
HCP1534,82,40,22,16,0.7273,2,2,1.0000,40,203.46,2026-08-14T04:59:01.000Z,2026-08-14T04:59:01.000Z,2,2
HCP1539,33,19,9,4,0.4444,1,0,0.0000,19,189.21,2026-08-13T04:13:04.000Z,2026-07-31T04:18:07.000Z,16,3
HCP1543,22,11,7,3,0.4286,1,0,0.0000,11,240.55,2026-07-03T06:36:59.000Z,2026-07-03T06:36:59.000Z,44,44
HCP1549,113,47,33,23,0.6970,7,3,0.4286,47,282.63,2026-08-05T08:18:49.000Z,2026-08-05T08:18:49.000Z,11,11
HCP1551,54,21,16,12,0.7500,4,1,0.2500,21,317.72,2026-08-10T10:59:11.000Z,2026-08-10T10:59:11.000Z,6,6
HCP1566,43,25,9,7,0.7778,1,1,1.0000,25,222.81,2026-08-14T07:17:57.000Z,2026-07-30T20:35:36.000Z,17,2
HCP1570,59,26,18,8,0.4444,5,2,0.4000,26,272.69,2026-07-28T23:21:56.000Z,2026-06-14T13:29:53.000Z,63,19
HCP1661,53,27,17,8,0.4706,1,0,0.0000,27,310.92,2026-08-11T03:29:33.000Z,2026-08-11T03:29:33.000Z,5,5
HCP1667,39,21,7,3,0.4286,5,3,0.6000,21,214.46,2026-07-28T06:28:11.000Z,2026-07-28T06:28:11.000Z,19,19
HCP1672,48,21,11,11,1.0000,3,2,0.6667,21,252.1,2026-08-03T23:17:12.000Z,2026-08-03T23:17:12.000Z,13,13
HCP1674,41,19,10,10,1.0000,1,1,1.0000,19,247.15,2026-07-22T08:57:51.000Z,2026-07-22T08:57:51.000Z,25,25
HCP1684,36,16,8,6,0.7500,4,2,0.5000,16,178.44,2026-08-12T17:01:46.000Z,2026-08-12T17:01:46.000Z,4,4
HCP1710,28,15,4,5,1.2500,3,1,0.3333,15,159.64,2026-07-16T09:06:32.000Z,2026-06-23T21:33:07.000Z,54,31
HCP1712,51,24,18,7,0.3889,1,1,1.0000,24,212.86,2026-08-11T06:16:41.000Z,2026-08-11T06:16:41.000Z,5,5
HCP1718,68,37,17,10,0.5882,3,1,0.3333,37,222.44,2026-08-14T21:11:40.000Z,2026-08-12T19:46:05.000Z,4,2
HCP1721,78,38,25,10,0.4000,3,2,0.6667,38,243.85,2026-08-14T13:08:31.000Z,2026-08-11T10:50:35.000Z,5,2
HCP1763,105,42,25,22,0.8800,10,6,0.6000,42,245.95,2026-08-12T17:36:27.000Z,2026-08-12T17:36:27.000Z,4,4
HCP1764,87,42,29,15,0.5172,1,0,0.0000,42,225.82,2026-08-07T04:33:38.000Z,2026-08-07T04:33:38.000Z,9,9
HCP1787,46,21,13,10,0.7692,2,0,0.0000,21,254.13,2026-07-24T19:10:00.000Z,2026-07-23T17:55:41.000Z,24,23
HCP1795,22,12,5,2,0.4000,2,1,0.5000,12,246.27,2026-07-28T03:15:53.000Z,2026-07-28T03:15:53.000Z,19,19
HCP1800,49,23,14,9,0.6429,2,1,0.5000,23,270.35,2026-08-11T08:57:36.000Z,2026-08-11T08:57:36.000Z,5,5
HCP1804,50,24,18,3,0.1667,3,2,0.6667,24,213.86,2026-08-08T09:02:35.000Z,2026-08-08T09:02:35.000Z,8,8
HCP1831,34,15,11,4,0.3636,3,1,0.3333,15,219.29,2026-08-08T23:17:33.000Z,2026-08-08T23:17:33.000Z,8,8
HCP1832,30,16,7,7,1.0000,0,0,0.0000,16,255.7,2026-07-30T13:11:09.000Z,2026-07-30T13:11:09.000Z,17,17
HCP1850,77,42,18,13,0.7222,2,2,1.0000,42,250.09,2026-08-13T13:59:21.000Z,2026-08-13T13:59:21.000Z,3,3
HCP1851,52,30,12,7,0.5833,3,0,0.0000,30,260.46,2026-08-10T04:22:01.000Z,2026-08-02T02:31:38.000Z,14,6
HCP1854,30,16,9,2,0.2222,2,1,0.5000,16,207.87,2026-07-31T11:38:27.000Z,2026-07-11T01:17:58.000Z,36,16
HCP1865,35,18,11,6,0.5455,0,0,0.0000,18,235.2,2026-07-24T18:40:40.000Z,2026-07-24T18:40:40.000Z,23,23
HCP1891,30,14,10,5,0.5000,1,0,0.0000,14,191.77,2026-08-09T06:42:22.000Z,2026-07-28T01:59:28.000Z,19,7
HCP1892,63,31,18,11,0.6111,2,1,0.5000,31,240.59,2026-08-11T07:05:38.000Z,2026-08-11T07:05:38.000Z,5,5
HCP1902,21,14,4,3,0.7500,0,0,0.0000,14,306.0,2026-08-11T12:46:57.000Z,2026-08-11T12:46:57.000Z,5,5
HCP1909,40,21,9,6,0.6667,2,2,1.0000,21,208.73,2026-08-11T01:56:18.000Z,2026-08-11T01:56:18.000Z,5,5
HCP1910,42,20,14,6,0.4286,2,0,0.0000,20,209.9,2026-07-29T18:21:59.000Z,2026-07-29T18:21:59.000Z,18,18
HCP1919,71,37,20,11,0.5500,2,1,0.5000,37,198.21,2026-08-12T14:28:54.000Z,2026-08-12T14:28:54.000Z,4,4
HCP1944,44,19,16,9,0.5625,0,0,0.0000,19,274.91,2026-07-29T02:13:50.000Z,2026-07-29T02:13:50.000Z,18,18
HCP1945,69,37,21,10,0.4762,1,0,0.0000,37,230.16,2026-07-26T07:18:38.000Z,2026-07-26T07:18:38.000Z,21,21
HCP1947,23,12,8,2,0.2500,1,0,0.0000,12,183.87,2026-06-22T07:52:46.000Z,2026-06-22T07:52:46.000Z,55,55
HCP1950,57,28,14,10,0.7143,3,2,0.6667,28,212.96,2026-08-06T09:57:33.000Z,2026-08-06T09:57:33.000Z,10,10
HCP1985,26,13,9,2,0.2222,2,0,0.0000,13,243.19,2026-08-04T17:10:17.000Z,2026-08-04T17:10:17.000Z,12,12
HCP1989,15,10,4,1,0.2500,0,0,0.0000,10,186.6,2026-07-22T15:55:38.000Z,2026-07-22T15:55:38.000Z,25,25
HCP0007,45,26,11,6,0.5455,2,0,0.0000,26,253.42,2026-08-12T14:43:10.000Z,2026-07-13T09:04:42.000Z,34,4
HCP0010,74,36,21,9,0.4286,5,3,0.6000,36,209.93,2026-08-03T20:42:48.000Z,2026-08-03T20:42:48.000Z,13,13
HCP0017,64,27,22,11,0.5000,3,1,0.3333,27,296.5,2026-07-29T11:38:23.000Z,2026-07-29T11:38:23.000Z,18,18
HCP0031,20,12,7,1,0.1429,0,0,0.0000,12,184.8,2026-07-14T18:33:14.000Z,2026-07-14T18:33:14.000Z,33,33
HCP0092,54,30,15,9,0.6000,0,0,0.0000,30,209.04,2026-07-29T06:12:45.000Z,2026-07-29T06:12:45.000Z,18,18
HCP0097,37,17,12,5,0.4167,2,1,0.5000,17,301.41,2026-08-06T14:40:45.000Z,2026-08-06T14:40:45.000Z,10,10
HCP0099,40,20,11,5,0.4545,2,2,1.0000,20,147.6,2026-08-09T06:22:05.000Z,2026-07-18T11:26:04.000Z,29,7
HCP0108,51,21,13,11,0.8462,4,2,0.5000,21,224.08,2026-08-03T15:20:11.000Z,2026-08-03T15:20:11.000Z,13,13
HCP0111,60,30,17,8,0.4706,3,2,0.6667,30,210.0,2026-07-21T22:33:47.000Z,2026-07-21T22:33:47.000Z,26,26
HCP0114,43,18,12,9,0.7500,2,2,1.0000,18,197.09,2026-07-27T03:39:01.000Z,2026-07-27T03:39:01.000Z,20,20
HCP0120,45,28,9,3,0.3333,3,2,0.6667,28,184.49,2026-08-14T16:56:45.000Z,2026-08-14T16:56:45.000Z,2,2
HCP0149,39,17,10,9,0.9000,2,1,0.5000,17,222.23,2026-07-25T12:34:15.000Z,2026-07-22T23:38:34.000Z,25,22
HCP0153,25,12,5,5,1.0000,2,1,0.5000,12,280.68,2026-06-26T02:31:57.000Z,2026-06-26T02:31:57.000Z,51,51
HCP0181,91,41,25,18,0.7200,5,2,0.4000,41,230.78,2026-08-08T04:08:08.000Z,2026-08-08T04:08:08.000Z,8,8
HCP0197,57,28,18,7,0.3889,3,1,0.3333,28,214.49,2026-08-13T01:37:38.000Z,2026-08-13T01:37:38.000Z,3,3
HCP0199,54,29,15,10,0.6667,0,0,0.0000,29,247.57,2026-07-20T01:37:16.000Z,2026-07-02T04:50:47.000Z,45,27
HCP0201,41,22,15,3,0.2000,1,0,0.0000,22,171.88,2026-08-13T03:58:46.000Z,2026-08-13T03:58:46.000Z,3,3
HCP0208,47,25,13,6,0.4615,2,1,0.5000,25,222.34,2026-07-29T11:39:52.000Z,2026-07-29T11:39:52.000Z,18,18
HCP0229,48,24,13,6,0.4615,3,2,0.6667,24,225.52,2026-07-07T05:46:34.000Z,2026-07-07T05:46:34.000Z,40,40
HCP0249,78,37,20,11,0.5500,5,5,1.0000,37,235.08,2026-08-10T05:17:58.000Z,2026-08-10T05:17:58.000Z,6,6
HCP0260,49,29,11,5,0.4545,3,1,0.3333,29,224.57,2026-08-04T17:52:39.000Z,2026-08-04T17:52:39.000Z,12,12
HCP0265,37,23,8,2,0.2500,2,2,1.0000,23,292.3,2026-08-07T08:36:32.000Z,2026-06-25T21:00:21.000Z,52,9
HCP0273,86,42,23,16,0.6957,3,2,0.6667,42,278.03,2026-08-14T05:18:44.000Z,2026-08-14T05:18:44.000Z,2,2
HCP0277,46,27,12,6,0.5000,1,0,0.0000,27,216.15,2026-08-14T00:48:45.000Z,2026-08-14T00:48:45.000Z,2,2
HCP0280,46,23,11,6,0.5455,3,3,1.0000,23,189.26,2026-08-13T11:17:54.000Z,2026-07-29T16:19:07.000Z,18,3
HCP0333,44,22,13,9,0.6923,0,0,0.0000,22,301.57,2026-08-11T16:09:53.000Z,2026-08-11T16:09:53.000Z,5,5
HCP0347,101,48,30,16,0.5333,5,2,0.4000,48,229.05,2026-08-10T02:42:48.000Z,2026-08-10T02:42:48.000Z,6,6
HCP0354,69,31,22,14,0.6364,1,1,1.0000,31,249.81,2026-08-09T20:03:00.000Z,2026-08-09T20:03:00.000Z,7,7
HCP0360,57,27,15,9,0.6000,5,1,0.2000,27,223.37,2026-08-06T05:13:00.000Z,2026-08-06T05:13:00.000Z,10,10
HCP0361,74,34,26,10,0.3846,3,1,0.3333,34,229.92,2026-08-14T13:59:17.000Z,2026-08-14T13:59:17.000Z,2,2
HCP0379,38,21,8,5,0.6250,2,2,1.0000,21,197.66,2026-08-06T15:44:36.000Z,2026-08-06T15:44:36.000Z,10,10
HCP0394,65,28,21,11,0.5238,3,2,0.6667,28,272.0,2026-08-10T05:08:09.000Z,2026-08-10T05:08:09.000Z,6,6
HCP0405,22,13,3,3,1.0000,2,1,0.5000,13,236.45,2026-08-06T08:21:18.000Z,2026-08-06T08:21:18.000Z,10,10
HCP0451,32,19,9,3,0.3333,1,0,0.0000,19,168.97,2026-08-12T21:41:59.000Z,2026-08-12T21:41:59.000Z,4,4
HCP0484,32,16,11,5,0.4545,0,0,0.0000,16,210.34,2026-07-30T08:18:23.000Z,2026-07-30T08:18:23.000Z,17,17
HCP0509,76,37,23,10,0.4348,3,3,1.0000,37,248.05,2026-08-01T18:49:23.000Z,2026-08-01T18:49:23.000Z,15,15
HCP0514,24,15,6,0,0.0000,2,1,0.5000,15,131.83,2026-07-06T08:13:48.000Z,2026-07-01T10:07:51.000Z,46,41
HCP0519,36,20,11,4,0.3636,1,0,0.0000,20,205.39,2026-08-14T14:03:57.000Z,2026-08-14T14:03:57.000Z,2,2
HCP0538,20,13,5,2,0.4000,0,0,0.0000,13,223.95,2026-07-17T06:33:47.000Z,2026-07-17T06:33:47.000Z,30,30
HCP0546,77,34,22,16,0.7273,4,1,0.2500,34,209.87,2026-08-13T08:41:10.000Z,2026-08-13T08:41:10.000Z,3,3
HCP0564,36,18,10,8,0.8000,0,0,0.0000,18,313.75,2026-07-21T17:33:35.000Z,2026-07-21T17:33:35.000Z,26,26
HCP0568,103,41,33,21,0.6364,4,4,1.0000,41,267.62,2026-08-07T01:21:10.000Z,2026-07-22T23:35:49.000Z,25,9
HCP0588,118,49,36,18,0.5000,9,6,0.6667,49,304.16,2026-08-13T14:25:30.000Z,2026-08-13T14:25:30.000Z,3,3
HCP0615,46,20,15,9,0.6000,1,1,1.0000,20,251.11,2026-07-26T06:11:17.000Z,2026-07-26T06:11:17.000Z,21,21
HCP0623,93,40,30,15,0.5000,6,2,0.3333,40,284.15,2026-08-12T05:26:59.000Z,2026-08-12T05:26:59.000Z,4,4
HCP0634,73,39,22,11,0.5000,1,0,0.0000,39,185.21,2026-08-12T17:48:31.000Z,2026-08-10T03:28:41.000Z,6,4
HCP0636,37,19,8,7,0.8750,3,0,0.0000,19,270.54,2026-08-05T14:24:58.000Z,2026-08-05T14:24:58.000Z,11,11
HCP0638,45,21,14,8,0.5714,1,1,1.0000,21,217.78,2026-08-11T16:01:18.000Z,2026-08-11T16:01:18.000Z,5,5
HCP0656,23,12,8,3,0.3750,0,0,0.0000,12,185.78,2026-07-13T19:16:28.000Z,2026-07-04T14:34:36.000Z,43,34
HCP0666,35,16,10,9,0.9000,0,0,0.0000,16,228.86,2026-08-03T23:10:34.000Z,2026-08-03T23:10:34.000Z,13,13
HCP0669,17,11,4,1,0.2500,1,0,0.0000,11,261.06,2026-07-15T06:54:06.000Z,2026-07-02T23:41:08.000Z,45,32
HCP0696,74,39,23,10,0.4348,1,1,1.0000,39,221.08,2026-08-08T07:15:04.000Z,2026-08-08T07:15:04.000Z,8,8
HCP0715,27,14,8,5,0.6250,0,0,0.0000,14,196.96,2026-07-31T15:59:30.000Z,2026-07-31T15:59:30.000Z,16,16
HCP0738,44,25,9,7,0.7778,2,1,0.5000,25,178.48,2026-08-01T19:44:52.000Z,2026-06-02T20:55:01.000Z,75,15
HCP0752,25,12,6,4,0.6667,2,1,0.5000,12,205.68,2026-08-08T04:05:25.000Z,2026-08-08T04:05:25.000Z,8,8
HCP0766,73,34,22,16,0.7273,1,0,0.0000,34,319.16,2026-08-01T18:44:43.000Z,2026-08-01T18:44:43.000Z,15,15
HCP0768,74,30,22,16,0.7273,3,3,1.0000,30,247.5,2026-08-14T12:26:07.000Z,2026-08-14T12:26:07.000Z,2,2
HCP0770,31,14,10,5,0.5000,2,0,0.0000,14,259.71,2026-08-07T07:32:32.000Z,2026-08-07T07:32:32.000Z,9,9
HCP0785,89,38,25,21,0.8400,3,2,0.6667,38,205.92,2026-08-11T03:35:58.000Z,2026-08-11T03:35:58.000Z,5,5
HCP0790,65,37,20,5,0.2500,3,0,0.0000,37,215.03,2026-08-01T11:16:36.000Z,2026-08-01T11:16:36.000Z,15,15
HCP0825,67,35,18,10,0.5556,2,2,1.0000,35,268.03,2026-08-12T06:39:59.000Z,2026-08-12T06:39:59.000Z,4,4
HCP0837,53,26,15,9,0.6000,2,1,0.5000,26,281.83,2026-08-07T13:20:29.000Z,2026-07-27T08:34:04.000Z,20,9
HCP0881,77,38,22,9,0.4091,4,4,1.0000,38,233.09,2026-07-30T03:04:01.000Z,2026-07-30T03:04:01.000Z,17,17
HCP0906,64,34,18,10,0.5556,1,1,1.0000,34,222.98,2026-08-14T13:05:05.000Z,2026-08-07T23:08:06.000Z,9,2
HCP0974,82,45,23,9,0.3913,4,1,0.2500,45,254.13,2026-08-11T12:05:11.000Z,2026-07-18T02:58:34.000Z,29,5
HCP0990,94,45,28,17,0.6071,2,2,1.0000,45,216.88,2026-08-09T02:34:48.000Z,2026-08-09T02:34:48.000Z,7,7
HCP0991,26,15,5,3,0.6000,2,1,0.5000,15,240.58,2026-08-13T18:26:19.000Z,2026-08-13T18:26:19.000Z,3,3
HCP1009,81,41,22,12,0.5455,4,2,0.5000,41,201.93,2026-08-07T19:16:34.000Z,2026-08-07T19:16:34.000Z,9,9
HCP1012,94,43,26,17,0.6538,6,2,0.3333,43,248.55,2026-08-14T01:56:21.000Z,2026-08-14T01:56:21.000Z,2,2
HCP1025,64,34,16,12,0.7500,2,0,0.0000,34,183.08,2026-08-08T07:23:19.000Z,2026-08-08T07:23:19.000Z,8,8
HCP1027,44,24,16,1,0.0625,2,1,0.5000,24,198.93,2026-08-13T23:36:54.000Z,2026-08-13T23:36:54.000Z,3,3
HCP1050,87,39,27,12,0.4444,5,4,0.8000,39,291.45,2026-08-14T18:11:00.000Z,2026-08-13T21:39:20.000Z,3,2
HCP1060,80,42,20,11,0.5500,4,3,0.7500,42,243.36,2026-08-13T13:07:28.000Z,2026-08-13T13:07:28.000Z,3,3
HCP1061,21,13,6,2,0.3333,0,0,0.0000,13,185.24,2026-07-09T19:21:45.000Z,2026-06-30T04:59:41.000Z,47,38
HCP1085,79,34,27,15,0.5556,2,1,0.5000,34,366.77,2026-08-02T20:04:54.000Z,2026-07-28T05:59:36.000Z,19,14
HCP1087,80,41,20,15,0.7500,3,1,0.3333,41,213.29,2026-08-12T02:36:34.000Z,2026-08-11T10:58:19.000Z,5,4
HCP1105,42,20,13,5,0.3846,3,1,0.3333,20,201.86,2026-08-11T14:23:58.000Z,2026-08-11T14:23:58.000Z,5,5
HCP1144,50,27,14,9,0.6429,0,0,0.0000,27,210.18,2026-08-03T20:19:07.000Z,2026-08-03T20:19:07.000Z,13,13
HCP1162,77,35,21,15,0.7143,5,1,0.2000,35,231.95,2026-07-28T05:22:14.000Z,2026-07-28T01:33:43.000Z,19,19
HCP1178,52,31,12,6,0.5000,2,1,0.5000,31,197.38,2026-08-07T12:00:14.000Z,2026-08-07T12:00:14.000Z,9,9
HCP1192,53,32,16,5,0.3125,0,0,0.0000,32,192.49,2026-08-14T20:42:42.000Z,2026-08-14T20:42:42.000Z,2,2
HCP1223,61,28,17,9,0.5294,5,2,0.4000,28,229.54,2026-08-13T16:02:40.000Z,2026-08-13T16:02:40.000Z,3,3
HCP1243,29,15,8,4,0.5000,1,1,1.0000,15,248.48,2026-08-01T07:05:27.000Z,2026-08-01T07:05:27.000Z,15,15
HCP1244,60,34,15,6,0.4000,3,2,0.6667,34,188.73,2026-08-10T09:04:12.000Z,2026-08-10T09:04:12.000Z,6,6
HCP1254,74,39,24,11,0.4583,0,0,0.0000,39,241.35,2026-08-11T01:44:37.000Z,2026-08-11T01:44:37.000Z,5,5
HCP1257,30,20,4,5,1.2500,1,0,0.0000,20,115.83,2026-08-10T08:35:14.000Z,2026-07-03T06:27:18.000Z,44,6
HCP1260,74,36,18,11,0.6111,5,4,0.8000,36,219.89,2026-08-14T20:31:30.000Z,2026-07-30T10:00:40.000Z,17,2
HCP1283,58,27,18,10,0.5556,3,0,0.0000,27,185.91,2026-08-10T06:19:20.000Z,2026-08-10T06:19:20.000Z,6,6
HCP1288,32,16,8,5,0.6250,2,1,0.5000,16,229.09,2026-08-06T12:06:29.000Z,2026-08-01T06:21:53.000Z,15,10
HCP1295,21,13,5,3,0.6000,0,0,0.0000,13,158.86,2026-07-12T19:39:02.000Z,2026-06-30T06:41:57.000Z,47,35
HCP1312,93,39,28,14,0.5000,8,4,0.5000,39,209.12,2026-08-11T21:09:02.000Z,2026-08-11T21:09:02.000Z,5,5
HCP1329,39,18,13,7,0.5385,1,0,0.0000,18,243.41,2026-08-11T12:24:22.000Z,2026-08-11T12:24:22.000Z,5,5
HCP1333,52,28,13,9,0.6923,1,1,1.0000,28,251.08,2026-08-06T11:36:44.000Z,2026-08-06T11:36:44.000Z,10,10
HCP1335,26,17,4,5,1.2500,0,0,0.0000,17,197.62,2026-07-24T03:28:16.000Z,2026-07-24T03:28:16.000Z,23,23
HCP1339,113,47,36,17,0.4722,8,5,0.6250,47,234.1,2026-08-11T22:04:09.000Z,2026-08-08T10:09:21.000Z,8,5
HCP1380,103,44,29,21,0.7241,6,3,0.5000,44,296.39,2026-08-08T18:11:11.000Z,2026-08-08T18:11:11.000Z,8,8
HCP1392,46,31,11,4,0.3636,0,0,0.0000,31,168.67,2026-08-03T20:06:16.000Z,2026-08-03T20:06:16.000Z,13,13
HCP1396,27,14,8,3,0.3750,2,0,0.0000,14,219.44,2026-08-05T10:47:02.000Z,2026-08-05T10:47:02.000Z,11,11
HCP1432,50,25,10,8,0.8000,4,3,0.7500,25,184.96,2026-07-21T22:26:12.000Z,2026-07-21T22:26:12.000Z,26,26
HCP1444,67,32,20,8,0.4000,5,2,0.4000,32,215.91,2026-08-09T05:03:15.000Z,2026-08-09T05:03:15.000Z,7,7
HCP1450,59,29,14,13,0.9286,2,1,0.5000,29,249.85,2026-08-02T07:32:19.000Z,2026-08-02T07:32:19.000Z,14,14
HCP1459,90,39,27,16,0.5926,5,3,0.6000,39,246.18,2026-08-11T20:55:31.000Z,2026-08-11T20:55:31.000Z,5,5
HCP1461,51,23,18,6,0.3333,2,2,1.0000,23,289.82,2026-08-14T19:42:30.000Z,2026-08-14T19:42:30.000Z,2,2
HCP1471,45,20,10,9,0.9000,4,2,0.5000,20,176.2,2026-08-14T03:37:22.000Z,2026-07-28T06:26:08.000Z,19,2
HCP1490,32,14,10,8,0.8000,0,0,0.0000,14,321.13,2026-08-01T19:02:22.000Z,2026-08-01T19:02:22.000Z,15,15
HCP1496,81,32,19,17,0.8947,7,6,0.8571,32,267.6,2026-08-02T18:15:13.000Z,2026-08-02T18:15:13.000Z,14,14
HCP1500,54,24,14,13,0.9286,2,1,0.5000,24,191.33,2026-08-06T15:32:22.000Z,2026-08-06T15:32:22.000Z,10,10
HCP1538,91,37,29,13,0.4483,9,3,0.3333,37,277.88,2026-08-09T16:58:32.000Z,2026-08-09T16:58:32.000Z,7,7
HCP1545,61,34,14,7,0.5000,4,2,0.5000,34,210.03,2026-08-10T05:22:09.000Z,2026-07-16T23:12:22.000Z,31,6
HCP1583,65,31,19,11,0.5789,2,2,1.0000,31,235.86,2026-08-12T07:26:29.000Z,2026-08-09T10:08:48.000Z,7,4
HCP1588,87,37,24,13,0.5417,8,5,0.6250,37,279.74,2026-08-06T04:18:54.000Z,2026-08-06T04:18:54.000Z,10,10
HCP1598,30,18,10,2,0.2000,0,0,0.0000,18,133.33,2026-08-06T09:56:16.000Z,2026-08-06T09:56:16.000Z,10,10
HCP1603,52,26,12,13,1.0833,1,0,0.0000,26,238.23,2026-07-29T03:18:33.000Z,2026-07-29T03:18:33.000Z,18,18
HCP1622,97,44,24,20,0.8333,6,3,0.5000,44,292.3,2026-08-06T10:21:28.000Z,2026-08-06T10:21:28.000Z,10,10
HCP1631,96,41,28,18,0.6429,5,4,0.8000,41,270.3,2026-08-14T01:17:04.000Z,2026-08-10T23:25:50.000Z,6,2
HCP1646,63,32,20,7,0.3500,2,2,1.0000,32,201.63,2026-07-26T02:52:04.000Z,2026-07-26T02:52:04.000Z,21,21
HCP1653,66,36,14,12,0.8571,3,1,0.3333,36,210.61,2026-07-31T06:23:43.000Z,2026-06-29T21:10:48.000Z,48,16
HCP1660,50,24,11,9,0.8182,4,2,0.5000,24,249.68,2026-08-14T03:55:47.000Z,2026-08-14T03:55:47.000Z,2,2
HCP1668,36,17,11,7,0.6364,1,0,0.0000,17,189.39,2026-07-14T01:55:57.000Z,2026-07-14T01:55:57.000Z,33,33
HCP1705,21,13,6,1,0.1667,1,0,0.0000,13,252.0,2026-07-27T15:40:39.000Z,2026-07-26T17:28:37.000Z,21,20
HCP1727,25,12,9,2,0.2222,1,1,1.0000,12,184.08,2026-08-10T01:45:29.000Z,2026-08-10T01:45:29.000Z,6,6
HCP1743,23,14,6,3,0.5000,0,0,0.0000,14,170.48,2026-07-26T07:04:00.000Z,2026-07-26T07:04:00.000Z,21,21
HCP1755,84,31,23,20,0.8696,5,5,1.0000,31,278.85,2026-07-24T22:09:58.000Z,2026-07-24T22:09:58.000Z,23,23
HCP1775,75,41,17,16,0.9412,1,0,0.0000,41,211.43,2026-08-12T23:08:07.000Z,2026-08-12T23:08:07.000Z,4,4
HCP1813,66,28,21,10,0.4762,4,3,0.7500,28,224.33,2026-08-13T22:54:17.000Z,2026-08-13T22:54:17.000Z,3,3
HCP1823,46,29,12,2,0.1667,3,0,0.0000,29,169.28,2026-08-06T16:51:41.000Z,2026-08-06T16:51:41.000Z,10,10
HCP1839,58,32,15,8,0.5333,2,1,0.5000,32,231.38,2026-08-13T09:50:42.000Z,2026-08-08T16:23:30.000Z,8,3
HCP1881,20,12,5,3,0.6000,0,0,0.0000,12,177.8,2026-08-05T09:13:44.000Z,2026-07-17T16:08:51.000Z,30,11
HCP1922,57,34,14,6,0.4286,2,1,0.5000,34,172.46,2026-08-07T22:58:45.000Z,2026-07-11T18:57:22.000Z,36,9
HCP1987,33,14,9,6,0.6667,2,2,1.0000,14,296.73,2026-07-18T13:27:43.000Z,2026-07-18T13:27:43.000Z,29,29
HCP1997,15,9,4,2,0.5000,0,0,0.0000,9,320.87,2026-07-12T23:09:23.000Z,2026-07-12T23:09:23.000Z,35,35
HCP0006,42,22,12,5,0.4167,2,1,0.5000,22,222.64,2026-08-06T04:54:11.000Z,2026-08-06T04:54:11.000Z,10,10
HCP0020,43,20,14,6,0.4286,2,1,0.5000,20,228.3,2026-08-08T03:41:44.000Z,2026-08-08T03:41:44.000Z,8,8
HCP0053,56,35,15,5,0.3333,1,0,0.0000,35,186.45,2026-07-28T15:01:24.000Z,2026-07-10T13:34:08.000Z,37,19
HCP0089,48,29,13,5,0.3846,1,0,0.0000,29,174.21,2026-08-11T03:26:25.000Z,2026-08-11T03:26:25.000Z,5,5
HCP0113,62,32,19,9,0.4737,1,1,1.0000,32,244.4,2026-08-05T08:47:04.000Z,2026-08-01T02:55:47.000Z,15,11
HCP0150,37,13,10,5,0.5000,5,4,0.8000,13,216.92,2026-07-16T18:11:59.000Z,2026-07-16T18:11:59.000Z,31,31
HCP0171,27,17,8,1,0.1250,1,0,0.0000,17,151.44,2026-07-31T22:04:54.000Z,2026-06-28T05:59:07.000Z,49,16
HCP0196,104,46,33,20,0.6061,3,2,0.6667,46,242.27,2026-08-12T09:01:28.000Z,2026-08-12T09:01:28.000Z,4,4
HCP0210,19,12,4,1,0.2500,2,0,0.0000,12,199.84,2026-08-07T18:00:14.000Z,2026-08-07T18:00:14.000Z,9,9
HCP0220,53,26,18,7,0.3889,1,1,1.0000,26,209.15,2026-07-24T03:08:43.000Z,2026-07-24T03:08:43.000Z,23,23
HCP0228,25,15,8,1,0.1250,1,0,0.0000,15,192.84,2026-06-30T02:09:50.000Z,2026-06-30T02:09:50.000Z,47,47
HCP0230,67,29,22,12,0.5455,2,2,1.0000,29,294.67,2026-08-14T02:26:55.000Z,2026-08-14T02:26:55.000Z,2,2
HCP0269,57,25,17,8,0.4706,5,2,0.4000,25,287.21,2026-08-07T09:56:08.000Z,2026-08-07T09:56:08.000Z,9,9
HCP0274,91,41,27,9,0.3333,8,6,0.7500,41,224.53,2026-08-13T10:02:21.000Z,2026-08-13T10:02:21.000Z,3,3
HCP0283,60,29,22,9,0.4091,0,0,0.0000,29,226.8,2026-08-09T22:47:33.000Z,2026-07-27T23:44:30.000Z,20,7
HCP0288,42,16,12,7,0.5833,4,3,0.7500,16,316.95,2026-06-16T06:39:35.000Z,2026-06-16T06:39:35.000Z,61,61
HCP0289,30,16,10,4,0.4000,0,0,0.0000,16,216.6,2026-08-07T13:19:28.000Z,2026-08-07T13:19:28.000Z,9,9
HCP0310,34,15,7,6,0.8571,3,3,1.0000,15,219.68,2026-07-29T20:04:08.000Z,2026-07-27T17:40:45.000Z,20,18
HCP0328,49,21,17,7,0.4118,2,2,1.0000,21,277.76,2026-08-12T07:36:16.000Z,2026-08-12T07:36:16.000Z,4,4
HCP0377,39,19,8,6,0.7500,3,3,1.0000,19,275.44,2026-08-12T18:14:47.000Z,2026-06-22T21:56:16.000Z,55,4
HCP0392,75,35,25,13,0.5200,2,0,0.0000,35,301.4,2026-08-10T12:44:36.000Z,2026-08-10T12:44:36.000Z,6,6
HCP0466,62,33,21,7,0.3333,1,0,0.0000,33,205.23,2026-08-09T00:42:19.000Z,2026-07-30T12:58:02.000Z,17,7
HCP0468,33,17,12,4,0.3333,0,0,0.0000,17,190.33,2026-08-13T12:12:25.000Z,2026-08-13T12:12:25.000Z,3,3
HCP0473,42,23,12,4,0.3333,3,0,0.0000,23,212.52,2026-08-10T02:35:09.000Z,2026-08-10T02:35:09.000Z,6,6
HCP0474,87,40,27,15,0.5556,4,1,0.2500,40,254.76,2026-08-09T15:15:05.000Z,2026-08-09T15:15:05.000Z,7,7
HCP0478,22,12,6,3,0.5000,1,0,0.0000,12,195.59,2026-07-27T19:41:20.000Z,2026-07-27T19:41:20.000Z,20,20
HCP0481,29,15,6,5,0.8333,3,0,0.0000,15,175.17,2026-08-11T00:57:43.000Z,2026-08-11T00:57:43.000Z,5,5
HCP0531,69,36,22,7,0.3182,3,1,0.3333,36,260.26,2026-08-06T02:42:37.000Z,2026-08-06T02:42:37.000Z,10,10
HCP0544,72,39,18,9,0.5000,5,1,0.2000,39,237.97,2026-08-14T16:03:08.000Z,2026-08-10T22:51:21.000Z,6,2
HCP0565,34,13,12,8,0.6667,1,0,0.0000,13,251.29,2026-08-07T11:59:22.000Z,2026-08-07T11:59:22.000Z,9,9
HCP0571,54,28,15,10,0.6667,1,0,0.0000,28,272.91,2026-08-09T03:54:55.000Z,2026-08-09T03:54:55.000Z,7,7
HCP0582,48,27,12,5,0.4167,4,0,0.0000,27,167.98,2026-07-31T19:11:26.000Z,2026-07-31T19:11:26.000Z,16,16
HCP0585,35,21,7,4,0.5714,2,1,0.5000,21,190.8,2026-08-09T15:38:15.000Z,2026-07-30T10:08:26.000Z,17,7
HCP0604,71,32,21,10,0.4762,5,3,0.6000,32,246.25,2026-08-13T08:20:35.000Z,2026-08-13T08:20:35.000Z,3,3
HCP0640,69,33,22,12,0.5455,1,1,1.0000,33,221.49,2026-08-04T07:54:11.000Z,2026-08-04T07:54:11.000Z,12,12
HCP0645,66,39,20,5,0.2500,1,1,1.0000,39,232.68,2026-07-29T23:20:04.000Z,2026-07-29T23:20:04.000Z,18,18
HCP0664,32,13,11,8,0.7273,0,0,0.0000,13,263.13,2026-08-08T00:50:59.000Z,2026-08-08T00:50:59.000Z,8,8
HCP0671,46,24,12,10,0.8333,0,0,0.0000,24,289.28,2026-08-05T22:50:25.000Z,2026-08-05T22:50:25.000Z,11,11
HCP0694,76,37,20,12,0.6000,4,3,0.7500,37,220.51,2026-07-30T19:17:01.000Z,2026-07-29T10:25:13.000Z,18,17
HCP0751,73,31,21,13,0.6190,4,4,1.0000,31,296.47,2026-08-11T17:46:34.000Z,2026-07-24T18:12:55.000Z,23,5
HCP0757,81,37,22,13,0.5909,5,4,0.8000,37,250.23,2026-08-12T08:33:09.000Z,2026-08-12T08:33:09.000Z,4,4
HCP0765,74,39,19,10,0.5263,3,3,1.0000,39,213.18,2026-08-10T07:25:36.000Z,2026-08-09T09:39:36.000Z,7,6
HCP0773,19,10,6,2,0.3333,1,0,0.0000,10,204.89,2026-08-10T09:35:50.000Z,2026-08-10T09:35:50.000Z,6,6
HCP0782,48,30,14,3,0.2143,1,0,0.0000,30,148.0,2026-08-10T16:01:41.000Z,2026-08-10T16:01:41.000Z,6,6
HCP0809,36,18,10,6,0.6000,1,1,1.0000,18,269.17,2026-08-12T19:42:29.000Z,2026-08-12T19:42:29.000Z,4,4
HCP0818,42,19,14,7,0.5000,2,0,0.0000,19,219.93,2026-08-01T02:38:59.000Z,2026-08-01T02:38:59.000Z,15,15
HCP0819,76,34,27,9,0.3333,4,2,0.5000,34,219.41,2026-08-14T08:42:59.000Z,2026-08-14T08:42:59.000Z,2,2
HCP0820,38,19,14,5,0.3571,0,0,0.0000,19,324.55,2026-08-09T20:21:08.000Z,2026-08-09T20:21:08.000Z,7,7
HCP0829,26,14,7,3,0.4286,1,1,1.0000,14,244.54,2026-07-19T11:41:17.000Z,2026-07-03T14:30:30.000Z,44,28
HCP0838,32,14,12,4,0.3333,1,1,1.0000,14,249.78,2026-08-10T20:58:00.000Z,2026-08-10T20:58:00.000Z,6,6
HCP0847,17,12,4,1,0.2500,0,0,0.0000,12,153.47,2026-08-08T22:41:59.000Z,2026-08-08T22:41:59.000Z,8,8
HCP0865,44,19,14,7,0.5000,2,2,1.0000,19,227.07,2026-07-07T15:12:38.000Z,2026-06-24T14:00:56.000Z,53,40
HCP0869,78,36,22,13,0.5909,4,3,0.7500,36,214.31,2026-07-23T20:24:14.000Z,2026-07-23T20:24:14.000Z,24,24
HCP0874,48,24,15,6,0.4000,2,1,0.5000,24,186.06,2026-07-20T17:21:01.000Z,2026-07-17T09:12:04.000Z,30,27
HCP0875,66,27,22,13,0.5909,2,2,1.0000,27,250.61,2026-08-09T07:39:46.000Z,2026-08-09T07:39:46.000Z,7,7
HCP0900,80,40,16,16,1.0000,5,3,0.6000,40,242.66,2026-08-13T21:04:50.000Z,2026-08-13T21:04:50.000Z,3,3
HCP0901,90,42,23,16,0.6957,6,3,0.5000,42,256.62,2026-08-07T07:00:51.000Z,2026-08-07T07:00:51.000Z,9,9
HCP0902,110,49,32,19,0.5938,7,3,0.4286,49,237.15,2026-08-14T21:29:51.000Z,2026-08-14T21:29:51.000Z,2,2
HCP0913,49,25,11,7,0.6364,5,1,0.2000,25,247.94,2026-08-12T18:26:42.000Z,2026-08-12T18:26:42.000Z,4,4
HCP0923,43,23,10,7,0.7000,2,1,0.5000,23,220.19,2026-08-06T07:25:01.000Z,2026-07-26T17:23:53.000Z,21,10
HCP0927,47,30,10,7,0.7000,0,0,0.0000,30,191.3,2026-07-28T03:56:00.000Z,2026-07-23T03:34:40.000Z,24,19
HCP0930,50,26,14,10,0.7143,0,0,0.0000,26,181.26,2026-08-04T07:35:57.000Z,2026-07-31T05:56:36.000Z,16,12
HCP0971,48,25,13,7,0.5385,2,1,0.5000,25,199.83,2026-07-30T19:40:53.000Z,2026-07-30T19:40:53.000Z,17,17
HCP0987,84,38,30,15,0.5000,1,0,0.0000,38,272.62,2026-08-14T17:45:49.000Z,2026-08-14T17:45:49.000Z,2,2
HCP1022,48,29,11,7,0.6364,1,0,0.0000,29,208.56,2026-08-13T22:56:00.000Z,2026-08-08T14:07:13.000Z,8,3
HCP1037,99,44,28,18,0.6429,5,4,0.8000,44,227.75,2026-08-10T19:29:04.000Z,2026-08-10T19:29:04.000Z,6,6
HCP1068,42,23,11,5,0.4545,3,0,0.0000,23,218.45,2026-08-13T14:56:15.000Z,2026-08-13T14:56:15.000Z,3,3
HCP1070,96,47,26,13,0.5000,6,4,0.6667,47,260.01,2026-08-11T12:44:56.000Z,2026-08-11T12:44:56.000Z,5,5
HCP1077,84,35,26,18,0.6923,3,2,0.6667,35,260.87,2026-08-12T15:19:22.000Z,2026-08-12T15:19:22.000Z,4,4
HCP1100,22,12,8,0,0.0000,1,1,1.0000,12,167.18,2026-07-03T17:26:16.000Z,2026-06-27T12:17:21.000Z,50,44
HCP1122,46,25,13,6,0.4615,2,0,0.0000,25,157.5,2026-08-13T13:09:30.000Z,2026-08-13T13:09:30.000Z,3,3
HCP1180,59,33,14,10,0.7143,2,0,0.0000,33,145.34,2026-08-10T04:54:03.000Z,2026-08-05T15:04:13.000Z,11,6
HCP1205,51,26,19,4,0.2105,1,1,1.0000,26,260.14,2026-08-14T07:56:21.000Z,2026-08-14T07:56:21.000Z,2,2
HCP1221,73,39,21,10,0.4762,3,0,0.0000,39,210.52,2026-08-08T01:36:09.000Z,2026-08-08T01:36:09.000Z,8,8
HCP1226,81,37,20,12,0.6000,8,4,0.5000,37,290.74,2026-08-14T05:04:42.000Z,2026-08-14T05:04:42.000Z,2,2
HCP1256,62,28,15,11,0.7333,5,3,0.6000,28,202.37,2026-07-23T17:35:16.000Z,2026-07-23T17:35:16.000Z,24,24
HCP1266,36,21,9,4,0.4444,1,1,1.0000,21,173.39,2026-08-09T20:16:20.000Z,2026-08-09T20:16:20.000Z,7,7
HCP1282,34,15,8,7,0.8750,2,2,1.0000,15,238.12,2026-07-18T21:26:38.000Z,2026-07-14T14:56:13.000Z,33,29
HCP1289,48,25,11,9,0.8182,2,1,0.5000,25,244.19,2026-07-28T19:11:57.000Z,2026-07-17T08:00:32.000Z,30,19
HCP1319,57,29,12,11,0.9167,4,1,0.2500,29,225.26,2026-07-19T10:00:11.000Z,2026-07-19T10:00:11.000Z,28,28
HCP1322,40,23,10,6,0.6000,1,0,0.0000,23,246.05,2026-08-10T06:50:26.000Z,2026-08-02T09:21:23.000Z,14,6
HCP1325,111,48,35,15,0.4286,8,5,0.6250,48,256.23,2026-08-12T23:35:10.000Z,2026-08-12T23:35:10.000Z,4,4
HCP1327,64,34,19,10,0.5263,1,0,0.0000,34,225.61,2026-08-08T16:40:49.000Z,2026-08-08T16:40:49.000Z,8,8
HCP1343,61,31,20,9,0.4500,1,0,0.0000,31,218.05,2026-08-05T13:42:23.000Z,2026-07-12T01:20:58.000Z,35,11
HCP1349,35,23,6,4,0.6667,1,1,1.0000,23,194.06,2026-08-11T23:45:22.000Z,2026-04-26T22:48:11.000Z,112,5
HCP1355,35,20,10,5,0.5000,0,0,0.0000,20,173.69,2026-08-03T11:38:53.000Z,2026-08-03T11:38:53.000Z,13,13
HCP1369,106,46,35,20,0.5714,3,2,0.6667,46,279.92,2026-08-12T06:04:23.000Z,2026-08-12T06:04:23.000Z,4,4
HCP1374,17,11,3,2,0.6667,1,0,0.0000,11,161.12,2026-08-12T20:33:53.000Z,2026-07-25T05:05:13.000Z,22,4
HCP1391,70,34,19,12,0.6316,3,2,0.6667,34,238.13,2026-07-20T16:02:25.000Z,2026-07-19T15:29:32.000Z,28,27
HCP1394,111,46,34,17,0.5000,9,5,0.5556,46,227.27,2026-08-14T20:25:22.000Z,2026-08-14T20:25:22.000Z,2,2
HCP1416,25,15,8,2,0.2500,0,0,0.0000,15,237.16,2026-08-01T09:31:05.000Z,2026-08-01T09:31:05.000Z,15,15
HCP1436,60,33,19,5,0.2632,3,0,0.0000,33,185.95,2026-08-07T08:16:49.000Z,2026-08-07T08:16:49.000Z,9,9
HCP1446,86,40,27,13,0.4815,3,3,1.0000,40,223.79,2026-08-07T01:52:09.000Z,2026-08-07T01:52:09.000Z,9,9
HCP1460,49,27,14,4,0.2857,2,2,1.0000,27,201.24,2026-08-02T21:35:51.000Z,2026-08-02T21:35:51.000Z,14,14
HCP1462,33,15,10,4,0.4000,3,1,0.3333,15,341.91,2026-08-07T00:39:59.000Z,2026-08-07T00:39:59.000Z,9,9
HCP1469,93,45,27,15,0.5556,4,2,0.5000,45,256.6,2026-08-13T21:07:01.000Z,2026-08-13T21:07:01.000Z,3,3
HCP1475,25,15,5,3,0.6000,1,1,1.0000,15,216.4,2026-06-23T09:23:52.000Z,2026-06-23T09:23:52.000Z,54,54
HCP1515,42,25,9,4,0.4444,3,1,0.3333,25,240.79,2026-08-10T04:26:15.000Z,2026-08-10T04:26:15.000Z,6,6
HCP1536,24,12,7,3,0.4286,2,0,0.0000,12,155.63,2026-07-29T19:46:43.000Z,2026-07-29T19:46:43.000Z,18,18
HCP1546,60,34,14,10,0.7143,1,1,1.0000,34,240.33,2026-07-15T17:11:31.000Z,2026-07-13T22:53:22.000Z,34,32
HCP1547,87,43,27,14,0.5185,2,1,0.5000,43,229.52,2026-08-14T03:38:54.000Z,2026-08-14T03:38:54.000Z,2,2
HCP1552,73,39,20,9,0.4500,4,1,0.2500,39,253.84,2026-08-06T16:43:43.000Z,2026-08-06T16:43:43.000Z,10,10
HCP1554,123,50,36,20,0.5556,10,7,0.7000,50,305.35,2026-08-10T09:23:47.000Z,2026-08-10T09:23:47.000Z,6,6
HCP1560,74,32,23,12,0.5217,4,3,0.7500,32,195.8,2026-08-07T01:52:14.000Z,2026-08-07T01:52:14.000Z,9,9
HCP1568,77,37,20,13,0.6500,4,3,0.7500,37,225.56,2026-08-13T21:30:08.000Z,2026-08-13T21:30:08.000Z,3,3
HCP1608,74,35,19,12,0.6316,5,3,0.6000,35,266.49,2026-08-13T13:37:26.000Z,2026-08-06T15:58:45.000Z,10,3
HCP1610,65,32,19,11,0.5789,2,1,0.5000,32,183.4,2026-07-14T20:35:10.000Z,2026-07-14T20:35:10.000Z,33,33
HCP1624,61,29,19,8,0.4211,3,2,0.6667,29,154.49,2026-07-30T04:06:35.000Z,2026-07-14T21:12:47.000Z,33,17
HCP1637,28,16,7,5,0.7143,0,0,0.0000,16,192.82,2026-08-14T12:20:52.000Z,2026-07-24T06:25:39.000Z,23,2
HCP1638,71,40,19,9,0.4737,2,1,0.5000,40,284.2,2026-08-10T17:30:13.000Z,2026-08-08T03:55:47.000Z,8,6
HCP1641,52,24,16,9,0.5625,2,1,0.5000,24,190.46,2026-08-13T11:48:56.000Z,2026-08-13T11:48:56.000Z,3,3
HCP1669,122,48,38,28,0.7368,5,3,0.6000,48,238.8,2026-08-12T20:21:54.000Z,2026-08-12T20:21:54.000Z,4,4
HCP1730,96,47,23,17,0.7391,6,3,0.5000,47,261.96,2026-08-14T09:24:36.000Z,2026-08-14T09:24:36.000Z,2,2
HCP1739,31,16,8,5,0.6250,1,1,1.0000,16,235.84,2026-07-31T07:25:02.000Z,2026-07-20T05:25:27.000Z,27,16
HCP1746,70,35,20,13,0.6500,2,0,0.0000,35,211.77,2026-08-13T10:35:22.000Z,2026-08-13T10:35:22.000Z,3,3
HCP1759,34,17,9,7,0.7778,1,0,0.0000,17,238.59,2026-07-22T18:22:58.000Z,2026-07-22T18:22:58.000Z,25,25
HCP1774,59,32,11,9,0.8182,4,3,0.7500,32,208.92,2026-08-12T04:32:30.000Z,2026-08-12T04:32:30.000Z,4,4
HCP1793,47,23,10,9,0.9000,3,2,0.6667,23,271.34,2026-07-15T17:01:00.000Z,2026-07-05T00:17:01.000Z,42,32
HCP1801,74,37,21,6,0.2857,6,4,0.6667,37,233.35,2026-08-11T13:42:20.000Z,2026-08-02T02:50:54.000Z,14,5
HCP1811,29,14,8,4,0.5000,2,1,0.5000,14,161.72,2026-08-03T18:59:59.000Z,2026-08-03T18:59:59.000Z,13,13
HCP1883,30,18,7,5,0.7143,0,0,0.0000,18,181.9,2026-08-09T17:43:28.000Z,2026-08-09T17:43:28.000Z,7,7
HCP1886,43,22,14,7,0.5000,0,0,0.0000,22,285.98,2026-08-12T08:50:55.000Z,2026-07-18T06:10:06.000Z,29,4
HCP1898,23,15,6,2,0.3333,0,0,0.0000,15,183.52,2026-08-13T20:10:21.000Z,2026-07-13T17:14:06.000Z,34,3
HCP1937,44,24,12,6,0.5000,2,0,0.0000,24,243.73,2026-08-08T07:32:14.000Z,2026-08-08T07:32:14.000Z,8,8
HCP1967,81,41,20,17,0.8500,2,1,0.5000,41,206.41,2026-08-12T09:03:56.000Z,2026-08-12T09:03:56.000Z,4,4
HCP1986,48,28,12,5,0.4167,3,0,0.0000,28,228.4,2026-07-23T19:17:19.000Z,2026-07-23T19:17:19.000Z,24,24
HCP1991,84,42,22,16,0.7273,4,0,0.0000,42,185.08,2026-08-13T19:35:33.000Z,2026-08-13T19:35:33.000Z,3,3
HCP1996,56,29,15,8,0.5333,3,1,0.3333,29,209.34,2026-08-12T03:46:56.000Z,2026-08-12T03:46:56.000Z,4,4
HCP0033,36,16,8,6,0.7500,3,3,1.0000,16,265.67,2026-07-29T16:24:11.000Z,2026-07-29T16:24:11.000Z,18,18
HCP0048,39,23,11,5,0.4545,0,0,0.0000,23,163.0,2026-08-07T19:02:38.000Z,2026-08-07T19:02:38.000Z,9,9
HCP0055,31,15,11,3,0.2727,1,1,1.0000,15,200.06,2026-08-08T06:18:05.000Z,2026-08-08T06:18:05.000Z,8,8
HCP0090,58,25,15,12,0.8000,4,2,0.5000,25,239.31,2026-08-13T03:05:56.000Z,2026-08-13T03:05:56.000Z,3,3
HCP0123,57,33,13,10,0.7692,1,0,0.0000,33,222.7,2026-08-13T22:53:51.000Z,2026-08-01T02:16:43.000Z,15,3
HCP0144,49,28,10,8,0.8000,2,1,0.5000,28,190.8,2026-07-27T22:45:23.000Z,2026-07-26T19:47:08.000Z,21,20
HCP0187,23,13,6,4,0.6667,0,0,0.0000,13,176.87,2026-08-09T02:05:43.000Z,2026-07-27T14:27:56.000Z,20,7
HCP0189,68,39,18,7,0.3889,2,2,1.0000,39,215.62,2026-08-14T14:53:44.000Z,2026-08-12T12:53:33.000Z,4,2
HCP0206,66,35,17,10,0.5882,2,2,1.0000,35,202.0,2026-08-14T12:47:54.000Z,2026-08-14T12:47:54.000Z,2,2
HCP0237,40,18,12,5,0.4167,3,2,0.6667,18,288.08,2026-08-12T22:32:52.000Z,2026-08-10T15:40:12.000Z,6,4
HCP0240,60,30,21,7,0.3333,2,0,0.0000,30,247.02,2026-08-13T14:15:46.000Z,2026-08-13T14:15:46.000Z,3,3
HCP0247,27,15,7,5,0.7143,0,0,0.0000,15,169.3,2026-08-06T22:13:45.000Z,2026-07-22T23:03:58.000Z,25,10
HCP0259,82,37,24,13,0.5417,6,2,0.3333,37,230.21,2026-08-09T09:28:05.000Z,2026-08-09T09:28:05.000Z,7,7
HCP0271,57,33,11,7,0.6364,4,2,0.5000,33,160.46,2026-08-14T14:06:30.000Z,2026-08-14T14:06:30.000Z,2,2
HCP0294,58,31,15,12,0.8000,0,0,0.0000,31,233.02,2026-08-13T00:47:23.000Z,2026-08-13T00:47:23.000Z,3,3
HCP0295,38,23,10,5,0.5000,0,0,0.0000,23,142.21,2026-08-09T03:54:46.000Z,2026-07-30T13:53:04.000Z,17,7
HCP0309,52,31,9,10,1.1111,2,0,0.0000,31,209.08,2026-08-09T14:05:06.000Z,2026-07-26T11:05:58.000Z,21,7
HCP0341,69,31,22,12,0.5455,4,0,0.0000,31,275.1,2026-08-10T21:37:17.000Z,2026-08-10T21:37:17.000Z,6,6
HCP0346,50,29,9,5,0.5556,4,3,0.7500,29,218.44,2026-08-07T08:56:02.000Z,2026-08-07T08:56:02.000Z,9,9
HCP0372,22,12,7,3,0.4286,0,0,0.0000,12,250.68,2026-08-04T16:40:20.000Z,2026-08-04T16:40:20.000Z,12,12
HCP0429,75,39,17,12,0.7059,6,1,0.1667,39,232.69,2026-08-13T10:01:37.000Z,2026-08-13T10:01:37.000Z,3,3
HCP0463,61,29,16,10,0.6250,4,2,0.5000,29,268.21,2026-08-11T17:50:23.000Z,2026-07-28T12:52:11.000Z,19,5
HCP0493,16,12,2,2,1.0000,0,0,0.0000,12,202.25,2026-07-24T13:17:55.000Z,2026-05-22T23:45:22.000Z,86,23
HCP0504,56,33,14,9,0.6429,0,0,0.0000,33,228.38,2026-08-06T20:49:24.000Z,2026-08-06T20:49:24.000Z,10,10
HCP0517,72,31,22,11,0.5000,5,3,0.6000,31,304.32,2026-07-28T13:25:17.000Z,2026-07-28T13:25:17.000Z,19,19
HCP0536,86,43,21,17,0.8095,4,1,0.2500,43,232.01,2026-08-13T02:51:06.000Z,2026-08-02T06:40:54.000Z,14,3
HCP0545,65,31,20,11,0.5500,2,1,0.5000,31,210.22,2026-08-12T02:40:26.000Z,2026-08-12T02:40:26.000Z,4,4
HCP0550,39,20,10,9,0.9000,0,0,0.0000,20,233.69,2026-07-23T01:49:30.000Z,2026-07-23T01:49:30.000Z,24,24
HCP0566,74,37,20,10,0.5000,4,3,0.7500,37,209.43,2026-08-06T14:00:30.000Z,2026-07-25T10:45:04.000Z,22,10
HCP0586,33,15,12,6,0.5000,0,0,0.0000,15,363.55,2026-08-08T00:58:16.000Z,2026-07-12T09:09:54.000Z,35,8
HCP0594,48,29,13,5,0.3846,1,0,0.0000,29,194.35,2026-08-02T09:37:31.000Z,2026-08-02T09:37:31.000Z,14,14
HCP0642,42,22,12,8,0.6667,0,0,0.0000,22,192.79,2026-08-09T11:27:44.000Z,2026-08-09T11:27:44.000Z,7,7
HCP0712,60,34,14,5,0.3571,4,3,0.7500,34,188.18,2026-08-08T23:21:56.000Z,2026-08-05T18:50:51.000Z,11,8
HCP0714,34,20,9,3,0.3333,1,1,1.0000,20,186.76,2026-07-25T01:29:29.000Z,2026-07-22T11:41:43.000Z,25,22
HCP0721,41,23,10,7,0.7000,1,0,0.0000,23,191.68,2026-08-13T02:55:42.000Z,2026-08-13T02:55:42.000Z,3,3
HCP0763,39,17,11,5,0.4545,3,3,1.0000,17,235.18,2026-06-16T00:27:47.000Z,2026-06-16T00:27:47.000Z,61,61
HCP0769,86,43,26,13,0.5000,3,1,0.3333,43,228.47,2026-08-13T21:44:46.000Z,2026-08-13T21:44:46.000Z,3,3
HCP0778,117,48,37,22,0.5946,6,4,0.6667,48,284.56,2026-08-13T08:54:16.000Z,2026-08-13T08:54:16.000Z,3,3
HCP0783,64,32,19,9,0.4737,3,1,0.3333,32,218.53,2026-08-14T23:16:09.000Z,2026-08-14T09:02:16.000Z,2,2
HCP0795,50,31,13,4,0.3077,2,0,0.0000,31,170.7,2026-08-03T08:00:11.000Z,2026-07-13T16:52:12.000Z,34,13
HCP0796,39,27,9,3,0.3333,0,0,0.0000,27,142.28,2026-08-11T02:55:00.000Z,2026-07-29T13:52:08.000Z,18,5
HCP0816,49,25,14,10,0.7143,0,0,0.0000,25,224.96,2026-07-25T07:50:06.000Z,2026-07-15T01:04:54.000Z,32,22
HCP0848,31,19,8,2,0.2500,1,1,1.0000,19,221.26,2026-08-13T16:24:32.000Z,2026-06-21T13:43:02.000Z,56,3
HCP0876,33,17,10,5,0.5000,1,0,0.0000,17,208.82,2026-08-12T11:19:45.000Z,2026-08-12T11:19:45.000Z,4,4
HCP0886,38,16,9,7,0.7778,4,2,0.5000,16,278.82,2026-08-12T16:02:13.000Z,2026-08-12T16:02:13.000Z,4,4
HCP0888,77,38,24,10,0.4167,3,2,0.6667,38,227.86,2026-08-08T08:34:35.000Z,2026-07-28T01:18:36.000Z,19,8
HCP0903,88,44,30,12,0.4000,2,0,0.0000,44,271.73,2026-08-12T22:39:49.000Z,2026-08-12T22:39:49.000Z,4,4
HCP0911,107,47,33,17,0.5152,6,4,0.6667,47,299.07,2026-08-12T05:15:34.000Z,2026-08-12T05:15:34.000Z,4,4
HCP0932,31,17,9,3,0.3333,1,1,1.0000,17,215.35,2026-07-31T08:36:36.000Z,2026-07-31T08:36:36.000Z,16,16
HCP0939,26,16,7,1,0.1429,2,0,0.0000,16,217.42,2026-08-13T11:33:28.000Z,2026-08-13T11:33:28.000Z,3,3
HCP0951,53,21,14,11,0.7857,4,3,0.7500,21,257.55,2026-08-07T18:25:26.000Z,2026-08-07T18:25:26.000Z,9,9
HCP0978,66,29,19,13,0.6842,3,2,0.6667,29,303.61,2026-08-05T16:57:19.000Z,2026-08-05T16:57:19.000Z,11,11
HCP0985,77,38,23,16,0.6957,0,0,0.0000,38,220.66,2026-08-13T06:19:15.000Z,2026-08-13T06:19:15.000Z,3,3
HCP0993,50,26,15,6,0.4000,2,1,0.5000,26,233.58,2026-08-14T10:50:13.000Z,2026-08-14T10:50:13.000Z,2,2
HCP1000,66,29,20,13,0.6500,2,2,1.0000,29,235.73,2026-07-23T22:53:00.000Z,2026-07-13T02:00:29.000Z,34,24
HCP1002,49,23,14,7,0.5000,3,2,0.6667,23,252.22,2026-08-06T00:39:05.000Z,2026-08-06T00:39:05.000Z,10,10
HCP1003,66,33,17,11,0.6471,4,1,0.2500,33,267.08,2026-08-08T22:40:40.000Z,2026-08-08T22:40:40.000Z,8,8
HCP1036,37,21,12,4,0.3333,0,0,0.0000,21,248.03,2026-08-11T17:35:34.000Z,2026-08-05T18:04:32.000Z,11,5
HCP1065,43,24,12,5,0.4167,1,1,1.0000,24,247.53,2026-08-07T23:50:58.000Z,2026-08-07T23:50:58.000Z,9,9
HCP1188,26,13,6,6,1.0000,1,0,0.0000,13,203.08,2026-06-30T16:12:49.000Z,2026-06-30T16:12:49.000Z,47,47
HCP1242,46,23,14,7,0.5000,2,0,0.0000,23,255.78,2026-08-06T20:13:45.000Z,2026-08-06T20:13:45.000Z,10,10
HCP1263,67,35,19,9,0.4737,2,2,1.0000,35,260.45,2026-08-12T09:37:40.000Z,2026-08-12T09:37:40.000Z,4,4
HCP1278,76,36,21,11,0.5238,6,2,0.3333,36,282.63,2026-08-11T17:47:49.000Z,2026-08-11T17:47:49.000Z,5,5
HCP1294,49,31,12,6,0.5000,0,0,0.0000,31,185.65,2026-08-06T06:58:06.000Z,2026-07-05T16:41:46.000Z,42,10
HCP1302,52,27,14,7,0.5000,2,2,1.0000,27,198.48,2026-08-13T00:46:42.000Z,2026-08-13T00:46:42.000Z,3,3
HCP1347,41,17,10,13,1.3000,1,0,0.0000,17,283.39,2026-07-26T14:31:25.000Z,2026-07-26T14:31:25.000Z,21,21
HCP1385,57,25,18,12,0.6667,1,1,1.0000,25,247.14,2026-08-14T14:36:33.000Z,2026-08-14T02:48:06.000Z,2,2
HCP1405,42,23,11,6,0.5455,2,0,0.0000,23,213.86,2026-08-06T22:44:39.000Z,2026-08-06T22:44:39.000Z,10,10
HCP1435,78,35,25,13,0.5200,3,2,0.6667,35,281.59,2026-08-11T15:50:44.000Z,2026-08-11T15:50:44.000Z,5,5
HCP1491,55,28,17,4,0.2353,4,2,0.5000,28,217.31,2026-07-29T05:17:11.000Z,2026-07-29T05:17:11.000Z,18,18
HCP1492,60,31,15,11,0.7333,2,1,0.5000,31,260.72,2026-08-08T07:23:43.000Z,2026-08-04T09:16:05.000Z,12,8
HCP1511,72,34,19,15,0.7895,2,2,1.0000,34,213.25,2026-07-31T21:48:03.000Z,2026-07-31T21:48:03.000Z,16,16
HCP1518,81,34,27,16,0.5926,2,2,1.0000,34,246.1,2026-08-07T13:00:43.000Z,2026-08-07T13:00:43.000Z,9,9
HCP1523,69,35,19,8,0.4211,5,2,0.4000,35,236.14,2026-08-13T05:35:54.000Z,2026-08-13T05:35:54.000Z,3,3
HCP1559,15,10,4,1,0.2500,0,0,0.0000,10,183.93,2026-08-08T20:10:10.000Z,2026-05-25T18:24:22.000Z,83,8
HCP1580,33,19,11,2,0.1818,1,0,0.0000,19,158.0,2026-07-27T15:13:54.000Z,2026-07-27T15:13:54.000Z,20,20
HCP1581,30,17,6,5,0.8333,1,1,1.0000,17,213.57,2026-08-05T07:39:33.000Z,2026-07-28T21:36:20.000Z,19,11
HCP1593,49,32,9,7,0.7778,1,0,0.0000,32,175.45,2026-08-06T14:48:21.000Z,2026-08-02T00:53:11.000Z,14,10
HCP1627,83,41,20,11,0.5500,8,3,0.3750,41,179.59,2026-08-13T23:30:27.000Z,2026-08-13T23:30:27.000Z,3,3
HCP1632,90,44,23,15,0.6522,6,2,0.3333,44,233.13,2026-08-08T14:33:40.000Z,2026-08-08T14:33:40.000Z,8,8
HCP1647,53,28,19,6,0.3158,0,0,0.0000,28,236.3,2026-08-12T22:36:56.000Z,2026-08-12T22:36:56.000Z,4,4
HCP1693,62,28,23,8,0.3478,2,1,0.5000,28,266.31,2026-08-09T00:40:19.000Z,2026-08-09T00:40:19.000Z,7,7
HCP1706,20,13,5,2,0.4000,0,0,0.0000,13,171.15,2026-08-10T15:57:51.000Z,2026-08-10T15:57:51.000Z,6,6
HCP1724,54,24,16,10,0.6250,2,2,1.0000,24,245.91,2026-07-28T03:42:08.000Z,2026-07-28T03:42:08.000Z,19,19
HCP1729,62,32,17,11,0.6471,1,1,1.0000,32,277.27,2026-08-12T20:35:27.000Z,2026-08-05T17:15:27.000Z,11,4
HCP1732,61,31,17,9,0.5294,2,2,1.0000,31,213.95,2026-08-10T13:00:17.000Z,2026-08-10T13:00:17.000Z,6,6
HCP1760,72,35,19,12,0.6316,3,3,1.0000,35,227.58,2026-08-14T09:11:47.000Z,2026-08-14T09:11:47.000Z,2,2
HCP1771,69,38,16,10,0.6250,3,2,0.6667,38,236.91,2026-08-07T04:32:11.000Z,2026-08-07T04:32:11.000Z,9,9
HCP1802,78,34,22,14,0.6364,6,2,0.3333,34,253.31,2026-08-14T01:11:06.000Z,2026-08-14T01:11:06.000Z,2,2
HCP1812,55,28,19,6,0.3158,1,1,1.0000,28,271.65,2026-08-13T23:26:05.000Z,2026-08-13T23:26:05.000Z,3,3
HCP1814,49,24,15,5,0.3333,4,1,0.2500,24,227.73,2026-07-15T05:17:08.000Z,2026-07-15T05:17:08.000Z,32,32
HCP1824,32,19,10,3,0.3000,0,0,0.0000,19,182.5,2026-08-13T10:14:49.000Z,2026-07-04T17:14:41.000Z,43,3
HCP1878,36,23,9,4,0.4444,0,0,0.0000,23,242.5,2026-08-01T11:59:30.000Z,2026-08-01T11:59:30.000Z,15,15
HCP1903,26,14,9,3,0.3333,0,0,0.0000,14,282.73,2026-08-11T23:47:19.000Z,2026-08-11T23:47:19.000Z,5,5
HCP1915,62,28,17,11,0.6471,4,2,0.5000,28,272.87,2026-08-11T10:01:45.000Z,2026-08-11T10:01:45.000Z,5,5
HCP1936,33,13,9,5,0.5556,4,2,0.5000,13,170.27,2026-07-15T09:24:12.000Z,2026-07-15T09:24:12.000Z,32,32
HCP1952,18,13,4,1,0.2500,0,0,0.0000,13,183.28,2026-07-13T02:08:00.000Z,2026-05-29T19:30:38.000Z,79,34
HCP1970,47,26,13,5,0.3846,2,1,0.5000,26,201.23,2026-08-04T22:58:36.000Z,2026-08-04T22:58:36.000Z,12,12
HCP0003,56,25,17,8,0.4706,3,3,1.0000,25,329.52,2026-07-31T12:14:06.000Z,2026-07-31T12:14:06.000Z,16,16
HCP0009,38,22,12,2,0.1667,2,0,0.0000,22,215.18,2026-08-09T05:53:33.000Z,2026-08-09T05:53:33.000Z,7,7
HCP0023,96,38,31,18,0.5806,6,3,0.5000,38,287.35,2026-08-06T16:40:51.000Z,2026-08-06T16:40:51.000Z,10,10
HCP0091,57,25,18,8,0.4444,3,3,1.0000,25,239.95,2026-07-29T20:54:50.000Z,2026-07-29T20:54:50.000Z,18,18
HCP0143,64,35,18,7,0.3889,3,1,0.3333,35,205.14,2026-08-07T21:45:01.000Z,2026-08-07T21:45:01.000Z,9,9
HCP0158,59,32,13,9,0.6923,3,2,0.6667,32,205.53,2026-08-13T02:36:19.000Z,2026-08-09T01:44:34.000Z,7,3
HCP0162,22,12,5,3,0.6000,1,1,1.0000,12,202.86,2026-07-14T13:20:59.000Z,2026-07-14T13:20:59.000Z,33,33
HCP0172,56,31,15,6,0.4000,2,2,1.0000,31,185.66,2026-08-13T03:33:16.000Z,2026-08-08T01:26:05.000Z,8,3
HCP0173,56,31,16,4,0.2500,4,1,0.2500,31,235.45,2026-08-04T17:54:56.000Z,2026-08-02T22:35:22.000Z,14,12
HCP0203,72,33,23,12,0.5217,2,2,1.0000,33,255.79,2026-08-13T13:04:07.000Z,2026-08-13T13:04:07.000Z,3,3
HCP0204,77,38,21,12,0.5714,4,2,0.5000,38,208.31,2026-08-12T03:03:14.000Z,2026-08-12T03:03:14.000Z,4,4
HCP0205,87,38,25,18,0.7200,3,3,1.0000,38,232.48,2026-08-08T21:57:04.000Z,2026-08-08T21:57:04.000Z,8,8
HCP0227,47,25,13,3,0.2308,4,2,0.5000,25,218.79,2026-08-13T22:39:57.000Z,2026-08-12T04:59:44.000Z,4,3
HCP0238,29,15,11,2,0.1818,1,0,0.0000,15,243.34,2026-08-04T10:05:35.000Z,2026-08-04T10:05:35.000Z,12,12
HCP0239,72,34,22,12,0.5455,2,2,1.0000,34,243.42,2026-08-10T10:46:15.000Z,2026-08-10T10:46:15.000Z,6,6
HCP0245,56,28,19,9,0.4737,0,0,0.0000,28,252.89,2026-07-11T16:46:08.000Z,2026-07-07T23:22:14.000Z,40,36
HCP0253,93,41,28,19,0.6786,3,2,0.6667,41,277.32,2026-07-26T09:13:34.000Z,2026-07-26T09:13:34.000Z,21,21
HCP0272,40,19,10,2,0.2000,7,2,0.2857,19,263.78,2026-07-29T01:22:08.000Z,2026-07-29T01:22:08.000Z,18,18
HCP0299,53,26,17,6,0.3529,2,2,1.0000,26,203.51,2026-08-12T04:10:19.000Z,2026-07-31T08:31:17.000Z,16,4
HCP0312,59,26,16,13,0.8125,4,0,0.0000,26,255.59,2026-08-07T12:31:38.000Z,2026-08-01T00:06:28.000Z,15,9
HCP0314,77,41,24,9,0.3750,3,0,0.0000,41,214.79,2026-08-14T09:47:13.000Z,2026-08-10T18:00:37.000Z,6,2
HCP0324,65,34,16,10,0.6250,4,1,0.2500,34,226.66,2026-08-10T12:55:56.000Z,2026-08-10T12:55:56.000Z,6,6
HCP0344,41,18,12,7,0.5833,2,2,1.0000,18,271.78,2026-08-03T21:31:51.000Z,2026-08-03T21:31:51.000Z,13,13
HCP0345,36,14,10,8,0.8000,2,2,1.0000,14,253.72,2026-08-08T16:57:37.000Z,2026-08-08T16:57:37.000Z,8,8
HCP0375,50,27,14,9,0.6429,0,0,0.0000,27,217.64,2026-08-10T14:54:21.000Z,2026-08-10T14:54:21.000Z,6,6
HCP0399,101,44,31,20,0.6452,3,3,1.0000,44,266.89,2026-08-10T11:26:45.000Z,2026-08-10T11:26:45.000Z,6,6
HCP0402,34,17,12,5,0.4167,0,0,0.0000,17,238.18,2026-07-12T21:33:15.000Z,2026-07-12T21:33:15.000Z,35,35
HCP0415,78,40,20,16,0.8000,1,1,1.0000,40,220.4,2026-08-14T14:32:38.000Z,2026-08-14T14:32:38.000Z,2,2
HCP0421,109,50,32,15,0.4688,9,3,0.3333,50,297.11,2026-08-12T01:53:01.000Z,2026-08-08T16:33:06.000Z,8,4
HCP0422,86,35,25,16,0.6400,6,4,0.6667,35,268.49,2026-08-14T14:05:41.000Z,2026-08-14T14:05:41.000Z,2,2
HCP0432,80,40,20,9,0.4500,7,4,0.5714,40,257.43,2026-08-14T20:08:04.000Z,2026-08-14T20:08:04.000Z,2,2
HCP0448,43,17,16,10,0.6250,0,0,0.0000,17,243.49,2026-07-27T05:44:11.000Z,2026-07-27T05:44:11.000Z,20,20
HCP0487,30,17,7,6,0.8571,0,0,0.0000,17,181.97,2026-08-14T20:02:29.000Z,2026-07-26T19:11:54.000Z,21,2
HCP0497,70,36,17,10,0.5882,5,2,0.4000,36,218.26,2026-08-11T04:02:10.000Z,2026-08-11T04:02:10.000Z,5,5
HCP0498,72,29,23,10,0.4348,6,4,0.6667,29,242.08,2026-08-10T20:06:36.000Z,2026-08-10T20:06:36.000Z,6,6
HCP0506,51,28,11,10,0.9091,1,1,1.0000,28,222.96,2026-08-13T10:18:22.000Z,2026-08-13T10:18:22.000Z,3,3
HCP0507,23,14,7,2,0.2857,0,0,0.0000,14,245.96,2026-07-30T10:53:09.000Z,2026-07-11T00:13:56.000Z,36,17
HCP0520,49,26,15,4,0.2667,2,2,1.0000,26,184.04,2026-08-09T12:22:12.000Z,2026-08-09T12:22:12.000Z,7,7
HCP0527,30,12,10,8,0.8000,0,0,0.0000,12,267.17,2026-07-12T18:16:28.000Z,2026-07-12T18:16:28.000Z,35,35
HCP0539,64,32,20,7,0.3500,3,2,0.6667,32,278.95,2026-08-03T13:23:38.000Z,2026-06-24T22:31:59.000Z,53,13
HCP0553,57,28,15,9,0.6000,3,2,0.6667,28,250.44,2026-08-09T01:08:32.000Z,2026-08-09T01:08:32.000Z,7,7
HCP0589,75,39,20,12,0.6000,2,2,1.0000,39,208.95,2026-08-14T06:07:12.000Z,2026-08-14T06:07:12.000Z,2,2
HCP0591,128,53,40,25,0.6250,7,3,0.4286,53,292.01,2026-08-13T13:30:03.000Z,2026-08-13T13:30:03.000Z,3,3
HCP0593,39,21,10,6,0.6000,2,0,0.0000,21,186.72,2026-08-14T20:07:14.000Z,2026-07-16T05:33:03.000Z,31,2
HCP0622,28,16,8,4,0.5000,0,0,0.0000,16,224.54,2026-08-13T23:38:47.000Z,2026-08-13T23:38:47.000Z,3,3
HCP0658,21,11,5,2,0.4000,2,1,0.5000,11,186.19,2026-08-12T16:33:47.000Z,2026-08-03T17:13:15.000Z,13,4
HCP0678,85,41,22,15,0.6818,5,2,0.4000,41,269.14,2026-08-14T14:05:47.000Z,2026-08-14T14:05:47.000Z,2,2
HCP0695,88,40,26,17,0.6538,3,2,0.6667,40,212.23,2026-08-09T05:10:46.000Z,2026-08-09T05:10:46.000Z,7,7
HCP0701,36,17,6,7,1.1667,3,3,1.0000,17,237.86,2026-08-13T06:31:51.000Z,2026-08-13T06:31:51.000Z,3,3
HCP0705,46,23,15,7,0.4667,1,0,0.0000,23,184.04,2026-08-10T12:44:19.000Z,2026-08-10T12:44:19.000Z,6,6
HCP0718,55,31,13,9,0.6923,1,1,1.0000,31,235.11,2026-07-31T18:19:54.000Z,2026-07-31T18:19:54.000Z,16,16
HCP0755,39,18,9,5,0.5556,4,3,0.7500,18,175.46,2026-08-02T23:50:48.000Z,2026-08-02T23:50:48.000Z,14,14
HCP0772,61,30,15,7,0.4667,5,4,0.8000,30,188.59,2026-08-08T07:12:33.000Z,2026-08-08T07:12:33.000Z,8,8
HCP0775,32,19,10,3,0.3000,0,0,0.0000,19,181.47,2026-08-03T05:15:34.000Z,2026-07-09T09:50:41.000Z,38,13
HCP0789,87,36,24,20,0.8333,5,2,0.4000,36,243.9,2026-08-04T08:02:07.000Z,2026-07-26T11:29:53.000Z,21,12
HCP0801,31,18,7,6,0.8571,0,0,0.0000,18,165.52,2026-07-30T06:27:18.000Z,2026-07-05T03:18:19.000Z,42,17
HCP0824,23,15,5,1,0.2000,1,1,1.0000,15,223.22,2026-08-05T18:24:59.000Z,2026-07-24T15:59:03.000Z,23,11
HCP0826,49,29,14,5,0.3571,1,0,0.0000,29,167.55,2026-08-13T10:17:01.000Z,2026-08-13T10:17:01.000Z,3,3
HCP0872,47,21,14,9,0.6429,2,1,0.5000,21,214.98,2026-08-06T12:09:55.000Z,2026-08-06T12:09:55.000Z,10,10
HCP0890,63,30,19,12,0.6316,1,1,1.0000,30,234.21,2026-08-11T05:02:22.000Z,2026-08-11T05:02:22.000Z,5,5
HCP0957,60,35,15,7,0.4667,2,1,0.5000,35,192.88,2026-08-13T10:50:44.000Z,2026-08-13T10:50:44.000Z,3,3
HCP0960,46,23,13,10,0.7692,0,0,0.0000,23,265.78,2026-08-07T07:34:01.000Z,2026-08-07T07:34:01.000Z,9,9
HCP0984,62,34,16,11,0.6875,1,0,0.0000,34,193.65,2026-08-10T09:31:24.000Z,2026-08-10T09:31:24.000Z,6,6
HCP1019,61,26,17,13,0.7647,4,1,0.2500,26,264.57,2026-08-13T22:38:34.000Z,2026-08-13T22:38:34.000Z,3,3
HCP1021,102,48,31,17,0.5484,4,2,0.5000,48,242.2,2026-08-05T21:06:24.000Z,2026-08-05T21:06:24.000Z,11,11
HCP1041,62,28,16,10,0.6250,5,3,0.6000,28,222.45,2026-07-29T06:48:32.000Z,2026-07-29T06:48:32.000Z,18,18
HCP1051,39,18,12,6,0.5000,2,1,0.5000,18,261.0,2026-07-26T05:46:33.000Z,2026-07-26T05:46:33.000Z,21,21
HCP1066,25,14,7,4,0.5714,0,0,0.0000,14,202.2,2026-07-17T21:21:52.000Z,2026-07-17T21:21:52.000Z,30,30
HCP1071,59,31,19,9,0.4737,0,0,0.0000,31,172.98,2026-08-13T21:44:51.000Z,2026-08-13T21:44:51.000Z,3,3
HCP1093,30,18,5,6,1.2000,1,0,0.0000,18,221.03,2026-07-13T04:31:20.000Z,2026-07-13T04:31:20.000Z,34,34
HCP1098,91,44,27,11,0.4074,5,4,0.8000,44,267.43,2026-08-05T19:20:15.000Z,2026-08-05T19:20:15.000Z,11,11
HCP1107,49,30,13,2,0.1538,3,1,0.3333,30,219.29,2026-08-06T20:43:57.000Z,2026-07-18T05:25:45.000Z,29,10
HCP1119,65,31,16,10,0.6250,5,3,0.6000,31,190.11,2026-08-08T21:42:27.000Z,2026-08-08T21:42:27.000Z,8,8
HCP1126,36,17,9,5,0.5556,3,2,0.6667,17,227.78,2026-07-31T11:40:22.000Z,2026-07-31T11:40:22.000Z,16,16
HCP1127,67,33,21,5,0.2381,6,2,0.3333,33,235.22,2026-08-14T15:52:39.000Z,2026-08-14T15:52:39.000Z,2,2
HCP1131,95,45,29,17,0.5862,2,2,1.0000,45,268.79,2026-08-11T12:30:15.000Z,2026-08-11T12:30:15.000Z,5,5
HCP1140,41,19,12,8,0.6667,1,1,1.0000,19,254.85,2026-08-04T22:03:21.000Z,2026-08-04T22:03:21.000Z,12,12
HCP1148,28,13,6,4,0.6667,3,2,0.6667,13,216.68,2026-07-30T10:07:02.000Z,2026-07-30T10:07:02.000Z,17,17
HCP1156,43,23,10,10,1.0000,0,0,0.0000,23,188.14,2026-08-07T23:40:30.000Z,2026-08-07T23:40:30.000Z,9,9
HCP1171,34,18,6,6,1.0000,2,2,1.0000,18,198.38,2026-08-14T07:55:33.000Z,2026-08-14T07:55:33.000Z,2,2
HCP1183,53,29,13,9,0.6923,1,1,1.0000,29,200.79,2026-08-14T21:55:35.000Z,2026-08-14T21:55:35.000Z,2,2
HCP1189,68,30,20,10,0.5000,4,4,1.0000,30,243.01,2026-08-08T04:18:54.000Z,2026-08-08T04:18:54.000Z,8,8
HCP1229,33,21,8,3,0.3750,1,0,0.0000,21,167.33,2026-08-08T03:07:56.000Z,2026-08-04T13:27:14.000Z,12,8
HCP1258,82,39,21,14,0.6667,6,2,0.3333,39,199.73,2026-08-14T00:32:16.000Z,2026-08-10T23:56:44.000Z,6,2
HCP1264,50,25,16,7,0.4375,1,1,1.0000,25,259.04,2026-08-14T03:52:16.000Z,2026-08-14T03:52:16.000Z,2,2
HCP1299,62,33,12,9,0.7500,5,3,0.6000,33,187.05,2026-08-12T19:24:57.000Z,2026-07-28T16:00:00.000Z,19,4
HCP1321,84,41,23,13,0.5652,4,3,0.7500,41,249.39,2026-08-06T12:25:42.000Z,2026-08-06T12:25:42.000Z,10,10
HCP1344,51,25,12,8,0.6667,4,2,0.5000,25,243.78,2026-08-09T11:45:00.000Z,2026-08-09T11:45:00.000Z,7,7
HCP1362,31,14,11,6,0.5455,0,0,0.0000,14,205.71,2026-07-26T06:49:51.000Z,2026-07-26T06:49:51.000Z,21,21
HCP1371,42,24,9,7,0.7778,2,0,0.0000,24,204.69,2026-08-13T00:12:44.000Z,2026-08-13T00:12:44.000Z,3,3
HCP1375,21,12,5,4,0.8000,0,0,0.0000,12,147.14,2026-07-07T09:27:39.000Z,2026-07-07T09:27:39.000Z,40,40
HCP1378,44,26,12,4,0.3333,1,1,1.0000,26,260.52,2026-08-07T01:37:39.000Z,2026-08-05T18:42:00.000Z,11,9
HCP1384,106,49,33,21,0.6364,2,1,0.5000,49,224.62,2026-08-14T09:07:43.000Z,2026-08-14T09:07:43.000Z,2,2
HCP1481,57,30,16,9,0.5625,1,1,1.0000,30,210.98,2026-07-25T07:04:55.000Z,2026-07-25T07:04:55.000Z,22,22
HCP1522,53,28,16,9,0.5625,0,0,0.0000,28,227.38,2026-08-01T08:33:37.000Z,2026-08-01T08:33:37.000Z,15,15
HCP1527,75,38,20,9,0.4500,6,2,0.3333,38,243.53,2026-08-14T05:36:01.000Z,2026-08-14T05:36:01.000Z,2,2
HCP1541,70,39,18,10,0.5556,2,1,0.5000,39,212.11,2026-08-09T23:05:55.000Z,2026-08-07T05:07:35.000Z,9,7
HCP1564,94,39,28,19,0.6786,5,3,0.6000,39,298.78,2026-08-14T04:51:17.000Z,2026-08-14T04:51:17.000Z,2,2
HCP1633,74,35,17,14,0.8235,5,3,0.6000,35,284.16,2026-07-22T07:32:37.000Z,2026-07-22T07:32:37.000Z,25,25
HCP1655,76,36,24,12,0.5000,2,2,1.0000,36,244.92,2026-08-13T11:03:59.000Z,2026-08-13T11:03:59.000Z,3,3
HCP1657,70,37,18,10,0.5556,3,2,0.6667,37,233.73,2026-08-12T18:38:31.000Z,2026-08-12T18:38:31.000Z,4,4
HCP1663,97,39,30,16,0.5333,7,5,0.7143,39,237.97,2026-08-09T16:10:37.000Z,2026-08-09T16:10:37.000Z,7,7
HCP1665,51,24,15,6,0.4000,3,3,1.0000,24,280.76,2026-07-26T22:51:22.000Z,2026-07-23T18:30:46.000Z,24,21
HCP1671,38,25,10,2,0.2000,1,0,0.0000,25,152.92,2026-08-14T05:16:11.000Z,2026-08-14T05:16:11.000Z,2,2
HCP1677,41,25,10,2,0.2000,3,1,0.3333,25,196.37,2026-08-12T02:14:21.000Z,2026-07-08T02:12:05.000Z,39,4
HCP1681,89,42,28,11,0.3929,4,4,1.0000,42,196.71,2026-08-07T19:35:45.000Z,2026-08-07T19:35:45.000Z,9,9
HCP1688,45,25,13,3,0.2308,2,2,1.0000,25,167.76,2026-07-31T11:02:14.000Z,2026-07-31T11:02:14.000Z,16,16
HCP1702,62,30,15,12,0.8000,4,1,0.2500,30,246.87,2026-08-14T14:38:08.000Z,2026-08-12T10:32:26.000Z,4,2
HCP1733,59,24,18,10,0.5556,4,3,0.7500,24,214.69,2026-07-24T21:30:01.000Z,2026-07-17T00:56:26.000Z,30,23
HCP1761,97,43,31,15,0.4839,7,1,0.1429,43,249.51,2026-08-09T04:14:19.000Z,2026-08-09T04:14:19.000Z,7,7
HCP1767,70,31,19,12,0.6316,5,3,0.6000,31,209.11,2026-07-29T09:56:20.000Z,2026-07-29T09:56:20.000Z,18,18
HCP1779,73,38,20,10,0.5000,4,1,0.2500,38,202.77,2026-08-13T16:49:46.000Z,2026-08-13T16:49:46.000Z,3,3
HCP1782,49,23,14,7,0.5000,3,2,0.6667,23,265.08,2026-08-13T21:35:36.000Z,2026-07-30T23:17:08.000Z,17,3
HCP1785,33,15,10,8,0.8000,0,0,0.0000,15,281.33,2026-07-15T18:34:17.000Z,2026-07-14T09:32:48.000Z,33,32
HCP1807,40,26,9,5,0.5556,0,0,0.0000,26,182.35,2026-08-12T19:50:37.000Z,2026-08-12T19:50:37.000Z,4,4
HCP1808,47,25,14,5,0.3571,3,0,0.0000,25,209.89,2026-07-31T08:14:24.000Z,2026-07-19T06:26:14.000Z,28,16
HCP1810,48,25,13,8,0.6154,1,1,1.0000,25,163.63,2026-08-06T18:45:53.000Z,2026-08-06T18:45:53.000Z,10,10
HCP1826,87,44,26,10,0.3846,4,3,0.7500,44,244.79,2026-08-03T18:50:27.000Z,2026-08-01T07:30:11.000Z,15,13
HCP1841,67,35,16,9,0.5625,4,3,0.7500,35,177.85,2026-08-07T14:39:28.000Z,2026-07-26T12:44:12.000Z,21,9
HCP1845,24,13,6,3,0.5000,2,0,0.0000,13,194.96,2026-08-12T17:12:32.000Z,2026-07-26T04:03:18.000Z,21,4
HCP1868,54,28,14,11,0.7857,1,0,0.0000,28,178.15,2026-07-23T12:05:52.000Z,2026-06-25T17:11:00.000Z,52,24
HCP1873,61,26,17,14,0.8235,3,1,0.3333,26,292.52,2026-08-06T21:38:45.000Z,2026-08-06T21:38:45.000Z,10,10
HCP1899,87,41,24,13,0.5417,6,3,0.5000,41,270.68,2026-08-13T05:46:16.000Z,2026-08-13T05:46:16.000Z,3,3
HCP1912,44,25,14,4,0.2857,1,0,0.0000,25,266.86,2026-08-06T18:04:05.000Z,2026-08-06T18:04:05.000Z,10,10
HCP1921,33,14,9,5,0.5556,3,2,0.6667,14,279.36,2026-08-08T08:35:23.000Z,2026-07-23T08:58:22.000Z,24,8
HCP1930,26,17,7,2,0.2857,0,0,0.0000,17,160.19,2026-08-06T17:07:15.000Z,2026-08-03T10:09:52.000Z,13,10
HCP1962,23,15,5,2,0.4000,1,0,0.0000,15,196.3,2026-07-13T16:43:16.000Z,2026-07-13T16:43:16.000Z,34,34
HCP1966,66,35,17,12,0.7059,2,0,0.0000,35,206.41,2026-08-13T22:20:49.000Z,2026-08-13T22:20:49.000Z,3,3
HCP1972,54,24,16,6,0.3750,4,4,1.0000,24,183.61,2026-08-05T18:12:06.000Z,2026-08-05T18:12:06.000Z,11,11
HCP1973,93,47,25,14,0.5600,4,3,0.7500,47,289.85,2026-07-06T02:35:37.000Z,2026-06-20T05:31:15.000Z,57,41
HCP1992,36,21,10,3,0.3000,2,0,0.0000,21,170.03,2026-08-11T00:30:39.000Z,2026-08-11T00:30:39.000Z,5,5
HCP0026,62,36,13,8,0.6154,4,1,0.2500,36,199.89,2026-08-09T14:25:13.000Z,2026-08-03T01:58:28.000Z,13,7
HCP0042,74,33,21,11,0.5238,5,4,0.8000,33,216.99,2026-08-10T21:32:48.000Z,2026-08-10T21:32:48.000Z,6,6
HCP0046,74,36,17,16,0.9412,4,1,0.2500,36,188.05,2026-08-10T06:41:42.000Z,2026-08-10T06:41:42.000Z,6,6
HCP0051,44,23,10,8,0.8000,2,1,0.5000,23,188.68,2026-08-12T12:58:52.000Z,2026-08-12T12:58:52.000Z,4,4
HCP0052,25,15,4,6,1.5000,0,0,0.0000,15,198.88,2026-08-01T01:16:39.000Z,2026-08-01T01:16:39.000Z,15,15
HCP0065,15,10,4,1,0.2500,0,0,0.0000,10,173.07,2026-07-09T16:08:32.000Z,2026-07-03T17:37:25.000Z,44,38
HCP0070,19,11,4,1,0.2500,2,1,0.5000,11,218.05,2026-07-29T18:50:25.000Z,2026-07-29T18:50:25.000Z,18,18
HCP0072,28,14,9,5,0.5556,0,0,0.0000,14,291.25,2026-07-20T08:02:11.000Z,2026-07-20T08:02:11.000Z,27,27
HCP0079,69,29,21,14,0.6667,5,0,0.0000,29,296.2,2026-08-05T20:28:35.000Z,2026-08-01T02:24:31.000Z,15,11
HCP0086,47,28,10,8,0.8000,1,0,0.0000,28,218.7,2026-08-09T23:26:16.000Z,2026-08-09T23:26:16.000Z,7,7
HCP0093,67,28,21,11,0.5238,4,3,0.7500,28,281.33,2026-07-22T18:24:08.000Z,2026-07-22T18:24:08.000Z,25,25
HCP0095,52,23,14,9,0.6429,3,3,1.0000,23,236.77,2026-08-10T14:30:04.000Z,2026-08-10T14:30:04.000Z,6,6
HCP0096,110,44,33,24,0.7273,5,4,0.8000,44,294.55,2026-08-13T03:11:09.000Z,2026-08-09T22:25:11.000Z,7,3
HCP0100,42,22,12,8,0.6667,0,0,0.0000,22,203.6,2026-08-06T22:20:19.000Z,2026-08-06T22:20:19.000Z,10,10
HCP0107,86,38,26,12,0.4615,6,4,0.6667,38,207.72,2026-08-10T19:17:26.000Z,2026-08-10T19:17:26.000Z,6,6
HCP0127,37,21,7,6,0.8571,2,1,0.5000,21,219.05,2026-08-08T11:16:40.000Z,2026-08-08T11:16:40.000Z,8,8
HCP0161,38,23,9,3,0.3333,2,1,0.5000,23,159.82,2026-08-13T13:36:04.000Z,2026-07-26T18:30:56.000Z,21,3
HCP0165,100,45,30,18,0.6000,4,3,0.7500,45,238.88,2026-08-10T09:26:18.000Z,2026-08-10T09:26:18.000Z,6,6
HCP0174,60,28,13,13,1.0000,4,2,0.5000,28,253.25,2026-08-09T17:42:08.000Z,2026-08-09T17:42:08.000Z,7,7
HCP0198,81,40,20,19,0.9500,2,0,0.0000,40,220.91,2026-08-14T07:07:28.000Z,2026-08-14T07:07:28.000Z,2,2
HCP0212,68,34,15,11,0.7333,5,3,0.6000,34,223.38,2026-08-09T23:37:05.000Z,2026-08-09T23:37:05.000Z,7,7
HCP0213,48,25,13,7,0.5385,2,1,0.5000,25,260.1,2026-08-11T02:15:31.000Z,2026-08-11T02:15:31.000Z,5,5
HCP0221,78,39,23,12,0.5217,3,1,0.3333,39,283.67,2026-08-10T04:54:16.000Z,2026-08-10T04:54:16.000Z,6,6
HCP0225,65,31,19,11,0.5789,4,0,0.0000,31,260.55,2026-08-14T05:38:55.000Z,2026-08-14T05:38:55.000Z,2,2
HCP0232,61,35,15,5,0.3333,4,2,0.5000,35,226.36,2026-08-11T08:11:36.000Z,2026-08-11T08:11:36.000Z,5,5
HCP0235,64,36,14,8,0.5714,5,1,0.2000,36,170.36,2026-08-04T04:45:41.000Z,2026-08-04T04:45:41.000Z,12,12
HCP0250,61,34,15,9,0.6000,2,1,0.5000,34,176.85,2026-08-05T12:15:39.000Z,2026-08-05T12:15:39.000Z,11,11
HCP0252,116,47,32,26,0.8125,6,5,0.8333,47,211.59,2026-08-12T00:08:42.000Z,2026-08-12T00:08:42.000Z,4,4
HCP0262,32,16,9,6,0.6667,1,0,0.0000,16,221.16,2026-07-28T17:24:42.000Z,2026-07-28T17:24:42.000Z,19,19
HCP0291,56,25,18,8,0.4444,3,2,0.6667,25,225.71,2026-08-12T00:38:59.000Z,2026-08-12T00:38:59.000Z,4,4
HCP0307,48,24,14,8,0.5714,1,1,1.0000,24,217.1,2026-08-03T02:25:16.000Z,2026-07-19T13:21:18.000Z,28,13
HCP0317,30,14,10,4,0.4000,1,1,1.0000,14,210.67,2026-08-11T02:17:31.000Z,2026-08-11T02:17:31.000Z,5,5
HCP0329,74,30,26,16,0.6154,2,0,0.0000,30,278.49,2026-08-06T17:00:35.000Z,2026-08-06T17:00:35.000Z,10,10
HCP0335,57,35,16,4,0.2500,2,0,0.0000,35,190.75,2026-08-10T05:11:14.000Z,2026-08-10T05:11:14.000Z,6,6
HCP0357,22,11,8,3,0.3750,0,0,0.0000,11,189.68,2026-07-29T19:59:18.000Z,2026-07-29T19:59:18.000Z,18,18
HCP0366,44,21,13,6,0.4615,3,1,0.3333,21,299.45,2026-08-08T11:47:10.000Z,2026-08-07T05:02:08.000Z,9,8
HCP0378,24,15,7,1,0.1429,1,0,0.0000,15,132.88,2026-08-01T10:41:24.000Z,2026-08-01T10:41:24.000Z,15,15
HCP0395,54,29,15,7,0.4667,2,1,0.5000,29,153.28,2026-08-03T22:03:32.000Z,2026-08-01T02:58:52.000Z,15,13
HCP0414,62,28,18,10,0.5556,4,2,0.5000,28,257.81,2026-08-06T00:56:01.000Z,2026-07-28T14:06:29.000Z,19,10
HCP0428,24,12,9,3,0.3333,0,0,0.0000,12,190.75,2026-08-12T05:41:15.000Z,2026-08-12T05:41:15.000Z,4,4
HCP0439,67,38,21,7,0.3333,1,0,0.0000,38,227.16,2026-08-13T00:05:12.000Z,2026-08-10T11:07:49.000Z,6,3
HCP0454,71,38,20,10,0.5000,2,1,0.5000,38,248.14,2026-08-13T07:28:02.000Z,2026-07-04T08:53:20.000Z,43,3
HCP0458,27,17,7,2,0.2857,1,0,0.0000,17,181.81,2026-08-07T07:17:54.000Z,2026-08-05T12:44:18.000Z,11,9
HCP0476,40,24,7,4,0.5714,3,2,0.6667,24,211.1,2026-08-07T22:36:27.000Z,2026-08-05T01:50:14.000Z,11,9
HCP0502,69,33,15,15,1.0000,5,1,0.2000,33,271.55,2026-08-11T08:55:50.000Z,2026-08-11T08:55:50.000Z,5,5
HCP0523,36,18,11,7,0.6364,0,0,0.0000,18,266.11,2026-08-13T04:13:25.000Z,2026-08-13T04:13:25.000Z,3,3
HCP0541,57,24,17,11,0.6471,3,2,0.6667,24,193.19,2026-07-22T19:03:19.000Z,2026-07-10T08:39:11.000Z,37,25
HCP0576,41,18,13,7,0.5385,2,1,0.5000,18,289.66,2026-08-11T20:56:38.000Z,2026-08-11T20:56:38.000Z,5,5
HCP0577,35,17,8,9,1.1250,1,0,0.0000,17,221.49,2026-08-06T17:37:45.000Z,2026-08-06T17:37:45.000Z,10,10
HCP0579,25,11,9,4,0.4444,1,0,0.0000,11,192.08,2026-08-14T17:13:19.000Z,2026-08-14T17:13:19.000Z,2,2
HCP0584,33,17,11,4,0.3636,1,0,0.0000,17,213.21,2026-08-13T10:12:25.000Z,2026-07-14T08:40:28.000Z,33,3
HCP0610,72,35,20,13,0.6500,4,0,0.0000,35,193.42,2026-08-13T02:34:03.000Z,2026-08-13T02:34:03.000Z,3,3
HCP0617,77,33,18,17,0.9444,5,4,0.8000,33,252.87,2026-07-30T00:56:45.000Z,2026-07-30T00:56:45.000Z,17,17
HCP0679,73,32,20,14,0.7000,4,3,0.7500,32,268.05,2026-08-06T07:40:54.000Z,2026-08-06T07:40:54.000Z,10,10
HCP0691,24,14,8,2,0.2500,0,0,0.0000,14,325.33,2026-07-17T20:27:27.000Z,2026-07-17T20:27:27.000Z,30,30
HCP0702,92,42,24,16,0.6667,5,5,1.0000,42,250.18,2026-07-30T09:55:40.000Z,2026-07-30T09:55:40.000Z,17,17
HCP0703,52,28,13,9,0.6923,1,1,1.0000,28,250.67,2026-08-08T10:15:08.000Z,2026-08-08T10:15:08.000Z,8,8
HCP0723,39,19,10,7,0.7000,2,1,0.5000,19,258.92,2026-08-11T23:16:35.000Z,2026-08-11T23:16:35.000Z,5,5
HCP0754,59,31,17,8,0.4706,2,1,0.5000,31,269.61,2026-08-01T05:27:43.000Z,2026-07-31T23:11:24.000Z,16,15
HCP0793,34,16,11,4,0.3636,2,1,0.5000,16,331.06,2026-08-07T04:47:34.000Z,2026-08-07T04:47:34.000Z,9,9
HCP0812,41,24,11,4,0.3636,1,1,1.0000,24,182.44,2026-08-12T06:09:54.000Z,2026-07-27T08:31:35.000Z,20,4
HCP0823,48,27,12,8,0.6667,1,0,0.0000,27,217.54,2026-08-11T16:37:37.000Z,2026-08-11T16:37:37.000Z,5,5
HCP0858,68,32,23,10,0.4348,2,1,0.5000,32,197.12,2026-08-09T20:33:39.000Z,2026-08-09T20:33:39.000Z,7,7
HCP0862,58,25,17,10,0.5882,4,2,0.5000,25,234.0,2026-08-14T02:14:10.000Z,2026-08-14T02:14:10.000Z,2,2
HCP0894,21,14,6,1,0.1667,0,0,0.0000,14,212.95,2026-08-09T16:07:54.000Z,2026-08-09T16:07:54.000Z,7,7
HCP0896,53,28,17,8,0.4706,0,0,0.0000,28,164.64,2026-08-03T05:47:51.000Z,2026-07-29T22:20:38.000Z,18,13
HCP0899,32,14,12,6,0.5000,0,0,0.0000,14,278.78,2026-08-01T05:25:13.000Z,2026-08-01T05:25:13.000Z,15,15
HCP0946,79,39,24,14,0.5833,1,1,1.0000,39,216.04,2026-08-14T23:10:15.000Z,2026-08-14T23:10:15.000Z,2,2
HCP0973,104,46,34,15,0.4412,5,4,0.8000,46,280.18,2026-08-14T00:45:04.000Z,2026-08-14T00:45:04.000Z,2,2
HCP0981,34,21,10,3,0.3000,0,0,0.0000,21,148.12,2026-08-11T00:56:52.000Z,2026-08-11T00:56:52.000Z,5,5
HCP0998,71,38,19,8,0.4211,5,1,0.2000,38,199.39,2026-08-10T12:02:19.000Z,2026-08-10T12:02:19.000Z,6,6
HCP1028,42,19,14,7,0.5000,1,1,1.0000,19,341.17,2026-08-13T17:40:51.000Z,2026-08-13T17:40:51.000Z,3,3
HCP1045,95,47,29,18,0.6207,1,0,0.0000,47,228.95,2026-08-05T15:19:01.000Z,2026-08-05T15:19:01.000Z,11,11
HCP1062,43,22,14,6,0.4286,1,0,0.0000,22,245.19,2026-08-06T23:54:56.000Z,2026-08-06T23:54:56.000Z,10,10
HCP1069,32,13,9,8,0.8889,1,1,1.0000,13,228.84,2026-07-07T19:52:35.000Z,2026-07-07T19:52:35.000Z,40,40
HCP1073,57,33,14,7,0.5000,2,1,0.5000,33,221.89,2026-08-08T21:22:04.000Z,2026-08-08T21:22:04.000Z,8,8
HCP1091,51,24,13,9,0.6923,3,2,0.6667,24,237.41,2026-08-13T08:30:44.000Z,2026-08-13T08:30:44.000Z,3,3
HCP1097,54,31,16,7,0.4375,0,0,0.0000,31,151.83,2026-08-13T16:50:25.000Z,2026-08-13T16:50:25.000Z,3,3
HCP1130,68,39,14,9,0.6429,3,3,1.0000,39,235.79,2026-08-10T15:51:09.000Z,2026-08-10T15:51:09.000Z,6,6
HCP1151,33,19,8,6,0.7500,0,0,0.0000,19,213.88,2026-08-08T00:28:06.000Z,2026-08-05T19:11:08.000Z,11,8
HCP1185,28,12,7,5,0.7143,3,1,0.3333,12,179.82,2026-08-11T08:11:24.000Z,2026-08-11T08:11:24.000Z,5,5
HCP1211,55,27,19,7,0.3684,1,1,1.0000,27,208.78,2026-07-27T12:17:34.000Z,2026-07-27T12:17:34.000Z,20,20
HCP1271,58,28,19,7,0.3684,3,1,0.3333,28,217.59,2026-08-13T01:23:12.000Z,2026-08-08T20:44:47.000Z,8,3
HCP1276,36,16,11,5,0.4545,2,2,1.0000,16,227.67,2026-08-07T12:17:23.000Z,2026-08-07T12:17:23.000Z,9,9
HCP1314,65,35,20,6,0.3000,3,1,0.3333,35,251.75,2026-08-07T22:45:48.000Z,2026-07-23T20:39:38.000Z,24,9
HCP1326,20,11,7,1,0.1429,1,0,0.0000,11,149.65,2026-08-04T16:48:21.000Z,2026-08-04T16:48:21.000Z,12,12
HCP1348,30,16,9,3,0.3333,1,1,1.0000,16,247.63,2026-07-26T11:59:05.000Z,2026-07-17T05:19:08.000Z,30,21
HCP1356,28,14,7,5,0.7143,2,0,0.0000,14,287.68,2026-08-13T04:28:51.000Z,2026-08-13T04:28:51.000Z,3,3
HCP1410,102,46,33,15,0.4545,6,2,0.3333,46,250.56,2026-08-12T21:53:06.000Z,2026-08-12T21:53:06.000Z,4,4
HCP1417,52,29,12,9,0.7500,2,0,0.0000,29,185.02,2026-08-13T22:33:49.000Z,2026-08-13T22:33:49.000Z,3,3
HCP1426,25,11,8,4,0.5000,1,1,1.0000,11,235.04,2026-07-22T07:13:03.000Z,2026-07-22T07:13:03.000Z,25,25
HCP1437,53,21,13,15,1.1538,2,2,1.0000,21,234.09,2026-08-08T08:46:24.000Z,2026-08-08T08:46:24.000Z,8,8
HCP1458,41,23,14,4,0.2857,0,0,0.0000,23,160.37,2026-08-11T12:59:56.000Z,2026-07-30T04:34:42.000Z,17,5
HCP1464,80,40,25,10,0.4000,4,1,0.2500,40,198.44,2026-08-09T11:55:44.000Z,2026-08-09T11:55:44.000Z,7,7
HCP1493,49,26,13,5,0.3846,3,2,0.6667,26,254.33,2026-08-08T09:58:04.000Z,2026-08-05T08:59:50.000Z,11,8
HCP1502,40,18,10,10,1.0000,1,1,1.0000,18,236.45,2026-08-13T17:06:30.000Z,2026-08-09T13:48:17.000Z,7,3
HCP1537,59,31,15,11,0.7333,1,1,1.0000,31,255.22,2026-08-03T13:59:17.000Z,2026-08-03T13:59:17.000Z,13,13
HCP1614,29,13,8,5,0.6250,2,1,0.5000,13,252.34,2026-06-22T18:24:56.000Z,2026-06-22T18:24:56.000Z,55,55
HCP1618,96,47,33,14,0.4242,1,1,1.0000,47,230.6,2026-08-10T12:18:02.000Z,2026-08-10T12:18:02.000Z,6,6
HCP1629,49,23,12,12,1.0000,2,0,0.0000,23,277.16,2026-08-06T06:56:09.000Z,2026-08-06T06:56:09.000Z,10,10
HCP1651,54,24,18,7,0.3889,4,1,0.2500,24,295.57,2026-08-14T05:48:01.000Z,2026-08-14T05:48:01.000Z,2,2
HCP1652,64,33,18,8,0.4444,4,1,0.2500,33,183.89,2026-08-07T14:14:41.000Z,2026-08-06T15:49:11.000Z,10,9
HCP1678,35,15,12,6,0.5000,1,1,1.0000,15,277.06,2026-07-23T10:37:29.000Z,2026-07-08T02:01:28.000Z,39,24
HCP1689,103,45,29,22,0.7586,5,2,0.4000,45,265.62,2026-08-14T12:31:30.000Z,2026-08-14T12:31:30.000Z,2,2
HCP1697,76,38,21,8,0.3810,5,4,0.8000,38,227.82,2026-08-14T10:14:34.000Z,2026-08-14T10:14:34.000Z,2,2
HCP1700,58,35,14,6,0.4286,2,1,0.5000,35,191.9,2026-08-04T22:50:26.000Z,2026-07-31T10:11:46.000Z,16,12
HCP1714,42,24,11,5,0.4545,2,0,0.0000,24,164.4,2026-08-10T09:54:28.000Z,2026-07-13T22:10:59.000Z,34,6
HCP1722,36,16,9,4,0.4444,4,3,0.7500,16,242.14,2026-08-10T07:11:40.000Z,2026-08-10T07:11:40.000Z,6,6
HCP1792,19,11,6,1,0.1667,1,0,0.0000,11,289.0,2026-07-15T20:15:31.000Z,2026-06-08T09:53:04.000Z,69,32
HCP1846,57,26,18,10,0.5556,3,0,0.0000,26,247.23,2026-08-09T05:44:49.000Z,2026-08-09T05:44:49.000Z,7,7
HCP1863,20,12,4,1,0.2500,2,1,0.5000,12,156.4,2026-08-14T23:46:12.000Z,2026-07-18T09:23:23.000Z,29,2
HCP1874,64,31,18,11,0.6111,2,2,1.0000,31,230.41,2026-08-14T03:30:03.000Z,2026-08-09T10:47:54.000Z,7,2
HCP1884,109,44,36,22,0.6111,5,2,0.4000,44,283.16,2026-08-02T11:49:23.000Z,2026-08-02T11:49:23.000Z,14,14
HCP1890,70,33,20,15,0.7500,2,0,0.0000,33,226.06,2026-08-09T03:09:00.000Z,2026-08-09T03:09:00.000Z,7,7
HCP1907,42,19,14,6,0.4286,2,1,0.5000,19,186.36,2026-07-27T13:00:16.000Z,2026-07-27T13:00:16.000Z,20,20
HCP1927,74,37,24,11,0.4583,1,1,1.0000,37,266.81,2026-08-01T02:08:20.000Z,2026-08-01T02:08:20.000Z,15,15
HCP1929,64,33,16,10,0.6250,3,2,0.6667,33,258.38,2026-08-14T02:41:06.000Z,2026-08-14T02:41:06.000Z,2,2
HCP1941,56,25,19,8,0.4211,3,1,0.3333,25,294.3,2026-08-11T06:43:58.000Z,2026-08-11T06:43:58.000Z,5,5
HCP1954,31,17,6,8,1.3333,0,0,0.0000,17,160.06,2026-07-15T01:49:00.000Z,2026-07-15T01:49:00.000Z,32,32
HCP1955,52,25,12,12,1.0000,2,1,0.5000,25,212.13,2026-08-14T14:39:47.000Z,2026-08-14T14:39:47.000Z,2,2
HCP1974,107,48,33,19,0.5758,4,3,0.7500,48,287.67,2026-08-14T05:36:52.000Z,2026-08-14T05:36:52.000Z,2,2
HCP1990,39,23,10,6,0.6000,0,0,0.0000,23,256.05,2026-07-30T06:38:29.000Z,2026-07-30T06:38:29.000Z,17,17
HCP0002,33,19,7,5,0.7143,1,1,1.0000,19,247.36,2026-07-25T03:43:45.000Z,2026-07-25T03:43:45.000Z,22,22
HCP0057,37,17,10,9,0.9000,1,0,0.0000,17,207.7,2026-08-11T11:21:28.000Z,2026-08-11T11:21:28.000Z,5,5
HCP0066,45,30,12,2,0.1667,1,0,0.0000,30,175.69,2026-07-30T09:38:58.000Z,2026-06-05T23:18:58.000Z,72,17
HCP0068,48,21,13,9,0.6923,3,2,0.6667,21,291.81,2026-08-10T17:38:47.000Z,2026-08-10T17:38:47.000Z,6,6
HCP0073,50,27,13,6,0.4615,3,1,0.3333,27,292.64,2026-08-10T20:00:53.000Z,2026-08-10T20:00:53.000Z,6,6
HCP0077,26,12,7,5,0.7143,1,1,1.0000,12,211.77,2026-07-28T12:43:11.000Z,2026-07-28T12:43:11.000Z,19,19
HCP0102,30,14,9,5,0.5556,1,1,1.0000,14,247.97,2026-08-09T18:43:47.000Z,2026-08-09T18:43:47.000Z,7,7
HCP0124,43,20,12,7,0.5833,2,2,1.0000,20,167.7,2026-08-10T02:52:13.000Z,2026-08-10T02:52:13.000Z,6,6
HCP0126,37,14,11,7,0.6364,3,2,0.6667,14,238.57,2026-08-06T00:26:14.000Z,2026-08-06T00:26:14.000Z,10,10
HCP0130,87,38,29,16,0.5517,2,2,1.0000,38,221.4,2026-08-13T02:14:34.000Z,2026-08-06T10:57:57.000Z,10,3
HCP0132,46,26,10,7,0.7000,2,1,0.5000,26,162.46,2026-08-08T22:27:14.000Z,2026-07-30T01:43:37.000Z,17,8
HCP0140,48,30,7,5,0.7143,3,3,1.0000,30,161.6,2026-08-13T03:16:14.000Z,2026-08-12T23:29:24.000Z,4,3
HCP0147,36,22,12,2,0.1667,0,0,0.0000,22,178.56,2026-08-13T20:54:41.000Z,2026-07-05T01:44:53.000Z,42,3
HCP0169,75,36,23,8,0.3478,5,3,0.6000,36,228.11,2026-08-12T05:34:35.000Z,2026-08-12T05:34:35.000Z,4,4
HCP0175,71,32,18,15,0.8333,4,2,0.5000,32,237.99,2026-08-10T11:37:12.000Z,2026-08-10T11:37:12.000Z,6,6
HCP0178,64,30,20,12,0.6000,1,1,1.0000,30,315.63,2026-08-08T03:47:49.000Z,2026-08-08T03:47:49.000Z,8,8
HCP0182,34,18,11,3,0.2727,1,1,1.0000,18,234.68,2026-08-10T07:57:08.000Z,2026-08-10T07:57:08.000Z,6,6
HCP0231,66,37,16,10,0.6250,2,1,0.5000,37,207.09,2026-08-03T12:00:35.000Z,2026-07-29T16:55:18.000Z,18,13
HCP0266,34,21,10,3,0.3000,0,0,0.0000,21,270.41,2026-08-12T11:03:22.000Z,2026-08-12T11:03:22.000Z,4,4
HCP0282,70,37,20,10,0.5000,2,1,0.5000,37,235.04,2026-08-07T11:42:45.000Z,2026-08-07T11:42:45.000Z,9,9
HCP0286,71,33,12,18,1.5000,6,2,0.3333,33,246.79,2026-08-13T11:46:57.000Z,2026-08-13T11:46:57.000Z,3,3
HCP0290,81,37,22,12,0.5455,6,4,0.6667,37,216.78,2026-08-12T03:08:56.000Z,2026-08-12T03:08:56.000Z,4,4
HCP0302,67,36,16,12,0.7500,2,1,0.5000,36,260.7,2026-08-14T07:16:42.000Z,2026-08-14T07:16:42.000Z,2,2
HCP0303,56,33,16,6,0.3750,1,0,0.0000,33,181.98,2026-08-12T03:50:51.000Z,2026-07-28T10:24:21.000Z,19,4
HCP0304,86,38,22,20,0.9091,3,3,1.0000,38,235.43,2026-08-13T15:29:05.000Z,2026-08-13T15:29:05.000Z,3,3
HCP0313,50,28,19,3,0.1579,0,0,0.0000,28,258.18,2026-08-14T05:34:34.000Z,2026-08-08T04:50:39.000Z,8,2
HCP0316,28,17,7,3,0.4286,1,0,0.0000,17,207.64,2026-07-30T14:53:25.000Z,2026-07-30T14:53:25.000Z,17,17
HCP0331,91,43,22,19,0.8636,4,3,0.7500,43,250.27,2026-08-11T16:50:16.000Z,2026-08-11T16:50:16.000Z,5,5
HCP0339,96,38,33,20,0.6061,4,1,0.2500,38,254.64,2026-08-09T21:00:54.000Z,2026-08-09T21:00:54.000Z,7,7
HCP0368,93,41,27,14,0.5185,7,4,0.5714,41,267.46,2026-08-12T15:00:45.000Z,2026-08-12T15:00:45.000Z,4,4
HCP0371,32,16,8,7,0.8750,1,0,0.0000,16,171.19,2026-08-03T15:37:08.000Z,2026-08-03T15:37:08.000Z,13,13
HCP0410,36,21,8,3,0.3750,2,2,1.0000,21,223.69,2026-08-01T06:40:38.000Z,2026-06-13T13:40:42.000Z,64,15
HCP0430,82,37,22,13,0.5909,6,4,0.6667,37,244.59,2026-08-09T07:25:53.000Z,2026-08-09T07:25:53.000Z,7,7
HCP0436,47,27,11,6,0.5455,2,1,0.5000,27,243.0,2026-08-03T18:31:35.000Z,2026-08-02T15:06:28.000Z,14,13
HCP0447,112,50,36,15,0.4167,7,4,0.5714,50,316.99,2026-08-14T08:47:03.000Z,2026-08-14T08:47:03.000Z,2,2
HCP0462,85,39,26,9,0.3462,7,4,0.5714,39,266.87,2026-08-14T23:52:19.000Z,2026-08-14T23:52:19.000Z,2,2
HCP0467,75,39,22,11,0.5000,2,1,0.5000,39,268.03,2026-07-10T04:27:24.000Z,2026-07-10T04:27:24.000Z,37,37
HCP0482,30,15,9,4,0.4444,1,1,1.0000,15,238.63,2026-07-26T15:29:11.000Z,2026-07-17T18:05:55.000Z,30,21
HCP0491,71,37,23,9,0.3913,1,1,1.0000,37,257.01,2026-08-09T07:39:21.000Z,2026-08-09T07:39:21.000Z,7,7
HCP0525,97,44,28,21,0.7500,3,1,0.3333,44,283.0,2026-08-14T14:14:36.000Z,2026-08-14T14:14:36.000Z,2,2
HCP0529,50,27,13,6,0.4615,2,2,1.0000,27,272.44,2026-08-11T02:24:05.000Z,2026-08-11T02:24:05.000Z,5,5
HCP0530,51,26,14,10,0.7143,1,0,0.0000,26,244.18,2026-08-11T20:27:35.000Z,2026-08-01T18:43:14.000Z,15,5
HCP0555,34,14,9,9,1.0000,1,1,1.0000,14,260.32,2026-07-23T13:34:59.000Z,2026-07-23T13:34:59.000Z,24,24
HCP0567,28,13,10,5,0.5000,0,0,0.0000,13,245.61,2026-07-25T19:52:48.000Z,2026-07-25T19:52:48.000Z,22,22
HCP0598,54,27,18,8,0.4444,1,0,0.0000,27,247.52,2026-08-04T21:29:47.000Z,2026-08-04T21:29:47.000Z,12,12
HCP0605,40,19,11,8,0.7273,1,1,1.0000,19,204.63,2026-08-07T18:24:11.000Z,2026-08-07T18:24:11.000Z,9,9
HCP0606,66,32,20,11,0.5500,2,1,0.5000,32,232.06,2026-08-13T21:39:34.000Z,2026-08-13T21:39:34.000Z,3,3
HCP0628,62,35,18,5,0.2778,2,2,1.0000,35,219.63,2026-08-10T12:25:48.000Z,2026-08-10T12:25:48.000Z,6,6
HCP0657,35,16,7,8,1.1429,3,1,0.3333,16,216.26,2026-07-07T04:35:36.000Z,2026-07-07T04:35:36.000Z,40,40
HCP0661,38,18,12,5,0.4167,2,1,0.5000,18,202.42,2026-08-04T21:12:40.000Z,2026-08-04T21:12:40.000Z,12,12
HCP0663,60,25,14,14,1.0000,5,2,0.4000,25,210.22,2026-07-29T11:50:40.000Z,2026-07-29T11:50:40.000Z,18,18
HCP0680,61,30,19,9,0.4737,3,0,0.0000,30,219.08,2026-08-11T13:12:35.000Z,2026-08-05T07:37:48.000Z,11,5
HCP0689,79,40,24,10,0.4167,3,2,0.6667,40,214.84,2026-08-11T17:18:59.000Z,2026-08-11T17:18:59.000Z,5,5
HCP0693,40,22,10,5,0.5000,2,1,0.5000,22,186.45,2026-07-28T19:06:26.000Z,2026-07-28T19:06:26.000Z,19,19
HCP0697,25,14,8,1,0.1250,1,1,1.0000,14,180.08,2026-08-03T20:34:57.000Z,2026-08-03T20:34:57.000Z,13,13
HCP0708,36,21,7,6,0.8571,1,1,1.0000,21,246.03,2026-08-06T07:27:18.000Z,2026-08-06T07:27:18.000Z,10,10
HCP0709,44,27,12,3,0.2500,1,1,1.0000,27,173.39,2026-08-10T02:35:50.000Z,2026-07-15T02:12:24.000Z,32,6
HCP0711,31,15,9,3,0.3333,2,2,1.0000,15,191.35,2026-08-14T20:55:34.000Z,2026-07-07T18:25:51.000Z,40,2
HCP0725,85,40,28,12,0.4286,3,2,0.6667,40,239.09,2026-08-10T03:34:50.000Z,2026-08-10T03:34:50.000Z,6,6
HCP0728,54,24,17,9,0.5294,2,2,1.0000,24,289.33,2026-07-23T09:38:41.000Z,2026-07-23T09:38:41.000Z,24,24
HCP0733,84,36,27,17,0.6296,3,1,0.3333,36,253.14,2026-08-09T11:45:31.000Z,2026-08-09T11:45:31.000Z,7,7
HCP0746,99,46,31,17,0.5484,3,2,0.6667,46,221.93,2026-08-12T12:41:14.000Z,2026-08-08T11:20:18.000Z,8,4
HCP0750,56,25,21,8,0.3810,1,1,1.0000,25,278.54,2026-08-09T19:05:48.000Z,2026-08-09T19:05:48.000Z,7,7
HCP0760,56,25,18,9,0.5000,2,2,1.0000,25,185.5,2026-08-09T09:03:31.000Z,2026-08-09T09:03:31.000Z,7,7
HCP0776,56,26,20,6,0.3000,2,2,1.0000,26,216.96,2026-08-08T14:02:14.000Z,2026-08-08T14:02:14.000Z,8,8
HCP0803,86,42,26,13,0.5000,4,1,0.2500,42,274.53,2026-08-13T15:36:48.000Z,2026-08-13T15:36:48.000Z,3,3
HCP0828,23,14,7,1,0.1429,1,0,0.0000,14,197.09,2026-07-17T05:37:36.000Z,2026-07-01T00:46:12.000Z,46,30
HCP0841,35,23,8,2,0.2500,2,0,0.0000,23,167.71,2026-08-12T09:40:06.000Z,2026-08-12T09:40:06.000Z,4,4
HCP0844,76,30,20,12,0.6000,10,4,0.4000,30,250.79,2026-08-07T10:24:48.000Z,2026-08-07T10:24:48.000Z,9,9
HCP0904,59,32,18,8,0.4444,1,0,0.0000,32,199.22,2026-08-05T09:36:24.000Z,2026-08-05T09:36:24.000Z,11,11
HCP0915,117,51,37,21,0.5676,4,4,1.0000,51,262.31,2026-08-07T20:21:44.000Z,2026-08-07T20:21:44.000Z,9,9
HCP0935,29,16,8,4,0.5000,1,0,0.0000,16,207.21,2026-07-29T19:34:46.000Z,2026-07-29T19:34:46.000Z,18,18
HCP0952,80,35,25,14,0.5600,4,2,0.5000,35,226.65,2026-08-06T10:58:28.000Z,2026-08-06T10:58:28.000Z,10,10
HCP0964,28,13,9,4,0.4444,1,1,1.0000,13,233.25,2026-08-07T08:56:24.000Z,2026-08-07T08:56:24.000Z,9,9
HCP0966,108,48,25,21,0.8400,10,4,0.4000,48,268.25,2026-08-14T12:20:09.000Z,2026-08-14T12:20:09.000Z,2,2
HCP0988,69,38,20,7,0.3500,2,2,1.0000,38,200.48,2026-08-11T13:01:36.000Z,2026-08-11T01:29:36.000Z,5,5
HCP1007,55,33,15,5,0.3333,1,1,1.0000,33,224.91,2026-07-20T23:08:02.000Z,2026-07-07T02:47:56.000Z,40,27
HCP1010,28,13,9,6,0.6667,0,0,0.0000,13,168.21,2026-08-06T10:08:41.000Z,2026-08-06T10:08:41.000Z,10,10
HCP1015,78,38,21,10,0.4762,5,4,0.8000,38,215.95,2026-07-27T04:30:01.000Z,2026-07-24T05:37:32.000Z,23,20
HCP1016,24,13,6,3,0.5000,1,1,1.0000,13,185.33,2026-07-27T02:06:35.000Z,2026-07-16T15:47:16.000Z,31,20
HCP1024,44,20,10,8,0.8000,4,2,0.5000,20,221.36,2026-08-09T18:35:43.000Z,2026-08-09T18:35:43.000Z,7,7
HCP1030,20,11,6,3,0.5000,0,0,0.0000,11,218.9,2026-07-25T16:00:48.000Z,2026-07-25T16:00:48.000Z,22,22
HCP1056,31,15,9,6,0.6667,1,0,0.0000,15,237.16,2026-08-13T23:25:06.000Z,2026-08-13T23:25:06.000Z,3,3
HCP1067,36,14,10,8,0.8000,2,2,1.0000,14,305.69,2026-08-10T16:48:34.000Z,2026-08-10T16:48:34.000Z,6,6
HCP1089,104,45,33,19,0.5758,4,3,0.7500,45,231.66,2026-08-11T05:18:38.000Z,2026-08-11T05:18:38.000Z,5,5
HCP1096,23,12,6,2,0.3333,3,0,0.0000,12,208.91,2026-08-07T10:03:56.000Z,2026-07-13T14:01:25.000Z,34,9
HCP1103,50,28,14,6,0.4286,1,1,1.0000,28,174.46,2026-08-13T18:06:18.000Z,2026-08-13T18:06:18.000Z,3,3
HCP1111,23,16,4,3,0.7500,0,0,0.0000,16,219.43,2026-08-10T22:24:56.000Z,2026-08-10T22:24:56.000Z,6,6
HCP1112,65,35,17,9,0.5294,2,2,1.0000,35,196.54,2026-08-07T15:55:41.000Z,2026-08-07T15:55:41.000Z,9,9
HCP1137,80,38,20,16,0.8000,3,3,1.0000,38,243.48,2026-07-30T23:28:29.000Z,2026-07-30T23:28:29.000Z,17,17
HCP1139,21,16,3,2,0.6667,0,0,0.0000,16,215.9,2026-08-14T22:13:06.000Z,2026-08-14T22:13:06.000Z,2,2
HCP1143,45,30,12,3,0.2500,0,0,0.0000,30,148.51,2026-08-13T22:48:34.000Z,2026-08-13T22:48:34.000Z,3,3
HCP1167,107,45,32,19,0.5938,7,4,0.5714,45,292.9,2026-08-09T03:28:19.000Z,2026-08-09T03:28:19.000Z,7,7
HCP1172,66,33,21,6,0.2857,4,2,0.5000,33,228.17,2026-08-08T16:25:29.000Z,2026-08-08T16:25:29.000Z,8,8
HCP1174,44,19,10,10,1.0000,3,2,0.6667,19,218.52,2026-08-12T20:12:31.000Z,2026-08-03T17:51:48.000Z,13,4
HCP1184,31,15,12,2,0.1667,1,1,1.0000,15,208.23,2026-08-12T07:05:22.000Z,2026-08-12T07:05:22.000Z,4,4
HCP1224,61,31,14,11,0.7857,3,2,0.6667,31,324.75,2026-08-05T06:38:03.000Z,2026-08-05T06:38:03.000Z,11,11
HCP1228,44,27,11,2,0.1818,3,1,0.3333,27,185.07,2026-08-07T01:30:52.000Z,2026-08-07T01:30:52.000Z,9,9
HCP1253,43,20,13,10,0.7692,0,0,0.0000,20,330.4,2026-08-12T15:28:33.000Z,2026-08-12T15:28:33.000Z,4,4
HCP1269,35,21,11,2,0.1818,1,0,0.0000,21,198.46,2026-08-11T21:01:41.000Z,2026-08-11T21:01:41.000Z,5,5
HCP1273,42,27,12,2,0.1667,1,0,0.0000,27,131.45,2026-07-24T03:34:21.000Z,2026-07-24T03:34:21.000Z,23,23
HCP1280,87,40,25,18,0.7200,2,2,1.0000,40,270.2,2026-08-13T22:59:42.000Z,2026-08-13T22:59:42.000Z,3,3
HCP1284,79,37,20,16,0.8000,4,2,0.5000,37,189.34,2026-08-02T22:32:10.000Z,2026-08-02T22:32:10.000Z,14,14
HCP1291,27,13,12,1,0.0833,1,0,0.0000,13,228.52,2026-08-14T15:48:31.000Z,2026-08-14T15:48:31.000Z,2,2
HCP1293,88,40,27,18,0.6667,2,1,0.5000,40,308.67,2026-08-10T14:29:33.000Z,2026-08-10T14:29:33.000Z,6,6
HCP1300,43,22,13,4,0.3077,3,1,0.3333,22,190.33,2026-08-02T07:57:37.000Z,2026-08-02T07:57:37.000Z,14,14
HCP1309,40,23,10,7,0.7000,0,0,0.0000,23,202.6,2026-08-06T16:28:14.000Z,2026-08-06T16:28:14.000Z,10,10
HCP1318,28,16,8,4,0.5000,0,0,0.0000,16,167.18,2026-08-06T00:56:31.000Z,2026-07-31T14:00:19.000Z,16,10
HCP1366,109,43,32,21,0.6563,8,5,0.6250,43,226.68,2026-08-14T21:56:56.000Z,2026-08-14T21:56:56.000Z,2,2
HCP1404,50,26,14,8,0.5714,1,1,1.0000,26,191.88,2026-08-13T03:32:20.000Z,2026-08-13T03:32:20.000Z,3,3
HCP1419,90,43,28,16,0.5714,2,1,0.5000,43,293.09,2026-08-08T13:06:28.000Z,2026-08-08T13:06:28.000Z,8,8
HCP1420,67,33,21,9,0.4286,3,1,0.3333,33,248.64,2026-08-14T05:51:42.000Z,2026-08-14T05:51:42.000Z,2,2
HCP1424,24,12,8,2,0.2500,1,1,1.0000,12,262.67,2026-07-10T20:54:52.000Z,2026-07-08T05:50:19.000Z,39,37
HCP1445,44,22,8,10,1.2500,3,1,0.3333,22,198.75,2026-08-08T01:14:02.000Z,2026-08-08T01:14:02.000Z,8,8
HCP1448,63,31,13,7,0.5385,7,5,0.7143,31,180.87,2026-08-06T07:19:08.000Z,2026-08-06T07:19:08.000Z,10,10
HCP1465,67,36,19,7,0.3684,4,1,0.2500,36,226.28,2026-08-13T06:00:43.000Z,2026-07-28T16:10:21.000Z,19,3
HCP1472,43,23,13,6,0.4615,1,0,0.0000,23,252.93,2026-08-11T04:55:44.000Z,2026-08-11T04:55:44.000Z,5,5
HCP1485,101,44,35,17,0.4857,4,1,0.2500,44,271.6,2026-08-10T23:04:45.000Z,2026-08-10T23:04:45.000Z,6,6
HCP1495,43,21,12,9,0.7500,1,0,0.0000,21,272.07,2026-08-13T05:45:07.000Z,2026-08-13T05:45:07.000Z,3,3
HCP1506,64,30,18,13,0.7222,2,1,0.5000,30,188.11,2026-08-01T00:31:41.000Z,2026-08-01T00:31:41.000Z,15,15
HCP1507,23,14,7,1,0.1429,1,0,0.0000,14,251.04,2026-07-10T20:24:50.000Z,2026-06-12T16:30:11.000Z,65,37
HCP1508,39,22,11,5,0.4545,1,0,0.0000,22,194.31,2026-08-13T01:55:37.000Z,2026-08-13T01:55:37.000Z,3,3
HCP1512,26,15,6,3,0.5000,2,0,0.0000,15,181.42,2026-08-09T12:42:04.000Z,2026-08-09T12:42:04.000Z,7,7
HCP1521,51,25,14,7,0.5000,4,1,0.2500,25,257.12,2026-08-08T23:10:54.000Z,2026-08-02T01:04:32.000Z,14,8
HCP1524,55,25,18,10,0.5556,1,1,1.0000,25,257.64,2026-08-14T14:16:09.000Z,2026-08-14T14:16:09.000Z,2,2
HCP1555,70,35,17,10,0.5882,5,3,0.6000,35,239.69,2026-08-14T15:34:31.000Z,2026-07-30T10:47:40.000Z,17,2
HCP1571,40,19,14,4,0.2857,3,0,0.0000,19,216.98,2026-08-02T10:36:07.000Z,2026-08-02T10:36:07.000Z,14,14
HCP1576,92,43,26,17,0.6538,4,2,0.5000,43,247.8,2026-08-04T18:58:48.000Z,2026-08-04T18:58:48.000Z,12,12
HCP1585,60,24,16,11,0.6875,5,4,0.8000,24,333.72,2026-08-07T14:44:22.000Z,2026-08-07T14:44:22.000Z,9,9
HCP1586,61,34,13,10,0.7692,4,0,0.0000,34,183.43,2026-08-12T23:43:44.000Z,2026-08-12T23:43:44.000Z,4,4
HCP1592,47,24,12,8,0.6667,3,0,0.0000,24,209.77,2026-07-28T20:21:01.000Z,2026-07-28T20:21:01.000Z,19,19
HCP1596,37,17,10,9,0.9000,1,0,0.0000,17,259.84,2026-08-02T09:22:03.000Z,2026-08-02T09:22:03.000Z,14,14
HCP1694,32,19,8,5,0.6250,0,0,0.0000,19,167.25,2026-08-13T10:42:51.000Z,2026-08-13T10:42:51.000Z,3,3
HCP1701,63,37,18,4,0.2222,3,1,0.3333,37,228.94,2026-08-12T03:22:04.000Z,2026-08-12T03:22:04.000Z,4,4
HCP1707,36,24,10,2,0.2000,0,0,0.0000,24,175.28,2026-08-03T14:08:02.000Z,2026-08-03T14:08:02.000Z,13,13
HCP1751,54,33,13,6,0.4615,2,0,0.0000,33,261.54,2026-07-18T16:44:19.000Z,2026-07-01T21:17:43.000Z,46,29
HCP1758,71,38,20,8,0.4000,3,2,0.6667,38,259.06,2026-08-09T07:16:45.000Z,2026-08-09T07:16:45.000Z,7,7
HCP1769,45,23,10,5,0.5000,4,3,0.7500,23,205.36,2026-08-11T23:21:40.000Z,2026-08-06T04:57:28.000Z,10,5
HCP1778,42,22,11,9,0.8182,0,0,0.0000,22,211.29,2026-08-14T03:47:00.000Z,2026-08-14T03:47:00.000Z,2,2
HCP1791,37,22,6,7,1.1667,2,0,0.0000,22,200.62,2026-08-11T15:51:30.000Z,2026-08-11T15:51:30.000Z,5,5
HCP1796,33,14,9,5,0.5556,3,2,0.6667,14,234.09,2026-07-14T15:24:40.000Z,2026-06-12T19:29:30.000Z,65,33
HCP1805,66,32,21,8,0.3810,3,2,0.6667,32,277.27,2026-07-29T01:43:23.000Z,2026-07-28T08:57:44.000Z,19,18
HCP1818,69,29,19,13,0.6842,5,3,0.6000,29,253.88,2026-08-09T09:59:35.000Z,2026-08-09T09:59:35.000Z,7,7
HCP1855,128,52,35,22,0.6286,11,8,0.7273,52,295.24,2026-08-10T04:08:17.000Z,2026-08-10T04:08:17.000Z,6,6
HCP1858,71,34,22,9,0.4091,4,2,0.5000,34,271.97,2026-08-09T04:23:13.000Z,2026-08-06T00:56:27.000Z,10,7
HCP1860,60,27,17,10,0.5882,3,3,1.0000,27,234.12,2026-08-08T10:19:33.000Z,2026-08-08T10:19:33.000Z,8,8
HCP1882,33,16,8,5,0.6250,2,2,1.0000,16,207.42,2026-08-05T01:39:32.000Z,2026-07-23T01:53:07.000Z,24,11
HCP1888,44,26,10,6,0.6000,1,1,1.0000,26,230.55,2026-08-08T13:32:50.000Z,2026-08-08T13:32:50.000Z,8,8
HCP1928,41,16,10,8,0.8000,4,3,0.7500,16,211.61,2026-08-01T14:36:13.000Z,2026-08-01T14:36:13.000Z,15,15
HCP1940,67,27,18,11,0.6111,7,4,0.5714,27,190.21,2026-08-06T03:47:33.000Z,2026-08-06T03:47:33.000Z,10,10
HCP1948,43,22,15,4,0.2667,1,1,1.0000,22,237.26,2026-08-13T11:15:58.000Z,2026-08-13T11:15:58.000Z,3,3
HCP1949,96,43,31,16,0.5161,4,2,0.5000,43,332.47,2026-08-05T23:43:05.000Z,2026-08-05T23:43:05.000Z,11,11
HCP1956,95,44,25,18,0.7200,6,2,0.3333,44,253.88,2026-08-14T12:49:23.000Z,2026-08-14T12:49:23.000Z,2,2
HCP1959,32,20,5,5,1.0000,2,0,0.0000,20,205.59,2026-07-19T02:46:33.000Z,2026-07-13T21:15:56.000Z,34,28
HCP1971,60,33,14,6,0.4286,5,2,0.4000,33,237.37,2026-08-13T11:25:10.000Z,2026-08-13T11:25:10.000Z,3,3
HCP1995,57,33,16,6,0.3750,1,1,1.0000,33,237.63,2026-08-12T01:40:55.000Z,2026-08-03T08:09:02.000Z,13,4
HCP0013,52,26,17,8,0.4706,1,0,0.0000,26,187.75,2026-08-13T05:53:09.000Z,2026-08-13T05:53:09.000Z,3,3
HCP0045,61,32,17,11,0.6471,1,0,0.0000,32,228.28,2026-08-13T09:30:48.000Z,2026-07-19T04:02:44.000Z,28,3
HCP0081,62,32,18,2,0.1111,6,4,0.6667,32,260.29,2026-08-13T04:57:24.000Z,2026-08-13T04:57:24.000Z,3,3
HCP0083,26,12,7,7,1.0000,0,0,0.0000,12,277.04,2026-08-06T22:51:49.000Z,2026-08-06T22:51:49.000Z,10,10
HCP0129,40,27,10,3,0.3000,0,0,0.0000,27,181.93,2026-08-08T14:27:33.000Z,2026-08-08T14:27:33.000Z,8,8
HCP0133,61,26,18,12,0.6667,4,1,0.2500,26,260.51,2026-08-14T05:26:31.000Z,2026-08-14T05:26:31.000Z,2,2
HCP0134,83,41,23,11,0.4783,6,2,0.3333,41,211.16,2026-07-23T17:02:49.000Z,2026-07-23T17:02:49.000Z,24,24
HCP0163,50,26,18,4,0.2222,1,1,1.0000,26,247.58,2026-08-11T16:55:47.000Z,2026-08-11T16:55:47.000Z,5,5
HCP0170,83,34,26,16,0.6154,5,2,0.4000,34,233.52,2026-08-13T16:32:30.000Z,2026-07-25T03:53:53.000Z,22,3
HCP0179,79,37,25,12,0.4800,3,2,0.6667,37,242.91,2026-08-01T12:28:15.000Z,2026-07-26T20:21:39.000Z,21,15
HCP0218,79,37,21,16,0.7619,4,1,0.2500,37,215.3,2026-08-07T17:19:17.000Z,2026-08-07T17:19:17.000Z,9,9
HCP0241,69,31,17,10,0.5882,7,4,0.5714,31,191.91,2026-08-11T11:15:55.000Z,2026-08-11T11:15:55.000Z,5,5
HCP0242,120,51,38,15,0.3947,9,7,0.7778,51,277.52,2026-08-10T20:07:46.000Z,2026-08-10T20:07:46.000Z,6,6
HCP0264,67,30,19,9,0.4737,5,4,0.8000,30,250.34,2026-08-06T21:21:12.000Z,2026-08-06T21:21:12.000Z,10,10
HCP0268,30,18,6,5,0.8333,1,0,0.0000,18,186.93,2026-08-04T04:33:07.000Z,2026-07-29T02:50:12.000Z,18,12
HCP0293,63,34,16,10,0.6250,2,1,0.5000,34,172.33,2026-08-11T04:49:49.000Z,2026-08-11T04:49:49.000Z,5,5
HCP0358,65,27,17,11,0.6471,6,4,0.6667,27,222.18,2026-08-11T12:48:22.000Z,2026-08-11T12:48:22.000Z,5,5
HCP0420,76,36,23,11,0.4783,3,3,1.0000,36,236.87,2026-08-03T18:44:52.000Z,2026-08-03T18:44:52.000Z,13,13
HCP0431,47,27,14,3,0.2143,2,1,0.5000,27,226.57,2026-08-07T21:10:03.000Z,2026-07-12T14:37:36.000Z,35,9
HCP0437,42,21,10,7,0.7000,3,1,0.3333,21,250.19,2026-07-25T20:47:41.000Z,2026-07-25T20:47:41.000Z,22,22
HCP0441,53,25,14,10,0.7143,2,2,1.0000,25,275.15,2026-08-04T02:25:12.000Z,2026-08-04T02:25:12.000Z,12,12
HCP0464,59,32,11,8,0.7273,4,4,1.0000,32,214.14,2026-08-08T03:16:29.000Z,2026-08-05T13:03:11.000Z,11,8
HCP0477,45,25,14,6,0.4286,0,0,0.0000,25,167.33,2026-08-07T16:38:48.000Z,2026-08-02T13:36:47.000Z,14,9
HCP0486,41,19,13,5,0.3846,2,2,1.0000,19,222.98,2026-08-10T21:19:31.000Z,2026-08-10T21:19:31.000Z,6,6
HCP0488,71,33,22,14,0.6364,2,0,0.0000,33,210.87,2026-08-12T05:45:35.000Z,2026-08-12T05:45:35.000Z,4,4
HCP0501,60,27,18,9,0.5000,4,2,0.5000,27,248.32,2026-07-30T23:30:16.000Z,2026-07-30T23:30:16.000Z,17,17
HCP0508,78,40,25,12,0.4800,1,0,0.0000,40,260.23,2026-08-14T01:54:31.000Z,2026-08-14T01:54:31.000Z,2,2
HCP0513,24,13,7,2,0.2857,1,1,1.0000,13,234.08,2026-08-05T17:03:41.000Z,2026-07-10T13:59:28.000Z,37,11
HCP0522,45,26,8,10,1.2500,1,0,0.0000,26,175.56,2026-08-12T13:09:44.000Z,2026-08-12T13:09:44.000Z,4,4
HCP0542,77,42,18,13,0.7222,2,2,1.0000,42,187.49,2026-08-12T20:51:27.000Z,2026-07-29T07:22:11.000Z,18,4
HCP0590,37,18,13,6,0.4615,0,0,0.0000,18,195.51,2026-08-05T05:24:45.000Z,2026-08-05T05:24:45.000Z,11,11
HCP0612,71,34,24,9,0.3750,3,1,0.3333,34,270.2,2026-08-12T10:04:54.000Z,2026-08-12T10:04:54.000Z,4,4
HCP0619,81,40,23,15,0.6522,3,0,0.0000,40,224.27,2026-08-13T20:44:21.000Z,2026-08-06T12:25:32.000Z,10,3
HCP0629,66,32,19,10,0.5263,3,2,0.6667,32,214.23,2026-08-12T13:26:47.000Z,2026-08-12T13:26:47.000Z,4,4
HCP0650,108,49,32,21,0.6563,4,2,0.5000,49,289.44,2026-08-13T01:14:22.000Z,2026-08-13T01:14:22.000Z,3,3
HCP0651,86,42,27,14,0.5185,2,1,0.5000,42,262.87,2026-07-24T01:51:16.000Z,2026-07-24T01:51:16.000Z,23,23
HCP0652,36,20,9,7,0.7778,0,0,0.0000,20,174.22,2026-08-04T19:34:48.000Z,2026-08-04T19:34:48.000Z,12,12
HCP0662,46,18,12,11,0.9167,4,1,0.2500,18,244.37,2026-08-11T20:49:49.000Z,2026-08-11T20:49:49.000Z,5,5
HCP0673,71,37,27,6,0.2222,1,0,0.0000,37,259.21,2026-08-12T04:48:42.000Z,2026-07-15T04:11:22.000Z,32,4
HCP0686,17,11,4,2,0.5000,0,0,0.0000,11,182.12,2026-07-30T14:15:09.000Z,2026-06-30T17:29:22.000Z,47,17
HCP0706,41,25,9,5,0.5556,2,0,0.0000,25,164.88,2026-08-06T07:39:03.000Z,2026-07-31T00:14:13.000Z,16,10
HCP0707,98,46,33,9,0.2727,8,2,0.2500,46,236.81,2026-08-05T23:04:42.000Z,2026-08-05T23:04:42.000Z,11,11
HCP0717,72,37,17,12,0.7059,4,2,0.5000,37,196.03,2026-08-13T12:32:15.000Z,2026-08-13T12:32:15.000Z,3,3
HCP0730,67,31,19,9,0.4737,6,2,0.3333,31,266.94,2026-08-09T23:47:00.000Z,2026-08-09T23:47:00.000Z,7,7
HCP0744,33,17,9,7,0.7778,0,0,0.0000,17,235.82,2026-08-09T16:22:56.000Z,2026-08-09T16:22:56.000Z,7,7
HCP0753,81,38,20,9,0.4500,8,6,0.7500,38,197.8,2026-08-11T12:03:10.000Z,2026-08-11T12:03:10.000Z,5,5
HCP0758,50,24,11,9,0.8182,4,2,0.5000,24,243.64,2026-08-12T14:52:57.000Z,2026-08-12T14:52:57.000Z,4,4
HCP0779,30,18,7,3,0.4286,2,0,0.0000,18,186.43,2026-08-13T05:23:27.000Z,2026-08-13T05:23:27.000Z,3,3
HCP0794,39,19,15,5,0.3333,0,0,0.0000,19,233.85,2026-08-11T10:50:36.000Z,2026-08-11T10:50:36.000Z,5,5
HCP0811,46,23,13,8,0.6154,2,0,0.0000,23,191.85,2026-08-11T11:04:49.000Z,2026-08-11T11:04:49.000Z,5,5
HCP0821,74,35,19,15,0.7895,4,1,0.2500,35,220.77,2026-08-05T02:59:40.000Z,2026-08-05T02:59:40.000Z,11,11
HCP0834,83,41,23,13,0.5652,4,2,0.5000,41,216.6,2026-08-06T11:20:43.000Z,2026-08-06T11:20:43.000Z,10,10
HCP0836,13,9,3,1,0.3333,0,0,0.0000,9,138.69,2026-08-09T21:51:00.000Z,2026-08-09T21:51:00.000Z,7,7
HCP0851,64,26,18,14,0.7778,4,2,0.5000,26,358.72,2026-08-06T15:28:11.000Z,2026-08-06T15:28:11.000Z,10,10
HCP0854,97,44,30,20,0.6667,2,1,0.5000,44,260.03,2026-08-14T11:50:13.000Z,2026-08-14T11:50:13.000Z,2,2
HCP0870,65,32,22,11,0.5000,0,0,0.0000,32,288.83,2026-08-13T07:06:59.000Z,2026-08-13T07:06:59.000Z,3,3
HCP0873,85,42,31,10,0.3226,1,1,1.0000,42,268.92,2026-08-10T10:29:20.000Z,2026-08-10T10:29:20.000Z,6,6
HCP0898,101,49,31,15,0.4839,3,3,1.0000,49,286.36,2026-08-08T16:30:35.000Z,2026-07-24T22:06:19.000Z,23,8
HCP0925,49,25,14,8,0.5714,2,0,0.0000,25,175.67,2026-08-12T10:12:13.000Z,2026-08-12T10:12:13.000Z,4,4
HCP0945,35,18,13,2,0.1538,1,1,1.0000,18,229.57,2026-07-30T00:49:07.000Z,2026-07-30T00:49:07.000Z,17,17
HCP0954,38,15,11,9,0.8182,2,1,0.5000,15,288.11,2026-08-07T19:21:06.000Z,2026-08-07T19:21:06.000Z,9,9
HCP0956,32,18,7,6,0.8571,1,0,0.0000,18,204.5,2026-08-10T06:00:03.000Z,2026-08-10T06:00:03.000Z,6,6
HCP0963,39,20,10,6,0.6000,2,1,0.5000,20,200.05,2026-07-21T13:41:44.000Z,2026-07-21T13:41:44.000Z,26,26
HCP0997,42,23,8,8,1.0000,3,0,0.0000,23,231.67,2026-08-06T03:18:59.000Z,2026-08-06T03:18:59.000Z,10,10
HCP1052,69,36,19,12,0.6316,1,1,1.0000,36,207.22,2026-08-13T13:31:56.000Z,2026-08-13T13:31:56.000Z,3,3
HCP1054,52,34,11,7,0.6364,0,0,0.0000,34,167.02,2026-07-30T16:47:18.000Z,2026-07-30T16:47:18.000Z,17,17
HCP1055,103,42,34,17,0.5000,6,4,0.6667,42,244.37,2026-08-10T19:58:33.000Z,2026-08-10T19:58:33.000Z,6,6
HCP1063,38,22,9,7,0.7778,0,0,0.0000,22,229.55,2026-07-29T06:23:05.000Z,2026-07-29T06:23:05.000Z,18,18
HCP1064,34,18,9,5,0.5556,1,1,1.0000,18,271.26,2026-07-31T06:27:40.000Z,2026-07-31T06:27:40.000Z,16,16
HCP1088,40,20,12,5,0.4167,2,1,0.5000,20,193.88,2026-08-14T22:22:11.000Z,2026-08-14T22:22:11.000Z,2,2
HCP1102,53,29,16,7,0.4375,1,0,0.0000,29,188.45,2026-08-07T19:07:44.000Z,2026-08-07T19:07:44.000Z,9,9
HCP1115,43,19,15,7,0.4667,1,1,1.0000,19,221.56,2026-08-04T20:30:06.000Z,2026-08-04T20:30:06.000Z,12,12
HCP1120,43,26,12,4,0.3333,1,0,0.0000,26,169.81,2026-08-14T07:30:48.000Z,2026-07-19T12:30:04.000Z,28,2
HCP1154,52,28,18,5,0.2778,1,0,0.0000,28,231.17,2026-08-11T00:11:56.000Z,2026-08-11T00:11:56.000Z,5,5
HCP1173,48,23,16,7,0.4375,1,1,1.0000,23,240.6,2026-08-13T21:20:21.000Z,2026-08-13T21:20:21.000Z,3,3
HCP1203,58,25,17,10,0.5882,3,3,1.0000,25,277.97,2026-07-22T18:48:22.000Z,2026-07-22T18:48:22.000Z,25,25
HCP1240,52,29,16,2,0.1250,4,1,0.2500,29,187.54,2026-07-30T02:44:19.000Z,2026-07-30T02:44:19.000Z,17,17
HCP1245,97,46,30,14,0.4667,5,2,0.4000,46,253.18,2026-08-13T01:19:15.000Z,2026-08-13T01:19:15.000Z,3,3
HCP1287,40,20,10,4,0.4000,3,3,1.0000,20,170.1,2026-08-05T20:07:35.000Z,2026-07-01T20:47:38.000Z,46,11
HCP1290,29,17,7,3,0.4286,1,1,1.0000,17,204.66,2026-08-12T03:48:11.000Z,2026-08-12T03:48:11.000Z,4,4
HCP1297,68,37,18,10,0.5556,2,1,0.5000,37,212.5,2026-08-05T01:43:24.000Z,2026-08-05T01:43:24.000Z,11,11
HCP1303,27,14,7,4,0.5714,1,1,1.0000,14,190.33,2026-08-09T20:47:25.000Z,2026-08-09T20:47:25.000Z,7,7
HCP1305,64,28,20,9,0.4500,5,2,0.4000,28,279.28,2026-08-07T10:43:06.000Z,2026-08-07T10:43:06.000Z,9,9
HCP1352,54,30,16,8,0.5000,0,0,0.0000,30,189.7,2026-08-14T16:02:03.000Z,2026-08-14T16:02:03.000Z,2,2
HCP1361,56,27,19,10,0.5263,0,0,0.0000,27,207.82,2026-08-05T12:19:05.000Z,2026-08-05T12:19:05.000Z,11,11
HCP1386,41,22,8,6,0.7500,4,1,0.2500,22,191.1,2026-08-05T11:38:53.000Z,2026-08-05T11:38:53.000Z,11,11
HCP1395,56,33,18,4,0.2222,1,0,0.0000,33,203.98,2026-08-14T22:42:22.000Z,2026-08-03T17:34:07.000Z,13,2
HCP1409,40,24,12,4,0.3333,0,0,0.0000,24,181.78,2026-08-12T08:53:15.000Z,2026-08-12T08:53:15.000Z,4,4
HCP1414,46,28,12,4,0.3333,1,1,1.0000,28,196.2,2026-08-13T10:41:32.000Z,2026-08-06T08:52:41.000Z,10,3
HCP1418,51,24,14,8,0.5714,3,2,0.6667,24,212.57,2026-08-11T20:52:41.000Z,2026-08-11T20:52:41.000Z,5,5
HCP1427,89,42,22,15,0.6818,8,2,0.2500,42,239.34,2026-08-13T10:41:44.000Z,2026-08-13T10:41:44.000Z,3,3
HCP1430,15,10,2,3,1.5000,0,0,0.0000,10,210.73,2026-08-01T17:43:56.000Z,2026-06-22T05:30:02.000Z,55,15
HCP1447,29,15,8,4,0.5000,1,1,1.0000,15,193.93,2026-07-25T00:08:03.000Z,2026-07-07T09:46:05.000Z,40,22
HCP1453,49,26,13,8,0.6154,1,1,1.0000,26,168.98,2026-08-14T22:50:46.000Z,2026-08-14T15:59:04.000Z,2,2
HCP1477,41,19,11,8,0.7273,2,1,0.5000,19,225.54,2026-08-08T14:37:28.000Z,2026-08-08T14:37:28.000Z,8,8
HCP1482,26,15,4,3,0.7500,2,2,1.0000,15,251.31,2026-08-05T16:32:53.000Z,2026-05-23T03:41:50.000Z,85,11
HCP1510,20,12,6,2,0.3333,0,0,0.0000,12,201.1,2026-08-10T08:23:47.000Z,2026-08-10T08:23:47.000Z,6,6
HCP1517,26,14,6,5,0.8333,1,0,0.0000,14,224.19,2026-07-28T03:03:30.000Z,2026-07-11T20:57:28.000Z,36,19
HCP1530,30,18,9,3,0.3333,0,0,0.0000,18,195.93,2026-07-29T22:58:03.000Z,2026-07-29T22:58:03.000Z,18,18
HCP1572,78,37,25,11,0.4400,3,2,0.6667,37,245.82,2026-08-10T14:41:33.000Z,2026-08-10T14:41:33.000Z,6,6
HCP1577,75,34,24,12,0.5000,4,1,0.2500,34,269.69,2026-08-14T17:05:34.000Z,2026-08-14T17:05:34.000Z,2,2
HCP1616,44,25,10,8,0.8000,1,0,0.0000,25,203.02,2026-08-14T13:30:33.000Z,2026-08-11T03:56:04.000Z,5,2
HCP1670,58,25,18,9,0.5000,3,3,1.0000,25,184.16,2026-08-08T17:07:35.000Z,2026-08-08T17:07:35.000Z,8,8
HCP1683,26,14,9,3,0.3333,0,0,0.0000,14,172.77,2026-06-21T12:23:23.000Z,2026-06-21T12:23:23.000Z,56,56
HCP1687,57,31,15,8,0.5333,2,1,0.5000,31,189.61,2026-08-06T17:48:52.000Z,2026-08-06T17:48:52.000Z,10,10
HCP1691,92,43,27,20,0.7407,2,0,0.0000,43,225.73,2026-08-13T16:45:07.000Z,2026-08-13T16:45:07.000Z,3,3
HCP1703,102,48,27,19,0.7037,5,3,0.6000,48,236.66,2026-08-05T14:07:23.000Z,2026-08-05T14:07:23.000Z,11,11
HCP1731,39,20,11,4,0.3636,3,1,0.3333,20,184.77,2026-08-08T11:45:30.000Z,2026-08-08T11:45:30.000Z,8,8
HCP1750,49,27,13,8,0.6154,1,0,0.0000,27,198.9,2026-08-14T20:58:43.000Z,2026-07-14T23:39:58.000Z,33,2
HCP1783,56,23,12,13,1.0833,5,3,0.6000,23,230.59,2026-08-01T03:16:38.000Z,2026-07-24T05:09:51.000Z,23,15
HCP1789,26,16,8,1,0.1250,1,0,0.0000,16,212.04,2026-07-24T09:07:25.000Z,2026-07-02T00:59:10.000Z,45,23
HCP1790,76,34,24,13,0.5417,3,2,0.6667,34,239.54,2026-08-14T18:50:41.000Z,2026-08-09T19:30:02.000Z,7,2
HCP1794,59,28,16,11,0.6875,2,2,1.0000,28,210.12,2026-08-09T07:58:38.000Z,2026-08-09T07:58:38.000Z,7,7
HCP1822,20,13,3,4,1.3333,0,0,0.0000,13,227.95,2026-07-29T14:06:03.000Z,2026-07-29T14:06:03.000Z,18,18
HCP1847,32,17,7,8,1.1429,0,0,0.0000,17,235.34,2026-07-08T23:32:57.000Z,2026-07-01T16:28:38.000Z,46,39
HCP1861,76,36,21,13,0.6190,3,3,1.0000,36,244.14,2026-08-03T07:04:17.000Z,2026-08-03T07:04:17.000Z,13,13
HCP1876,75,42,19,11,0.5789,2,1,0.5000,42,217.05,2026-08-11T04:20:03.000Z,2026-08-04T22:29:38.000Z,12,5
HCP1901,49,24,12,10,0.8333,3,0,0.0000,24,149.82,2026-08-03T04:21:08.000Z,2026-08-03T04:21:08.000Z,13,13
HCP1905,33,14,11,7,0.6364,1,0,0.0000,14,336.24,2026-08-14T08:27:32.000Z,2026-08-14T08:27:32.000Z,2,2
HCP1917,96,46,30,15,0.5000,3,2,0.6667,46,278.73,2026-08-11T20:40:14.000Z,2026-08-11T20:40:14.000Z,5,5
HCP1957,64,36,18,3,0.1667,4,3,0.7500,36,198.55,2026-07-26T20:38:43.000Z,2026-07-26T20:38:43.000Z,21,21
HCP1983,73,34,22,11,0.5000,5,1,0.2000,34,249.04,2026-08-13T08:21:32.000Z,2026-08-12T03:40:42.000Z,4,3
HCP0004,41,20,13,6,0.4615,1,1,1.0000,20,192.54,2026-08-13T10:42:08.000Z,2026-08-13T10:42:08.000Z,3,3
HCP0021,43,23,12,6,0.5000,2,0,0.0000,23,258.28,2026-08-10T13:35:21.000Z,2026-08-10T13:35:21.000Z,6,6
HCP0024,68,27,17,15,0.8824,5,4,0.8000,27,270.97,2026-08-14T16:49:47.000Z,2026-08-14T16:49:47.000Z,2,2
HCP0059,27,13,7,3,0.4286,2,2,1.0000,13,201.63,2026-08-06T20:31:13.000Z,2026-08-06T20:31:13.000Z,10,10
HCP0071,48,23,13,9,0.6923,2,1,0.5000,23,280.1,2026-08-12T14:24:31.000Z,2026-08-12T14:24:31.000Z,4,4
HCP0094,91,42,24,17,0.7083,5,3,0.6000,42,243.35,2026-08-08T08:33:02.000Z,2026-08-02T23:22:42.000Z,14,8
HCP0177,72,39,18,9,0.5000,4,2,0.5000,39,183.11,2026-08-14T23:53:47.000Z,2026-08-14T23:53:47.000Z,2,2
HCP0183,25,17,8,0,0.0000,0,0,0.0000,17,177.24,2026-06-27T12:34:12.000Z,2026-06-27T12:34:12.000Z,50,50
HCP0184,40,22,12,4,0.3333,2,0,0.0000,22,137.05,2026-07-30T14:05:32.000Z,2026-07-30T04:02:34.000Z,17,17
HCP0185,42,29,9,4,0.4444,0,0,0.0000,29,192.67,2026-08-02T16:27:35.000Z,2026-08-02T16:27:35.000Z,14,14
HCP0209,58,35,15,8,0.5333,0,0,0.0000,35,198.91,2026-08-10T14:53:13.000Z,2026-08-09T06:54:11.000Z,7,6
HCP0224,110,48,31,20,0.6452,6,5,0.8333,48,290.73,2026-08-14T20:01:01.000Z,2026-08-14T20:01:01.000Z,2,2
HCP0244,64,28,21,10,0.4762,3,2,0.6667,28,282.31,2026-08-13T10:23:14.000Z,2026-08-13T10:23:14.000Z,3,3
HCP0267,22,15,4,3,0.7500,0,0,0.0000,15,244.82,2026-08-12T18:55:01.000Z,2026-08-12T18:55:01.000Z,4,4
HCP0296,58,30,13,7,0.5385,5,3,0.6000,30,181.69,2026-08-06T01:16:01.000Z,2026-08-06T01:16:01.000Z,10,10
HCP0306,66,33,19,13,0.6842,1,0,0.0000,33,262.65,2026-08-06T21:24:11.000Z,2026-08-06T21:24:11.000Z,10,10
HCP0323,60,27,22,9,0.4091,1,1,1.0000,27,200.53,2026-08-10T06:17:26.000Z,2026-08-10T06:17:26.000Z,6,6
HCP0340,101,46,26,22,0.8462,5,2,0.4000,46,239.64,2026-08-10T17:53:03.000Z,2026-08-10T17:53:03.000Z,6,6
HCP0349,39,25,11,3,0.2727,0,0,0.0000,25,167.21,2026-07-31T11:59:08.000Z,2026-07-14T08:30:12.000Z,33,16
HCP0355,83,38,24,17,0.7083,2,2,1.0000,38,247.54,2026-08-10T23:44:35.000Z,2026-08-06T05:08:02.000Z,10,6
HCP0369,83,40,26,12,0.4615,3,2,0.6667,40,275.82,2026-07-16T16:59:32.000Z,2026-07-13T09:32:54.000Z,34,31
HCP0423,40,18,15,6,0.4000,1,0,0.0000,18,268.8,2026-07-22T23:31:11.000Z,2026-07-22T23:31:11.000Z,25,25
HCP0424,46,26,11,8,0.7273,1,0,0.0000,26,191.59,2026-08-01T01:29:26.000Z,2026-08-01T01:29:26.000Z,15,15
HCP0438,27,15,6,5,0.8333,1,0,0.0000,15,197.81,2026-08-09T09:33:25.000Z,2026-08-09T09:33:25.000Z,7,7
HCP0442,93,42,29,17,0.5862,4,1,0.2500,42,200.11,2026-07-31T12:22:27.000Z,2026-07-31T12:22:27.000Z,16,16
HCP0444,31,15,9,5,0.5556,1,1,1.0000,15,280.29,2026-07-04T12:14:49.000Z,2026-07-04T12:14:49.000Z,43,43
HCP0446,64,32,17,8,0.4706,5,2,0.4000,32,219.0,2026-07-29T16:19:36.000Z,2026-07-27T05:19:28.000Z,20,18
HCP0455,23,18,3,2,0.6667,0,0,0.0000,18,149.22,2026-08-06T21:10:43.000Z,2026-07-05T11:00:19.000Z,42,10
HCP0469,36,24,5,7,1.4000,0,0,0.0000,24,212.67,2026-08-10T06:50:44.000Z,2026-08-04T07:34:15.000Z,12,6
HCP0485,45,23,10,4,0.4000,5,3,0.6000,23,189.93,2026-08-11T20:02:25.000Z,2026-08-11T20:02:25.000Z,5,5
HCP0515,49,27,13,6,0.4615,2,1,0.5000,27,223.51,2026-07-23T08:00:03.000Z,2026-07-23T08:00:03.000Z,24,24
HCP0534,45,23,12,7,0.5833,2,1,0.5000,23,201.64,2026-08-09T05:21:35.000Z,2026-08-09T05:21:35.000Z,7,7
HCP0549,68,29,23,12,0.5217,3,1,0.3333,29,264.1,2026-07-28T05:24:01.000Z,2026-07-28T05:24:01.000Z,19,19
HCP0558,34,17,12,1,0.0833,2,2,1.0000,17,234.03,2026-08-04T06:41:43.000Z,2026-08-04T06:41:43.000Z,12,12
HCP0574,90,39,30,16,0.5333,3,2,0.6667,39,190.28,2026-08-13T17:43:38.000Z,2026-08-13T17:43:38.000Z,3,3
HCP0611,103,47,33,15,0.4545,5,3,0.6000,47,235.61,2026-08-12T12:09:13.000Z,2026-08-12T12:09:13.000Z,4,4
HCP0618,30,18,6,5,0.8333,1,0,0.0000,18,178.87,2026-08-13T06:06:54.000Z,2026-08-13T06:06:54.000Z,3,3
HCP0626,68,33,20,13,0.6500,1,1,1.0000,33,190.78,2026-08-07T10:20:45.000Z,2026-08-07T06:38:52.000Z,9,9
HCP0631,62,30,18,9,0.5000,4,1,0.2500,30,218.74,2026-08-14T21:21:02.000Z,2026-08-14T21:21:02.000Z,2,2
HCP0639,22,11,8,3,0.3750,0,0,0.0000,11,170.55,2026-07-10T03:11:18.000Z,2026-07-10T03:11:18.000Z,37,37
HCP0653,89,36,29,11,0.3793,9,4,0.4444,36,235.54,2026-08-10T08:20:37.000Z,2026-08-10T08:20:37.000Z,6,6
HCP0654,81,38,24,14,0.5833,5,0,0.0000,38,254.84,2026-07-31T22:27:12.000Z,2026-07-15T06:22:26.000Z,32,16
HCP0660,19,13,3,3,1.0000,0,0,0.0000,13,149.11,2026-08-07T02:43:40.000Z,2026-08-07T02:43:40.000Z,9,9
HCP0665,36,14,11,7,0.6364,2,2,1.0000,14,220.22,2026-08-08T06:07:37.000Z,2026-08-08T06:07:37.000Z,8,8
HCP0667,55,30,17,5,0.2941,2,1,0.5000,30,241.53,2026-08-08T14:15:23.000Z,2026-08-04T06:16:36.000Z,12,8
HCP0676,67,30,25,10,0.4000,1,1,1.0000,30,257.94,2026-08-06T10:50:15.000Z,2026-08-06T10:50:15.000Z,10,10
HCP0720,66,30,17,14,0.8235,3,2,0.6667,30,244.03,2026-08-14T21:40:14.000Z,2026-08-14T21:40:14.000Z,2,2
HCP0740,93,40,28,13,0.4643,7,5,0.7143,40,240.26,2026-08-11T07:42:48.000Z,2026-08-11T07:42:48.000Z,5,5
HCP0784,31,16,9,5,0.5556,1,0,0.0000,16,179.03,2026-07-19T01:17:15.000Z,2026-07-19T01:17:15.000Z,28,28
HCP0797,69,33,20,9,0.4500,4,3,0.7500,33,261.8,2026-08-09T05:27:16.000Z,2026-08-03T22:44:33.000Z,13,7
HCP0800,50,24,14,10,0.7143,2,0,0.0000,24,218.2,2026-08-14T21:54:50.000Z,2026-08-14T21:54:50.000Z,2,2
HCP0843,64,36,20,4,0.2000,3,1,0.3333,36,165.58,2026-08-10T15:02:03.000Z,2026-07-27T03:04:54.000Z,20,6
HCP0849,30,14,7,5,0.7143,3,1,0.3333,14,253.5,2026-08-14T11:37:48.000Z,2026-08-14T11:37:48.000Z,2,2
HCP0850,65,33,19,13,0.6842,0,0,0.0000,33,244.35,2026-08-06T18:39:08.000Z,2026-08-06T18:39:08.000Z,10,10
HCP0860,109,49,32,18,0.5625,7,3,0.4286,49,267.93,2026-08-13T23:46:49.000Z,2026-08-13T23:46:49.000Z,3,3
HCP0861,31,18,9,4,0.4444,0,0,0.0000,18,243.29,2026-07-31T18:38:58.000Z,2026-07-31T18:38:58.000Z,16,16
HCP0892,43,23,14,6,0.4286,0,0,0.0000,23,254.88,2026-08-04T18:52:07.000Z,2026-08-04T18:52:07.000Z,12,12
HCP0924,58,33,13,12,0.9231,0,0,0.0000,33,234.52,2026-08-14T18:41:58.000Z,2026-08-14T18:41:58.000Z,2,2
HCP0941,20,12,5,2,0.4000,1,0,0.0000,12,322.45,2026-07-31T21:20:30.000Z,2026-06-19T18:48:56.000Z,58,16
HCP0944,33,20,10,3,0.3000,0,0,0.0000,20,197.21,2026-08-01T07:12:20.000Z,2026-08-01T07:12:20.000Z,15,15
HCP0955,34,22,7,4,0.5714,1,0,0.0000,22,208.68,2026-08-08T23:09:48.000Z,2026-08-08T23:09:48.000Z,8,8
HCP0959,66,35,19,9,0.4737,2,1,0.5000,35,182.77,2026-08-13T07:26:07.000Z,2026-08-13T07:26:07.000Z,3,3
HCP0965,68,34,22,9,0.4091,2,1,0.5000,34,188.5,2026-08-12T01:34:51.000Z,2026-08-12T01:34:51.000Z,4,4
HCP0969,57,29,15,7,0.4667,3,3,1.0000,29,231.23,2026-07-29T17:04:32.000Z,2026-07-28T15:49:32.000Z,19,18
HCP0989,25,12,6,4,0.6667,2,1,0.5000,12,249.28,2026-07-22T16:22:01.000Z,2026-07-22T16:22:01.000Z,25,25
HCP0994,35,19,8,7,0.8750,1,0,0.0000,19,247.46,2026-07-30T06:01:08.000Z,2026-07-25T15:59:34.000Z,22,17
HCP1023,77,37,23,11,0.4783,4,2,0.5000,37,198.17,2026-08-07T08:51:58.000Z,2026-08-07T08:51:58.000Z,9,9
HCP1046,55,34,13,3,0.2308,3,2,0.6667,34,138.42,2026-07-18T02:29:14.000Z,2026-07-18T02:29:14.000Z,29,29
HCP1047,42,22,11,8,0.7273,1,0,0.0000,22,244.52,2026-08-14T02:20:24.000Z,2026-08-14T02:20:24.000Z,2,2
HCP1059,63,27,21,7,0.3333,5,3,0.6000,27,228.29,2026-08-13T20:14:31.000Z,2026-08-13T20:14:31.000Z,3,3
HCP1074,75,32,18,14,0.7778,7,4,0.5714,32,286.37,2026-08-10T06:29:02.000Z,2026-08-10T06:29:02.000Z,6,6
HCP1078,26,12,7,6,0.8571,1,0,0.0000,12,208.62,2026-07-28T02:03:55.000Z,2026-07-28T02:03:55.000Z,19,19
HCP1086,69,38,15,14,0.9333,2,0,0.0000,38,257.22,2026-08-07T18:31:04.000Z,2026-08-07T16:57:00.000Z,9,9
HCP1104,32,15,10,6,0.6000,1,0,0.0000,15,271.88,2026-08-12T13:57:07.000Z,2026-08-12T13:57:07.000Z,4,4
HCP1125,41,23,11,6,0.5455,1,0,0.0000,23,266.59,2026-08-12T09:32:33.000Z,2026-06-28T11:59:27.000Z,49,4
HCP1177,46,24,14,6,0.4286,2,0,0.0000,24,261.61,2026-08-05T17:06:06.000Z,2026-08-05T17:06:06.000Z,11,11
HCP1208,54,26,17,6,0.3529,3,2,0.6667,26,180.93,2026-08-12T08:03:41.000Z,2026-08-12T08:03:41.000Z,4,4
HCP1213,66,36,20,5,0.2500,3,2,0.6667,36,220.95,2026-08-10T22:05:01.000Z,2026-08-10T16:26:26.000Z,6,6
HCP1227,34,17,9,4,0.4444,2,2,1.0000,17,174.38,2026-07-30T16:10:53.000Z,2026-07-29T15:32:29.000Z,18,17
HCP1262,28,14,8,5,0.6250,1,0,0.0000,14,234.54,2026-07-26T16:25:00.000Z,2026-07-26T16:25:00.000Z,21,21
HCP1265,24,12,6,3,0.5000,2,1,0.5000,12,346.88,2026-08-01T01:53:37.000Z,2026-08-01T01:53:37.000Z,15,15
HCP1268,73,33,21,8,0.3810,6,5,0.8333,33,215.86,2026-08-12T03:13:02.000Z,2026-08-06T11:34:14.000Z,10,4
HCP1307,38,26,12,0,0.0000,0,0,0.0000,26,224.71,2026-08-10T09:53:07.000Z,2026-08-10T09:53:07.000Z,6,6
HCP1311,19,14,2,2,1.0000,1,0,0.0000,14,138.79,2026-07-26T04:27:24.000Z,2026-05-21T08:34:33.000Z,87,21
HCP1320,34,17,10,7,0.7000,0,0,0.0000,17,211.44,2026-08-13T21:28:22.000Z,2026-07-31T14:04:50.000Z,16,3
HCP1328,94,41,26,12,0.4615,9,6,0.6667,41,298.98,2026-08-07T19:33:09.000Z,2026-08-07T19:33:09.000Z,9,9
HCP1346,76,40,25,11,0.4400,0,0,0.0000,40,227.62,2026-08-09T23:13:04.000Z,2026-08-09T23:13:04.000Z,7,7
HCP1372,45,26,10,8,0.8000,1,0,0.0000,26,168.91,2026-08-12T04:22:59.000Z,2026-08-12T04:22:59.000Z,4,4
HCP1411,42,27,9,5,0.5556,1,0,0.0000,27,187.33,2026-08-09T07:48:13.000Z,2026-07-25T01:09:35.000Z,22,7
HCP1434,29,14,11,4,0.3636,0,0,0.0000,14,257.59,2026-07-07T07:47:14.000Z,2026-07-07T07:47:14.000Z,40,40
HCP1441,56,30,16,9,0.5625,1,0,0.0000,30,247.45,2026-08-05T20:47:16.000Z,2026-08-05T20:47:16.000Z,11,11
HCP1443,36,17,9,6,0.6667,2,2,1.0000,17,311.92,2026-08-07T04:19:39.000Z,2026-08-07T04:19:39.000Z,9,9
HCP1463,35,23,7,2,0.2857,2,1,0.5000,23,233.46,2026-08-06T22:34:28.000Z,2026-08-06T22:34:28.000Z,10,10
HCP1474,42,19,11,7,0.6364,4,1,0.2500,19,226.24,2026-08-11T16:34:34.000Z,2026-08-11T16:34:34.000Z,5,5
HCP1497,77,30,19,16,0.8421,8,4,0.5000,30,292.17,2026-08-09T23:58:59.000Z,2026-08-09T23:58:59.000Z,7,7
HCP1533,60,30,19,10,0.5263,1,0,0.0000,30,197.53,2026-08-03T12:14:28.000Z,2026-08-03T12:14:28.000Z,13,13
HCP1558,52,32,14,1,0.0714,3,2,0.6667,32,212.58,2026-07-15T03:19:51.000Z,2026-07-14T07:14:43.000Z,33,32
HCP1600,99,45,27,17,0.6296,6,4,0.6667,45,274.67,2026-08-13T22:45:27.000Z,2026-08-13T22:45:27.000Z,3,3
HCP1613,42,20,11,6,0.5455,3,2,0.6667,20,228.88,2026-08-09T09:03:06.000Z,2026-08-09T09:03:06.000Z,7,7
HCP1628,75,37,19,11,0.5789,5,3,0.6000,37,246.73,2026-08-06T22:59:03.000Z,2026-08-04T04:29:18.000Z,12,10
HCP1658,91,45,21,22,1.0476,3,0,0.0000,45,232.64,2026-08-11T03:23:20.000Z,2026-08-07T06:45:05.000Z,9,5
HCP1695,40,25,11,3,0.2727,1,0,0.0000,25,213.5,2026-08-13T05:46:31.000Z,2026-08-13T05:46:31.000Z,3,3
HCP1720,49,22,17,7,0.4118,2,1,0.5000,22,243.96,2026-08-09T19:35:30.000Z,2026-08-01T06:48:01.000Z,15,7
HCP1736,71,36,16,16,1.0000,2,1,0.5000,36,229.13,2026-08-14T01:11:48.000Z,2026-08-14T01:11:48.000Z,2,2
HCP1748,44,29,13,1,0.0769,1,0,0.0000,29,171.7,2026-07-30T21:15:17.000Z,2026-07-30T05:56:47.000Z,17,17
HCP1762,77,33,26,12,0.4615,5,1,0.2000,33,205.64,2026-08-12T03:17:28.000Z,2026-08-12T03:17:28.000Z,4,4
HCP1819,32,16,9,4,0.4444,2,1,0.5000,16,157.09,2026-08-01T02:44:42.000Z,2026-06-21T01:32:10.000Z,56,15
HCP1852,68,31,23,11,0.4783,2,1,0.5000,31,237.65,2026-08-09T08:31:08.000Z,2026-07-28T17:05:09.000Z,19,7
HCP1872,32,15,9,5,0.5556,2,1,0.5000,15,230.66,2026-08-13T15:40:09.000Z,2026-08-13T15:40:09.000Z,3,3
HCP1875,42,24,11,5,0.4545,2,0,0.0000,24,195.83,2026-08-12T21:21:15.000Z,2026-08-12T21:21:15.000Z,4,4
HCP1895,45,27,11,5,0.4545,2,0,0.0000,27,187.98,2026-08-07T05:36:29.000Z,2026-08-07T05:36:29.000Z,9,9
HCP1896,35,19,12,4,0.3333,0,0,0.0000,19,215.6,2026-08-12T17:34:35.000Z,2026-07-28T07:20:47.000Z,19,4
HCP1964,104,45,34,23,0.6765,1,1,1.0000,45,266.12,2026-08-08T15:15:49.000Z,2026-08-08T15:15:49.000Z,8,8
HCP1980,42,22,11,5,0.4545,3,1,0.3333,22,224.0,2026-07-30T06:36:47.000Z,2026-07-30T06:36:47.000Z,17,17
HCP0005,25,14,6,3,0.5000,2,0,0.0000,14,189.84,2026-08-11T07:20:38.000Z,2026-08-05T12:57:25.000Z,11,5
HCP0014,30,17,6,5,0.8333,1,1,1.0000,17,223.8,2026-08-06T15:02:50.000Z,2026-06-17T13:06:06.000Z,60,10
HCP0025,74,33,18,19,1.0556,2,2,1.0000,33,244.15,2026-08-13T12:07:52.000Z,2026-08-13T12:07:52.000Z,3,3
HCP0029,44,24,14,6,0.4286,0,0,0.0000,24,155.93,2026-08-12T01:09:40.000Z,2026-08-12T01:09:40.000Z,4,4
HCP0040,47,21,11,9,0.8182,4,2,0.5000,21,239.51,2026-08-12T23:38:52.000Z,2026-08-12T23:38:52.000Z,4,4
HCP0044,24,14,6,2,0.3333,1,1,1.0000,14,200.71,2026-08-09T17:13:19.000Z,2026-07-30T01:11:37.000Z,17,7
HCP0078,54,22,15,15,1.0000,1,1,1.0000,22,255.56,2026-07-30T23:50:56.000Z,2026-07-30T23:50:56.000Z,17,17
HCP0082,83,42,25,15,0.6000,1,0,0.0000,42,211.82,2026-08-07T09:16:20.000Z,2026-08-07T09:16:20.000Z,9,9
HCP0084,61,26,16,12,0.7500,5,2,0.4000,26,177.31,2026-08-03T17:41:56.000Z,2026-06-14T17:53:26.000Z,63,13
HCP0122,27,18,7,2,0.2857,0,0,0.0000,18,149.63,2026-07-31T21:42:46.000Z,2026-07-11T21:15:04.000Z,36,16
HCP0154,100,45,30,16,0.5333,7,2,0.2857,45,271.82,2026-08-14T20:54:18.000Z,2026-08-14T20:54:18.000Z,2,2
HCP0167,63,30,17,12,0.7059,3,1,0.3333,30,251.86,2026-08-08T12:11:29.000Z,2026-08-08T12:11:29.000Z,8,8
HCP0207,59,33,18,7,0.3889,1,0,0.0000,33,231.46,2026-08-14T12:50:48.000Z,2026-08-10T05:00:46.000Z,6,2
HCP0211,46,20,14,9,0.6429,2,1,0.5000,20,269.63,2026-08-10T23:52:16.000Z,2026-08-10T23:52:16.000Z,6,6
HCP0246,43,24,8,8,1.0000,2,1,0.5000,24,264.3,2026-08-14T13:20:04.000Z,2026-08-12T03:42:17.000Z,4,2
HCP0257,82,36,23,19,0.8261,2,2,1.0000,36,283.85,2026-08-14T08:30:49.000Z,2026-08-14T08:30:49.000Z,2,2
HCP0298,67,29,21,11,0.5238,4,2,0.5000,29,240.01,2026-08-13T01:05:23.000Z,2026-08-13T01:05:23.000Z,3,3
HCP0326,30,15,8,5,0.6250,1,1,1.0000,15,225.03,2026-08-09T03:24:02.000Z,2026-08-09T03:24:02.000Z,7,7
HCP0330,46,31,9,6,0.6667,0,0,0.0000,31,192.89,2026-07-30T12:10:49.000Z,2026-07-23T03:25:07.000Z,24,17
HCP0338,34,16,11,6,0.5455,1,0,0.0000,16,200.03,2026-08-04T18:27:01.000Z,2026-08-04T18:27:01.000Z,12,12
HCP0364,77,35,27,13,0.4815,1,1,1.0000,35,256.6,2026-07-27T23:13:44.000Z,2026-07-27T23:13:44.000Z,20,20
HCP0370,24,16,6,2,0.3333,0,0,0.0000,16,176.88,2026-08-11T18:40:56.000Z,2026-08-11T18:40:56.000Z,5,5
HCP0374,65,39,19,3,0.1579,3,1,0.3333,39,222.62,2026-07-28T03:24:00.000Z,2026-07-28T03:24:00.000Z,19,19
HCP0388,81,42,23,8,0.3478,4,4,1.0000,42,266.11,2026-08-11T16:47:26.000Z,2026-08-07T17:27:33.000Z,9,5
HCP0389,30,21,5,3,0.6000,1,0,0.0000,21,195.4,2026-08-07T20:07:59.000Z,2026-07-20T17:16:17.000Z,27,9
HCP0404,30,16,7,3,0.4286,2,2,1.0000,16,227.37,2026-08-08T19:13:16.000Z,2026-08-08T19:13:16.000Z,8,8
HCP0427,33,20,7,5,0.7143,1,0,0.0000,20,228.27,2026-08-02T15:03:58.000Z,2026-07-17T10:27:29.000Z,30,14
HCP0445,50,25,16,5,0.3125,3,1,0.3333,25,264.7,2026-08-04T07:35:07.000Z,2026-08-04T07:35:07.000Z,12,12
HCP0450,36,18,11,6,0.5455,1,0,0.0000,18,231.89,2026-07-28T08:15:19.000Z,2026-07-28T08:15:19.000Z,19,19
HCP0453,59,28,17,6,0.3529,5,3,0.6000,28,250.63,2026-08-12T05:06:19.000Z,2026-08-12T05:06:19.000Z,4,4
HCP0461,45,25,10,2,0.2000,5,3,0.6000,25,226.89,2026-08-13T17:24:12.000Z,2026-08-13T17:24:12.000Z,3,3
HCP0472,19,12,3,2,0.6667,2,0,0.0000,12,172.21,2026-05-28T08:25:18.000Z,2026-03-30T22:09:15.000Z,139,80
HCP0532,80,38,23,12,0.5217,5,2,0.4000,38,188.39,2026-08-11T15:26:23.000Z,2026-08-11T15:26:23.000Z,5,5
HCP0580,48,22,13,9,0.6923,3,1,0.3333,22,250.96,2026-08-06T09:59:59.000Z,2026-08-06T09:59:59.000Z,10,10
HCP0595,45,20,12,8,0.6667,3,2,0.6667,20,231.93,2026-08-11T20:00:56.000Z,2026-07-29T16:30:34.000Z,18,5
HCP0641,62,30,13,9,0.6923,5,5,1.0000,30,238.65,2026-08-04T16:12:53.000Z,2026-08-04T16:12:53.000Z,12,12
HCP0647,59,31,21,7,0.3333,0,0,0.0000,31,209.2,2026-07-30T09:06:08.000Z,2026-07-30T09:06:08.000Z,17,17
HCP0670,33,18,8,5,0.6250,1,1,1.0000,18,268.18,2026-07-20T09:12:57.000Z,2026-07-20T09:12:57.000Z,27,27
HCP0687,87,41,23,15,0.6522,5,3,0.6000,41,212.8,2026-08-11T06:38:13.000Z,2026-08-11T06:38:13.000Z,5,5
HCP0726,82,34,24,15,0.6250,6,3,0.5000,34,240.66,2026-08-02T07:18:13.000Z,2026-07-31T04:35:37.000Z,16,14
HCP0732,29,16,6,6,1.0000,1,0,0.0000,16,207.97,2026-07-11T15:34:41.000Z,2026-06-07T13:47:59.000Z,70,36
HCP0736,48,28,12,5,0.4167,2,1,0.5000,28,144.69,2026-08-11T16:17:39.000Z,2026-07-12T08:02:14.000Z,35,5
HCP0737,42,17,10,6,0.6000,5,4,0.8000,17,275.12,2026-08-06T07:28:46.000Z,2026-08-06T07:28:46.000Z,10,10
HCP0748,89,37,26,14,0.5385,7,5,0.7143,37,229.31,2026-08-14T14:30:09.000Z,2026-08-14T14:30:09.000Z,2,2
HCP0774,29,16,7,6,0.8571,0,0,0.0000,16,236.24,2026-08-09T18:30:55.000Z,2026-08-09T18:30:55.000Z,7,7
HCP0781,82,41,24,8,0.3333,5,4,0.8000,41,245.34,2026-08-10T13:05:26.000Z,2026-08-01T19:29:22.000Z,15,6
HCP0799,74,34,21,11,0.5238,4,4,1.0000,34,221.54,2026-08-12T07:51:49.000Z,2026-08-12T07:51:49.000Z,4,4
HCP0813,56,28,16,11,0.6875,1,0,0.0000,28,218.93,2026-08-12T15:36:10.000Z,2026-08-12T15:36:10.000Z,4,4
HCP0867,60,28,14,14,1.0000,2,2,1.0000,28,248.3,2026-08-11T19:54:27.000Z,2026-08-11T19:54:27.000Z,5,5
HCP0882,37,24,10,3,0.3000,0,0,0.0000,24,216.89,2026-08-12T22:20:04.000Z,2026-08-12T18:21:17.000Z,4,4
HCP0895,48,25,11,8,0.7273,3,1,0.3333,25,192.77,2026-08-09T19:17:40.000Z,2026-08-09T19:17:40.000Z,7,7
HCP0931,47,33,10,3,0.3000,1,0,0.0000,33,205.0,2026-07-12T18:56:01.000Z,2026-07-11T05:32:09.000Z,36,35
HCP0986,64,33,16,9,0.5625,4,2,0.5000,33,205.05,2026-08-05T08:13:40.000Z,2026-08-05T08:13:40.000Z,11,11
HCP1004,50,30,13,6,0.4615,1,0,0.0000,30,231.7,2026-08-12T06:09:12.000Z,2026-07-29T15:11:51.000Z,18,4
HCP1005,44,22,13,8,0.6154,1,0,0.0000,22,194.32,2026-07-28T04:28:28.000Z,2026-07-27T09:16:26.000Z,20,19
HCP1013,93,42,29,13,0.4483,7,2,0.2857,42,190.57,2026-08-13T13:28:05.000Z,2026-08-13T13:28:05.000Z,3,3
HCP1039,82,40,22,15,0.6818,3,2,0.6667,40,229.1,2026-08-14T11:09:18.000Z,2026-08-14T11:09:18.000Z,2,2
HCP1124,24,13,7,4,0.5714,0,0,0.0000,13,276.67,2026-08-12T12:09:29.000Z,2026-08-12T12:09:29.000Z,4,4
HCP1132,70,29,23,13,0.5652,4,1,0.2500,29,258.06,2026-08-08T09:38:24.000Z,2026-08-08T09:38:24.000Z,8,8
HCP1136,107,42,34,23,0.6765,5,3,0.6000,42,272.07,2026-08-13T07:54:38.000Z,2026-08-13T07:54:38.000Z,3,3
HCP1152,45,20,15,4,0.2667,4,2,0.5000,20,241.27,2026-07-28T00:15:40.000Z,2026-07-28T00:15:40.000Z,19,19
HCP1159,44,22,13,8,0.6154,1,0,0.0000,22,186.66,2026-08-08T12:00:30.000Z,2026-08-04T20:08:24.000Z,12,8
HCP1169,87,40,27,13,0.4815,5,2,0.4000,40,232.34,2026-08-05T01:35:43.000Z,2026-08-05T01:35:43.000Z,11,11
HCP1176,24,14,4,3,0.7500,3,0,0.0000,14,237.04,2026-08-03T04:01:05.000Z,2026-08-03T04:01:05.000Z,13,13
HCP1186,36,17,9,6,0.6667,3,1,0.3333,17,169.25,2026-08-03T11:01:51.000Z,2026-08-03T11:01:51.000Z,13,13
HCP1194,83,39,27,17,0.6296,0,0,0.0000,39,290.81,2026-08-10T19:34:40.000Z,2026-08-10T19:34:40.000Z,6,6
HCP1202,54,23,19,11,0.5789,1,0,0.0000,23,228.46,2026-08-05T10:02:13.000Z,2026-08-05T10:02:13.000Z,11,11
HCP1209,51,30,9,7,0.7778,3,2,0.6667,30,234.06,2026-08-07T00:56:09.000Z,2026-07-07T20:55:41.000Z,40,9
HCP1216,90,40,25,16,0.6400,5,4,0.8000,40,216.92,2026-08-14T21:32:56.000Z,2026-08-14T21:32:56.000Z,2,2
HCP1219,56,35,15,3,0.2000,3,0,0.0000,35,216.89,2026-08-09T14:47:05.000Z,2026-08-09T14:47:05.000Z,7,7
HCP1222,49,24,14,6,0.4286,3,2,0.6667,24,272.16,2026-08-10T20:33:03.000Z,2026-08-10T20:33:03.000Z,6,6
HCP1225,36,20,11,4,0.3636,1,0,0.0000,20,288.81,2026-07-24T14:03:00.000Z,2026-07-24T14:03:00.000Z,23,23
HCP1234,116,51,34,19,0.5588,7,5,0.7143,51,272.58,2026-08-12T20:29:29.000Z,2026-08-12T19:56:46.000Z,4,4
HCP1252,31,15,9,6,0.6667,1,0,0.0000,15,237.19,2026-08-11T03:41:40.000Z,2026-08-05T11:45:25.000Z,11,5
HCP1259,43,21,9,10,1.1111,2,1,0.5000,21,199.33,2026-08-01T22:54:34.000Z,2026-08-01T22:54:34.000Z,15,15
HCP1261,43,27,12,3,0.2500,1,0,0.0000,27,145.26,2026-08-09T16:25:09.000Z,2026-07-19T06:56:31.000Z,28,7
HCP1286,45,28,11,5,0.4545,1,0,0.0000,28,180.67,2026-08-07T13:11:00.000Z,2026-08-07T13:11:00.000Z,9,9
HCP1292,53,32,12,6,0.5000,2,1,0.5000,32,180.98,2026-08-05T04:43:12.000Z,2026-08-05T04:43:12.000Z,11,11
HCP1308,33,20,7,5,0.7143,1,0,0.0000,20,198.27,2026-07-28T19:18:45.000Z,2026-07-28T19:18:45.000Z,19,19
HCP1370,62,26,16,14,0.8750,3,3,1.0000,26,242.52,2026-08-14T13:49:59.000Z,2026-08-14T13:49:59.000Z,2,2
HCP1387,46,22,16,7,0.4375,1,0,0.0000,22,246.5,2026-08-10T10:04:32.000Z,2026-08-10T10:04:32.000Z,6,6
HCP1400,54,28,14,8,0.5714,3,1,0.3333,28,250.0,2026-08-11T03:13:35.000Z,2026-07-25T23:43:38.000Z,22,5
HCP1406,62,27,20,8,0.4000,4,3,0.7500,27,349.61,2026-08-14T00:38:33.000Z,2026-08-14T00:38:33.000Z,2,2
HCP1407,17,13,3,0,0.0000,1,0,0.0000,13,152.88,2026-08-09T23:56:49.000Z,2026-08-09T23:56:49.000Z,7,7
HCP1439,24,13,6,3,0.5000,2,0,0.0000,13,190.38,2026-06-18T12:32:57.000Z,2026-06-14T20:33:37.000Z,63,59
HCP1442,27,15,8,3,0.3750,1,0,0.0000,15,244.52,2026-07-31T01:04:24.000Z,2026-07-25T18:39:56.000Z,22,16
HCP1466,74,40,20,11,0.5500,2,1,0.5000,40,205.61,2026-08-11T07:28:17.000Z,2026-08-11T07:28:17.000Z,5,5
HCP1478,23,16,4,3,0.7500,0,0,0.0000,16,194.57,2026-08-14T05:44:24.000Z,2026-06-27T16:14:17.000Z,50,2
HCP1484,58,29,16,11,0.6875,2,0,0.0000,29,225.09,2026-08-05T18:12:38.000Z,2026-07-24T07:28:00.000Z,23,11
HCP1488,52,25,16,8,0.5000,2,1,0.5000,25,211.04,2026-08-14T18:50:11.000Z,2026-08-14T18:50:11.000Z,2,2
HCP1494,32,19,10,2,0.2000,1,0,0.0000,19,200.66,2026-07-21T07:45:24.000Z,2026-07-21T07:45:24.000Z,26,26
HCP1504,23,12,5,3,0.6000,2,1,0.5000,12,222.17,2026-08-06T12:57:33.000Z,2026-08-06T12:57:33.000Z,10,10
HCP1520,33,16,10,7,0.7000,0,0,0.0000,16,245.36,2026-08-12T11:11:58.000Z,2026-08-12T11:11:58.000Z,4,4
HCP1535,95,41,33,18,0.5455,2,1,0.5000,41,233.53,2026-08-14T03:16:44.000Z,2026-08-14T03:16:44.000Z,2,2
HCP1589,42,21,10,8,0.8000,3,0,0.0000,21,243.0,2026-07-31T03:41:51.000Z,2026-07-31T03:41:51.000Z,16,16
HCP1607,99,48,30,15,0.5000,4,2,0.5000,48,221.31,2026-08-14T09:44:55.000Z,2026-08-14T09:44:55.000Z,2,2
HCP1619,72,32,20,14,0.7000,4,2,0.5000,32,236.22,2026-08-13T13:15:03.000Z,2026-08-04T14:38:39.000Z,12,3
HCP1620,51,27,12,10,0.8333,1,1,1.0000,27,196.43,2026-08-10T04:47:48.000Z,2026-08-10T04:47:48.000Z,6,6
HCP1623,34,25,6,2,0.3333,1,0,0.0000,25,153.32,2026-08-12T14:55:41.000Z,2026-08-12T14:55:41.000Z,4,4
HCP1639,36,22,10,4,0.4000,0,0,0.0000,22,218.81,2026-08-04T03:58:54.000Z,2026-08-04T03:58:54.000Z,12,12
HCP1640,98,46,26,17,0.6538,5,4,0.8000,46,252.52,2026-08-08T22:45:44.000Z,2026-08-03T18:05:17.000Z,13,8
HCP1673,44,19,12,9,0.7500,2,2,1.0000,19,230.05,2026-08-11T16:40:58.000Z,2026-08-11T05:49:20.000Z,5,5
HCP1676,49,32,13,4,0.3077,0,0,0.0000,32,197.24,2026-08-12T17:10:16.000Z,2026-08-12T17:10:16.000Z,4,4
HCP1709,69,37,16,12,0.7500,3,1,0.3333,37,190.51,2026-08-10T13:40:33.000Z,2026-08-07T01:51:32.000Z,9,6
HCP1716,60,29,14,7,0.5000,7,3,0.4286,29,213.4,2026-08-10T11:57:01.000Z,2026-08-10T11:57:01.000Z,6,6
HCP1726,96,43,32,17,0.5313,3,1,0.3333,43,247.08,2026-08-09T09:46:47.000Z,2026-08-09T09:46:47.000Z,7,7
HCP1735,64,31,15,14,0.9333,2,2,1.0000,31,211.97,2026-08-09T08:21:55.000Z,2026-08-09T08:21:55.000Z,7,7
HCP1737,20,12,6,2,0.3333,0,0,0.0000,12,240.0,2026-08-01T12:11:59.000Z,2026-07-14T11:53:02.000Z,33,15
HCP1745,92,44,32,11,0.3438,3,2,0.6667,44,227.54,2026-08-14T19:55:19.000Z,2026-08-14T19:55:19.000Z,2,2
HCP1747,83,41,25,14,0.5600,2,1,0.5000,41,240.18,2026-08-10T15:39:28.000Z,2026-08-10T15:39:28.000Z,6,6
HCP1754,61,32,15,11,0.7333,2,1,0.5000,32,212.67,2026-07-27T02:48:48.000Z,2026-07-27T02:48:48.000Z,20,20
HCP1768,46,19,13,7,0.5385,5,2,0.4000,19,313.39,2026-07-14T11:27:24.000Z,2026-07-14T11:27:24.000Z,33,33
HCP1777,46,20,16,5,0.3125,3,2,0.6667,20,303.61,2026-08-07T10:12:26.000Z,2026-08-07T10:12:26.000Z,9,9
HCP1797,37,24,6,6,1.0000,1,0,0.0000,24,171.78,2026-08-10T15:12:10.000Z,2026-08-10T15:12:10.000Z,6,6
HCP1806,99,42,35,19,0.5429,2,1,0.5000,42,250.68,2026-08-05T23:12:31.000Z,2026-08-05T23:12:31.000Z,11,11
HCP1835,53,23,14,11,0.7857,3,2,0.6667,23,248.57,2026-08-01T22:46:42.000Z,2026-08-01T22:46:42.000Z,15,15
HCP1840,67,29,18,13,0.7222,5,2,0.4000,29,302.36,2026-08-14T09:18:41.000Z,2026-08-14T09:18:41.000Z,2,2
HCP1920,67,29,22,10,0.4545,4,2,0.5000,29,240.94,2026-07-25T18:36:45.000Z,2026-07-25T18:36:45.000Z,22,22
HCP0012,25,15,8,2,0.2500,0,0,0.0000,15,267.8,2026-07-29T23:05:28.000Z,2026-07-29T23:05:28.000Z,18,18
HCP0015,71,31,21,14,0.6667,3,2,0.6667,31,232.01,2026-08-11T08:55:50.000Z,2026-08-11T08:55:50.000Z,5,5
HCP0034,34,25,7,1,0.1429,1,0,0.0000,25,188.76,2026-08-14T17:41:56.000Z,2026-06-08T10:30:18.000Z,69,2
HCP0058,52,27,17,6,0.3529,1,1,1.0000,27,203.62,2026-08-13T10:29:31.000Z,2026-08-13T10:29:31.000Z,3,3
HCP0062,65,29,22,14,0.6364,0,0,0.0000,29,282.17,2026-08-06T15:56:02.000Z,2026-08-06T15:56:02.000Z,10,10
HCP0085,70,36,24,10,0.4167,0,0,0.0000,36,273.6,2026-08-08T04:49:07.000Z,2026-08-08T04:49:07.000Z,8,8
HCP0088,17,11,6,0,0.0000,0,0,0.0000,11,267.88,2026-08-03T10:33:48.000Z,2026-08-03T10:33:48.000Z,13,13
HCP0103,25,13,8,2,0.2500,1,1,1.0000,13,200.28,2026-06-30T00:52:00.000Z,2026-06-30T00:52:00.000Z,47,47
HCP0128,20,11,5,4,0.8000,0,0,0.0000,11,163.85,2026-07-20T03:28:53.000Z,2026-07-20T03:28:53.000Z,27,27
HCP0142,26,17,9,0,0.0000,0,0,0.0000,17,166.65,2026-07-15T04:07:19.000Z,2026-07-15T04:07:19.000Z,32,32
HCP0159,61,30,23,8,0.3478,0,0,0.0000,30,210.02,2026-08-11T03:07:55.000Z,2026-08-11T03:07:55.000Z,5,5
HCP0160,22,12,8,2,0.2500,0,0,0.0000,12,154.91,2026-08-11T11:15:09.000Z,2026-08-11T11:15:09.000Z,5,5
HCP0176,45,25,13,5,0.3846,1,1,1.0000,25,207.53,2026-08-12T07:56:11.000Z,2026-08-12T07:56:11.000Z,4,4
HCP0190,52,25,17,7,0.4118,2,1,0.5000,25,220.71,2026-08-09T10:28:07.000Z,2026-08-09T10:28:07.000Z,7,7
HCP0192,39,23,14,2,0.1429,0,0,0.0000,23,149.28,2026-08-11T01:07:01.000Z,2026-07-27T03:49:58.000Z,20,5
HCP0202,27,15,7,5,0.7143,0,0,0.0000,15,201.78,2026-08-10T14:42:39.000Z,2026-08-10T14:42:39.000Z,6,6
HCP0285,49,24,12,11,0.9167,1,1,1.0000,24,258.08,2026-07-07T10:34:38.000Z,2026-07-07T10:34:38.000Z,40,40
HCP0301,85,40,24,13,0.5417,6,2,0.3333,40,247.6,2026-08-12T09:26:21.000Z,2026-08-12T09:26:21.000Z,4,4
HCP0308,28,13,8,5,0.6250,1,1,1.0000,13,222.04,2026-07-24T05:17:05.000Z,2026-07-24T05:17:05.000Z,23,23
HCP0322,88,43,26,14,0.5385,5,0,0.0000,43,253.94,2026-08-10T00:59:03.000Z,2026-08-10T00:59:03.000Z,6,6
HCP0327,39,17,11,7,0.6364,2,2,1.0000,17,316.26,2026-08-09T08:22:31.000Z,2026-08-09T08:22:31.000Z,7,7
HCP0332,83,38,24,15,0.6250,5,1,0.2000,38,279.19,2026-08-13T14:36:34.000Z,2026-08-03T05:49:39.000Z,13,3
HCP0337,40,19,14,5,0.3571,2,0,0.0000,19,288.6,2026-07-24T01:03:19.000Z,2026-07-24T01:03:19.000Z,23,23
HCP0363,35,15,9,7,0.7778,2,2,1.0000,15,351.26,2026-07-08T18:26:00.000Z,2026-07-05T15:13:46.000Z,42,39
HCP0384,55,25,18,7,0.3889,4,1,0.2500,25,268.75,2026-07-28T07:32:34.000Z,2026-07-27T06:38:34.000Z,20,19
HCP0385,32,20,9,3,0.3333,0,0,0.0000,20,185.78,2026-08-07T08:14:19.000Z,2026-08-07T08:14:19.000Z,9,9
HCP0386,43,22,11,6,0.5455,2,2,1.0000,22,235.14,2026-08-04T11:30:24.000Z,2026-08-04T11:30:24.000Z,12,12
HCP0391,46,21,11,8,0.7273,4,2,0.5000,21,255.09,2026-08-04T18:31:13.000Z,2026-08-04T18:31:13.000Z,12,12
HCP0396,27,13,9,4,0.4444,1,0,0.0000,13,197.15,2026-08-13T22:00:40.000Z,2026-08-13T22:00:40.000Z,3,3
HCP0413,61,31,18,8,0.4444,2,2,1.0000,31,216.18,2026-08-14T16:04:41.000Z,2026-08-14T16:04:41.000Z,2,2
HCP0417,24,13,5,4,0.8000,1,1,1.0000,13,235.79,2026-08-05T09:18:46.000Z,2026-08-05T09:18:46.000Z,11,11
HCP0492,65,28,20,8,0.4000,5,4,0.8000,28,235.46,2026-07-20T06:19:40.000Z,2026-07-20T06:19:40.000Z,27,27
HCP0505,48,25,13,8,0.6154,2,0,0.0000,25,264.71,2026-08-12T06:19:27.000Z,2026-08-12T06:19:27.000Z,4,4
HCP0511,56,29,18,6,0.3333,2,1,0.5000,29,168.18,2026-08-05T07:01:36.000Z,2026-08-05T07:01:36.000Z,11,11
HCP0535,49,20,15,7,0.4667,4,3,0.7500,20,270.78,2026-08-13T12:55:56.000Z,2026-08-13T12:55:56.000Z,3,3
HCP0572,76,39,21,14,0.6667,2,0,0.0000,39,234.92,2026-08-14T14:21:16.000Z,2026-08-14T14:21:16.000Z,2,2
HCP0583,50,21,15,12,0.8000,1,1,1.0000,21,252.78,2026-07-16T17:05:11.000Z,2026-07-16T17:05:11.000Z,31,31
HCP0599,82,38,26,15,0.5769,2,1,0.5000,38,230.45,2026-07-27T01:24:04.000Z,2026-07-27T01:24:04.000Z,20,20
HCP0603,115,50,36,15,0.4167,8,6,0.7500,50,275.72,2026-08-11T11:19:22.000Z,2026-08-11T11:19:22.000Z,5,5
HCP0607,49,27,10,9,0.9000,2,1,0.5000,27,340.55,2026-07-28T17:12:03.000Z,2026-07-27T08:24:27.000Z,20,19
HCP0614,47,30,8,7,0.8750,2,0,0.0000,30,181.94,2026-08-11T16:28:22.000Z,2026-07-25T01:46:28.000Z,22,5
HCP0643,59,35,16,6,0.3750,1,1,1.0000,35,216.02,2026-08-13T00:17:53.000Z,2026-08-02T01:34:50.000Z,14,3
HCP0646,20,13,3,2,0.6667,1,1,1.0000,13,125.2,2026-07-30T00:49:21.000Z,2026-03-23T11:25:14.000Z,146,17
HCP0684,12,9,1,2,2.0000,0,0,0.0000,9,123.33,2026-06-18T14:42:45.000Z,2026-06-18T14:42:45.000Z,59,59
HCP0690,39,28,8,2,0.2500,1,0,0.0000,28,177.33,2026-08-01T18:11:48.000Z,2026-07-31T12:23:03.000Z,16,15
HCP0716,48,29,12,6,0.5000,1,0,0.0000,29,185.75,2026-08-08T10:37:16.000Z,2026-06-10T07:09:49.000Z,67,8
HCP0727,54,27,15,7,0.4667,4,1,0.2500,27,186.85,2026-08-05T15:44:58.000Z,2026-08-05T15:44:58.000Z,11,11
HCP0747,51,34,11,1,0.0909,4,1,0.2500,34,228.08,2026-08-12T20:27:32.000Z,2026-08-10T03:06:56.000Z,6,4
HCP0786,33,18,7,7,1.0000,1,0,0.0000,18,214.79,2026-07-30T17:14:43.000Z,2026-07-30T17:14:43.000Z,17,17
HCP0804,53,25,20,6,0.3000,1,1,1.0000,25,198.47,2026-08-11T18:09:21.000Z,2026-08-11T18:09:21.000Z,5,5
HCP0827,20,12,5,3,0.6000,0,0,0.0000,12,212.55,2026-08-08T10:10:00.000Z,2026-06-30T11:05:10.000Z,47,8
HCP0842,69,30,22,9,0.4091,5,3,0.6000,30,266.07,2026-08-14T12:05:54.000Z,2026-08-14T12:05:54.000Z,2,2
HCP0871,62,35,21,5,0.2381,1,0,0.0000,35,208.27,2026-08-12T19:04:27.000Z,2026-07-20T22:04:52.000Z,27,4
HCP0878,38,19,11,5,0.4545,2,1,0.5000,19,218.58,2026-08-03T00:54:21.000Z,2026-07-28T16:28:30.000Z,19,13
HCP0883,83,38,30,9,0.3000,3,3,1.0000,38,260.99,2026-08-12T11:23:07.000Z,2026-08-12T11:23:07.000Z,4,4
HCP0887,21,10,6,3,0.5000,1,1,1.0000,10,204.95,2026-07-25T22:59:34.000Z,2026-07-18T00:28:34.000Z,29,22
HCP0905,94,44,23,18,0.7826,6,3,0.5000,44,175.27,2026-08-10T03:05:04.000Z,2026-08-10T03:05:04.000Z,6,6
HCP0908,39,18,15,6,0.4000,0,0,0.0000,18,277.74,2026-08-05T07:35:30.000Z,2026-08-05T07:35:30.000Z,11,11
HCP0928,44,27,11,3,0.2727,3,0,0.0000,27,186.09,2026-07-30T08:26:18.000Z,2026-07-11T08:01:42.000Z,36,17
HCP0940,29,18,6,3,0.5000,2,0,0.0000,18,208.76,2026-08-04T07:51:48.000Z,2026-08-04T07:51:48.000Z,12,12
HCP0958,45,24,13,6,0.4615,2,0,0.0000,24,136.22,2026-08-10T23:44:14.000Z,2026-08-10T23:44:14.000Z,6,6
HCP0968,56,25,17,9,0.5294,3,2,0.6667,25,310.16,2026-08-13T05:46:54.000Z,2026-08-13T05:46:54.000Z,3,3
HCP0972,39,22,10,7,0.7000,0,0,0.0000,22,233.87,2026-08-13T07:44:54.000Z,2026-08-13T07:44:54.000Z,3,3
HCP0976,76,36,20,15,0.7500,3,2,0.6667,36,222.14,2026-08-10T15:21:34.000Z,2026-08-10T15:21:34.000Z,6,6
HCP1006,80,34,27,12,0.4444,4,3,0.7500,34,229.13,2026-08-13T14:52:45.000Z,2026-08-12T01:04:12.000Z,4,3
HCP1011,55,31,16,6,0.3750,2,0,0.0000,31,222.16,2026-08-09T21:49:56.000Z,2026-08-09T21:49:56.000Z,7,7
HCP1017,80,33,22,19,0.8636,4,2,0.5000,33,207.7,2026-07-30T13:49:17.000Z,2026-07-30T13:49:17.000Z,17,17
HCP1076,100,46,28,18,0.6429,6,2,0.3333,46,274.72,2026-08-12T09:48:07.000Z,2026-08-12T09:48:07.000Z,4,4
HCP1081,72,38,19,10,0.5263,4,1,0.2500,38,242.58,2026-08-06T18:37:50.000Z,2026-07-25T22:21:59.000Z,22,10
HCP1109,69,38,17,9,0.5294,3,2,0.6667,38,188.04,2026-08-08T07:03:01.000Z,2026-08-08T07:03:01.000Z,8,8
HCP1113,90,43,32,13,0.4063,2,0,0.0000,43,203.0,2026-08-13T16:11:22.000Z,2026-08-13T16:11:22.000Z,3,3
HCP1114,25,14,9,1,0.1111,1,0,0.0000,14,214.68,2026-08-07T02:13:36.000Z,2026-08-07T02:13:36.000Z,9,9
HCP1141,88,40,24,14,0.5833,6,4,0.6667,40,213.2,2026-08-12T14:31:30.000Z,2026-08-12T14:31:30.000Z,4,4
HCP1146,82,34,24,10,0.4167,9,5,0.5556,34,283.2,2026-08-02T05:46:57.000Z,2026-07-27T03:23:33.000Z,20,14
HCP1170,40,19,12,9,0.7500,0,0,0.0000,19,189.2,2026-08-08T06:26:21.000Z,2026-06-10T07:28:03.000Z,67,8
HCP1179,50,30,13,4,0.3077,2,1,0.5000,30,224.7,2026-07-20T19:39:43.000Z,2026-07-20T19:39:43.000Z,27,27
HCP1193,17,13,1,2,2.0000,1,0,0.0000,13,173.71,2026-07-31T22:23:39.000Z,2026-06-08T10:44:21.000Z,69,16
HCP1195,55,28,15,10,0.6667,2,0,0.0000,28,249.16,2026-08-13T01:33:52.000Z,2026-08-13T01:33:52.000Z,3,3
HCP1198,79,41,23,14,0.6087,1,0,0.0000,41,185.65,2026-08-13T16:17:04.000Z,2026-08-06T16:23:49.000Z,10,3
HCP1210,71,33,19,15,0.7895,3,1,0.3333,33,208.8,2026-08-10T10:15:12.000Z,2026-08-10T10:15:12.000Z,6,6
HCP1215,52,23,18,10,0.5556,1,0,0.0000,23,335.62,2026-08-13T12:46:01.000Z,2026-08-13T12:46:01.000Z,3,3
HCP1217,30,17,10,3,0.3000,0,0,0.0000,17,215.0,2026-08-10T10:51:04.000Z,2026-08-07T00:19:35.000Z,9,6
HCP1218,74,35,22,11,0.5000,4,2,0.5000,35,217.8,2026-08-14T15:04:08.000Z,2026-08-14T15:04:08.000Z,2,2
HCP1220,109,47,31,22,0.7097,6,3,0.5000,47,256.41,2026-08-14T20:48:07.000Z,2026-08-14T20:48:07.000Z,2,2
HCP1251,59,31,14,11,0.7857,2,1,0.5000,31,246.64,2026-08-12T21:41:08.000Z,2026-08-12T21:41:08.000Z,4,4
HCP1267,60,28,18,10,0.5556,2,2,1.0000,28,194.7,2026-07-26T21:01:27.000Z,2026-07-26T21:01:27.000Z,21,21
HCP1316,102,47,28,23,0.8214,3,1,0.3333,47,216.39,2026-08-04T12:24:55.000Z,2026-08-04T12:24:55.000Z,12,12
HCP1350,28,15,10,1,0.1000,2,0,0.0000,15,179.89,2026-08-14T18:36:55.000Z,2026-08-09T15:25:11.000Z,7,2
HCP1373,24,13,7,4,0.5714,0,0,0.0000,13,211.58,2026-08-01T17:02:49.000Z,2026-08-01T17:02:49.000Z,15,15
HCP1408,38,21,10,6,0.6000,1,0,0.0000,21,228.74,2026-06-12T00:55:19.000Z,2026-06-12T00:55:19.000Z,65,65
HCP1423,83,39,23,16,0.6957,3,2,0.6667,39,237.49,2026-08-14T17:34:37.000Z,2026-08-08T06:33:49.000Z,8,2
HCP1440,58,33,13,8,0.6154,3,1,0.3333,33,198.79,2026-08-08T04:45:16.000Z,2026-08-07T02:48:19.000Z,9,8
HCP1455,31,19,9,2,0.2222,1,0,0.0000,19,225.9,2026-08-06T00:06:23.000Z,2026-08-06T00:06:23.000Z,10,10
HCP1513,27,17,4,6,1.5000,0,0,0.0000,17,209.22,2026-08-10T12:51:09.000Z,2026-07-07T18:27:08.000Z,40,6
HCP1516,21,12,5,3,0.6000,1,0,0.0000,12,219.52,2026-08-07T11:19:11.000Z,2026-08-07T11:19:11.000Z,9,9
HCP1528,72,38,17,17,1.0000,0,0,0.0000,38,239.15,2026-08-08T05:30:46.000Z,2026-08-08T05:30:46.000Z,8,8
HCP1542,67,29,20,14,0.7000,2,2,1.0000,29,196.48,2026-08-09T09:53:23.000Z,2026-08-09T09:53:23.000Z,7,7
HCP1561,27,16,5,5,1.0000,1,0,0.0000,16,202.44,2026-08-12T19:09:54.000Z,2026-08-12T19:09:54.000Z,4,4
HCP1563,57,32,11,7,0.6364,5,2,0.4000,32,181.35,2026-08-12T14:53:46.000Z,2026-08-12T14:53:46.000Z,4,4
HCP1582,40,21,12,7,0.5833,0,0,0.0000,21,239.2,2026-08-08T00:03:05.000Z,2026-07-11T02:35:24.000Z,36,8
HCP1594,23,11,8,2,0.2500,1,1,1.0000,11,191.39,2026-08-12T14:23:08.000Z,2026-06-18T17:29:28.000Z,59,4
HCP1626,75,35,24,13,0.5417,2,1,0.5000,35,229.73,2026-07-28T09:25:23.000Z,2026-07-28T09:25:23.000Z,19,19
HCP1643,82,38,26,11,0.4231,5,2,0.4000,38,238.82,2026-08-10T17:48:29.000Z,2026-08-10T17:48:29.000Z,6,6
HCP1648,28,14,9,5,0.5556,0,0,0.0000,14,191.54,2026-08-10T15:19:28.000Z,2026-08-10T15:19:28.000Z,6,6
HCP1649,77,35,24,15,0.6250,2,1,0.5000,35,229.65,2026-07-24T23:20:09.000Z,2026-07-24T23:20:09.000Z,23,23
HCP1662,85,38,23,16,0.6957,6,2,0.3333,38,223.98,2026-08-13T23:23:38.000Z,2026-08-13T23:23:38.000Z,3,3
HCP1708,34,16,8,6,0.7500,3,1,0.3333,16,265.29,2026-06-18T03:18:04.000Z,2026-06-18T03:18:04.000Z,59,59
HCP1715,22,15,5,2,0.4000,0,0,0.0000,15,211.32,2026-08-12T06:03:11.000Z,2026-07-24T23:36:01.000Z,23,4
HCP1723,26,16,8,2,0.2500,0,0,0.0000,16,185.27,2026-07-23T03:17:29.000Z,2026-07-23T03:17:29.000Z,24,24
HCP1741,62,30,17,13,0.7647,1,1,1.0000,30,191.56,2026-08-08T16:20:43.000Z,2026-08-08T16:20:43.000Z,8,8
HCP1836,37,16,11,7,0.6364,2,1,0.5000,16,191.35,2026-08-10T14:53:13.000Z,2026-07-09T05:29:30.000Z,38,6
HCP1838,61,34,14,11,0.7857,1,1,1.0000,34,186.3,2026-08-01T16:14:24.000Z,2026-08-01T16:14:24.000Z,15,15
HCP1842,60,24,20,10,0.5000,4,2,0.5000,24,301.22,2026-08-06T01:57:31.000Z,2026-08-06T01:57:31.000Z,10,10
HCP1869,31,16,9,4,0.4444,1,1,1.0000,16,270.84,2026-07-25T17:56:39.000Z,2026-07-14T07:35:22.000Z,33,22
HCP1906,79,38,25,9,0.3600,4,3,0.7500,38,210.63,2026-08-05T07:05:27.000Z,2026-08-05T07:05:27.000Z,11,11
HCP1918,22,16,2,2,1.0000,1,1,1.0000,16,216.36,2026-08-02T11:11:37.000Z,2026-08-02T11:11:37.000Z,14,14
HCP1925,44,21,13,8,0.6154,2,0,0.0000,21,255.57,2026-08-09T17:05:26.000Z,2026-08-09T17:05:26.000Z,7,7
HCP1942,25,14,7,4,0.5714,0,0,0.0000,14,179.12,2026-08-14T06:47:56.000Z,2026-08-13T09:47:34.000Z,3,2
HCP1968,33,17,10,4,0.4000,2,0,0.0000,17,210.79,2026-08-14T05:07:19.000Z,2026-08-14T05:07:19.000Z,2,2
HCP1981,79,39,20,11,0.5500,6,3,0.5000,39,225.96,2026-08-08T23:22:34.000Z,2026-08-08T23:22:34.000Z,8,8
HCP1984,54,23,14,11,0.7857,5,1,0.2000,23,309.22,2026-08-06T17:51:33.000Z,2026-08-06T17:51:33.000Z,10,10
HCP1988,54,26,16,10,0.6250,2,0,0.0000,26,210.04,2026-08-14T07:55:02.000Z,2026-08-14T07:55:02.000Z,2,2
HCP1994,57,25,14,12,0.8571,3,3,1.0000,25,147.28,2026-08-12T08:41:32.000Z,2026-08-12T08:41:32.000Z,4,4
HCP1998,22,13,5,1,0.2000,2,1,0.5000,13,255.55,2026-08-13T13:25:31.000Z,2026-07-05T12:39:33.000Z,42,3
HCP0032,49,23,15,10,0.6667,1,0,0.0000,23,199.92,2026-08-10T11:27:05.000Z,2026-08-10T11:27:05.000Z,6,6
HCP0035,70,36,20,13,0.6500,1,0,0.0000,36,263.7,2026-08-14T21:39:50.000Z,2026-08-14T21:39:50.000Z,2,2
HCP0039,88,41,24,20,0.8333,3,0,0.0000,41,290.35,2026-08-02T21:24:03.000Z,2026-07-04T14:35:08.000Z,43,14
HCP0049,24,17,5,1,0.2000,1,0,0.0000,17,195.5,2026-07-17T11:37:21.000Z,2026-07-04T19:11:06.000Z,43,30
HCP0063,46,24,11,10,0.9091,1,0,0.0000,24,180.48,2026-08-11T18:06:12.000Z,2026-08-11T18:06:12.000Z,5,5
HCP0067,19,11,7,1,0.1429,0,0,0.0000,11,178.37,2026-08-04T23:22:24.000Z,2026-08-04T23:22:24.000Z,12,12
HCP0080,65,35,19,8,0.4211,2,1,0.5000,35,204.35,2026-08-13T20:52:32.000Z,2026-08-13T20:52:32.000Z,3,3
HCP0104,38,18,8,6,0.7500,3,3,1.0000,18,231.11,2026-08-02T12:19:29.000Z,2026-06-28T21:30:33.000Z,49,14
HCP0105,121,52,37,26,0.7027,4,2,0.5000,52,279.04,2026-08-13T21:06:17.000Z,2026-08-13T21:06:17.000Z,3,3
HCP0116,115,46,36,22,0.6111,7,4,0.5714,46,313.52,2026-08-13T01:03:16.000Z,2026-08-13T01:03:16.000Z,3,3
HCP0139,50,32,9,8,0.8889,1,0,0.0000,32,257.14,2026-08-08T07:57:38.000Z,2026-07-24T00:01:41.000Z,23,8
HCP0148,57,32,15,7,0.4667,2,1,0.5000,32,208.79,2026-08-13T16:22:09.000Z,2026-08-05T22:38:57.000Z,11,3
HCP0195,87,37,23,20,0.8696,4,3,0.7500,37,229.76,2026-08-02T07:30:48.000Z,2026-08-02T07:30:48.000Z,14,14
HCP0219,79,33,24,14,0.5833,4,4,1.0000,33,268.76,2026-08-10T19:52:57.000Z,2026-08-04T21:28:22.000Z,12,6
HCP0248,71,32,23,16,0.6957,0,0,0.0000,32,202.8,2026-07-31T11:54:43.000Z,2026-07-31T11:54:43.000Z,16,16
HCP0254,38,21,11,5,0.4545,1,0,0.0000,21,170.32,2026-08-10T03:23:26.000Z,2026-08-10T03:23:26.000Z,6,6
HCP0292,66,34,15,11,0.7333,3,3,1.0000,34,194.2,2026-08-11T00:33:44.000Z,2026-08-11T00:33:44.000Z,5,5
HCP0300,62,24,15,15,1.0000,5,3,0.6000,24,290.73,2026-08-05T11:25:08.000Z,2026-08-05T11:25:08.000Z,11,11
HCP0305,102,48,30,14,0.4667,6,4,0.6667,48,247.44,2026-08-11T08:34:36.000Z,2026-07-31T17:53:40.000Z,16,5
HCP0319,91,41,29,15,0.5172,4,2,0.5000,41,220.2,2026-08-08T02:22:48.000Z,2026-08-08T02:22:48.000Z,8,8
HCP0320,59,28,13,15,1.1538,2,1,0.5000,28,208.81,2026-07-14T08:47:59.000Z,2026-07-08T23:51:02.000Z,39,33
HCP0325,31,17,10,4,0.4000,0,0,0.0000,17,197.32,2026-07-23T06:51:26.000Z,2026-07-23T06:51:26.000Z,24,24
HCP0376,83,41,26,12,0.4615,2,2,1.0000,41,302.14,2026-08-01T07:37:52.000Z,2026-07-13T01:09:04.000Z,34,15
HCP0383,72,32,23,14,0.6087,2,1,0.5000,32,232.13,2026-07-30T20:01:36.000Z,2026-07-30T20:01:36.000Z,17,17
HCP0390,33,16,5,8,1.6000,2,2,1.0000,16,257.36,2026-07-24T09:44:57.000Z,2026-07-24T09:44:57.000Z,23,23
HCP0397,43,23,11,5,0.4545,2,2,1.0000,23,233.84,2026-08-11T21:24:31.000Z,2026-08-11T21:24:31.000Z,5,5
HCP0400,40,22,12,6,0.5000,0,0,0.0000,22,200.8,2026-08-03T02:12:29.000Z,2026-08-03T02:12:29.000Z,13,13
HCP0406,20,11,4,5,1.2500,0,0,0.0000,11,201.85,2026-08-09T05:45:30.000Z,2026-07-18T02:17:59.000Z,29,7
HCP0408,105,48,26,24,0.9231,4,3,0.7500,48,244.59,2026-08-09T15:19:05.000Z,2026-08-04T03:22:25.000Z,12,7
HCP0416,21,14,4,2,0.5000,1,0,0.0000,14,136.95,2026-06-07T01:05:22.000Z,2026-06-07T01:05:22.000Z,70,70
HCP0433,70,34,16,13,0.8125,6,1,0.1667,34,280.89,2026-08-11T00:41:27.000Z,2026-08-11T00:41:27.000Z,5,5
HCP0456,94,43,28,17,0.6071,5,1,0.2000,43,222.98,2026-08-03T14:06:30.000Z,2026-08-03T14:06:30.000Z,13,13
HCP0495,27,16,7,2,0.2857,2,0,0.0000,16,183.48,2026-08-08T05:15:08.000Z,2026-08-08T05:15:08.000Z,8,8
HCP0500,58,27,16,13,0.8125,1,1,1.0000,27,263.95,2026-08-14T18:29:38.000Z,2026-08-14T18:29:38.000Z,2,2
HCP0512,47,27,15,4,0.2667,1,0,0.0000,27,172.89,2026-08-10T13:05:02.000Z,2026-08-10T13:05:02.000Z,6,6
HCP0560,84,39,19,23,1.2105,3,0,0.0000,39,212.1,2026-08-14T12:07:38.000Z,2026-07-28T18:41:02.000Z,19,2
HCP0573,21,13,4,4,1.0000,0,0,0.0000,13,147.33,2026-08-06T06:08:14.000Z,2026-08-06T06:08:14.000Z,10,10
HCP0601,33,15,9,4,0.4444,3,2,0.6667,15,235.36,2026-08-02T17:09:04.000Z,2026-08-02T17:09:04.000Z,14,14
HCP0616,48,27,11,5,0.4545,3,2,0.6667,27,165.75,2026-08-10T17:32:24.000Z,2026-08-10T17:32:24.000Z,6,6
HCP0621,58,33,15,9,0.6000,1,0,0.0000,33,158.17,2026-08-07T17:41:51.000Z,2026-08-07T17:41:51.000Z,9,9
HCP0649,34,20,8,3,0.3750,2,1,0.5000,20,132.44,2026-08-12T15:38:58.000Z,2026-08-04T23:23:18.000Z,12,4
HCP0688,70,32,21,10,0.4762,5,2,0.4000,32,215.57,2026-07-29T02:39:39.000Z,2026-07-29T02:39:39.000Z,18,18
HCP0699,81,40,24,13,0.5417,3,1,0.3333,40,195.04,2026-08-08T16:45:27.000Z,2026-08-08T16:45:27.000Z,8,8
HCP0729,34,19,8,3,0.3750,2,2,1.0000,19,199.47,2026-07-29T05:01:18.000Z,2026-07-29T05:01:18.000Z,18,18
HCP0762,42,23,10,7,0.7000,2,0,0.0000,23,202.67,2026-08-12T17:36:39.000Z,2026-06-25T20:40:28.000Z,52,4
HCP0807,56,26,15,9,0.6000,3,3,1.0000,26,223.45,2026-08-08T23:44:49.000Z,2026-08-08T23:44:49.000Z,8,8
HCP0815,45,25,11,8,0.7273,1,0,0.0000,25,258.91,2026-08-11T20:26:40.000Z,2026-08-11T20:26:40.000Z,5,5
HCP0832,76,39,19,13,0.6842,4,1,0.2500,39,234.72,2026-08-11T12:48:39.000Z,2026-08-11T12:48:39.000Z,5,5
HCP0856,28,15,7,4,0.5714,1,1,1.0000,15,240.04,2026-08-02T18:39:18.000Z,2026-08-02T18:39:18.000Z,14,14
HCP0863,82,32,23,17,0.7391,6,4,0.6667,32,281.26,2026-08-14T08:42:15.000Z,2026-08-13T21:32:19.000Z,3,2
HCP0866,80,35,20,13,0.6500,8,4,0.5000,35,278.06,2026-08-09T01:30:25.000Z,2026-08-08T10:52:41.000Z,8,7
HCP0868,48,22,17,5,0.2941,4,0,0.0000,22,231.54,2026-08-05T04:57:43.000Z,2026-08-05T04:57:43.000Z,11,11
HCP0877,70,36,21,11,0.5238,1,1,1.0000,36,238.97,2026-08-12T02:35:33.000Z,2026-08-12T02:35:33.000Z,4,4
HCP0893,53,23,14,8,0.5714,6,2,0.3333,23,257.45,2026-07-28T17:14:23.000Z,2026-07-28T17:14:23.000Z,19,19
HCP0910,37,17,10,6,0.6000,3,1,0.3333,17,211.49,2026-08-07T13:25:22.000Z,2026-05-27T10:20:35.000Z,81,9
HCP0919,45,23,15,5,0.3333,1,1,1.0000,23,316.62,2026-08-08T08:34:07.000Z,2026-07-29T17:25:26.000Z,18,8
HCP0948,72,38,17,16,0.9412,1,0,0.0000,38,224.63,2026-08-11T02:26:36.000Z,2026-08-11T02:26:36.000Z,5,5
HCP0967,104,43,28,20,0.7143,8,5,0.6250,43,274.23,2026-08-12T11:28:55.000Z,2026-08-09T22:16:27.000Z,7,4
HCP0977,49,26,11,8,0.7273,3,1,0.3333,26,119.35,2026-08-12T22:53:02.000Z,2026-06-15T18:54:54.000Z,62,4
HCP0999,56,23,20,13,0.6500,0,0,0.0000,23,224.5,2026-08-13T19:40:52.000Z,2026-08-13T19:40:52.000Z,3,3
HCP1026,40,24,13,3,0.2308,0,0,0.0000,24,181.0,2026-08-07T09:53:45.000Z,2026-08-07T09:53:45.000Z,9,9
HCP1032,90,38,26,18,0.6923,4,4,1.0000,38,270.37,2026-08-01T16:32:34.000Z,2026-08-01T16:32:34.000Z,15,15
HCP1044,82,40,24,14,0.5833,4,0,0.0000,40,221.15,2026-08-14T11:58:24.000Z,2026-08-14T11:58:24.000Z,2,2
HCP1049,58,23,18,12,0.6667,3,2,0.6667,23,281.9,2026-08-11T12:31:48.000Z,2026-08-11T12:31:48.000Z,5,5
HCP1092,16,11,3,2,0.6667,0,0,0.0000,11,214.31,2026-07-27T23:43:02.000Z,2026-07-27T23:43:02.000Z,20,20
HCP1099,68,32,22,8,0.3636,4,2,0.5000,32,271.32,2026-08-14T07:56:22.000Z,2026-08-14T07:56:22.000Z,2,2
HCP1116,33,18,10,2,0.2000,2,1,0.5000,18,227.64,2026-07-29T14:10:41.000Z,2026-07-11T16:17:23.000Z,36,18
HCP1118,62,27,21,7,0.3333,5,2,0.4000,27,260.06,2026-08-12T05:56:34.000Z,2026-08-12T05:56:34.000Z,4,4
HCP1123,80,38,22,11,0.5000,6,3,0.5000,38,286.06,2026-08-14T04:52:48.000Z,2026-08-14T04:52:48.000Z,2,2
HCP1128,90,41,26,11,0.4231,7,5,0.7143,41,250.88,2026-08-07T00:14:24.000Z,2026-08-07T00:14:24.000Z,9,9
HCP1129,29,15,9,5,0.5556,0,0,0.0000,15,220.93,2026-08-06T15:32:41.000Z,2026-08-06T15:32:41.000Z,10,10
HCP1147,89,42,24,20,0.8333,2,1,0.5000,42,237.39,2026-08-11T11:56:55.000Z,2026-08-11T11:56:55.000Z,5,5
HCP1150,35,17,11,7,0.6364,0,0,0.0000,17,279.14,2026-08-04T19:39:07.000Z,2026-08-04T19:39:07.000Z,12,12
HCP1157,83,41,24,10,0.4167,5,3,0.6000,41,205.78,2026-08-13T12:57:58.000Z,2026-08-13T12:57:58.000Z,3,3
HCP1165,40,20,10,7,0.7000,2,1,0.5000,20,236.78,2026-08-12T01:48:45.000Z,2026-08-12T01:48:45.000Z,4,4
HCP1168,47,25,11,9,0.8182,1,1,1.0000,25,165.51,2026-08-09T03:28:52.000Z,2026-07-06T20:06:17.000Z,41,7
HCP1182,62,34,16,10,0.6250,1,1,1.0000,34,240.32,2026-08-07T17:59:15.000Z,2026-07-12T10:48:41.000Z,35,9
HCP1204,69,34,22,10,0.4545,3,0,0.0000,34,199.14,2026-08-14T06:55:28.000Z,2026-08-14T06:55:28.000Z,2,2
HCP1237,80,39,25,11,0.4400,3,2,0.6667,39,246.9,2026-08-12T10:29:08.000Z,2026-08-12T10:29:08.000Z,4,4
HCP1246,38,23,10,5,0.5000,0,0,0.0000,23,140.92,2026-07-19T20:43:26.000Z,2026-07-19T20:43:26.000Z,28,28
HCP1250,52,28,15,6,0.4000,2,1,0.5000,28,188.73,2026-08-09T18:38:06.000Z,2026-08-07T22:54:38.000Z,9,7
HCP1272,55,23,20,11,0.5500,1,0,0.0000,23,249.53,2026-07-09T23:04:32.000Z,2026-07-08T02:44:27.000Z,39,38
HCP1274,42,18,11,8,0.7273,3,2,0.6667,18,221.0,2026-08-12T15:00:37.000Z,2026-08-12T15:00:37.000Z,4,4
HCP1277,31,17,7,6,0.8571,1,0,0.0000,17,224.26,2026-08-04T15:15:24.000Z,2026-07-30T14:51:31.000Z,17,12
HCP1281,46,26,11,8,0.7273,1,0,0.0000,26,212.87,2026-08-07T18:27:39.000Z,2026-08-05T13:11:15.000Z,11,9
HCP1298,45,23,15,5,0.3333,2,0,0.0000,23,196.36,2026-08-13T02:59:45.000Z,2026-08-13T02:59:45.000Z,3,3
HCP1304,53,30,15,5,0.3333,2,1,0.5000,30,178.7,2026-07-22T09:46:42.000Z,2026-07-19T08:55:26.000Z,28,25
HCP1310,79,35,24,7,0.2917,7,6,0.8571,35,222.9,2026-08-08T21:41:15.000Z,2026-08-08T21:41:15.000Z,8,8
HCP1324,90,41,29,13,0.4483,5,2,0.4000,41,247.1,2026-08-14T13:32:14.000Z,2026-08-10T13:56:32.000Z,6,2
HCP1338,76,40,24,9,0.3750,2,1,0.5000,40,217.41,2026-08-12T02:25:05.000Z,2026-08-12T02:25:05.000Z,4,4
HCP1402,51,30,11,8,0.7273,2,0,0.0000,30,185.84,2026-08-14T12:28:14.000Z,2026-08-14T12:28:14.000Z,2,2
HCP1456,77,39,25,11,0.4400,1,1,1.0000,39,237.66,2026-08-10T16:22:26.000Z,2026-08-10T16:22:26.000Z,6,6
HCP1470,32,16,8,7,0.8750,1,0,0.0000,16,192.47,2026-08-01T19:43:17.000Z,2026-08-01T19:43:17.000Z,15,15
HCP1498,41,21,11,9,0.8182,0,0,0.0000,21,247.41,2026-07-27T09:49:16.000Z,2026-07-27T09:49:16.000Z,20,20
HCP1565,71,33,24,13,0.5417,1,0,0.0000,33,221.07,2026-08-06T06:08:25.000Z,2026-08-06T06:08:25.000Z,10,10
HCP1573,97,43,33,13,0.3939,5,3,0.6000,43,223.79,2026-08-14T09:03:07.000Z,2026-08-14T09:03:07.000Z,2,2
HCP1578,73,31,20,13,0.6500,6,3,0.5000,31,263.71,2026-08-14T13:11:10.000Z,2026-08-14T13:11:10.000Z,2,2
HCP1591,19,12,4,3,0.7500,0,0,0.0000,12,245.47,2026-08-09T11:03:42.000Z,2026-06-24T14:39:04.000Z,53,7
HCP1604,57,29,16,10,0.6250,1,1,1.0000,29,260.89,2026-08-14T17:51:45.000Z,2026-08-14T17:51:45.000Z,2,2
HCP1636,40,18,11,7,0.6364,2,2,1.0000,18,285.65,2026-08-12T16:12:01.000Z,2026-08-12T16:12:01.000Z,4,4
HCP1644,67,35,17,11,0.6471,4,0,0.0000,35,220.43,2026-08-02T14:13:13.000Z,2026-08-02T14:13:13.000Z,14,14
HCP1666,43,22,10,9,0.9000,1,1,1.0000,22,167.74,2026-08-09T15:57:26.000Z,2026-08-09T15:57:26.000Z,7,7
HCP1685,52,26,15,6,0.4000,3,2,0.6667,26,210.6,2026-07-18T14:38:07.000Z,2026-07-15T07:16:28.000Z,32,29
HCP1692,72,37,16,11,0.6875,4,4,1.0000,37,231.38,2026-08-07T16:05:44.000Z,2026-08-07T16:05:44.000Z,9,9
HCP1717,40,19,13,6,0.4615,1,1,1.0000,19,232.45,2026-08-14T10:58:10.000Z,2026-08-14T10:58:10.000Z,2,2
HCP1757,17,10,6,1,0.1667,0,0,0.0000,10,211.47,2026-07-29T22:35:28.000Z,2026-07-24T17:38:48.000Z,23,18
HCP1770,42,22,12,5,0.4167,2,1,0.5000,22,200.69,2026-07-19T18:24:13.000Z,2026-07-19T18:24:13.000Z,28,28
HCP1784,36,16,11,5,0.4545,2,2,1.0000,16,176.5,2026-08-12T16:22:16.000Z,2026-05-29T17:45:26.000Z,79,4
HCP1798,69,36,20,10,0.5000,3,0,0.0000,36,196.25,2026-08-09T21:22:21.000Z,2026-08-09T21:22:21.000Z,7,7
HCP1803,58,28,17,9,0.5294,2,2,1.0000,28,306.22,2026-08-09T10:40:49.000Z,2026-08-09T09:46:18.000Z,7,7
HCP1817,42,22,14,2,0.1429,3,1,0.3333,22,237.19,2026-08-03T05:47:09.000Z,2026-08-03T05:47:09.000Z,13,13
HCP1820,31,15,7,6,0.8571,2,1,0.5000,15,294.23,2026-07-19T19:50:57.000Z,2026-07-19T19:50:57.000Z,28,28
HCP1821,77,38,26,9,0.3462,2,2,1.0000,38,230.51,2026-08-12T03:46:24.000Z,2026-08-12T03:46:24.000Z,4,4
HCP1829,23,13,5,5,1.0000,0,0,0.0000,13,210.96,2026-07-30T09:04:35.000Z,2026-07-14T07:58:11.000Z,33,17
HCP1833,37,20,10,7,0.7000,0,0,0.0000,20,263.68,2026-08-11T19:35:23.000Z,2026-08-03T23:57:00.000Z,13,5
HCP1837,55,28,19,7,0.3684,1,0,0.0000,28,233.02,2026-08-07T05:20:25.000Z,2026-08-07T05:20:25.000Z,9,9
HCP1857,44,20,12,6,0.5000,4,2,0.5000,20,250.23,2026-07-30T10:58:25.000Z,2026-07-30T10:58:25.000Z,17,17
HCP1877,30,13,10,3,0.3000,3,1,0.3333,13,217.8,2026-07-19T03:17:27.000Z,2026-07-19T03:17:27.000Z,28,28
HCP1889,28,14,7,5,0.7143,1,1,1.0000,14,231.29,2026-07-24T19:14:59.000Z,2026-07-24T19:14:59.000Z,23,23
HCP1900,61,36,15,4,0.2667,4,2,0.5000,36,232.67,2026-08-12T20:16:10.000Z,2026-08-10T10:53:16.000Z,6,4
HCP1904,47,27,10,9,0.9000,1,0,0.0000,27,249.62,2026-08-07T13:03:52.000Z,2026-07-10T19:38:07.000Z,37,9
HCP1916,65,39,13,11,0.8462,1,1,1.0000,39,207.43,2026-08-08T01:06:32.000Z,2026-08-08T01:06:32.000Z,8,8
HCP1975,77,35,23,15,0.6522,3,1,0.3333,35,282.48,2026-08-13T14:43:12.000Z,2026-08-13T14:43:12.000Z,3,3
HCP1979,42,28,11,1,0.0909,1,1,1.0000,28,196.24,2026-08-05T06:40:20.000Z,2026-08-05T06:40:20.000Z,11,11
HCP1993,30,16,12,2,0.1667,0,0,0.0000,16,162.5,2026-08-12T09:28:07.000Z,2026-08-12T09:28:07.000Z,4,4
HCP0008,71,36,22,8,0.3636,4,1,0.2500,36,247.94,2026-08-06T09:29:02.000Z,2026-08-05T20:41:41.000Z,11,10
HCP0011,72,38,18,9,0.5000,4,3,0.7500,38,216.11,2026-08-12T22:37:09.000Z,2026-08-12T22:37:09.000Z,4,4
HCP0030,58,30,19,7,0.3684,1,1,1.0000,30,214.26,2026-08-06T08:58:48.000Z,2026-08-04T18:46:23.000Z,12,10
HCP0037,33,20,9,4,0.4444,0,0,0.0000,20,256.06,2026-08-06T13:47:08.000Z,2026-08-06T13:47:08.000Z,10,10
HCP0054,36,17,8,4,0.5000,4,3,0.7500,17,164.44,2026-08-10T21:18:50.000Z,2026-08-05T02:55:26.000Z,11,6
HCP0075,86,43,29,11,0.3793,2,1,0.5000,43,209.22,2026-08-08T11:52:36.000Z,2026-08-08T11:17:15.000Z,8,8
HCP0076,61,31,15,9,0.6000,4,2,0.5000,31,202.57,2026-08-10T12:51:10.000Z,2026-08-10T12:51:10.000Z,6,6
HCP0118,38,20,12,6,0.5000,0,0,0.0000,20,222.08,2026-07-10T14:39:28.000Z,2026-07-10T14:39:28.000Z,37,37
HCP0119,25,14,7,4,0.5714,0,0,0.0000,14,202.36,2026-07-14T17:59:44.000Z,2026-07-14T17:59:44.000Z,33,33
HCP0166,61,37,15,6,0.4000,3,0,0.0000,37,173.56,2026-08-09T17:28:25.000Z,2026-08-09T17:28:25.000Z,7,7
HCP0214,59,28,19,11,0.5789,1,0,0.0000,28,284.15,2026-08-11T01:36:06.000Z,2026-08-11T01:36:06.000Z,5,5
HCP0222,35,18,11,6,0.5455,0,0,0.0000,18,182.23,2026-08-06T20:12:15.000Z,2026-08-03T11:22:23.000Z,13,10
HCP0276,47,26,14,5,0.3571,1,1,1.0000,26,196.36,2026-08-05T07:28:04.000Z,2026-07-02T03:15:02.000Z,45,11
HCP0278,27,14,7,4,0.5714,2,0,0.0000,14,160.33,2026-08-14T23:53:15.000Z,2026-08-14T23:53:15.000Z,2,2
HCP0315,24,16,7,1,0.1429,0,0,0.0000,16,161.04,2026-07-24T15:31:37.000Z,2026-07-24T15:31:37.000Z,23,23
HCP0350,36,23,6,6,1.0000,1,0,0.0000,23,199.78,2026-08-14T06:56:20.000Z,2026-08-14T06:56:20.000Z,2,2
HCP0351,100,41,31,19,0.6129,5,4,0.8000,41,268.07,2026-08-11T15:45:46.000Z,2026-08-11T15:45:46.000Z,5,5
HCP0381,56,31,15,10,0.6667,0,0,0.0000,31,220.54,2026-08-14T04:02:03.000Z,2026-08-14T04:02:03.000Z,2,2
HCP0387,51,29,13,6,0.4615,2,1,0.5000,29,232.49,2026-08-04T11:30:47.000Z,2026-08-04T11:30:47.000Z,12,12
HCP0411,73,35,21,17,0.8095,0,0,0.0000,35,278.33,2026-08-14T10:07:34.000Z,2026-08-14T10:07:34.000Z,2,2
HCP0412,48,22,18,7,0.3889,1,0,0.0000,22,312.06,2026-08-11T03:30:04.000Z,2026-08-11T03:30:04.000Z,5,5
HCP0425,71,36,22,6,0.2727,5,2,0.4000,36,227.94,2026-08-13T01:18:40.000Z,2026-08-13T01:18:40.000Z,3,3
HCP0443,53,27,15,7,0.4667,3,1,0.3333,27,203.55,2026-08-13T12:28:21.000Z,2026-08-13T12:28:21.000Z,3,3
HCP0460,34,20,9,5,0.5556,0,0,0.0000,20,179.12,2026-07-27T17:03:19.000Z,2026-07-27T17:03:19.000Z,20,20
HCP0465,40,16,10,8,0.8000,4,2,0.5000,16,289.93,2026-07-24T02:55:42.000Z,2026-07-24T02:55:42.000Z,23,23
HCP0475,42,26,12,3,0.2500,1,0,0.0000,26,178.74,2026-07-30T05:59:59.000Z,2026-07-23T18:47:37.000Z,24,17
HCP0483,113,49,30,29,0.9667,3,2,0.6667,49,291.92,2026-08-11T00:02:25.000Z,2026-08-11T00:02:25.000Z,5,5
HCP0551,92,35,29,19,0.6552,5,4,0.8000,35,247.85,2026-07-25T01:10:42.000Z,2026-07-25T01:10:42.000Z,22,22
HCP0557,43,25,10,7,0.7000,1,0,0.0000,25,185.28,2026-08-14T08:36:23.000Z,2026-08-14T00:46:11.000Z,2,2
HCP0562,88,44,23,12,0.5217,5,4,0.8000,44,230.69,2026-08-14T00:59:48.000Z,2026-08-11T12:41:57.000Z,5,2
HCP0578,114,48,32,21,0.6563,9,4,0.4444,48,245.07,2026-08-06T02:46:08.000Z,2026-08-06T02:46:08.000Z,10,10
HCP0632,25,13,7,5,0.7143,0,0,0.0000,13,188.0,2026-08-14T18:46:19.000Z,2026-08-14T18:46:19.000Z,2,2
HCP0648,24,12,8,4,0.5000,0,0,0.0000,12,241.75,2026-08-08T03:52:11.000Z,2026-08-08T03:52:11.000Z,8,8
HCP0704,46,21,11,9,0.8182,3,2,0.6667,21,206.0,2026-08-07T14:58:19.000Z,2026-08-07T14:58:19.000Z,9,9
HCP0710,27,14,8,4,0.5000,1,0,0.0000,14,180.93,2026-08-06T18:20:43.000Z,2026-06-29T05:17:54.000Z,48,10
HCP0719,23,12,7,4,0.5714,0,0,0.0000,12,230.74,2026-08-10T18:35:27.000Z,2026-08-10T18:35:27.000Z,6,6
HCP0724,28,14,8,4,0.5000,1,1,1.0000,14,269.0,2026-07-20T14:59:28.000Z,2026-07-20T14:59:28.000Z,27,27
HCP0741,69,36,18,11,0.6111,2,2,1.0000,36,222.2,2026-08-14T04:06:03.000Z,2026-08-14T04:06:03.000Z,2,2
HCP0787,70,34,23,10,0.4348,2,1,0.5000,34,303.74,2026-08-14T12:20:38.000Z,2026-06-28T09:10:39.000Z,49,2
HCP0791,46,25,15,5,0.3333,1,0,0.0000,25,199.93,2026-08-13T20:15:44.000Z,2026-08-13T20:15:44.000Z,3,3
HCP0805,47,24,10,5,0.5000,6,2,0.3333,24,181.6,2026-08-09T10:39:32.000Z,2026-08-09T10:39:32.000Z,7,7
HCP0879,97,39,32,18,0.5625,5,3,0.6000,39,260.31,2026-08-06T06:36:47.000Z,2026-08-06T06:36:47.000Z,10,10
HCP0880,45,21,12,8,0.6667,3,1,0.3333,21,211.49,2026-08-12T20:07:40.000Z,2026-08-12T20:07:40.000Z,4,4
HCP0884,22,12,6,3,0.5000,1,0,0.0000,12,185.41,2026-08-14T19:00:18.000Z,2026-06-02T09:31:57.000Z,75,2
HCP0909,40,16,15,5,0.3333,3,1,0.3333,16,262.18,2026-08-11T21:57:20.000Z,2026-08-11T21:57:20.000Z,5,5
HCP0914,24,12,7,5,0.7143,0,0,0.0000,12,223.21,2026-08-03T14:15:04.000Z,2026-08-03T14:15:04.000Z,13,13
HCP0934,45,20,14,6,0.4286,4,1,0.2500,20,181.31,2026-08-06T07:20:13.000Z,2026-08-06T07:20:13.000Z,10,10
HCP0936,50,27,13,6,0.4615,3,1,0.3333,27,186.14,2026-08-07T20:24:59.000Z,2026-08-07T20:24:59.000Z,9,9
HCP0942,66,30,21,9,0.4286,3,3,1.0000,30,286.55,2026-08-14T08:32:29.000Z,2026-08-14T08:32:29.000Z,2,2
HCP0953,32,17,9,4,0.4444,1,1,1.0000,17,210.09,2026-08-03T04:52:48.000Z,2026-08-03T04:52:48.000Z,13,13
HCP0979,30,20,6,4,0.6667,0,0,0.0000,20,148.2,2026-08-14T21:44:39.000Z,2026-08-13T06:34:45.000Z,3,2
HCP1018,63,35,16,6,0.3750,3,3,1.0000,35,223.68,2026-08-10T05:48:29.000Z,2026-07-27T22:27:40.000Z,20,6
HCP1057,32,22,7,3,0.4286,0,0,0.0000,22,132.34,2026-08-14T13:43:45.000Z,2026-07-21T18:07:51.000Z,26,2
HCP1075,74,27,22,15,0.6818,6,4,0.6667,27,269.95,2026-08-08T05:28:33.000Z,2026-08-08T05:28:33.000Z,8,8
HCP1083,81,37,27,16,0.5926,1,0,0.0000,37,268.9,2026-07-23T16:01:20.000Z,2026-07-22T21:04:14.000Z,25,24
HCP1101,37,20,9,5,0.5556,2,1,0.5000,20,217.16,2026-07-20T11:13:41.000Z,2026-07-20T11:13:41.000Z,27,27
HCP1110,42,21,11,8,0.7273,1,1,1.0000,21,189.67,2026-08-13T18:36:09.000Z,2026-07-31T07:41:23.000Z,16,3
HCP1145,44,25,8,8,1.0000,3,0,0.0000,25,203.86,2026-08-10T12:04:12.000Z,2026-08-08T20:50:50.000Z,8,6
HCP1158,66,34,24,8,0.3333,0,0,0.0000,34,207.09,2026-08-14T05:22:44.000Z,2026-08-10T20:56:31.000Z,6,2
HCP1164,82,40,26,10,0.3846,5,1,0.2000,40,222.77,2026-08-13T05:08:55.000Z,2026-08-13T05:08:55.000Z,3,3
HCP1175,40,29,9,2,0.2222,0,0,0.0000,29,181.98,2026-08-06T12:00:20.000Z,2026-08-05T20:33:42.000Z,11,10
HCP1181,63,36,17,7,0.4118,2,1,0.5000,36,201.73,2026-08-07T21:14:14.000Z,2026-08-07T21:14:14.000Z,9,9
HCP1196,69,34,16,12,0.7500,6,1,0.1667,34,217.93,2026-08-06T15:06:12.000Z,2026-08-06T15:06:12.000Z,10,10
HCP1212,55,28,15,9,0.6000,2,1,0.5000,28,238.78,2026-08-08T07:35:20.000Z,2026-08-08T03:24:10.000Z,8,8
HCP1275,27,16,6,3,0.5000,1,1,1.0000,16,154.22,2026-08-10T02:28:23.000Z,2026-06-02T17:44:15.000Z,75,6
HCP1313,43,23,13,6,0.4615,1,0,0.0000,23,185.49,2026-08-13T00:27:37.000Z,2026-08-13T00:27:37.000Z,3,3
HCP1330,29,14,10,4,0.4000,1,0,0.0000,14,286.21,2026-08-07T07:35:10.000Z,2026-08-07T07:35:10.000Z,9,9
HCP1351,63,32,15,8,0.5333,5,3,0.6000,32,180.4,2026-08-14T11:36:10.000Z,2026-07-28T05:31:04.000Z,19,2
HCP1360,52,31,14,3,0.2143,3,1,0.3333,31,167.37,2026-08-01T15:33:01.000Z,2026-07-30T10:31:20.000Z,17,15
HCP1364,59,26,19,10,0.5263,4,0,0.0000,26,233.31,2026-08-02T20:50:46.000Z,2026-08-02T20:50:46.000Z,14,14
HCP1365,45,23,13,7,0.5385,1,1,1.0000,23,247.2,2026-08-10T05:50:09.000Z,2026-08-10T05:50:09.000Z,6,6
HCP1367,32,19,6,5,0.8333,1,1,1.0000,19,186.44,2026-07-21T10:16:14.000Z,2026-07-21T10:16:14.000Z,26,26
HCP1377,57,32,17,8,0.4706,0,0,0.0000,32,240.04,2026-08-04T13:35:48.000Z,2026-08-04T13:35:48.000Z,12,12
HCP1388,65,30,22,13,0.5909,0,0,0.0000,30,237.4,2026-08-13T17:55:27.000Z,2026-08-13T17:55:27.000Z,3,3
HCP1389,66,37,17,8,0.4706,4,0,0.0000,37,210.65,2026-08-07T16:42:33.000Z,2026-08-05T03:01:07.000Z,11,9
HCP1415,12,8,2,2,1.0000,0,0,0.0000,8,127.83,2026-07-22T14:20:14.000Z,2026-06-24T22:23:41.000Z,53,25
HCP1449,73,37,16,13,0.8125,4,3,0.7500,37,223.82,2026-08-04T04:30:10.000Z,2026-07-26T22:11:57.000Z,21,12
HCP1467,94,42,28,21,0.7500,3,0,0.0000,42,302.22,2026-08-03T08:18:12.000Z,2026-08-03T08:18:12.000Z,13,13
HCP1483,18,12,4,1,0.2500,1,0,0.0000,12,197.33,2026-07-12T10:37:50.000Z,2026-05-26T06:10:15.000Z,82,35
HCP1487,75,37,23,13,0.5652,1,1,1.0000,37,199.27,2026-07-31T00:30:59.000Z,2026-07-05T14:50:35.000Z,42,16
HCP1503,51,30,14,5,0.3571,2,0,0.0000,30,192.71,2026-08-13T16:17:21.000Z,2026-08-13T10:36:25.000Z,3,3
HCP1532,63,30,20,13,0.6500,0,0,0.0000,30,217.68,2026-08-12T21:32:04.000Z,2026-08-12T21:32:04.000Z,4,4
HCP1540,63,25,18,14,0.7778,4,2,0.5000,25,220.84,2026-08-08T01:32:34.000Z,2026-08-08T01:32:34.000Z,8,8
HCP1544,47,28,13,6,0.4615,0,0,0.0000,28,201.55,2026-08-14T01:07:10.000Z,2026-08-14T01:07:10.000Z,2,2
HCP1574,45,23,12,6,0.5000,3,1,0.3333,23,222.58,2026-08-09T13:04:45.000Z,2026-08-05T13:28:47.000Z,11,7
HCP1587,24,13,5,4,0.8000,1,1,1.0000,13,214.67,2026-08-04T16:22:51.000Z,2026-07-02T20:32:20.000Z,45,12
HCP1609,27,13,7,6,0.8571,1,0,0.0000,13,243.85,2026-08-14T19:56:17.000Z,2026-08-14T19:56:17.000Z,2,2
HCP1621,50,23,17,10,0.5882,0,0,0.0000,23,241.38,2026-08-11T02:30:59.000Z,2026-07-30T00:55:15.000Z,17,5
HCP1630,95,41,31,15,0.4839,5,3,0.6000,41,240.58,2026-08-11T21:37:09.000Z,2026-08-11T21:37:09.000Z,5,5
HCP1645,34,18,9,5,0.5556,1,1,1.0000,18,191.38,2026-08-06T10:16:34.000Z,2026-07-26T22:42:31.000Z,21,10
HCP1656,87,40,22,15,0.6818,6,4,0.6667,40,235.31,2026-08-13T02:36:59.000Z,2026-08-13T02:36:59.000Z,3,3
HCP1675,59,28,16,10,0.6250,4,1,0.2500,28,299.73,2026-08-13T17:02:56.000Z,2026-08-13T17:02:56.000Z,3,3
HCP1679,53,29,15,4,0.2667,4,1,0.2500,29,217.51,2026-08-02T07:21:37.000Z,2026-08-02T07:21:37.000Z,14,14
HCP1696,80,40,23,15,0.6522,1,1,1.0000,40,229.76,2026-08-14T23:39:01.000Z,2026-08-14T23:39:01.000Z,2,2
HCP1711,91,45,26,14,0.5385,3,3,1.0000,45,257.02,2026-08-13T15:29:51.000Z,2026-08-13T15:29:51.000Z,3,3
HCP1713,58,33,15,7,0.4667,3,0,0.0000,33,200.07,2026-08-01T22:19:17.000Z,2026-08-01T22:19:17.000Z,15,15
HCP1756,41,21,10,6,0.6000,2,2,1.0000,21,203.34,2026-07-22T00:21:43.000Z,2026-07-22T00:21:43.000Z,25,25
HCP1765,116,47,36,21,0.5833,7,5,0.7143,47,302.28,2026-08-12T03:51:11.000Z,2026-08-12T03:51:11.000Z,4,4
HCP1766,74,36,20,14,0.7000,2,2,1.0000,36,243.07,2026-07-22T04:02:33.000Z,2026-07-22T04:02:33.000Z,25,25
HCP1776,33,15,9,5,0.5556,3,1,0.3333,15,313.18,2026-08-12T13:12:58.000Z,2026-08-12T13:12:58.000Z,4,4
HCP1781,111,48,33,21,0.6364,6,3,0.5000,48,284.3,2026-08-14T02:28:33.000Z,2026-08-14T02:28:33.000Z,2,2
HCP1815,91,41,27,17,0.6296,4,2,0.5000,41,293.01,2026-08-10T18:06:29.000Z,2026-08-09T04:33:34.000Z,7,6
HCP1825,36,17,11,8,0.7273,0,0,0.0000,17,219.69,2026-06-04T12:19:24.000Z,2026-06-02T14:59:57.000Z,75,73
HCP1844,59,28,19,9,0.4737,2,1,0.5000,28,294.2,2026-08-13T05:47:56.000Z,2026-08-13T05:47:56.000Z,3,3
HCP1848,88,42,25,12,0.4800,5,4,0.8000,42,303.9,2026-07-25T22:06:23.000Z,2026-07-20T21:31:08.000Z,27,22
HCP1862,19,11,5,2,0.4000,1,0,0.0000,11,202.16,2026-08-09T07:09:19.000Z,2026-06-24T11:49:16.000Z,53,7
HCP1870,61,28,18,11,0.6111,3,1,0.3333,28,250.18,2026-08-12T23:03:56.000Z,2026-08-12T23:03:56.000Z,4,4
HCP1887,36,18,11,5,0.4545,2,0,0.0000,18,197.03,2026-08-07T06:56:44.000Z,2026-08-07T06:56:44.000Z,9,9
HCP1911,77,36,22,14,0.6364,4,1,0.2500,36,295.7,2026-07-31T03:25:59.000Z,2026-07-31T03:25:59.000Z,16,16
HCP1913,40,21,11,5,0.4545,2,1,0.5000,21,241.75,2026-08-09T05:32:43.000Z,2026-07-20T10:34:57.000Z,27,7
HCP1923,55,34,12,7,0.5833,2,0,0.0000,34,197.45,2026-08-14T15:16:22.000Z,2026-08-14T15:16:22.000Z,2,2
HCP1931,63,31,17,11,0.6471,2,2,1.0000,31,275.22,2026-08-04T19:17:21.000Z,2026-08-04T19:17:21.000Z,12,12
HCP1943,53,28,14,11,0.7857,0,0,0.0000,28,197.04,2026-08-12T00:59:02.000Z,2026-08-12T00:59:02.000Z,4,4
HCP1946,46,24,14,7,0.5000,1,0,0.0000,24,228.67,2026-08-08T21:12:08.000Z,2026-08-08T21:12:08.000Z,8,8
HCP1951,64,33,15,14,0.9333,1,1,1.0000,33,208.45,2026-08-02T01:16:22.000Z,2026-08-02T01:16:22.000Z,14,14
HCP1961,46,19,14,9,0.6429,2,2,1.0000,19,286.93,2026-06-26T17:31:46.000Z,2026-06-26T17:31:46.000Z,51,51
HCP1999,20,11,6,3,0.5000,0,0,0.0000,11,224.45,2026-07-18T21:14:43.000Z,2026-07-18T21:14:43.000Z,29,29
HCP0018,35,16,9,8,0.8889,1,1,1.0000,16,283.57,2026-07-25T08:01:11.000Z,2026-07-25T08:01:11.000Z,22,22
HCP0028,98,44,29,20,0.6897,4,1,0.2500,44,225.02,2026-08-08T15:42:13.000Z,2026-08-08T15:42:13.000Z,8,8
HCP0043,57,26,14,10,0.7143,4,3,0.7500,26,249.82,2026-08-09T20:33:09.000Z,2026-08-09T20:33:09.000Z,7,7
HCP0125,29,20,4,5,1.2500,0,0,0.0000,20,145.55,2026-08-11T21:55:17.000Z,2026-08-11T21:55:17.000Z,5,5
HCP0138,70,34,18,10,0.5556,6,2,0.3333,34,240.47,2026-08-10T14:26:11.000Z,2026-08-10T14:26:11.000Z,6,6
HCP0145,43,22,15,5,0.3333,1,0,0.0000,22,191.3,2026-08-03T07:39:28.000Z,2026-08-03T07:39:28.000Z,13,13
HCP0151,51,27,13,8,0.6154,2,1,0.5000,27,206.63,2026-07-19T12:08:25.000Z,2026-07-01T02:51:32.000Z,46,28
HCP0164,55,28,12,7,0.5833,5,3,0.6000,28,202.31,2026-08-05T12:42:33.000Z,2026-08-05T12:42:33.000Z,11,11
HCP0191,44,21,13,8,0.6154,1,1,1.0000,21,204.41,2026-08-08T09:34:11.000Z,2026-08-08T09:34:11.000Z,8,8
HCP0193,69,35,18,11,0.6111,4,1,0.2500,35,229.19,2026-08-14T13:44:08.000Z,2026-08-14T13:44:08.000Z,2,2
HCP0215,44,25,9,7,0.7778,3,0,0.0000,25,215.0,2026-08-11T11:50:06.000Z,2026-08-11T11:50:06.000Z,5,5
HCP0216,19,11,3,4,1.3333,1,0,0.0000,11,223.63,2026-06-14T13:07:45.000Z,2026-06-08T21:23:59.000Z,69,63
HCP0217,112,48,35,16,0.4571,8,5,0.6250,48,230.37,2026-08-12T19:20:08.000Z,2026-08-12T19:20:08.000Z,4,4
HCP0234,27,13,9,3,0.3333,2,0,0.0000,13,200.85,2026-07-25T07:24:36.000Z,2026-07-04T13:45:52.000Z,43,22
HCP0261,51,28,10,11,1.1000,1,1,1.0000,28,165.76,2026-08-07T14:09:53.000Z,2026-08-02T04:21:56.000Z,14,9
HCP0263,85,41,26,16,0.6154,2,0,0.0000,41,218.19,2026-08-13T16:15:14.000Z,2026-08-13T16:15:14.000Z,3,3
HCP0270,31,16,9,4,0.4444,1,1,1.0000,16,229.1,2026-08-09T23:33:04.000Z,2026-06-05T07:14:19.000Z,72,7
HCP0275,69,38,17,8,0.4706,5,1,0.2000,38,216.72,2026-08-14T00:45:29.000Z,2026-08-14T00:45:29.000Z,2,2
HCP0281,42,19,15,7,0.4667,1,0,0.0000,19,227.88,2026-07-28T21:58:09.000Z,2026-07-28T21:58:09.000Z,19,19
HCP0311,27,16,11,0,0.0000,0,0,0.0000,16,210.26,2026-08-02T13:22:37.000Z,2026-08-02T13:22:37.000Z,14,14
HCP0336,38,15,11,8,0.7273,2,2,1.0000,15,307.26,2026-07-19T21:01:52.000Z,2026-07-19T21:01:52.000Z,28,28
HCP0356,79,35,23,12,0.5217,6,3,0.5000,35,234.62,2026-08-11T10:52:44.000Z,2026-08-11T10:52:44.000Z,5,5
HCP0365,27,18,6,2,0.3333,1,0,0.0000,18,175.3,2026-08-08T12:34:39.000Z,2026-07-30T00:35:46.000Z,17,8
HCP0367,82,38,23,14,0.6087,5,2,0.4000,38,260.32,2026-08-14T14:29:41.000Z,2026-08-14T14:29:41.000Z,2,2
HCP0380,38,18,7,11,1.5714,1,1,1.0000,18,194.53,2026-08-14T19:21:46.000Z,2026-08-14T19:21:46.000Z,2,2
HCP0393,72,31,22,14,0.6364,3,2,0.6667,31,248.93,2026-08-13T13:53:45.000Z,2026-08-13T13:53:45.000Z,3,3
HCP0398,47,22,18,3,0.1667,3,1,0.3333,22,240.09,2026-08-03T23:48:26.000Z,2026-08-03T23:48:26.000Z,13,13
HCP0418,32,14,9,6,0.6667,2,1,0.5000,14,228.31,2026-06-23T12:33:19.000Z,2026-06-23T12:33:19.000Z,54,54
HCP0435,62,37,15,6,0.4000,3,1,0.3333,37,199.63,2026-08-10T02:35:43.000Z,2026-08-07T22:38:28.000Z,9,6
HCP0490,68,30,20,15,0.7500,2,1,0.5000,30,257.79,2026-08-14T22:13:59.000Z,2026-07-27T17:29:10.000Z,20,2
HCP0494,39,15,12,9,0.7500,2,1,0.5000,15,279.95,2026-08-13T21:28:21.000Z,2026-08-13T21:28:21.000Z,3,3
HCP0521,89,44,24,14,0.5833,4,3,0.7500,44,245.8,2026-08-12T10:53:22.000Z,2026-08-04T00:58:22.000Z,12,4
HCP0543,98,47,30,11,0.3667,6,4,0.6667,47,194.37,2026-08-08T15:46:53.000Z,2026-08-08T15:46:53.000Z,8,8
HCP0547,47,26,12,6,0.5000,2,1,0.5000,26,248.26,2026-08-06T19:48:47.000Z,2026-07-31T20:31:57.000Z,16,10
HCP0548,79,39,22,10,0.4545,6,2,0.3333,39,270.32,2026-08-11T02:42:01.000Z,2026-08-11T02:42:01.000Z,5,5
HCP0559,96,43,33,13,0.3939,4,3,0.7500,43,280.82,2026-07-26T13:45:54.000Z,2026-07-26T13:45:54.000Z,21,21
HCP0563,35,19,9,6,0.6667,1,0,0.0000,19,232.11,2026-08-01T10:28:46.000Z,2026-08-01T10:28:46.000Z,15,15
HCP0587,50,27,16,6,0.3750,1,0,0.0000,27,241.52,2026-08-08T13:57:56.000Z,2026-08-08T13:57:56.000Z,8,8
HCP0592,37,20,8,7,0.8750,1,1,1.0000,20,215.73,2026-07-03T03:30:48.000Z,2026-07-02T18:44:30.000Z,45,44
HCP0596,25,14,5,4,0.8000,1,1,1.0000,14,209.6,2026-07-25T07:57:30.000Z,2026-07-25T07:57:30.000Z,22,22
HCP0659,52,26,16,8,0.5000,2,0,0.0000,26,198.9,2026-08-07T04:36:19.000Z,2026-07-18T15:01:52.000Z,29,9
HCP0668,59,35,17,3,0.1765,2,2,1.0000,35,197.08,2026-07-21T23:08:01.000Z,2026-07-21T23:08:01.000Z,26,26
HCP0692,83,39,23,13,0.5652,6,2,0.3333,39,232.72,2026-07-24T12:42:37.000Z,2026-07-24T12:42:37.000Z,23,23
HCP0698,29,15,9,4,0.4444,1,0,0.0000,15,185.31,2026-07-26T20:51:07.000Z,2026-07-13T04:47:37.000Z,34,21
HCP0713,34,15,11,5,0.4545,2,1,0.5000,15,219.97,2026-08-06T19:33:49.000Z,2026-08-06T19:33:49.000Z,10,10
HCP0734,59,31,19,9,0.4737,0,0,0.0000,31,180.51,2026-07-11T17:23:33.000Z,2026-06-28T03:50:41.000Z,49,36
HCP0735,48,24,18,6,0.3333,0,0,0.0000,24,196.17,2026-08-10T09:02:01.000Z,2026-08-10T09:02:01.000Z,6,6
HCP0743,20,11,4,2,0.5000,2,1,0.5000,11,152.0,2026-08-06T06:14:19.000Z,2026-07-25T21:18:24.000Z,22,10
HCP0756,31,14,10,5,0.5000,1,1,1.0000,14,311.97,2026-08-12T05:57:54.000Z,2026-08-08T14:41:24.000Z,8,4
HCP0761,74,42,20,10,0.5000,1,1,1.0000,42,218.3,2026-08-11T15:21:05.000Z,2026-08-11T15:21:05.000Z,5,5
HCP0771,54,23,17,10,0.5882,3,1,0.3333,23,269.56,2026-08-11T20:39:37.000Z,2026-08-11T20:39:37.000Z,5,5
HCP0798,54,29,14,8,0.5714,2,1,0.5000,29,158.76,2026-08-11T13:31:15.000Z,2026-08-04T23:49:38.000Z,12,5
HCP0830,75,36,18,11,0.6111,6,4,0.6667,36,230.05,2026-08-14T08:24:40.000Z,2026-08-11T22:22:23.000Z,5,2
HCP0835,107,45,33,17,0.5152,7,5,0.7143,45,331.08,2026-07-30T20:34:46.000Z,2026-07-30T20:34:46.000Z,17,17
HCP0864,43,23,13,5,0.3846,2,0,0.0000,23,206.05,2026-08-01T12:39:23.000Z,2026-07-11T21:09:38.000Z,36,15
HCP0885,41,21,13,3,0.2308,3,1,0.3333,21,207.44,2026-07-27T16:50:21.000Z,2026-07-27T16:50:21.000Z,20,20
HCP0889,24,12,7,5,0.7143,0,0,0.0000,12,214.08,2026-07-22T05:22:53.000Z,2026-07-22T05:22:53.000Z,25,25
HCP0891,76,35,24,10,0.4167,4,3,0.7500,35,219.12,2026-08-09T23:41:37.000Z,2026-08-09T23:41:37.000Z,7,7
HCP0916,57,25,14,9,0.6429,5,4,0.8000,25,190.82,2026-08-12T15:39:43.000Z,2026-08-03T21:43:40.000Z,13,4
HCP0922,48,23,15,6,0.4000,2,2,1.0000,23,320.06,2026-08-07T11:00:59.000Z,2026-08-07T11:00:59.000Z,9,9
HCP0983,49,24,14,11,0.7857,0,0,0.0000,24,187.61,2026-07-28T08:03:33.000Z,2026-07-26T05:05:11.000Z,21,19
HCP0992,41,20,9,9,1.0000,2,1,0.5000,20,280.98,2026-08-02T03:08:23.000Z,2026-08-02T03:08:23.000Z,14,14
HCP0996,47,19,14,12,0.8571,1,1,1.0000,19,333.98,2026-08-07T19:46:48.000Z,2026-08-07T19:46:48.000Z,9,9
HCP1001,35,19,11,2,0.1818,2,1,0.5000,19,217.26,2026-08-14T19:59:47.000Z,2026-06-25T04:10:59.000Z,52,2
HCP1020,26,19,6,1,0.1667,0,0,0.0000,19,195.62,2026-08-08T00:02:15.000Z,2026-07-12T21:28:09.000Z,35,8
HCP1031,59,32,15,8,0.5333,3,1,0.3333,32,228.98,2026-08-11T14:06:34.000Z,2026-08-11T14:06:34.000Z,5,5
HCP1035,51,27,14,7,0.5000,2,1,0.5000,27,216.61,2026-08-06T15:33:32.000Z,2026-08-06T15:33:32.000Z,10,10
HCP1038,31,20,5,4,0.8000,2,0,0.0000,20,199.68,2026-08-09T14:25:06.000Z,2026-07-19T14:43:12.000Z,28,7
HCP1048,48,20,15,12,0.8000,1,0,0.0000,20,222.79,2026-08-12T09:39:45.000Z,2026-08-12T09:39:45.000Z,4,4
HCP1082,56,23,11,13,1.1818,5,4,0.8000,23,302.7,2026-08-13T16:17:13.000Z,2026-08-02T17:20:58.000Z,14,3
HCP1095,66,36,19,7,0.3684,3,1,0.3333,36,238.39,2026-08-13T07:52:12.000Z,2026-08-13T07:52:12.000Z,3,3
HCP1108,32,14,12,4,0.3333,1,1,1.0000,14,274.91,2026-06-22T15:21:25.000Z,2026-06-22T15:21:25.000Z,55,55
HCP1121,56,27,18,10,0.5556,1,0,0.0000,27,247.88,2026-08-11T19:08:28.000Z,2026-08-11T19:08:28.000Z,5,5
HCP1149,53,28,12,8,0.6667,4,1,0.2500,28,219.85,2026-08-11T07:36:45.000Z,2026-08-11T07:36:45.000Z,5,5
HCP1160,52,24,19,7,0.3684,1,1,1.0000,24,221.42,2026-08-12T22:32:21.000Z,2026-08-12T22:32:21.000Z,4,4
HCP1163,101,46,32,19,0.5938,3,1,0.3333,46,227.57,2026-08-01T21:48:14.000Z,2026-08-01T21:48:14.000Z,15,15
HCP1191,50,23,15,8,0.5333,4,0,0.0000,23,248.38,2026-08-11T21:25:27.000Z,2026-07-22T14:17:03.000Z,25,5
HCP1197,55,30,15,9,0.6000,1,0,0.0000,30,266.98,2026-08-13T09:19:33.000Z,2026-08-13T09:19:33.000Z,3,3
HCP1206,91,39,26,18,0.6923,5,3,0.6000,39,232.57,2026-08-07T23:12:47.000Z,2026-08-07T23:12:47.000Z,9,9
HCP1249,48,27,13,3,0.2308,4,1,0.2500,27,216.94,2026-08-06T10:26:43.000Z,2026-08-02T01:32:42.000Z,14,10
HCP1301,58,31,15,11,0.7333,1,0,0.0000,31,224.21,2026-08-14T20:57:09.000Z,2026-08-14T20:57:09.000Z,2,2
HCP1315,33,17,10,6,0.6000,0,0,0.0000,17,222.15,2026-07-11T11:23:06.000Z,2026-07-11T11:23:06.000Z,36,36
HCP1323,41,20,13,5,0.3846,2,1,0.5000,20,209.68,2026-08-10T05:33:18.000Z,2026-06-10T12:33:09.000Z,67,6
HCP1341,43,17,9,9,1.0000,5,3,0.6000,17,207.23,2026-08-08T10:25:15.000Z,2026-08-08T10:25:15.000Z,8,8
HCP1345,58,30,17,8,0.4706,2,1,0.5000,30,164.95,2026-07-11T23:40:47.000Z,2026-07-11T23:40:47.000Z,36,36
HCP1363,53,28,12,7,0.5833,5,1,0.2000,28,206.34,2026-08-13T19:48:08.000Z,2026-08-01T01:55:42.000Z,15,3
HCP1383,65,32,22,9,0.4091,1,1,1.0000,32,246.62,2026-08-06T07:20:47.000Z,2026-08-06T07:20:47.000Z,10,10
HCP1393,57,30,11,8,0.7273,6,2,0.3333,30,233.58,2026-07-31T23:03:27.000Z,2026-07-31T18:26:31.000Z,16,16
HCP1398,32,16,10,6,0.6000,0,0,0.0000,16,181.03,2026-07-27T15:27:12.000Z,2026-07-27T15:27:12.000Z,20,20
HCP1401,34,20,7,3,0.4286,2,2,1.0000,20,220.18,2026-07-29T20:43:44.000Z,2026-07-23T03:01:05.000Z,24,18
HCP1431,45,24,11,10,0.9091,0,0,0.0000,24,202.64,2026-08-05T06:39:00.000Z,2026-08-05T06:39:00.000Z,11,11
HCP1454,43,23,10,6,0.6000,2,2,1.0000,23,261.79,2026-08-02T21:08:10.000Z,2026-07-31T06:14:34.000Z,16,14
HCP1486,71,33,22,10,0.4545,4,2,0.5000,33,238.65,2026-07-30T00:41:15.000Z,2026-07-30T00:41:15.000Z,17,17
HCP1489,61,29,17,13,0.7647,2,0,0.0000,29,257.98,2026-08-04T06:26:49.000Z,2026-07-21T12:17:02.000Z,26,12
HCP1526,67,30,21,12,0.5714,3,1,0.3333,30,280.94,2026-08-10T12:42:04.000Z,2026-08-10T12:42:04.000Z,6,6
HCP1557,39,18,12,8,0.6667,1,0,0.0000,18,222.31,2026-08-11T02:02:55.000Z,2026-08-11T02:02:55.000Z,5,5
HCP1590,67,31,20,11,0.5500,4,1,0.2500,31,221.99,2026-08-12T03:30:35.000Z,2026-07-21T21:10:28.000Z,26,4
HCP1595,65,38,17,6,0.3529,2,2,1.0000,38,225.2,2026-08-14T02:15:15.000Z,2026-08-14T02:15:15.000Z,2,2
HCP1597,103,48,32,18,0.5625,3,2,0.6667,48,301.99,2026-08-07T23:21:18.000Z,2026-08-06T15:20:55.000Z,10,9
HCP1605,42,26,11,4,0.3636,1,0,0.0000,26,201.26,2026-08-08T08:02:05.000Z,2026-08-08T08:02:05.000Z,8,8
HCP1606,81,34,20,18,0.9000,5,4,0.8000,34,234.62,2026-08-05T09:12:25.000Z,2026-08-05T09:12:25.000Z,11,11
HCP1611,41,24,11,5,0.4545,1,0,0.0000,24,201.22,2026-08-07T14:29:19.000Z,2026-07-19T00:02:10.000Z,28,9
HCP1612,22,15,5,2,0.4000,0,0,0.0000,15,175.36,2026-08-14T07:28:13.000Z,2026-07-17T03:08:02.000Z,30,2
HCP1617,90,42,35,10,0.2857,2,1,0.5000,42,187.43,2026-08-12T06:59:45.000Z,2026-08-12T06:59:45.000Z,4,4
HCP1625,41,20,12,6,0.5000,2,1,0.5000,20,207.0,2026-08-01T03:07:11.000Z,2026-08-01T03:07:11.000Z,15,15
HCP1635,61,27,19,9,0.4737,4,2,0.5000,27,214.39,2026-08-13T02:22:06.000Z,2026-08-13T02:22:06.000Z,3,3
HCP1686,66,29,23,12,0.5217,1,1,1.0000,29,268.32,2026-07-01T08:30:06.000Z,2026-07-01T08:30:06.000Z,46,46
HCP1699,59,35,13,7,0.5385,3,1,0.3333,35,210.46,2026-08-14T04:54:50.000Z,2026-08-14T04:54:50.000Z,2,2
HCP1719,79,39,22,13,0.5909,4,1,0.2500,39,209.96,2026-08-14T22:07:48.000Z,2026-08-14T22:07:48.000Z,2,2
HCP1725,29,18,7,2,0.2857,2,0,0.0000,18,195.17,2026-08-04T06:18:58.000Z,2026-08-04T06:18:58.000Z,12,12
HCP1738,110,45,30,22,0.7333,8,5,0.6250,45,265.78,2026-08-10T19:21:36.000Z,2026-08-10T19:21:36.000Z,6,6
HCP1742,37,19,11,7,0.6364,0,0,0.0000,19,178.43,2026-07-31T06:34:34.000Z,2026-07-31T06:34:34.000Z,16,16
HCP1749,58,25,20,11,0.5500,1,1,1.0000,25,270.36,2026-07-24T23:59:53.000Z,2026-07-24T23:59:53.000Z,23,23
HCP1753,32,21,7,2,0.2857,2,0,0.0000,21,193.63,2026-08-10T20:16:38.000Z,2026-07-31T13:35:51.000Z,16,6
HCP1772,66,35,21,4,0.1905,4,2,0.5000,35,192.2,2026-08-08T12:18:56.000Z,2026-08-08T12:18:56.000Z,8,8
HCP1773,76,37,21,13,0.6190,4,1,0.2500,37,202.75,2026-07-31T14:17:42.000Z,2026-07-25T05:16:07.000Z,22,16
HCP1788,66,28,21,12,0.5714,3,2,0.6667,28,310.67,2026-08-13T22:56:39.000Z,2026-08-13T22:56:39.000Z,3,3
HCP1816,68,34,17,13,0.7647,2,2,1.0000,34,244.75,2026-08-06T11:37:09.000Z,2026-08-06T11:37:09.000Z,10,10
HCP1827,65,31,18,11,0.6111,3,2,0.6667,31,192.62,2026-08-06T06:22:47.000Z,2026-08-06T06:22:47.000Z,10,10
HCP1830,25,14,5,5,1.0000,1,0,0.0000,14,241.36,2026-08-08T15:12:58.000Z,2026-08-08T15:12:58.000Z,8,8
HCP1834,47,28,8,7,0.8750,2,2,1.0000,28,170.74,2026-08-04T00:35:48.000Z,2026-07-08T21:11:30.000Z,39,12
HCP1856,86,35,29,10,0.3448,7,5,0.7143,35,242.94,2026-08-13T01:58:58.000Z,2026-08-08T00:11:15.000Z,8,3
HCP1866,79,38,24,11,0.4583,4,2,0.5000,38,214.24,2026-08-08T09:26:25.000Z,2026-08-06T20:31:59.000Z,10,8
HCP1871,78,39,21,12,0.5714,5,1,0.2000,39,208.21,2026-08-08T12:24:16.000Z,2026-08-08T12:24:16.000Z,8,8
HCP1880,47,27,12,5,0.4167,2,1,0.5000,27,195.17,2026-08-01T21:16:35.000Z,2026-07-30T20:04:09.000Z,17,15
HCP1897,17,11,5,1,0.2000,0,0,0.0000,11,190.65,2026-08-03T01:15:38.000Z,2026-06-21T15:00:07.000Z,56,13
HCP1914,56,26,16,6,0.3750,5,3,0.6000,26,222.0,2026-08-08T17:52:32.000Z,2026-08-08T17:52:32.000Z,8,8
HCP1926,42,19,10,9,0.9000,2,2,1.0000,19,239.33,2026-08-03T07:54:38.000Z,2026-07-11T14:09:59.000Z,36,13
HCP1934,90,41,28,15,0.5357,4,2,0.5000,41,211.01,2026-08-14T12:49:53.000Z,2026-08-14T12:49:53.000Z,2,2
HCP1958,38,18,10,8,0.8000,1,1,1.0000,18,177.84,2026-08-14T13:20:03.000Z,2026-08-05T00:55:21.000Z,11,2
HCP1960,88,45,24,14,0.5833,3,2,0.6667,45,250.42,2026-07-20T10:56:41.000Z,2026-07-20T10:56:41.000Z,27,27
HCP1969,33,15,7,3,0.4286,4,4,1.0000,15,288.39,2026-07-19T15:42:31.000Z,2026-07-19T15:42:31.000Z,28,28
HCP1976,36,20,9,6,0.6667,1,0,0.0000,20,199.53,2026-07-08T03:59:39.000Z,2026-07-07T19:31:29.000Z,40,39
HCP0019,99,47,30,15,0.5000,4,3,0.7500,47,243.23,2026-08-10T15:46:20.000Z,2026-08-10T15:46:20.000Z,6,6
HCP0038,84,34,21,18,0.8571,7,4,0.5714,34,214.51,2026-08-09T19:20:02.000Z,2026-08-09T19:20:02.000Z,7,7
HCP0050,32,20,8,3,0.3750,1,0,0.0000,20,252.44,2026-07-24T18:52:00.000Z,2026-07-24T18:52:00.000Z,23,23
HCP0056,56,27,16,9,0.5625,2,2,1.0000,27,254.07,2026-08-11T20:19:31.000Z,2026-08-11T20:19:31.000Z,5,5
HCP0060,23,12,5,2,0.4000,3,1,0.3333,12,273.09,2026-08-02T06:50:03.000Z,2026-08-02T06:50:03.000Z,14,14
HCP0064,37,21,9,4,0.4444,2,1,0.5000,21,132.49,2026-08-11T12:23:49.000Z,2026-08-11T12:23:49.000Z,5,5
HCP0112,85,40,25,16,0.6400,3,1,0.3333,40,238.82,2026-08-11T21:51:56.000Z,2026-08-04T10:57:04.000Z,12,5
HCP0115,34,18,6,6,1.0000,3,1,0.3333,18,294.59,2026-06-11T20:19:44.000Z,2026-06-11T20:19:44.000Z,66,66
HCP0131,37,17,12,6,0.5000,2,0,0.0000,17,192.19,2026-08-08T03:15:09.000Z,2026-08-08T03:15:09.000Z,8,8
HCP0135,43,16,12,8,0.6667,6,1,0.1667,16,256.63,2026-08-11T09:06:46.000Z,2026-08-11T09:06:46.000Z,5,5
HCP0155,46,22,11,8,0.7273,4,1,0.2500,22,179.04,2026-07-25T06:23:26.000Z,2026-07-25T06:23:26.000Z,22,22
HCP0157,43,28,9,5,0.5556,1,0,0.0000,28,185.67,2026-08-09T06:48:10.000Z,2026-07-31T16:08:30.000Z,16,7
HCP0186,47,22,13,7,0.5385,3,2,0.6667,22,245.66,2026-08-10T11:20:27.000Z,2026-08-10T11:20:27.000Z,6,6
HCP0279,76,36,16,14,0.8750,6,4,0.6667,36,214.46,2026-08-13T23:30:09.000Z,2026-08-03T12:46:27.000Z,13,3
HCP0321,41,19,12,6,0.5000,3,1,0.3333,19,207.98,2026-08-03T14:27:24.000Z,2026-08-03T14:27:24.000Z,13,13
HCP0348,74,37,20,13,0.6500,3,1,0.3333,37,239.43,2026-08-11T06:34:29.000Z,2026-08-11T06:34:29.000Z,5,5
HCP0353,66,38,17,9,0.5294,2,0,0.0000,38,208.45,2026-08-12T19:40:18.000Z,2026-08-07T23:45:42.000Z,9,4
HCP0419,85,40,28,11,0.3929,5,1,0.2000,40,193.91,2026-08-11T15:30:42.000Z,2026-08-11T15:30:42.000Z,5,5
HCP0426,52,23,14,10,0.7143,3,2,0.6667,23,256.58,2026-08-07T22:34:50.000Z,2026-08-07T22:34:50.000Z,9,9
HCP0434,60,34,12,13,1.0833,1,0,0.0000,34,160.62,2026-08-09T15:02:49.000Z,2026-08-09T15:02:49.000Z,7,7
HCP0440,64,33,17,12,0.7059,1,1,1.0000,33,229.73,2026-08-14T00:15:40.000Z,2026-08-14T00:15:40.000Z,2,2
HCP0459,79,39,24,11,0.4583,3,2,0.6667,39,264.67,2026-08-02T16:51:04.000Z,2026-08-02T16:51:04.000Z,14,14
HCP0503,30,12,7,5,0.7143,3,3,1.0000,12,237.47,2026-08-04T16:02:07.000Z,2026-08-04T16:02:07.000Z,12,12
HCP0526,129,50,43,25,0.5814,6,5,0.8333,50,267.79,2026-08-08T00:43:10.000Z,2026-08-08T00:43:10.000Z,8,8
HCP0528,34,22,7,4,0.5714,1,0,0.0000,22,187.0,2026-08-09T18:53:45.000Z,2026-08-09T18:53:45.000Z,7,7
HCP0540,61,25,19,14,0.7368,2,1,0.5000,25,221.15,2026-08-12T13:43:57.000Z,2026-08-12T13:43:57.000Z,4,4
HCP0552,74,39,19,11,0.5789,4,1,0.2500,39,227.07,2026-08-12T23:22:07.000Z,2026-08-10T14:04:30.000Z,6,4
HCP0570,97,46,25,15,0.6000,7,4,0.5714,46,236.02,2026-08-07T13:22:16.000Z,2026-07-28T00:12:52.000Z,19,9
HCP0581,33,17,10,5,0.5000,1,0,0.0000,17,221.15,2026-08-14T11:50:31.000Z,2026-08-14T11:50:31.000Z,2,2
HCP0600,82,39,16,19,1.1875,4,4,1.0000,39,216.41,2026-08-13T08:29:30.000Z,2026-08-13T08:29:30.000Z,3,3
HCP0625,42,21,11,6,0.5455,2,2,1.0000,21,230.81,2026-08-08T03:15:36.000Z,2026-07-19T18:26:43.000Z,28,8
HCP0627,27,14,8,4,0.5000,1,0,0.0000,14,186.89,2026-07-22T07:03:03.000Z,2026-07-19T22:59:59.000Z,28,25
HCP0672,58,28,18,12,0.6667,0,0,0.0000,28,316.34,2026-07-31T11:54:46.000Z,2026-07-31T11:54:46.000Z,16,16
HCP0674,48,26,12,8,0.6667,2,0,0.0000,26,198.79,2026-08-10T18:33:17.000Z,2026-08-10T18:33:17.000Z,6,6
HCP0682,29,20,8,1,0.1250,0,0,0.0000,20,157.17,2026-08-04T21:07:03.000Z,2026-07-21T20:33:09.000Z,26,12
HCP0700,33,14,9,7,0.7778,2,1,0.5000,14,279.91,2026-08-08T11:55:39.000Z,2026-08-08T11:55:39.000Z,8,8
HCP0739,23,12,6,2,0.3333,2,1,0.5000,12,256.52,2026-07-27T00:18:32.000Z,2026-07-23T07:56:56.000Z,24,20
HCP0742,83,34,26,14,0.5385,7,2,0.2857,34,241.28,2026-08-12T17:25:04.000Z,2026-08-12T17:25:04.000Z,4,4
HCP0764,31,16,9,4,0.4444,1,1,1.0000,16,231.39,2026-07-21T02:56:44.000Z,2026-07-21T02:56:44.000Z,26,26
HCP0767,78,34,19,13,0.6842,7,5,0.7143,34,249.41,2026-08-01T06:28:30.000Z,2026-08-01T06:28:30.000Z,15,15
HCP0780,45,25,14,6,0.4286,0,0,0.0000,25,202.38,2026-08-14T14:28:48.000Z,2026-08-14T14:28:48.000Z,2,2
HCP0840,85,44,22,16,0.7273,2,1,0.5000,44,178.89,2026-08-04T10:09:29.000Z,2026-08-04T10:09:29.000Z,12,12
HCP0846,35,17,12,6,0.5000,0,0,0.0000,17,280.8,2026-07-25T21:07:20.000Z,2026-07-25T21:07:20.000Z,22,22
HCP0855,34,18,11,3,0.2727,1,1,1.0000,18,202.56,2026-08-08T09:46:50.000Z,2026-08-08T09:46:50.000Z,8,8
HCP0857,72,37,17,10,0.5882,4,4,1.0000,37,233.11,2026-07-31T07:04:13.000Z,2026-07-31T07:04:13.000Z,16,16
HCP0920,65,34,21,10,0.4762,0,0,0.0000,34,225.06,2026-08-08T06:10:22.000Z,2026-08-08T06:10:22.000Z,8,8
HCP0921,79,41,20,15,0.7500,2,1,0.5000,41,190.81,2026-07-31T22:36:24.000Z,2026-07-31T22:36:24.000Z,16,16
HCP0929,38,19,10,7,0.7000,1,1,1.0000,19,223.47,2026-08-09T04:26:24.000Z,2026-08-09T04:26:24.000Z,7,7
HCP0943,35,20,10,4,0.4000,1,0,0.0000,20,238.57,2026-08-10T03:27:51.000Z,2026-07-21T12:56:19.000Z,26,6
HCP0950,46,27,9,9,1.0000,1,0,0.0000,27,229.09,2026-07-28T11:19:05.000Z,2026-07-28T11:19:05.000Z,19,19
HCP0962,33,17,9,6,0.6667,1,0,0.0000,17,227.21,2026-08-01T19:40:05.000Z,2026-08-01T19:40:05.000Z,15,15
HCP0970,53,27,15,8,0.5333,2,1,0.5000,27,233.02,2026-08-10T07:17:35.000Z,2026-08-10T07:17:35.000Z,6,6
HCP1014,35,16,9,4,0.4444,3,3,1.0000,16,236.6,2026-08-09T12:25:19.000Z,2026-08-09T12:25:19.000Z,7,7
HCP1040,81,42,23,13,0.5652,2,1,0.5000,42,265.36,2026-08-04T08:07:17.000Z,2026-08-04T08:07:17.000Z,12,12
HCP1053,40,18,12,3,0.2500,5,2,0.4000,18,205.33,2026-08-07T11:12:32.000Z,2026-08-07T11:12:32.000Z,9,9
HCP1080,34,16,10,7,0.7000,1,0,0.0000,16,267.35,2026-08-10T18:07:45.000Z,2026-08-10T18:07:45.000Z,6,6
HCP1084,77,36,24,14,0.5833,2,1,0.5000,36,297.74,2026-08-02T00:59:07.000Z,2026-08-01T20:35:01.000Z,15,14
HCP1153,70,30,22,10,0.4545,4,4,1.0000,30,230.53,2026-08-05T11:13:39.000Z,2026-08-05T11:13:39.000Z,11,11
HCP1200,37,19,13,4,0.3077,1,0,0.0000,19,195.84,2026-08-14T02:56:18.000Z,2026-08-14T02:56:18.000Z,2,2
HCP1214,59,32,16,6,0.3750,3,2,0.6667,32,223.44,2026-08-12T00:52:30.000Z,2026-08-12T00:52:30.000Z,4,4
HCP1231,21,13,6,2,0.3333,0,0,0.0000,13,261.52,2026-07-15T06:13:24.000Z,2026-06-15T01:58:04.000Z,62,32
HCP1233,67,33,17,11,0.6471,4,2,0.5000,33,200.58,2026-08-02T21:43:29.000Z,2026-08-02T21:43:29.000Z,14,14
HCP1238,81,38,23,15,0.6522,3,2,0.6667,38,294.25,2026-08-14T08:42:32.000Z,2026-08-14T08:42:32.000Z,2,2
HCP1239,75,32,26,12,0.4615,3,2,0.6667,32,265.44,2026-08-07T00:46:14.000Z,2026-08-07T00:46:14.000Z,9,9
HCP1247,71,35,21,11,0.5238,3,1,0.3333,35,286.1,2026-08-12T20:39:24.000Z,2026-07-29T08:51:00.000Z,18,4
HCP1248,49,30,11,4,0.3636,3,1,0.3333,30,156.78,2026-08-09T15:20:30.000Z,2026-07-24T17:18:05.000Z,23,7
HCP1255,64,35,21,6,0.2857,2,0,0.0000,35,192.81,2026-08-09T12:05:05.000Z,2026-08-09T12:05:05.000Z,7,7
HCP1279,22,12,4,2,0.5000,2,2,1.0000,12,125.23,2026-07-03T04:07:34.000Z,2026-07-03T04:07:34.000Z,44,44
HCP1332,57,26,17,6,0.3529,5,3,0.6000,26,303.26,2026-08-09T16:16:40.000Z,2026-08-01T02:23:13.000Z,15,7
HCP1336,41,22,12,5,0.4167,1,1,1.0000,22,275.34,2026-08-09T20:08:05.000Z,2026-08-09T20:08:05.000Z,7,7
HCP1354,132,50,38,25,0.6579,10,9,0.9000,50,313.3,2026-08-09T03:13:29.000Z,2026-08-09T03:13:29.000Z,7,7
HCP1357,27,14,9,3,0.3333,1,0,0.0000,14,192.63,2026-07-04T06:57:35.000Z,2026-07-02T02:55:56.000Z,45,43
HCP1397,36,14,13,7,0.5385,1,1,1.0000,14,283.42,2026-08-02T14:12:13.000Z,2026-08-02T14:12:13.000Z,14,14
HCP1412,71,38,19,11,0.5789,2,1,0.5000,38,171.15,2026-07-30T08:37:46.000Z,2026-07-30T08:37:46.000Z,17,17
HCP1413,36,16,11,9,0.8182,0,0,0.0000,16,211.22,2026-07-31T10:13:40.000Z,2026-07-31T10:13:40.000Z,16,16
HCP1421,73,33,25,12,0.4800,3,0,0.0000,33,270.63,2026-08-11T18:15:03.000Z,2026-08-11T18:15:03.000Z,5,5
HCP1422,57,27,15,9,0.6000,5,1,0.2000,27,241.89,2026-08-11T15:50:35.000Z,2026-08-11T15:50:35.000Z,5,5
HCP1428,82,40,22,16,0.7273,2,2,1.0000,40,224.11,2026-08-13T04:31:36.000Z,2026-08-13T04:31:36.000Z,3,3
HCP1451,75,33,20,17,0.8500,4,1,0.2500,33,261.55,2026-08-13T11:37:08.000Z,2026-08-06T19:05:18.000Z,10,3
HCP1457,39,21,8,8,1.0000,1,1,1.0000,21,212.0,2026-08-05T07:33:54.000Z,2026-08-05T07:33:54.000Z,11,11
HCP1473,30,16,9,4,0.4444,1,0,0.0000,16,189.8,2026-07-19T14:53:47.000Z,2026-07-19T14:53:47.000Z,28,28
HCP1529,58,31,19,5,0.2632,2,1,0.5000,31,233.33,2026-08-04T22:58:07.000Z,2026-07-30T22:11:46.000Z,17,12
HCP1550,55,28,15,10,0.6667,1,1,1.0000,28,269.07,2026-08-13T13:43:25.000Z,2026-08-13T13:43:25.000Z,3,3
HCP1562,27,18,5,1,0.2000,2,1,0.5000,18,175.67,2026-07-29T04:39:32.000Z,2026-07-02T16:26:49.000Z,45,18
HCP1567,38,17,12,5,0.4167,2,2,1.0000,17,212.53,2026-08-07T14:58:01.000Z,2026-08-07T14:58:01.000Z,9,9
HCP1601,24,14,5,3,0.6000,1,1,1.0000,14,237.08,2026-07-28T19:18:28.000Z,2026-07-23T12:04:02.000Z,24,19
HCP1654,52,23,13,10,0.7692,5,1,0.2000,23,246.94,2026-07-31T09:00:50.000Z,2026-07-31T09:00:50.000Z,16,16
HCP1659,41,19,13,5,0.3846,2,2,1.0000,19,215.0,2026-07-10T04:10:03.000Z,2026-06-23T13:14:18.000Z,54,37
HCP1698,50,20,17,8,0.4706,3,2,0.6667,20,215.02,2026-08-14T11:42:41.000Z,2026-08-14T11:42:41.000Z,2,2
HCP1704,34,20,11,2,0.1818,1,0,0.0000,20,173.85,2026-07-30T07:37:44.000Z,2026-07-30T07:37:44.000Z,17,17
HCP1728,60,33,16,7,0.4375,4,0,0.0000,33,192.47,2026-08-14T16:10:10.000Z,2026-08-14T16:10:10.000Z,2,2
HCP1744,82,40,25,13,0.5200,3,1,0.3333,40,199.26,2026-08-09T09:55:42.000Z,2026-08-09T09:55:42.000Z,7,7
HCP1752,36,16,8,6,0.7500,3,3,1.0000,16,194.89,2026-07-17T19:08:42.000Z,2026-07-17T19:08:42.000Z,30,30
HCP1780,40,25,10,5,0.5000,0,0,0.0000,25,150.95,2026-07-20T12:53:20.000Z,2026-07-12T01:27:12.000Z,35,27
HCP1809,67,32,22,10,0.4545,2,1,0.5000,32,274.01,2026-08-10T16:00:18.000Z,2026-08-10T16:00:18.000Z,6,6
HCP1843,64,32,21,7,0.3333,3,1,0.3333,32,202.88,2026-08-01T05:19:48.000Z,2026-08-01T05:19:48.000Z,15,15
HCP1849,33,17,9,6,0.6667,1,0,0.0000,17,173.52,2026-07-28T04:09:41.000Z,2026-07-12T21:29:49.000Z,35,19
HCP1853,92,43,29,13,0.4483,5,2,0.4000,43,244.25,2026-08-10T01:55:08.000Z,2026-08-10T01:55:08.000Z,6,6
HCP1864,70,37,16,13,0.8125,3,1,0.3333,37,195.19,2026-08-04T15:01:19.000Z,2026-08-04T15:01:19.000Z,12,12
HCP1867,42,23,8,9,1.1250,2,0,0.0000,23,236.98,2026-08-11T12:56:10.000Z,2026-07-09T21:09:39.000Z,38,5
HCP1885,95,44,32,13,0.4063,4,2,0.5000,44,264.22,2026-08-05T11:14:20.000Z,2026-08-05T11:14:20.000Z,11,11
HCP1894,36,20,12,3,0.2500,1,0,0.0000,20,188.08,2026-08-01T10:11:53.000Z,2026-08-01T10:11:53.000Z,15,15
HCP1924,23,14,7,2,0.2857,0,0,0.0000,14,230.65,2026-07-10T08:43:13.000Z,2026-04-02T14:00:56.000Z,136,37
HCP1932,56,26,19,8,0.4211,2,1,0.5000,26,270.8,2026-08-11T20:42:03.000Z,2026-08-11T20:42:03.000Z,5,5
HCP1933,102,44,31,16,0.5161,7,4,0.5714,44,210.73,2026-08-14T20:53:25.000Z,2026-08-08T15:28:37.000Z,8,2
HCP1935,78,38,24,11,0.4583,3,2,0.6667,38,247.04,2026-08-13T21:51:47.000Z,2026-08-13T21:51:47.000Z,3,3
HCP1938,43,29,9,2,0.2222,3,0,0.0000,29,165.26,2026-08-11T13:51:28.000Z,2026-08-02T21:57:40.000Z,14,5
HCP1939,36,16,9,5,0.5556,3,3,1.0000,16,217.36,2026-07-12T11:55:08.000Z,2026-07-12T05:30:12.000Z,35,35
HCP1953,57,29,14,10,0.7143,3,1,0.3333,29,237.63,2026-08-10T10:48:29.000Z,2026-07-21T17:21:50.000Z,26,6
HCP1963,84,39,28,12,0.4286,3,2,0.6667,39,253.29,2026-08-07T02:02:26.000Z,2026-08-07T02:02:26.000Z,9,9
HCP2000,56,25,15,12,0.8000,3,1,0.3333,25,219.29,2026-07-26T16:33:39.000Z,2026-07-26T16:33:39.000Z,21,21
