HCP_ID,Historical_Engagement_Score,Predicted_Engagement_Score,Hybrid_Engagement_Score,Engagement_Level,Email_Probability,Website_Probability,Webinar_Probability,Veeva_Probability,Next_Best_Channel,Recommended_Reason
HCP0001,47.57,59.51,57.13,Medium,0.7862,0.6544,0.1757,0.6392,Email,"Email is recommended with 78.6% predicted likelihood because the HCP has shown recent email engagement and strong historical email responsiveness, which positively influence predicted email engagement."
HCP0002,33.52,53.6,49.59,Low,0.5541,0.7085,0.3363,0.4499,Website,"Website is recommended with 70.9% predicted likelihood because the HCP has shown active downloading of clinical PDF resources and active engagement with email links, which positively influence predicted website engagement."
HCP0003,61.21,57.47,58.22,Medium,0.8204,0.7664,0.1718,0.3215,Email,"Email is recommended with 82.0% predicted likelihood because the HCP has shown strong historical email responsiveness and active downloading of clinical PDF resources, which positively influence predicted email engagement."
HCP0004,57.79,58.01,57.97,Medium,0.8398,0.6965,0.18,0.4162,Email,"Email is recommended with 84.0% predicted likelihood because the HCP has shown strong historical email responsiveness and recent medical conference attendance, which positively influence predicted email engagement."
HCP0005,19.9,42.2,37.74,Low,0.6354,0.2921,0.129,0.5899,Email,"Email is recommended with 63.5% predicted likelihood because the HCP has shown strong historical email responsiveness and active engagement with email links, which positively influence predicted email engagement."
HCP0006,47.68,55.53,53.96,Medium,0.7991,0.556,0.1325,0.6114,Email,"Email is recommended with 79.9% predicted likelihood because the HCP has shown recent email engagement and active engagement with email links, which positively influence predicted email engagement."
HCP0007,31.84,43.76,41.38,Low,0.2655,0.6325,0.3111,0.5302,Website,"Website is recommended with 63.2% predicted likelihood because the HCP has shown active downloading of clinical PDF resources and high overall cross-channel activity, which positively influence predicted website engagement."
HCP0008,48.25,65.38,61.96,Medium,0.8474,0.8061,0.3427,0.4462,Email,"Email is recommended with 84.7% predicted likelihood because the HCP has shown strong historical email responsiveness and consistent website content browsing, which positively influence predicted email engagement."
HCP0009,24.97,39.54,36.63,Low,0.1944,0.3061,0.4992,0.7269,Veeva,"Veeva is recommended with 72.7% predicted likelihood because the HCP has shown high visit completion rate and completed field representative visits, which positively influence predicted veeva engagement."
HCP0010,39.1,56.41,52.94,Medium,0.6579,0.8185,0.1328,0.4729,Website,"Website is recommended with 81.9% predicted likelihood because the HCP has shown consistent website content browsing and high overall cross-channel activity, which positively influence predicted website engagement."
HCP0011,61.42,77.52,74.3,High,0.8815,0.7765,0.632,0.7569,Email,"Email is recommended with 88.1% predicted likelihood because the HCP has shown strong historical email responsiveness and active downloading of clinical PDF resources, which positively influence predicted email engagement."
HCP0012,24.05,45.66,41.34,Low,0.6735,0.409,0.129,0.5302,Email,"Email is recommended with 67.3% predicted likelihood because the HCP has shown active engagement with email links and high email open responsiveness, which positively influence predicted email engagement."
HCP0013,42.21,47.44,46.4,Low,0.3178,0.7341,0.1796,0.6145,Website,"Website is recommended with 73.4% predicted likelihood because the HCP has shown consistent website content browsing and recent medical conference attendance, which positively influence predicted website engagement."
HCP0014,26.69,61.04,54.17,Medium,0.7863,0.7358,0.1328,0.6361,Email,"Email is recommended with 78.6% predicted likelihood because the HCP has shown recent email engagement and active engagement with email links, which positively influence predicted email engagement."
HCP0015,49.64,75.35,70.21,High,0.8646,0.8642,0.5283,0.6461,Email,"Email is recommended with 86.5% predicted likelihood because the HCP has shown strong historical email responsiveness and recent email engagement, which positively influence predicted email engagement."
HCP0016,31.19,58.04,52.67,Medium,0.8679,0.5678,0.2465,0.5019,Email,"Email is recommended with 86.8% predicted likelihood because the HCP has shown recent email engagement and strong historical email responsiveness, which positively influence predicted email engagement."
HCP0017,54.95,74.68,70.74,High,0.8669,0.8535,0.4295,0.724,Email,"Email is recommended with 86.7% predicted likelihood because the HCP has shown recent email engagement and strong historical email responsiveness, which positively influence predicted email engagement."
HCP0018,37.37,61.83,56.94,Medium,0.768,0.6845,0.253,0.6596,Email,"Email is recommended with 76.8% predicted likelihood because the HCP has shown recent email engagement and active engagement with email links, which positively influence predicted email engagement."
HCP0019,55.66,61.94,60.69,Medium,0.8461,0.8842,0.1328,0.3689,Website,"Website is recommended with 88.4% predicted likelihood because the HCP has shown consistent website content browsing and active engagement with email links, which positively influence predicted website engagement."
HCP0020,46.79,62.39,59.27,Medium,0.7596,0.6414,0.3528,0.6652,Email,"Email is recommended with 76.0% predicted likelihood because the HCP has shown strong historical email responsiveness and active engagement with email links, which positively influence predicted email engagement."
HCP0021,41.84,52.97,50.74,Low,0.6058,0.693,0.195,0.5053,Website,"Website is recommended with 69.3% predicted likelihood because the HCP has shown active downloading of clinical PDF resources and high overall cross-channel activity, which positively influence predicted website engagement."
HCP0022,62.54,57.79,58.74,Medium,0.8144,0.54,0.1321,0.7259,Email,"Email is recommended with 81.4% predicted likelihood because the HCP has shown active downloading of clinical PDF resources and high email open responsiveness, which positively influence predicted email engagement."
HCP0023,70.09,59.75,61.82,Medium,0.7802,0.8843,0.1616,0.3289,Website,"Website is recommended with 88.4% predicted likelihood because the HCP has shown consistent website content browsing and recent representative interaction, which positively influence predicted website engagement."
HCP0024,72.91,68.44,69.33,High,0.8697,0.8626,0.253,0.5705,Email,"Email is recommended with 87.0% predicted likelihood because the HCP has shown strong historical email responsiveness and active downloading of clinical PDF resources, which positively influence predicted email engagement."
HCP0025,69.68,69.9,69.86,High,0.8743,0.8449,0.1916,0.7247,Email,"Email is recommended with 87.4% predicted likelihood because the HCP has shown recent email engagement and strong historical email responsiveness, which positively influence predicted email engagement."
HCP0026,29.38,42.46,39.84,Low,0.1017,0.8119,0.1325,0.6198,Website,"Website is recommended with 81.2% predicted likelihood because the HCP has shown consistent website content browsing and active downloading of clinical PDF resources, which positively influence predicted website engagement."
HCP0027,35.89,30.51,31.59,Low,0.5415,0.0865,0.1323,0.4512,Email,"Email is recommended with 54.2% predicted likelihood because the HCP has shown strong historical email responsiveness and recent representative interaction, which positively influence predicted email engagement."
HCP0028,71.5,69.25,69.7,High,0.8006,0.9153,0.272,0.6166,Website,"Website is recommended with 91.5% predicted likelihood because the HCP has shown consistent website content browsing and active engagement with email links, which positively influence predicted website engagement."
HCP0029,59.75,60.08,60.02,Medium,0.8135,0.5843,0.2249,0.6825,Email,"Email is recommended with 81.4% predicted likelihood because the HCP has shown recent email engagement and recent medical conference attendance, which positively influence predicted email engagement."
HCP0030,60.35,55.92,56.81,Medium,0.7361,0.7581,0.1889,0.3658,Website,"Website is recommended with 75.8% predicted likelihood because the HCP has shown consistent website content browsing and recent portal navigation, which positively influence predicted website engagement."
HCP0031,27.55,18.44,20.26,Low,0.2192,0.0946,0.1323,0.3191,Veeva,"Veeva is recommended with 31.9% predicted likelihood because the HCP has shown recent representative interaction and recent medical conference attendance, which positively influence predicted veeva engagement."
HCP0032,39.83,67.56,62.01,Medium,0.7434,0.8534,0.3625,0.6203,Website,"Website is recommended with 85.3% predicted likelihood because the HCP has shown consistent website content browsing and active downloading of clinical PDF resources, which positively influence predicted website engagement."
HCP0033,45.62,66.62,62.42,High,0.8193,0.623,0.4844,0.6829,Email,"Email is recommended with 81.9% predicted likelihood because the HCP has shown recent email engagement and strong historical email responsiveness, which positively influence predicted email engagement."
HCP0034,34.22,34.59,34.51,Low,0.5226,0.0976,0.4987,0.3005,Email,"Email is recommended with 52.3% predicted likelihood because the HCP has shown recent email engagement and strong historical email responsiveness, which positively influence predicted email engagement."
HCP0035,51.18,62.52,60.25,Medium,0.7582,0.8494,0.1342,0.5802,Website,"Website is recommended with 84.9% predicted likelihood because the HCP has shown consistent website content browsing and active downloading of clinical PDF resources, which positively influence predicted website engagement."
HCP0036,11.88,48.06,40.82,Low,0.5108,0.303,0.5208,0.6614,Veeva,"Veeva is recommended with 66.1% predicted likelihood because the HCP has shown high visit completion rate and completed field representative visits, which positively influence predicted veeva engagement."
HCP0037,28.09,34.9,33.54,Low,0.3234,0.3816,0.2382,0.4493,Veeva,"Veeva is recommended with 44.9% predicted likelihood because the HCP has shown high visit completion rate and completed field representative visits, which positively influence predicted veeva engagement."
HCP0038,63.4,72.1,70.36,High,0.8888,0.8851,0.2848,0.6592,Email,"Email is recommended with 88.9% predicted likelihood because the HCP has shown recent email engagement and strong historical email responsiveness, which positively influence predicted email engagement."
HCP0039,37.54,44.35,42.99,Low,0.27,0.9021,0.1694,0.2899,Website,"Website is recommended with 90.2% predicted likelihood because the HCP has shown consistent website content browsing and high overall cross-channel activity, which positively influence predicted website engagement."
HCP0040,50.04,65.2,62.17,Medium,0.8713,0.8371,0.1728,0.5249,Email,"Email is recommended with 87.1% predicted likelihood because the HCP has shown strong historical email responsiveness and recent representative interaction, which positively influence predicted email engagement."
HCP0041,50.57,63.59,60.98,Medium,0.843,0.7797,0.4047,0.3404,Email,"Email is recommended with 84.3% predicted likelihood because the HCP has shown recent email engagement and strong historical email responsiveness, which positively influence predicted email engagement."
HCP0042,54.52,63.17,61.44,Medium,0.8713,0.7882,0.163,0.5063,Email,"Email is recommended with 87.1% predicted likelihood because the HCP has shown strong historical email responsiveness and recent medical conference attendance, which positively influence predicted email engagement."
HCP0043,46.97,72.75,67.59,High,0.7795,0.7757,0.5983,0.7062,Email,"Email is recommended with 78.0% predicted likelihood because the HCP has shown strong historical email responsiveness and active engagement with email links, which positively influence predicted email engagement."
HCP0044,30.17,21.94,23.58,Low,0.0983,0.2224,0.1324,0.4834,Veeva,"Veeva is recommended with 48.3% predicted likelihood because the HCP has shown completed field representative visits and recent email engagement, which positively influence predicted veeva engagement."
HCP0045,58.68,62.28,61.56,Medium,0.7473,0.8441,0.2313,0.4954,Website,"Website is recommended with 84.4% predicted likelihood because the HCP has shown consistent website content browsing and strong historical email responsiveness, which positively influence predicted website engagement."
HCP0046,39.81,66.26,60.97,Medium,0.7905,0.8782,0.1981,0.612,Website,"Website is recommended with 87.8% predicted likelihood because the HCP has shown consistent website content browsing and frequent clinical article views, which positively influence predicted website engagement."
HCP0047,65.21,73.48,71.83,High,0.8566,0.9082,0.5838,0.4431,Website,"Website is recommended with 90.8% predicted likelihood because the HCP has shown consistent website content browsing and strong historical email responsiveness, which positively influence predicted website engagement."
HCP0048,42.65,38.07,38.99,Low,0.2492,0.4856,0.176,0.6254,Veeva,"Veeva is recommended with 62.5% predicted likelihood because the HCP has shown frequent representative touchpoints and high email open responsiveness, which positively influence predicted veeva engagement."
HCP0049,19.08,25.73,24.4,Low,0.278,0.1405,0.1328,0.5258,Veeva,"Veeva is recommended with 52.6% predicted likelihood because the HCP has shown high visit completion rate and completed field representative visits, which positively influence predicted veeva engagement."
HCP0050,28.07,42.4,39.54,Low,0.6687,0.3286,0.1324,0.4919,Email,"Email is recommended with 66.9% predicted likelihood because the HCP has shown consistent email open activity, which positively influences predicted email engagement."
HCP0051,33.65,45.75,43.33,Low,0.3278,0.7,0.3628,0.3832,Website,"Website is recommended with 70.0% predicted likelihood because the HCP has shown recent medical conference attendance and high overall cross-channel activity, which positively influence predicted website engagement."
HCP0052,29.06,63.84,56.88,Medium,0.831,0.5789,0.3725,0.7045,Email,"Email is recommended with 83.1% predicted likelihood because the HCP has shown high email open responsiveness and active engagement with email links, which positively influence predicted email engagement."
HCP0053,47.31,47.36,47.35,Low,0.529,0.6554,0.1963,0.395,Website,"Website is recommended with 65.5% predicted likelihood because the HCP has shown consistent website content browsing and active downloading of clinical PDF resources, which positively influence predicted website engagement."
HCP0054,39.19,55.49,52.23,Medium,0.7109,0.7028,0.1922,0.4615,Email,"Email is recommended with 71.1% predicted likelihood because the HCP has shown recent email engagement and strong historical email responsiveness, which positively influence predicted email engagement."
HCP0055,47.87,51.07,50.43,Low,0.6504,0.3101,0.4028,0.7102,Veeva,"Veeva is recommended with 71.0% predicted likelihood because the HCP has shown frequent representative touchpoints and completed field representative visits, which positively influence predicted veeva engagement."
HCP0056,42.15,46.15,45.35,Low,0.1106,0.7839,0.2284,0.7376,Website,"Website is recommended with 78.4% predicted likelihood because the HCP has shown consistent website content browsing and recent medical conference attendance, which positively influence predicted website engagement."
HCP0057,39.05,64.4,59.33,Medium,0.7703,0.7778,0.2503,0.6477,Website,"Website is recommended with 77.8% predicted likelihood because the HCP has shown high overall cross-channel activity and active downloading of clinical PDF resources, which positively influence predicted website engagement."
HCP0058,32.56,47.84,44.78,Low,0.2391,0.7445,0.2749,0.6417,Website,"Website is recommended with 74.5% predicted likelihood because the HCP has shown consistent website content browsing and high overall cross-channel activity, which positively influence predicted website engagement."
HCP0059,41.35,41.35,41.35,Low,0.5978,0.337,0.2831,0.3822,Email,"Email is recommended with 59.8% predicted likelihood because the HCP has shown active engagement with email links and high email open responsiveness, which positively influence predicted email engagement."
HCP0060,45.91,41.31,42.23,Low,0.7856,0.3011,0.1322,0.3034,Email,"Email is recommended with 78.6% predicted likelihood because the HCP has shown strong historical email responsiveness and high email open responsiveness, which positively influence predicted email engagement."
HCP0061,78.69,69.87,71.63,High,0.865,0.9156,0.1721,0.6504,Website,"Website is recommended with 91.6% predicted likelihood because the HCP has shown consistent website content browsing and strong historical email responsiveness, which positively influence predicted website engagement."
HCP0062,56.08,65.71,63.79,High,0.8009,0.8922,0.1663,0.5796,Website,"Website is recommended with 89.2% predicted likelihood because the HCP has shown consistent website content browsing and strong historical email responsiveness, which positively influence predicted website engagement."
HCP0063,52.63,60.37,58.82,Medium,0.7457,0.7387,0.2416,0.5504,Email,"Email is recommended with 74.6% predicted likelihood because the HCP has shown active downloading of clinical PDF resources and recent representative interaction, which positively influence predicted email engagement."
HCP0064,35.4,36.61,36.37,Low,0.182,0.6266,0.2377,0.3799,Website,"Website is recommended with 62.7% predicted likelihood because the HCP has shown active downloading of clinical PDF resources and high overall cross-channel activity, which positively influence predicted website engagement."
HCP0065,17.84,46.28,40.59,Low,0.6196,0.1518,0.5051,0.6519,Veeva,"Veeva is recommended with 65.2% predicted likelihood because the HCP has shown frequent representative touchpoints and high webinar participation consistency, which positively influence predicted veeva engagement."
HCP0066,22.72,54.59,48.22,Low,0.7486,0.3754,0.3576,0.6859,Email,"Email is recommended with 74.9% predicted likelihood because the HCP has shown active engagement with email links and frequent representative touchpoints, which positively influence predicted email engagement."
HCP0067,35.63,46.22,44.11,Low,0.7547,0.1478,0.305,0.6525,Email,"Email is recommended with 75.5% predicted likelihood because the HCP has shown strong historical email responsiveness and sustained webinar watch duration, which positively influence predicted email engagement."
HCP0068,48.26,63.5,60.45,Medium,0.8502,0.8116,0.351,0.3312,Email,"Email is recommended with 85.0% predicted likelihood because the HCP has shown strong historical email responsiveness and high email open responsiveness, which positively influence predicted email engagement."
HCP0069,34.98,60.77,55.61,Medium,0.8153,0.6047,0.4329,0.4758,Email,"Email is recommended with 81.5% predicted likelihood because the HCP has shown strong historical email responsiveness and high email open responsiveness, which positively influence predicted email engagement."
HCP0070,13.92,45.63,39.29,Low,0.5806,0.1868,0.4101,0.7205,Veeva,"Veeva is recommended with 72.1% predicted likelihood because the HCP has shown high visit completion rate and completed field representative visits, which positively influence predicted veeva engagement."
HCP0071,42.27,60.86,57.14,Medium,0.5458,0.7798,0.3612,0.6935,Website,"Website is recommended with 78.0% predicted likelihood because the HCP has shown recent email engagement and recent medical conference attendance, which positively influence predicted website engagement."
HCP0072,51.1,57.96,56.59,Medium,0.8178,0.5032,0.2388,0.6779,Email,"Email is recommended with 81.8% predicted likelihood because the HCP has shown strong historical email responsiveness and consistent email open activity, which positively influence predicted email engagement."
HCP0073,42.32,54.09,51.74,Medium,0.6926,0.7423,0.171,0.3813,Website,"Website is recommended with 74.2% predicted likelihood because the HCP has shown high overall cross-channel activity and active downloading of clinical PDF resources, which positively influence predicted website engagement."
HCP0074,66.79,71.27,70.37,High,0.8905,0.8524,0.6003,0.3488,Email,"Email is recommended with 89.0% predicted likelihood because the HCP has shown recent email engagement and strong historical email responsiveness, which positively influence predicted email engagement."
HCP0075,55.75,73.58,70.02,High,0.8513,0.8632,0.4322,0.6752,Website,"Website is recommended with 86.3% predicted likelihood because the HCP has shown consistent website content browsing and sustained webinar watch duration, which positively influence predicted website engagement."
HCP0076,53.54,65.5,63.1,High,0.8458,0.7421,0.5183,0.3747,Email,"Email is recommended with 84.6% predicted likelihood because the HCP has shown strong historical email responsiveness and active engagement with email links, which positively influence predicted email engagement."
HCP0077,39.93,49.32,47.44,Low,0.4057,0.6124,0.507,0.4318,Website,"Website is recommended with 61.2% predicted likelihood because the HCP has shown active downloading of clinical PDF resources and recent medical conference attendance, which positively influence predicted website engagement."
HCP0078,61.84,72.58,70.43,High,0.8559,0.8529,0.4843,0.5816,Email,"Email is recommended with 85.6% predicted likelihood because the HCP has shown strong historical email responsiveness and active downloading of clinical PDF resources, which positively influence predicted email engagement."
HCP0079,63.77,61.03,61.58,Medium,0.7783,0.8604,0.1747,0.4187,Website,"Website is recommended with 86.0% predicted likelihood because the HCP has shown consistent website content browsing and strong historical email responsiveness, which positively influence predicted website engagement."
HCP0080,50.44,53.52,52.9,Medium,0.49,0.8076,0.1726,0.5567,Website,"Website is recommended with 80.8% predicted likelihood because the HCP has shown consistent website content browsing and active downloading of clinical PDF resources, which positively influence predicted website engagement."
HCP0081,40.12,52.43,49.97,Low,0.8443,0.3989,0.1292,0.6275,Email,"Email is recommended with 84.4% predicted likelihood because the HCP has shown recent email engagement and strong historical email responsiveness, which positively influence predicted email engagement."
HCP0082,57.07,63.52,62.23,Medium,0.7635,0.8866,0.1569,0.5439,Website,"Website is recommended with 88.7% predicted likelihood because the HCP has shown consistent website content browsing and sustained webinar watch duration, which positively influence predicted website engagement."
HCP0083,45.05,54.45,52.57,Medium,0.747,0.5843,0.1322,0.5934,Email,"Email is recommended with 74.7% predicted likelihood because the HCP has shown strong historical email responsiveness and high email open responsiveness, which positively influence predicted email engagement."
HCP0084,34.34,59.71,54.64,Medium,0.6293,0.9002,0.1909,0.5003,Website,"Website is recommended with 90.0% predicted likelihood because the HCP has shown consistent website content browsing and active downloading of clinical PDF resources, which positively influence predicted website engagement."
HCP0085,69.9,61.86,63.47,High,0.7804,0.8241,0.1321,0.5543,Website,"Website is recommended with 82.4% predicted likelihood because the HCP has shown consistent website content browsing and frequent clinical article views, which positively influence predicted website engagement."
HCP0086,37.99,65.14,59.71,Medium,0.7827,0.7887,0.4451,0.4548,Website,"Website is recommended with 78.9% predicted likelihood because the HCP has shown active downloading of clinical PDF resources and strong historical email responsiveness, which positively influence predicted website engagement."
HCP0087,20.21,40.02,36.06,Low,0.2072,0.7446,0.1766,0.3967,Website,"Website is recommended with 74.5% predicted likelihood because the HCP has shown consistent website content browsing and high overall cross-channel activity, which positively influence predicted website engagement."
HCP0088,49.8,50.59,50.43,Low,0.7725,0.1447,0.6618,0.4918,Email,"Email is recommended with 77.3% predicted likelihood because the HCP has shown strong historical email responsiveness and recent representative interaction, which positively influence predicted email engagement."
HCP0089,30.46,37.17,35.83,Low,0.1139,0.6165,0.1319,0.631,Veeva,"Veeva is recommended with 63.1% predicted likelihood because the HCP has shown high visit completion rate and completed field representative visits, which positively influence predicted veeva engagement."
HCP0090,51.15,59.03,57.45,Medium,0.7113,0.8363,0.1747,0.4551,Website,"Website is recommended with 83.6% predicted likelihood because the HCP has shown consistent website content browsing and recent medical conference attendance, which positively influence predicted website engagement."
HCP0091,48.12,65.42,61.96,Medium,0.6803,0.7906,0.3363,0.7286,Website,"Website is recommended with 79.1% predicted likelihood because the HCP has shown consistent website content browsing and active downloading of clinical PDF resources, which positively influence predicted website engagement."
HCP0092,36.53,59.84,55.18,Medium,0.638,0.75,0.2585,0.6515,Website,"Website is recommended with 75.0% predicted likelihood because the HCP has shown consistent website content browsing and recent portal navigation, which positively influence predicted website engagement."
HCP0093,55.12,73.58,69.88,High,0.8639,0.8571,0.4085,0.6888,Email,"Email is recommended with 86.4% predicted likelihood because the HCP has shown strong historical email responsiveness and recent representative interaction, which positively influence predicted email engagement."
HCP0094,69.38,67.94,68.23,High,0.7995,0.9166,0.3451,0.4775,Website,"Website is recommended with 91.7% predicted likelihood because the HCP has shown consistent website content browsing and sustained webinar watch duration, which positively influence predicted website engagement."
HCP0095,41.1,64.53,59.85,Medium,0.8687,0.7646,0.129,0.6478,Email,"Email is recommended with 86.9% predicted likelihood because the HCP has shown recent email engagement and strong historical email responsiveness, which positively influence predicted email engagement."
HCP0096,74.79,71.16,71.89,High,0.7696,0.9137,0.4898,0.5432,Website,"Website is recommended with 91.4% predicted likelihood because the HCP has shown consistent website content browsing and strong historical email responsiveness, which positively influence predicted website engagement."
HCP0097,46.74,65.97,62.12,Medium,0.8591,0.6371,0.4389,0.6153,Email,"Email is recommended with 85.9% predicted likelihood because the HCP has shown strong historical email responsiveness and high email open responsiveness, which positively influence predicted email engagement."
HCP0098,27.26,56.61,50.74,Low,0.5899,0.6511,0.503,0.4661,Website,"Website is recommended with 65.1% predicted likelihood because the HCP has shown active downloading of clinical PDF resources and strong historical email responsiveness, which positively influence predicted website engagement."
HCP0099,49.02,47.9,48.12,Low,0.7304,0.4882,0.2001,0.3669,Email,"Email is recommended with 73.0% predicted likelihood because the HCP has shown active engagement with email links and recent medical conference attendance, which positively influence predicted email engagement."
HCP0100,50.07,68.58,64.88,High,0.8496,0.7486,0.3669,0.6647,Email,"Email is recommended with 85.0% predicted likelihood because the HCP has shown high email open responsiveness and consistent email open activity, which positively influence predicted email engagement."
HCP0101,61.57,61.57,61.57,Medium,0.7768,0.5713,0.3913,0.665,Email,"Email is recommended with 77.7% predicted likelihood because the HCP has shown strong historical email responsiveness and recent medical conference attendance, which positively influence predicted email engagement."
HCP0102,36.9,54.96,51.35,Medium,0.7853,0.5642,0.1758,0.5478,Email,"Email is recommended with 78.5% predicted likelihood because the HCP has shown active engagement with email links and active Q&A engagement during medical events, which positively influence predicted email engagement."
HCP0103,19.43,27.44,25.84,Low,0.1685,0.2478,0.1326,0.6148,Veeva,"Veeva is recommended with 61.5% predicted likelihood because the HCP has shown frequent representative touchpoints and high webinar participation consistency, which positively influence predicted veeva engagement."
HCP0104,38.1,55.53,52.05,Medium,0.2658,0.7834,0.5419,0.6611,Website,"Website is recommended with 78.3% predicted likelihood because the HCP has shown active downloading of clinical PDF resources and recent medical conference attendance, which positively influence predicted website engagement."
HCP0105,76.13,80.45,79.58,High,0.8774,0.917,0.6373,0.6934,Website,"Website is recommended with 91.7% predicted likelihood because the HCP has shown consistent website content browsing and sustained webinar watch duration, which positively influence predicted website engagement."
HCP0106,48.49,63.54,60.53,Medium,0.7164,0.8424,0.5555,0.2836,Website,"Website is recommended with 84.2% predicted likelihood because the HCP has shown recent medical conference attendance and active engagement with email links, which positively influence predicted website engagement."
HCP0107,43.95,74.23,68.17,High,0.8002,0.8799,0.5195,0.6716,Website,"Website is recommended with 88.0% predicted likelihood because the HCP has shown consistent website content browsing and active downloading of clinical PDF resources, which positively influence predicted website engagement."
HCP0108,43.99,70.78,65.42,High,0.8315,0.8711,0.5542,0.4309,Website,"Website is recommended with 87.1% predicted likelihood because the HCP has shown consistent website content browsing and recent medical conference attendance, which positively influence predicted website engagement."
HCP0109,43.72,51.98,50.33,Low,0.8909,0.3928,0.1753,0.4983,Email,"Email is recommended with 89.1% predicted likelihood because the HCP has shown recent email engagement and strong historical email responsiveness, which positively influence predicted email engagement."
HCP0110,64.53,70.04,68.94,High,0.8458,0.745,0.4497,0.666,Email,"Email is recommended with 84.6% predicted likelihood because the HCP has shown strong historical email responsiveness and frequent clinical article views, which positively influence predicted email engagement."
HCP0111,32.65,47.03,44.16,Low,0.2963,0.8553,0.1865,0.4376,Website,"Website is recommended with 85.5% predicted likelihood because the HCP has shown consistent website content browsing and high overall cross-channel activity, which positively influence predicted website engagement."
HCP0112,77.3,60.52,63.88,High,0.7349,0.9046,0.1326,0.4343,Website,"Website is recommended with 90.5% predicted likelihood because the HCP has shown consistent website content browsing and sustained webinar watch duration, which positively influence predicted website engagement."
HCP0113,50.68,67.46,64.11,High,0.7979,0.7967,0.5108,0.4704,Email,"Email is recommended with 79.8% predicted likelihood because the HCP has shown active engagement with email links and active downloading of clinical PDF resources, which positively influence predicted email engagement."
HCP0114,33.24,61.39,55.76,Medium,0.7727,0.8385,0.129,0.5236,Website,"Website is recommended with 83.8% predicted likelihood because the HCP has shown active downloading of clinical PDF resources and recent medical conference attendance, which positively influence predicted website engagement."
HCP0115,18.1,64.02,54.83,Medium,0.8484,0.7718,0.129,0.6416,Email,"Email is recommended with 84.8% predicted likelihood because the HCP has shown strong historical email responsiveness and recent representative interaction, which positively influence predicted email engagement."
HCP0116,81.07,74.71,75.98,High,0.8704,0.9014,0.4221,0.6555,Website,"Website is recommended with 90.1% predicted likelihood because the HCP has shown consistent website content browsing and strong historical email responsiveness, which positively influence predicted website engagement."
HCP0117,51.84,68.98,65.55,High,0.7133,0.835,0.5458,0.5806,Website,"Website is recommended with 83.5% predicted likelihood because the HCP has shown consistent website content browsing and strong historical email responsiveness, which positively influence predicted website engagement."
HCP0118,39.18,65.71,60.4,Medium,0.8747,0.697,0.18,0.7479,Email,"Email is recommended with 87.5% predicted likelihood because the HCP has shown strong historical email responsiveness and active Q&A engagement during medical events, which positively influence predicted email engagement."
HCP0119,38.29,59.23,55.04,Medium,0.8382,0.5462,0.4425,0.4422,Email,"Email is recommended with 83.8% predicted likelihood because the HCP has shown strong historical email responsiveness and active engagement with email links, which positively influence predicted email engagement."
HCP0120,49.24,51.43,50.99,Low,0.8312,0.4522,0.1324,0.5141,Email,"Email is recommended with 83.1% predicted likelihood because the HCP has shown strong historical email responsiveness and recent representative interaction, which positively influence predicted email engagement."
HCP0121,45.3,48.85,48.14,Low,0.3599,0.6709,0.3245,0.5718,Website,"Website is recommended with 67.1% predicted likelihood because the HCP has shown high overall cross-channel activity and recent medical conference attendance, which positively influence predicted website engagement."
HCP0122,18.38,32.94,30.03,Low,0.4244,0.2343,0.129,0.5298,Veeva,"Veeva is recommended with 53.0% predicted likelihood because the HCP has shown completed field representative visits and recent representative interaction, which positively influence predicted veeva engagement."
HCP0123,50.96,41.28,43.21,Low,0.2645,0.7843,0.1574,0.3333,Website,"Website is recommended with 78.4% predicted likelihood because the HCP has shown frequent clinical article views and sustained webinar watch duration, which positively influence predicted website engagement."
HCP0124,46.28,64.83,61.12,Medium,0.8215,0.6665,0.295,0.7144,Email,"Email is recommended with 82.1% predicted likelihood because the HCP has shown active engagement with email links and active downloading of clinical PDF resources, which positively influence predicted email engagement."
HCP0125,19.43,46.41,41.01,Low,0.2047,0.5309,0.4887,0.7283,Veeva,"Veeva is recommended with 72.8% predicted likelihood because the HCP has shown high visit completion rate and completed field representative visits, which positively influence predicted veeva engagement."
HCP0126,59.25,62.58,61.91,Medium,0.805,0.5626,0.4055,0.6719,Email,"Email is recommended with 80.5% predicted likelihood because the HCP has shown strong historical email responsiveness and sustained webinar watch duration, which positively influence predicted email engagement."
HCP0127,34.02,61.13,55.71,Medium,0.7282,0.6475,0.265,0.7279,Email,"Email is recommended with 72.8% predicted likelihood because the HCP has shown recent portal navigation and frequent representative touchpoints, which positively influence predicted email engagement."
HCP0128,34.62,59.86,54.81,Medium,0.6961,0.5979,0.5213,0.5305,Email,"Email is recommended with 69.6% predicted likelihood because the HCP has shown recent email engagement and recent representative interaction, which positively influence predicted email engagement."
HCP0129,33.16,45.5,43.04,Low,0.574,0.3656,0.5041,0.3617,Email,"Email is recommended with 57.4% predicted likelihood because the HCP has shown active engagement with email links and high email open responsiveness, which positively influence predicted email engagement."
HCP0130,53.32,77.14,72.38,High,0.8645,0.8846,0.5269,0.7064,Website,"Website is recommended with 88.5% predicted likelihood because the HCP has shown consistent website content browsing and strong historical email responsiveness, which positively influence predicted website engagement."
HCP0131,49.24,66.45,63.0,High,0.8691,0.7375,0.239,0.6736,Email,"Email is recommended with 86.9% predicted likelihood because the HCP has shown recent email engagement and strong historical email responsiveness, which positively influence predicted email engagement."
HCP0132,17.27,63.47,54.23,Medium,0.6248,0.6345,0.6008,0.6839,Veeva,"Veeva is recommended with 68.4% predicted likelihood because the HCP has shown completed field representative visits and high visit completion rate, which positively influence predicted veeva engagement."
HCP0133,52.41,62.78,60.7,Medium,0.7057,0.8439,0.1324,0.6821,Website,"Website is recommended with 84.4% predicted likelihood because the HCP has shown consistent website content browsing and active engagement with email links, which positively influence predicted website engagement."
HCP0134,32.16,71.23,63.42,High,0.8328,0.8723,0.3152,0.6886,Website,"Website is recommended with 87.2% predicted likelihood because the HCP has shown consistent website content browsing and active downloading of clinical PDF resources, which positively influence predicted website engagement."
HCP0135,42.65,69.66,64.26,High,0.8417,0.6622,0.4934,0.7339,Email,"Email is recommended with 84.2% predicted likelihood because the HCP has shown strong historical email responsiveness and active downloading of clinical PDF resources, which positively influence predicted email engagement."
HCP0136,57.7,70.49,67.93,High,0.7801,0.8866,0.3521,0.6723,Website,"Website is recommended with 88.7% predicted likelihood because the HCP has shown consistent website content browsing and strong historical email responsiveness, which positively influence predicted website engagement."
HCP0137,77.08,71.28,72.44,High,0.8477,0.8984,0.4151,0.5297,Website,"Website is recommended with 89.8% predicted likelihood because the HCP has shown consistent website content browsing and recent portal navigation, which positively influence predicted website engagement."
HCP0138,43.8,64.98,60.75,Medium,0.8107,0.798,0.129,0.7072,Email,"Email is recommended with 81.1% predicted likelihood because the HCP has shown frequent clinical article views and active engagement with email links, which positively influence predicted email engagement."
HCP0139,46.6,50.89,50.03,Low,0.4627,0.6851,0.1738,0.6489,Website,"Website is recommended with 68.5% predicted likelihood because the HCP has shown recent representative interaction and frequent clinical article views, which positively influence predicted website engagement."
HCP0140,30.62,48.93,45.26,Low,0.3584,0.535,0.5057,0.6006,Veeva,"Veeva is recommended with 60.1% predicted likelihood because the HCP has shown frequent representative touchpoints and completed field representative visits, which positively influence predicted veeva engagement."
HCP0141,33.36,61.96,56.24,Medium,0.5669,0.8636,0.4802,0.472,Website,"Website is recommended with 86.4% predicted likelihood because the HCP has shown consistent website content browsing and active downloading of clinical PDF resources, which positively influence predicted website engagement."
HCP0142,16.86,42.31,37.22,Low,0.6644,0.1438,0.1452,0.7578,Veeva,"Veeva is recommended with 75.8% predicted likelihood because the HCP has shown frequent representative touchpoints and completed field representative visits, which positively influence predicted veeva engagement."
HCP0143,46.87,61.9,58.89,Medium,0.7071,0.7722,0.3291,0.5467,Website,"Website is recommended with 77.2% predicted likelihood because the HCP has shown consistent website content browsing and active downloading of clinical PDF resources, which positively influence predicted website engagement."
HCP0144,43.48,55.31,52.94,Medium,0.6657,0.6216,0.1437,0.6907,Veeva,"Veeva is recommended with 69.1% predicted likelihood because the HCP has shown completed field representative visits and high visit completion rate, which positively influence predicted veeva engagement."
HCP0145,13.12,48.03,41.05,Low,0.2889,0.6839,0.2404,0.702,Veeva,"Veeva is recommended with 70.2% predicted likelihood because the HCP has shown frequent representative touchpoints and completed field representative visits, which positively influence predicted veeva engagement."
HCP0146,36.08,45.46,43.59,Low,0.6203,0.2031,0.5107,0.5273,Email,"Email is recommended with 62.0% predicted likelihood because the HCP has shown active engagement with email links and high email open responsiveness, which positively influence predicted email engagement."
HCP0147,40.43,47.32,45.95,Low,0.7605,0.3634,0.1745,0.5058,Email,"Email is recommended with 76.1% predicted likelihood because the HCP has shown high email open responsiveness and recent medical conference attendance, which positively influence predicted email engagement."
HCP0148,49.49,66.44,63.05,High,0.7164,0.7173,0.4891,0.6822,Website,"Website is recommended with 71.7% predicted likelihood because the HCP has shown consistent website content browsing and active downloading of clinical PDF resources, which positively influence predicted website engagement."
HCP0149,47.48,66.07,62.35,Medium,0.8856,0.775,0.2572,0.5554,Email,"Email is recommended with 88.6% predicted likelihood because the HCP has shown strong historical email responsiveness and active downloading of clinical PDF resources, which positively influence predicted email engagement."
HCP0150,45.65,52.96,51.5,Medium,0.6427,0.6347,0.2773,0.4548,Email,"Email is recommended with 64.3% predicted likelihood because the HCP has shown strong historical email responsiveness and high email open responsiveness, which positively influence predicted email engagement."
HCP0151,45.31,48.81,48.11,Low,0.3433,0.8106,0.144,0.5655,Website,"Website is recommended with 81.1% predicted likelihood because the HCP has shown active downloading of clinical PDF resources and consistent website content browsing, which positively influence predicted website engagement."
HCP0152,38.7,62.9,58.06,Medium,0.855,0.6278,0.1748,0.7461,Email,"Email is recommended with 85.5% predicted likelihood because the HCP has shown recent email engagement and recent medical conference attendance, which positively influence predicted email engagement."
HCP0153,35.9,56.99,52.77,Medium,0.6434,0.675,0.5147,0.3573,Website,"Website is recommended with 67.5% predicted likelihood because the HCP has shown active downloading of clinical PDF resources and recent representative interaction, which positively influence predicted website engagement."
HCP0154,62.97,61.29,61.63,Medium,0.6307,0.8817,0.1559,0.64,Website,"Website is recommended with 88.2% predicted likelihood because the HCP has shown consistent website content browsing and strong historical email responsiveness, which positively influence predicted website engagement."
HCP0155,35.93,65.57,59.64,Medium,0.7286,0.6586,0.496,0.7015,Email,"Email is recommended with 72.9% predicted likelihood because the HCP has shown active engagement with email links and high email open responsiveness, which positively influence predicted email engagement."
HCP0156,49.07,67.41,63.74,High,0.7481,0.7002,0.4882,0.7097,Email,"Email is recommended with 74.8% predicted likelihood because the HCP has shown strong historical email responsiveness and consistent website content browsing, which positively influence predicted email engagement."
HCP0157,29.36,48.26,44.48,Low,0.3841,0.4997,0.4124,0.6748,Veeva,"Veeva is recommended with 67.5% predicted likelihood because the HCP has shown high visit completion rate and completed field representative visits, which positively influence predicted veeva engagement."
HCP0158,27.58,44.97,41.49,Low,0.3899,0.8217,0.129,0.3021,Website,"Website is recommended with 82.2% predicted likelihood because the HCP has shown active downloading of clinical PDF resources and high overall cross-channel activity, which positively influence predicted website engagement."
HCP0159,55.39,63.62,61.97,Medium,0.7654,0.7954,0.3551,0.4846,Website,"Website is recommended with 79.5% predicted likelihood because the HCP has shown consistent website content browsing and strong historical email responsiveness, which positively influence predicted website engagement."
HCP0160,30.05,45.76,42.62,Low,0.7393,0.2946,0.2771,0.46,Email,"Email is recommended with 73.9% predicted likelihood because the HCP has shown recent email engagement and active engagement with email links, which positively influence predicted email engagement."
HCP0161,29.8,36.17,34.9,Low,0.2813,0.3414,0.1564,0.7183,Veeva,"Veeva is recommended with 71.8% predicted likelihood because the HCP has shown frequent representative touchpoints and high visit completion rate, which positively influence predicted veeva engagement."
HCP0162,28.01,51.76,47.01,Low,0.5936,0.4012,0.5225,0.5733,Email,"Email is recommended with 59.4% predicted likelihood because the HCP has shown strong historical email responsiveness and active engagement with email links, which positively influence predicted email engagement."
HCP0163,27.34,55.67,50.0,Low,0.7706,0.6157,0.129,0.5749,Email,"Email is recommended with 77.1% predicted likelihood because the HCP has shown strong historical email responsiveness and active engagement with email links, which positively influence predicted email engagement."
HCP0164,52.04,67.0,64.01,High,0.8005,0.7468,0.5363,0.4926,Email,"Email is recommended with 80.1% predicted likelihood because the HCP has shown strong historical email responsiveness and recent representative interaction, which positively influence predicted email engagement."
HCP0165,66.88,67.3,67.22,High,0.886,0.9002,0.2366,0.449,Website,"Website is recommended with 90.0% predicted likelihood because the HCP has shown consistent website content browsing and strong historical email responsiveness, which positively influence predicted website engagement."
HCP0166,29.57,49.24,45.31,Low,0.3203,0.7322,0.1442,0.7394,Veeva,"Veeva is recommended with 73.9% predicted likelihood because the HCP has shown frequent representative touchpoints and completed field representative visits, which positively influence predicted veeva engagement."
HCP0167,39.5,68.74,62.89,High,0.8184,0.8439,0.2573,0.6864,Website,"Website is recommended with 84.4% predicted likelihood because the HCP has shown consistent website content browsing and high overall cross-channel activity, which positively influence predicted website engagement."
HCP0168,51.49,52.36,52.19,Medium,0.383,0.6964,0.2774,0.7218,Veeva,"Veeva is recommended with 72.2% predicted likelihood because the HCP has shown high visit completion rate and completed field representative visits, which positively influence predicted veeva engagement."
HCP0169,61.86,47.22,50.15,Low,0.3129,0.8264,0.1775,0.4746,Website,"Website is recommended with 82.6% predicted likelihood because the HCP has shown consistent website content browsing and recent medical conference attendance, which positively influence predicted website engagement."
HCP0170,41.93,65.39,60.7,Medium,0.7619,0.9082,0.28,0.4842,Website,"Website is recommended with 90.8% predicted likelihood because the HCP has shown consistent website content browsing and high overall cross-channel activity, which positively influence predicted website engagement."
HCP0171,27.35,34.1,32.75,Low,0.3784,0.1431,0.2582,0.6648,Veeva,"Veeva is recommended with 66.5% predicted likelihood because the HCP has shown frequent representative touchpoints and high webinar participation consistency, which positively influence predicted veeva engagement."
HCP0172,57.53,51.07,52.36,Medium,0.3412,0.764,0.24,0.6556,Website,"Website is recommended with 76.4% predicted likelihood because the HCP has shown consistent website content browsing and active downloading of clinical PDF resources, which positively influence predicted website engagement."
HCP0173,40.01,62.44,57.95,Medium,0.7357,0.6713,0.4509,0.5605,Email,"Email is recommended with 73.6% predicted likelihood because the HCP has shown strong historical email responsiveness and active engagement with email links, which positively influence predicted email engagement."
HCP0174,60.46,58.25,58.69,Medium,0.7641,0.8178,0.2346,0.3048,Website,"Website is recommended with 81.8% predicted likelihood because the HCP has shown recent medical conference attendance and recent portal navigation, which positively influence predicted website engagement."
HCP0175,51.08,66.29,63.25,High,0.7071,0.8595,0.2389,0.7259,Website,"Website is recommended with 85.9% predicted likelihood because the HCP has shown consistent website content browsing and strong historical email responsiveness, which positively influence predicted website engagement."
HCP0176,38.05,50.34,47.88,Low,0.6545,0.6939,0.1328,0.3614,Website,"Website is recommended with 69.4% predicted likelihood because the HCP has shown active downloading of clinical PDF resources and recent email engagement, which positively influence predicted website engagement."
HCP0177,45.0,58.58,55.86,Medium,0.7799,0.7536,0.176,0.4528,Email,"Email is recommended with 78.0% predicted likelihood because the HCP has shown recent email engagement and active downloading of clinical PDF resources, which positively influence predicted email engagement."
HCP0178,58.29,78.68,74.6,High,0.8656,0.8577,0.6176,0.7313,Email,"Email is recommended with 86.6% predicted likelihood because the HCP has shown recent email engagement and strong historical email responsiveness, which positively influence predicted email engagement."
HCP0179,57.17,50.65,51.96,Medium,0.3368,0.8631,0.1753,0.5575,Website,"Website is recommended with 86.3% predicted likelihood because the HCP has shown consistent website content browsing and recent portal navigation, which positively influence predicted website engagement."
HCP0180,30.93,41.53,39.41,Low,0.1992,0.4792,0.3402,0.7185,Veeva,"Veeva is recommended with 71.9% predicted likelihood because the HCP has shown frequent representative touchpoints and high visit completion rate, which positively influence predicted veeva engagement."
HCP0181,52.59,63.21,61.08,Medium,0.5875,0.9139,0.2421,0.6663,Website,"Website is recommended with 91.4% predicted likelihood because the HCP has shown consistent website content browsing and high overall cross-channel activity, which positively influence predicted website engagement."
HCP0182,51.99,49.78,50.22,Low,0.7624,0.5057,0.1574,0.4293,Email,"Email is recommended with 76.2% predicted likelihood because the HCP has shown strong historical email responsiveness and active engagement with email links, which positively influence predicted email engagement."
HCP0183,13.48,19.73,18.48,Low,0.1971,0.1549,0.129,0.3296,Veeva,"Veeva is recommended with 33.0% predicted likelihood because the HCP has shown completed field representative visits and recent portal navigation, which positively influence predicted veeva engagement."
HCP0184,34.7,35.3,35.18,Low,0.1196,0.4973,0.2326,0.6071,Veeva,"Veeva is recommended with 60.7% predicted likelihood because the HCP has shown frequent representative touchpoints and recent email engagement, which positively influence predicted veeva engagement."
HCP0185,34.0,41.68,40.15,Low,0.6698,0.4222,0.1425,0.3036,Email,"Email is recommended with 67.0% predicted likelihood because the HCP has shown active engagement with email links and high email open responsiveness, which positively influence predicted email engagement."
HCP0186,39.18,61.06,56.69,Medium,0.8154,0.7617,0.1291,0.5585,Email,"Email is recommended with 81.5% predicted likelihood because the HCP has shown strong historical email responsiveness and high email open responsiveness, which positively influence predicted email engagement."
HCP0187,33.5,54.86,50.58,Low,0.788,0.4996,0.18,0.6314,Email,"Email is recommended with 78.8% predicted likelihood because the HCP has shown strong historical email responsiveness and recent medical conference attendance, which positively influence predicted email engagement."
HCP0188,64.72,77.53,74.97,High,0.8211,0.9063,0.5335,0.7519,Website,"Website is recommended with 90.6% predicted likelihood because the HCP has shown consistent website content browsing and full views of educational video content, which positively influence predicted website engagement."
HCP0189,48.58,56.06,54.56,Medium,0.4923,0.6675,0.5065,0.5568,Website,"Website is recommended with 66.8% predicted likelihood because the HCP has shown consistent website content browsing and recent email engagement, which positively influence predicted website engagement."
HCP0190,47.82,56.02,54.38,Medium,0.6417,0.8257,0.241,0.3588,Website,"Website is recommended with 82.6% predicted likelihood because the HCP has shown consistent website content browsing and active downloading of clinical PDF resources, which positively influence predicted website engagement."
HCP0191,35.13,71.6,64.3,High,0.7661,0.7938,0.5007,0.7393,Website,"Website is recommended with 79.4% predicted likelihood because the HCP has shown consistent website content browsing and recent medical conference attendance, which positively influence predicted website engagement."
HCP0192,35.15,29.63,30.73,Low,0.2066,0.3523,0.1322,0.5109,Veeva,"Veeva is recommended with 51.1% predicted likelihood because the HCP has shown completed field representative visits and high email open responsiveness, which positively influence predicted veeva engagement."
HCP0193,68.38,71.52,70.89,High,0.8873,0.8429,0.2409,0.7398,Email,"Email is recommended with 88.7% predicted likelihood because the HCP has shown strong historical email responsiveness and active downloading of clinical PDF resources, which positively influence predicted email engagement."
HCP0194,33.17,44.75,42.43,Low,0.3491,0.4521,0.351,0.6845,Veeva,"Veeva is recommended with 68.4% predicted likelihood because the HCP has shown frequent representative touchpoints and completed field representative visits, which positively influence predicted veeva engagement."
HCP0195,59.08,75.36,72.1,High,0.8261,0.901,0.4469,0.7303,Website,"Website is recommended with 90.1% predicted likelihood because the HCP has shown consistent website content browsing and full views of educational video content, which positively influence predicted website engagement."
HCP0196,79.83,72.54,74.0,High,0.8118,0.9068,0.3535,0.6957,Website,"Website is recommended with 90.7% predicted likelihood because the HCP has shown consistent website content browsing and sustained webinar watch duration, which positively influence predicted website engagement."
HCP0197,54.75,56.07,55.8,Medium,0.4996,0.7362,0.2609,0.6886,Website,"Website is recommended with 73.6% predicted likelihood because the HCP has shown consistent website content browsing and recent email engagement, which positively influence predicted website engagement."
HCP0198,63.89,69.25,68.18,High,0.8839,0.8692,0.3713,0.4614,Email,"Email is recommended with 88.4% predicted likelihood because the HCP has shown recent email engagement and strong historical email responsiveness, which positively influence predicted email engagement."
HCP0199,36.12,65.47,59.6,Medium,0.8454,0.8355,0.1325,0.6196,Email,"Email is recommended with 84.5% predicted likelihood because the HCP has shown strong historical email responsiveness and recent representative interaction, which positively influence predicted email engagement."
HCP0200,82.05,72.18,74.16,High,0.8861,0.8879,0.1991,0.749,Website,"Website is recommended with 88.8% predicted likelihood because the HCP has shown consistent website content browsing and active engagement with email links, which positively influence predicted website engagement."
HCP0201,28.23,55.94,50.4,Low,0.6325,0.402,0.6135,0.6318,Email,"Email is recommended with 63.3% predicted likelihood because the HCP has shown strong historical email responsiveness and active engagement with email links, which positively influence predicted email engagement."
HCP0202,44.85,35.07,37.03,Low,0.2935,0.4636,0.2299,0.388,Website,"Website is recommended with 46.4% predicted likelihood because the HCP has shown high overall cross-channel activity and active downloading of clinical PDF resources, which positively influence predicted website engagement."
HCP0203,70.4,67.59,68.15,High,0.7675,0.8587,0.3849,0.5551,Website,"Website is recommended with 85.9% predicted likelihood because the HCP has shown consistent website content browsing and active downloading of clinical PDF resources, which positively influence predicted website engagement."
HCP0204,62.74,62.09,62.22,Medium,0.7821,0.7217,0.1321,0.7169,Email,"Email is recommended with 78.2% predicted likelihood because the HCP has shown active downloading of clinical PDF resources and frequent clinical article views, which positively influence predicted email engagement."
HCP0205,77.18,72.33,73.3,High,0.8712,0.9177,0.3093,0.624,Website,"Website is recommended with 91.8% predicted likelihood because the HCP has shown consistent website content browsing and strong historical email responsiveness, which positively influence predicted website engagement."
HCP0206,31.24,73.52,65.06,High,0.8362,0.862,0.495,0.6336,Website,"Website is recommended with 86.2% predicted likelihood because the HCP has shown consistent website content browsing and active downloading of clinical PDF resources, which positively influence predicted website engagement."
HCP0207,51.08,68.27,64.83,High,0.8715,0.6458,0.5308,0.6068,Email,"Email is recommended with 87.2% predicted likelihood because the HCP has shown recent email engagement and active engagement with email links, which positively influence predicted email engagement."
HCP0208,47.54,57.06,55.16,Medium,0.6546,0.7728,0.3932,0.3188,Website,"Website is recommended with 77.3% predicted likelihood because the HCP has shown active downloading of clinical PDF resources and high overall cross-channel activity, which positively influence predicted website engagement."
HCP0209,64.73,59.17,60.28,Medium,0.7253,0.7342,0.2088,0.5603,Website,"Website is recommended with 73.4% predicted likelihood because the HCP has shown consistent website content browsing and strong historical email responsiveness, which positively influence predicted website engagement."
HCP0210,22.14,28.43,27.17,Low,0.2034,0.1539,0.4265,0.4592,Veeva,"Veeva is recommended with 45.9% predicted likelihood because the HCP has shown high webinar participation consistency and active engagement with email links, which positively influence predicted veeva engagement."
HCP0211,46.17,66.07,62.09,Medium,0.8682,0.8361,0.1828,0.5643,Email,"Email is recommended with 86.8% predicted likelihood because the HCP has shown recent email engagement and strong historical email responsiveness, which positively influence predicted email engagement."
HCP0212,53.65,66.16,63.66,High,0.7116,0.7706,0.4124,0.6724,Website,"Website is recommended with 77.1% predicted likelihood because the HCP has shown consistent website content browsing and recent portal navigation, which positively influence predicted website engagement."
HCP0213,58.82,64.01,62.97,High,0.8691,0.7245,0.1722,0.6378,Email,"Email is recommended with 86.9% predicted likelihood because the HCP has shown strong historical email responsiveness and active downloading of clinical PDF resources, which positively influence predicted email engagement."
HCP0214,67.32,73.24,72.06,High,0.8427,0.8145,0.5548,0.6216,Email,"Email is recommended with 84.3% predicted likelihood because the HCP has shown strong historical email responsiveness and active downloading of clinical PDF resources, which positively influence predicted email engagement."
HCP0215,33.66,49.3,46.17,Low,0.8024,0.561,0.1318,0.2879,Email,"Email is recommended with 80.2% predicted likelihood because the HCP has shown recent email engagement and active downloading of clinical PDF resources, which positively influence predicted email engagement."
HCP0216,12.91,52.54,44.62,Low,0.7038,0.5537,0.1789,0.562,Email,"Email is recommended with 70.4% predicted likelihood because the HCP has shown strong historical email responsiveness and high overall cross-channel activity, which positively influence predicted email engagement."
HCP0217,60.5,74.67,71.84,High,0.8528,0.884,0.4124,0.7158,Website,"Website is recommended with 88.4% predicted likelihood because the HCP has shown consistent website content browsing and strong historical email responsiveness, which positively influence predicted website engagement."
HCP0218,45.46,62.54,59.12,Medium,0.8375,0.8729,0.129,0.4322,Website,"Website is recommended with 87.3% predicted likelihood because the HCP has shown consistent website content browsing and recent email engagement, which positively influence predicted website engagement."
HCP0219,63.16,74.81,72.48,High,0.846,0.8755,0.5407,0.6176,Website,"Website is recommended with 87.6% predicted likelihood because the HCP has shown consistent website content browsing and strong historical email responsiveness, which positively influence predicted website engagement."
HCP0220,34.08,62.07,56.48,Medium,0.7452,0.7995,0.132,0.6547,Website,"Website is recommended with 79.9% predicted likelihood because the HCP has shown consistent website content browsing and active downloading of clinical PDF resources, which positively influence predicted website engagement."
HCP0221,61.88,66.04,65.21,High,0.8293,0.845,0.4396,0.351,Website,"Website is recommended with 84.5% predicted likelihood because the HCP has shown consistent website content browsing and strong historical email responsiveness, which positively influence predicted website engagement."
HCP0222,35.65,48.83,46.19,Low,0.8659,0.4863,0.1379,0.2754,Email,"Email is recommended with 86.6% predicted likelihood because the HCP has shown recent email engagement and strong historical email responsiveness, which positively influence predicted email engagement."
HCP0223,31.29,69.04,61.49,Medium,0.8469,0.7314,0.5156,0.5692,Email,"Email is recommended with 84.7% predicted likelihood because the HCP has shown strong historical email responsiveness and active engagement with email links, which positively influence predicted email engagement."
HCP0224,64.72,69.46,68.52,High,0.7434,0.9006,0.2395,0.7678,Website,"Website is recommended with 90.1% predicted likelihood because the HCP has shown consistent website content browsing and strong historical email responsiveness, which positively influence predicted website engagement."
HCP0225,62.72,67.07,66.2,High,0.8715,0.7994,0.5562,0.2912,Email,"Email is recommended with 87.1% predicted likelihood because the HCP has shown recent email engagement and strong historical email responsiveness, which positively influence predicted email engagement."
HCP0226,53.64,42.66,44.86,Low,0.725,0.3898,0.1571,0.3037,Email,"Email is recommended with 72.5% predicted likelihood because the HCP has shown active engagement with email links and high email open responsiveness, which positively influence predicted email engagement."
HCP0227,73.18,58.94,61.79,Medium,0.8516,0.4151,0.3489,0.6982,Email,"Email is recommended with 85.2% predicted likelihood because the HCP has shown strong historical email responsiveness and recent medical conference attendance, which positively influence predicted email engagement."
HCP0228,21.71,40.91,37.07,Low,0.579,0.1291,0.2463,0.737,Veeva,"Veeva is recommended with 73.7% predicted likelihood because the HCP has shown high visit completion rate and completed field representative visits, which positively influence predicted veeva engagement."
HCP0229,25.63,56.86,50.61,Low,0.6828,0.743,0.1339,0.5702,Website,"Website is recommended with 74.3% predicted likelihood because the HCP has shown high overall cross-channel activity and active downloading of clinical PDF resources, which positively influence predicted website engagement."
HCP0230,58.34,74.98,71.65,High,0.8184,0.8483,0.5215,0.7274,Website,"Website is recommended with 84.8% predicted likelihood because the HCP has shown consistent website content browsing and strong historical email responsiveness, which positively influence predicted website engagement."
HCP0231,31.37,62.33,56.14,Medium,0.4915,0.8431,0.4151,0.6997,Website,"Website is recommended with 84.3% predicted likelihood because the HCP has shown consistent website content browsing and active downloading of clinical PDF resources, which positively influence predicted website engagement."
HCP0232,48.34,59.19,57.02,Medium,0.8308,0.5491,0.2694,0.6203,Email,"Email is recommended with 83.1% predicted likelihood because the HCP has shown strong historical email responsiveness and active engagement with email links, which positively influence predicted email engagement."
HCP0233,45.7,69.95,65.1,High,0.7485,0.8752,0.4253,0.6366,Website,"Website is recommended with 87.5% predicted likelihood because the HCP has shown consistent website content browsing and high overall cross-channel activity, which positively influence predicted website engagement."
HCP0234,31.75,59.41,53.88,Medium,0.8647,0.3373,0.5118,0.6559,Email,"Email is recommended with 86.5% predicted likelihood because the HCP has shown strong historical email responsiveness and strong historical webinar presence, which positively influence predicted email engagement."
HCP0235,34.6,46.02,43.74,Low,0.1074,0.739,0.5793,0.4522,Website,"Website is recommended with 73.9% predicted likelihood because the HCP has shown high overall cross-channel activity and consistent website content browsing, which positively influence predicted website engagement."
HCP0236,33.27,48.12,45.15,Low,0.5607,0.615,0.1318,0.5107,Website,"Website is recommended with 61.5% predicted likelihood because the HCP has shown high overall cross-channel activity and recent medical conference attendance, which positively influence predicted website engagement."
HCP0237,67.12,62.05,63.06,High,0.8577,0.6095,0.2711,0.6305,Email,"Email is recommended with 85.8% predicted likelihood because the HCP has shown strong historical email responsiveness and recent representative interaction, which positively influence predicted email engagement."
HCP0238,60.54,52.37,54.0,Medium,0.8408,0.2318,0.4544,0.555,Email,"Email is recommended with 84.1% predicted likelihood because the HCP has shown strong historical email responsiveness and recent medical conference attendance, which positively influence predicted email engagement."
HCP0239,60.04,65.5,64.41,High,0.6152,0.8428,0.4201,0.668,Website,"Website is recommended with 84.3% predicted likelihood because the HCP has shown consistent website content browsing and recent representative interaction, which positively influence predicted website engagement."
HCP0240,45.66,50.64,49.64,Low,0.6897,0.6849,0.1735,0.2967,Email,"Email is recommended with 69.0% predicted likelihood because the HCP has shown recent email engagement and active engagement with email links, which positively influence predicted email engagement."
HCP0241,67.68,73.9,72.65,High,0.879,0.8361,0.5746,0.5477,Email,"Email is recommended with 87.9% predicted likelihood because the HCP has shown strong historical email responsiveness and active downloading of clinical PDF resources, which positively influence predicted email engagement."
HCP0242,89.88,68.5,72.78,High,0.811,0.8777,0.4286,0.4636,Website,"Website is recommended with 87.8% predicted likelihood because the HCP has shown consistent website content browsing and full views of educational video content, which positively influence predicted website engagement."
HCP0243,34.53,57.03,52.53,Medium,0.2402,0.8588,0.464,0.739,Website,"Website is recommended with 85.9% predicted likelihood because the HCP has shown consistent website content browsing and recent medical conference attendance, which positively influence predicted website engagement."
HCP0244,60.19,62.03,61.66,Medium,0.7248,0.7644,0.2346,0.633,Website,"Website is recommended with 76.4% predicted likelihood because the HCP has shown consistent website content browsing and active engagement with email links, which positively influence predicted website engagement."
HCP0245,26.61,66.61,58.61,Medium,0.8496,0.8204,0.129,0.6967,Email,"Email is recommended with 85.0% predicted likelihood because the HCP has shown strong historical email responsiveness and active downloading of clinical PDF resources, which positively influence predicted email engagement."
HCP0246,58.1,42.46,45.59,Low,0.2248,0.565,0.4548,0.4837,Website,"Website is recommended with 56.5% predicted likelihood because the HCP has shown recent medical conference attendance and recent representative interaction, which positively influence predicted website engagement."
HCP0247,21.89,35.44,32.73,Low,0.1473,0.4538,0.1316,0.739,Veeva,"Veeva is recommended with 73.9% predicted likelihood because the HCP has shown frequent representative touchpoints and completed field representative visits, which positively influence predicted veeva engagement."
HCP0248,53.14,58.42,57.36,Medium,0.527,0.8868,0.2339,0.5663,Website,"Website is recommended with 88.7% predicted likelihood because the HCP has shown consistent website content browsing and recent portal navigation, which positively influence predicted website engagement."
HCP0249,45.72,60.95,57.9,Medium,0.8729,0.8354,0.1488,0.3362,Email,"Email is recommended with 87.3% predicted likelihood because the HCP has shown strong historical email responsiveness and recent representative interaction, which positively influence predicted email engagement."
HCP0250,34.42,63.17,57.42,Medium,0.7332,0.8295,0.4156,0.3986,Website,"Website is recommended with 83.0% predicted likelihood because the HCP has shown consistent website content browsing and active downloading of clinical PDF resources, which positively influence predicted website engagement."
HCP0251,25.49,71.39,62.21,Medium,0.7284,0.8117,0.5189,0.7404,Website,"Website is recommended with 81.2% predicted likelihood because the HCP has shown consistent website content browsing and active downloading of clinical PDF resources, which positively influence predicted website engagement."
HCP0252,70.47,71.54,71.32,High,0.8585,0.9193,0.2358,0.6743,Website,"Website is recommended with 91.9% predicted likelihood because the HCP has shown consistent website content browsing and full views of educational video content, which positively influence predicted website engagement."
HCP0253,43.38,76.03,69.5,High,0.8057,0.9192,0.6519,0.5622,Website,"Website is recommended with 91.9% predicted likelihood because the HCP has shown consistent website content browsing and high overall cross-channel activity, which positively influence predicted website engagement."
HCP0254,32.52,61.83,55.97,Medium,0.8037,0.5586,0.5977,0.4504,Email,"Email is recommended with 80.4% predicted likelihood because the HCP has shown active engagement with email links and high email open responsiveness, which positively influence predicted email engagement."
HCP0255,31.5,25.18,26.44,Low,0.102,0.2489,0.1732,0.5595,Veeva,"Veeva is recommended with 55.9% predicted likelihood because the HCP has shown frequent representative touchpoints and strong historical email responsiveness, which positively influence predicted veeva engagement."
HCP0256,57.11,70.42,67.76,High,0.8728,0.6643,0.4934,0.7219,Email,"Email is recommended with 87.3% predicted likelihood because the HCP has shown strong historical email responsiveness and active downloading of clinical PDF resources, which positively influence predicted email engagement."
HCP0257,57.21,65.92,64.18,High,0.7485,0.8951,0.3391,0.4912,Website,"Website is recommended with 89.5% predicted likelihood because the HCP has shown consistent website content browsing and recent medical conference attendance, which positively influence predicted website engagement."
HCP0258,47.83,57.97,55.94,Medium,0.6093,0.8574,0.196,0.5026,Website,"Website is recommended with 85.7% predicted likelihood because the HCP has shown consistent website content browsing and active downloading of clinical PDF resources, which positively influence predicted website engagement."
HCP0259,47.69,61.66,58.87,Medium,0.6535,0.858,0.1339,0.6819,Website,"Website is recommended with 85.8% predicted likelihood because the HCP has shown consistent website content browsing and recent email engagement, which positively influence predicted website engagement."
HCP0260,44.34,44.43,44.41,Low,0.3396,0.5328,0.2411,0.6716,Veeva,"Veeva is recommended with 67.2% predicted likelihood because the HCP has shown frequent representative touchpoints and recent portal navigation, which positively influence predicted veeva engagement."
HCP0261,45.45,62.61,59.18,Medium,0.7522,0.8191,0.4037,0.3698,Website,"Website is recommended with 81.9% predicted likelihood because the HCP has shown recent medical conference attendance and frequent clinical article views, which positively influence predicted website engagement."
HCP0262,19.46,53.67,46.83,Low,0.7397,0.52,0.5265,0.2675,Email,"Email is recommended with 74.0% predicted likelihood because the HCP has shown active engagement with email links and high overall cross-channel activity, which positively influence predicted email engagement."
HCP0263,37.87,62.56,57.62,Medium,0.4516,0.8974,0.5301,0.5743,Website,"Website is recommended with 89.7% predicted likelihood because the HCP has shown consistent website content browsing and high overall cross-channel activity, which positively influence predicted website engagement."
HCP0264,42.9,68.67,63.52,High,0.637,0.8522,0.4718,0.7282,Website,"Website is recommended with 85.2% predicted likelihood because the HCP has shown consistent website content browsing and strong historical email responsiveness, which positively influence predicted website engagement."
HCP0265,45.88,48.59,48.05,Low,0.7355,0.3905,0.2331,0.5075,Email,"Email is recommended with 73.5% predicted likelihood because the HCP has shown strong historical email responsiveness and high email open responsiveness, which positively influence predicted email engagement."
HCP0266,33.54,46.52,43.93,Low,0.5775,0.4563,0.1322,0.6434,Veeva,"Veeva is recommended with 64.3% predicted likelihood because the HCP has shown high visit completion rate and completed field representative visits, which positively influence predicted veeva engagement."
HCP0267,35.82,29.04,30.39,Low,0.1841,0.3747,0.136,0.4775,Veeva,"Veeva is recommended with 47.8% predicted likelihood because the HCP has shown completed field representative visits and recent representative interaction, which positively influence predicted veeva engagement."
HCP0268,23.63,45.55,41.17,Low,0.1667,0.5524,0.507,0.6919,Veeva,"Veeva is recommended with 69.2% predicted likelihood because the HCP has shown high visit completion rate and completed field representative visits, which positively influence predicted veeva engagement."
HCP0269,69.6,71.3,70.96,High,0.7968,0.7928,0.4659,0.7148,Email,"Email is recommended with 79.7% predicted likelihood because the HCP has shown strong historical email responsiveness and active downloading of clinical PDF resources, which positively influence predicted email engagement."
HCP0270,25.42,64.04,56.32,Medium,0.7866,0.6775,0.5065,0.4995,Email,"Email is recommended with 78.7% predicted likelihood because the HCP has shown high overall cross-channel activity and active engagement with email links, which positively influence predicted email engagement."
HCP0271,49.39,50.55,50.32,Low,0.6905,0.5717,0.1339,0.5004,Email,"Email is recommended with 69.0% predicted likelihood because the HCP has shown active engagement with email links and recent medical conference attendance, which positively influence predicted email engagement."
HCP0272,27.94,48.25,44.19,Low,0.6526,0.3799,0.3541,0.5096,Email,"Email is recommended with 65.3% predicted likelihood because the HCP has shown recent email engagement and high email open responsiveness, which positively influence predicted email engagement."
HCP0273,58.91,71.42,68.92,High,0.5684,0.8874,0.6714,0.7161,Website,"Website is recommended with 88.7% predicted likelihood because the HCP has shown consistent website content browsing and active downloading of clinical PDF resources, which positively influence predicted website engagement."
HCP0274,64.89,48.96,52.15,Medium,0.422,0.7324,0.2198,0.4967,Website,"Website is recommended with 73.2% predicted likelihood because the HCP has shown consistent website content browsing and recent medical conference attendance, which positively influence predicted website engagement."
HCP0275,34.43,61.07,55.74,Medium,0.5022,0.809,0.4211,0.6658,Website,"Website is recommended with 80.9% predicted likelihood because the HCP has shown consistent website content browsing and high overall cross-channel activity, which positively influence predicted website engagement."
HCP0276,31.02,41.44,39.36,Low,0.3931,0.6549,0.1319,0.3682,Website,"Website is recommended with 65.5% predicted likelihood because the HCP has shown high overall cross-channel activity and active downloading of clinical PDF resources, which positively influence predicted website engagement."
HCP0277,37.34,42.68,41.61,Low,0.2978,0.6517,0.2627,0.4471,Website,"Website is recommended with 65.2% predicted likelihood because the HCP has shown active downloading of clinical PDF resources and strong historical email responsiveness, which positively influence predicted website engagement."
HCP0278,28.19,48.88,44.75,Low,0.6175,0.3602,0.5012,0.4764,Email,"Email is recommended with 61.8% predicted likelihood because the HCP has shown recent email engagement and active engagement with email links, which positively influence predicted email engagement."
HCP0279,66.33,69.95,69.23,High,0.8457,0.8704,0.2959,0.6275,Website,"Website is recommended with 87.0% predicted likelihood because the HCP has shown consistent website content browsing and recent medical conference attendance, which positively influence predicted website engagement."
HCP0280,46.75,52.87,51.65,Medium,0.5838,0.5815,0.2569,0.6388,Veeva,"Veeva is recommended with 63.9% predicted likelihood because the HCP has shown frequent representative touchpoints and high email open responsiveness, which positively influence predicted veeva engagement."
HCP0281,37.5,57.19,53.25,Medium,0.6956,0.7142,0.2805,0.4641,Website,"Website is recommended with 71.4% predicted likelihood because the HCP has shown consistent website content browsing and active downloading of clinical PDF resources, which positively influence predicted website engagement."
HCP0282,48.88,48.18,48.32,Low,0.355,0.7757,0.1458,0.5671,Website,"Website is recommended with 77.6% predicted likelihood because the HCP has shown consistent website content browsing and recent medical conference attendance, which positively influence predicted website engagement."
HCP0283,49.29,62.32,59.71,Medium,0.867,0.8156,0.1349,0.457,Email,"Email is recommended with 86.7% predicted likelihood because the HCP has shown recent email engagement and consistent website content browsing, which positively influence predicted email engagement."
HCP0284,40.74,49.5,47.75,Low,0.702,0.4283,0.1325,0.647,Email,"Email is recommended with 70.2% predicted likelihood because the HCP has shown strong historical email responsiveness and recent representative interaction, which positively influence predicted email engagement."
HCP0285,29.64,67.01,59.54,Medium,0.7763,0.8612,0.2372,0.6573,Website,"Website is recommended with 86.1% predicted likelihood because the HCP has shown high overall cross-channel activity and active downloading of clinical PDF resources, which positively influence predicted website engagement."
HCP0286,57.87,67.67,65.71,High,0.8024,0.8038,0.3991,0.5749,Website,"Website is recommended with 80.4% predicted likelihood because the HCP has shown strong historical email responsiveness and recent medical conference attendance, which positively influence predicted website engagement."
HCP0287,47.42,59.32,56.94,Medium,0.6542,0.7911,0.1323,0.6653,Website,"Website is recommended with 79.1% predicted likelihood because the HCP has shown consistent website content browsing and high overall cross-channel activity, which positively influence predicted website engagement."
HCP0288,37.56,65.83,60.18,Medium,0.7805,0.7688,0.2801,0.6875,Email,"Email is recommended with 78.1% predicted likelihood because the HCP has shown strong historical email responsiveness and frequent representative touchpoints, which positively influence predicted email engagement."
HCP0289,28.35,40.41,37.99,Low,0.6385,0.3695,0.1297,0.3786,Email,"Email is recommended with 63.8% predicted likelihood because the HCP has shown active engagement with email links and high email open responsiveness, which positively influence predicted email engagement."
HCP0290,73.97,68.4,69.51,High,0.8548,0.8569,0.1951,0.6572,Website,"Website is recommended with 85.7% predicted likelihood because the HCP has shown consistent website content browsing and strong historical email responsiveness, which positively influence predicted website engagement."
HCP0291,39.97,63.27,58.61,Medium,0.8599,0.8133,0.1445,0.5092,Email,"Email is recommended with 86.0% predicted likelihood because the HCP has shown strong historical email responsiveness and consistent email open activity, which positively influence predicted email engagement."
HCP0292,74.55,66.38,68.02,High,0.8775,0.7895,0.3583,0.4604,Email,"Email is recommended with 87.7% predicted likelihood because the HCP has shown recent email engagement and strong historical email responsiveness, which positively influence predicted email engagement."
HCP0293,30.48,58.0,52.49,Medium,0.5621,0.8421,0.129,0.6646,Website,"Website is recommended with 84.2% predicted likelihood because the HCP has shown consistent website content browsing and active downloading of clinical PDF resources, which positively influence predicted website engagement."
HCP0294,47.29,66.26,62.47,High,0.7929,0.8433,0.3654,0.4935,Website,"Website is recommended with 84.3% predicted likelihood because the HCP has shown consistent website content browsing and recent email engagement, which positively influence predicted website engagement."
HCP0295,42.06,56.58,53.68,Medium,0.8494,0.5538,0.1317,0.5925,Email,"Email is recommended with 84.9% predicted likelihood because the HCP has shown recent email engagement and active engagement with email links, which positively influence predicted email engagement."
HCP0296,50.33,44.96,46.03,Low,0.2012,0.6985,0.2662,0.632,Website,"Website is recommended with 69.8% predicted likelihood because the HCP has shown recent medical conference attendance and consistent website content browsing, which positively influence predicted website engagement."
HCP0297,49.07,77.7,71.98,High,0.874,0.8517,0.5935,0.703,Email,"Email is recommended with 87.4% predicted likelihood because the HCP has shown strong historical email responsiveness and recent portal navigation, which positively influence predicted email engagement."
HCP0298,51.52,75.02,70.32,High,0.8875,0.8078,0.4779,0.7305,Email,"Email is recommended with 88.7% predicted likelihood because the HCP has shown recent email engagement and strong historical email responsiveness, which positively influence predicted email engagement."
HCP0299,39.99,46.45,45.16,Low,0.3665,0.7595,0.3603,0.273,Website,"Website is recommended with 76.0% predicted likelihood because the HCP has shown consistent website content browsing and high overall cross-channel activity, which positively influence predicted website engagement."
HCP0300,71.12,73.88,73.33,High,0.8485,0.8462,0.4225,0.7295,Email,"Email is recommended with 84.9% predicted likelihood because the HCP has shown strong historical email responsiveness and active downloading of clinical PDF resources, which positively influence predicted email engagement."
HCP0301,76.26,65.99,68.04,High,0.7511,0.865,0.239,0.6365,Website,"Website is recommended with 86.5% predicted likelihood because the HCP has shown consistent website content browsing and active engagement with email links, which positively influence predicted website engagement."
HCP0302,46.96,65.76,62.0,Medium,0.7046,0.8419,0.235,0.7333,Website,"Website is recommended with 84.2% predicted likelihood because the HCP has shown consistent website content browsing and recent medical conference attendance, which positively influence predicted website engagement."
HCP0303,30.34,39.97,38.04,Low,0.3233,0.7248,0.1325,0.2938,Website,"Website is recommended with 72.5% predicted likelihood because the HCP has shown consistent website content browsing and high overall cross-channel activity, which positively influence predicted website engagement."
HCP0304,49.13,68.71,64.8,High,0.8099,0.9023,0.2461,0.6213,Website,"Website is recommended with 90.2% predicted likelihood because the HCP has shown consistent website content browsing and high overall cross-channel activity, which positively influence predicted website engagement."
HCP0305,71.55,74.46,73.88,High,0.8659,0.895,0.3839,0.6978,Website,"Website is recommended with 89.5% predicted likelihood because the HCP has shown consistent website content browsing and strong historical email responsiveness, which positively influence predicted website engagement."
HCP0306,48.72,62.15,59.46,Medium,0.6977,0.85,0.3363,0.4495,Website,"Website is recommended with 85.0% predicted likelihood because the HCP has shown consistent website content browsing and active downloading of clinical PDF resources, which positively influence predicted website engagement."
HCP0307,35.56,62.87,57.41,Medium,0.7353,0.7806,0.4074,0.4622,Website,"Website is recommended with 78.1% predicted likelihood because the HCP has shown active downloading of clinical PDF resources and recent email engagement, which positively influence predicted website engagement."
HCP0308,29.45,62.81,56.14,Medium,0.7364,0.6359,0.4643,0.6177,Email,"Email is recommended with 73.6% predicted likelihood because the HCP has shown recent email engagement and frequent clinical article views, which positively influence predicted email engagement."
HCP0309,62.23,33.95,39.6,Low,0.2489,0.4501,0.1702,0.4786,Veeva,"Veeva is recommended with 47.9% predicted likelihood because the HCP has shown frequent representative touchpoints and strong historical email responsiveness, which positively influence predicted veeva engagement."
HCP0310,33.47,69.76,62.51,High,0.7378,0.7431,0.6329,0.6339,Website,"Website is recommended with 74.3% predicted likelihood because the HCP has shown strong historical email responsiveness and active downloading of clinical PDF resources, which positively influence predicted website engagement."
HCP0311,38.85,47.36,45.66,Low,0.8158,0.2402,0.4074,0.3766,Email,"Email is recommended with 81.6% predicted likelihood because the HCP has shown strong historical email responsiveness and recent representative interaction, which positively influence predicted email engagement."
HCP0312,44.14,69.22,64.21,High,0.7287,0.8642,0.4919,0.58,Website,"Website is recommended with 86.4% predicted likelihood because the HCP has shown consistent website content browsing and strong historical email responsiveness, which positively influence predicted website engagement."
HCP0313,40.65,38.41,38.85,Low,0.2827,0.3946,0.132,0.7723,Veeva,"Veeva is recommended with 77.2% predicted likelihood because the HCP has shown frequent representative touchpoints and high visit completion rate, which positively influence predicted veeva engagement."
HCP0314,47.04,52.85,51.69,Medium,0.4521,0.8142,0.2513,0.4916,Website,"Website is recommended with 81.4% predicted likelihood because the HCP has shown consistent website content browsing and frequent clinical article views, which positively influence predicted website engagement."
HCP0315,22.15,24.33,23.9,Low,0.1674,0.1426,0.1299,0.6217,Veeva,"Veeva is recommended with 62.2% predicted likelihood because the HCP has shown frequent representative touchpoints and completed field representative visits, which positively influence predicted veeva engagement."
HCP0316,18.78,35.05,31.79,Low,0.5267,0.3087,0.129,0.3703,Email,"Email is recommended with 52.7% predicted likelihood because the HCP has shown strong historical email responsiveness and recent email engagement, which positively influence predicted email engagement."
HCP0317,46.37,55.97,54.05,Medium,0.8097,0.5601,0.248,0.4961,Email,"Email is recommended with 81.0% predicted likelihood because the HCP has shown strong historical email responsiveness and recent portal navigation, which positively influence predicted email engagement."
HCP0318,75.84,80.52,79.59,High,0.892,0.9145,0.6395,0.6767,Website,"Website is recommended with 91.5% predicted likelihood because the HCP has shown consistent website content browsing and active engagement with email links, which positively influence predicted website engagement."
HCP0319,73.49,68.08,69.16,High,0.777,0.8873,0.3239,0.5835,Website,"Website is recommended with 88.7% predicted likelihood because the HCP has shown consistent website content browsing and sustained webinar watch duration, which positively influence predicted website engagement."
HCP0320,47.85,65.63,62.07,Medium,0.8483,0.8481,0.2538,0.483,Email,"Email is recommended with 84.8% predicted likelihood because the HCP has shown recent email engagement and strong historical email responsiveness, which positively influence predicted email engagement."
HCP0321,28.01,55.08,49.66,Low,0.6025,0.7346,0.132,0.6163,Website,"Website is recommended with 73.5% predicted likelihood because the HCP has shown high overall cross-channel activity and active downloading of clinical PDF resources, which positively influence predicted website engagement."
HCP0322,52.77,66.18,63.5,High,0.8305,0.8655,0.129,0.636,Website,"Website is recommended with 86.5% predicted likelihood because the HCP has shown consistent website content browsing and strong historical email responsiveness, which positively influence predicted website engagement."
HCP0323,67.49,67.8,67.73,High,0.8684,0.8495,0.204,0.6088,Email,"Email is recommended with 86.8% predicted likelihood because the HCP has shown strong historical email responsiveness and consistent website content browsing, which positively influence predicted email engagement."
HCP0324,61.24,67.53,66.27,High,0.7879,0.8521,0.447,0.4694,Website,"Website is recommended with 85.2% predicted likelihood because the HCP has shown consistent website content browsing and active downloading of clinical PDF resources, which positively influence predicted website engagement."
HCP0325,31.54,40.17,38.44,Low,0.4044,0.3196,0.4067,0.5157,Veeva,"Veeva is recommended with 51.6% predicted likelihood because the HCP has shown frequent representative touchpoints and high webinar participation consistency, which positively influence predicted veeva engagement."
HCP0326,58.42,51.99,53.28,Medium,0.8714,0.4643,0.1328,0.4633,Email,"Email is recommended with 87.1% predicted likelihood because the HCP has shown recent email engagement and active downloading of clinical PDF resources, which positively influence predicted email engagement."
HCP0327,54.16,68.39,65.54,High,0.8572,0.7296,0.3471,0.6921,Email,"Email is recommended with 85.7% predicted likelihood because the HCP has shown strong historical email responsiveness and sustained webinar watch duration, which positively influence predicted email engagement."
HCP0328,63.01,67.35,66.48,High,0.8783,0.7756,0.2884,0.5981,Email,"Email is recommended with 87.8% predicted likelihood because the HCP has shown strong historical email responsiveness and active downloading of clinical PDF resources, which positively influence predicted email engagement."
HCP0329,58.57,64.82,63.57,High,0.8566,0.8971,0.2591,0.3514,Website,"Website is recommended with 89.7% predicted likelihood because the HCP has shown consistent website content browsing and strong historical email responsiveness, which positively influence predicted website engagement."
HCP0330,36.9,38.15,37.9,Low,0.3255,0.5011,0.1876,0.4801,Website,"Website is recommended with 50.1% predicted likelihood because the HCP has shown high overall cross-channel activity and strong historical email responsiveness, which positively influence predicted website engagement."
HCP0331,63.28,64.14,63.97,High,0.8804,0.8993,0.2508,0.2866,Website,"Website is recommended with 89.9% predicted likelihood because the HCP has shown consistent website content browsing and strong historical email responsiveness, which positively influence predicted website engagement."
HCP0332,57.97,64.71,63.36,High,0.7048,0.9076,0.2029,0.6142,Website,"Website is recommended with 90.8% predicted likelihood because the HCP has shown consistent website content browsing and frequent clinical article views, which positively influence predicted website engagement."
HCP0333,48.55,68.56,64.55,High,0.7864,0.7412,0.4787,0.6577,Email,"Email is recommended with 78.6% predicted likelihood because the HCP has shown active downloading of clinical PDF resources and high email open responsiveness, which positively influence predicted email engagement."
HCP0334,48.16,39.76,41.44,Low,0.347,0.4702,0.2449,0.5173,Veeva,"Veeva is recommended with 51.7% predicted likelihood because the HCP has shown frequent representative touchpoints and high visit completion rate, which positively influence predicted veeva engagement."
HCP0335,49.98,47.64,48.11,Low,0.4002,0.6694,0.3352,0.4426,Website,"Website is recommended with 66.9% predicted likelihood because the HCP has shown consistent website content browsing and active downloading of clinical PDF resources, which positively influence predicted website engagement."
HCP0336,36.38,54.47,50.85,Low,0.6164,0.6249,0.1449,0.7168,Veeva,"Veeva is recommended with 71.7% predicted likelihood because the HCP has shown frequent representative touchpoints and high visit completion rate, which positively influence predicted veeva engagement."
HCP0337,59.58,61.68,61.26,Medium,0.8674,0.5339,0.3525,0.6296,Email,"Email is recommended with 86.7% predicted likelihood because the HCP has shown strong historical email responsiveness and recent medical conference attendance, which positively influence predicted email engagement."
HCP0338,52.98,57.89,56.91,Medium,0.8185,0.5989,0.1878,0.5807,Email,"Email is recommended with 81.8% predicted likelihood because the HCP has shown strong historical email responsiveness and recent medical conference attendance, which positively influence predicted email engagement."
HCP0339,77.4,72.97,73.86,High,0.8758,0.9057,0.5149,0.4616,Website,"Website is recommended with 90.6% predicted likelihood because the HCP has shown consistent website content browsing and sustained webinar watch duration, which positively influence predicted website engagement."
HCP0340,76.33,75.26,75.47,High,0.8548,0.9156,0.4069,0.7004,Website,"Website is recommended with 91.6% predicted likelihood because the HCP has shown consistent website content browsing and strong historical email responsiveness, which positively influence predicted website engagement."
HCP0341,50.3,71.37,67.16,High,0.7487,0.8402,0.4504,0.735,Website,"Website is recommended with 84.0% predicted likelihood because the HCP has shown consistent website content browsing and strong historical email responsiveness, which positively influence predicted website engagement."
HCP0342,49.72,58.12,56.44,Medium,0.4211,0.8458,0.3256,0.68,Website,"Website is recommended with 84.6% predicted likelihood because the HCP has shown consistent website content browsing and recent email engagement, which positively influence predicted website engagement."
HCP0343,27.83,39.69,37.32,Low,0.6213,0.0883,0.2421,0.6779,Veeva,"Veeva is recommended with 67.8% predicted likelihood because the HCP has shown frequent representative touchpoints and recent representative interaction, which positively influence predicted veeva engagement."
HCP0344,47.76,58.15,56.07,Medium,0.7404,0.6573,0.1328,0.6779,Email,"Email is recommended with 74.0% predicted likelihood because the HCP has shown active engagement with email links and high email open responsiveness, which positively influence predicted email engagement."
HCP0345,54.12,71.14,67.73,High,0.8335,0.7214,0.5281,0.6963,Email,"Email is recommended with 83.4% predicted likelihood because the HCP has shown strong historical email responsiveness and active downloading of clinical PDF resources, which positively influence predicted email engagement."
HCP0346,49.8,39.25,41.36,Low,0.4833,0.4343,0.221,0.365,Email,"Email is recommended with 48.3% predicted likelihood because the HCP has shown strong historical email responsiveness and active engagement with email links, which positively influence predicted email engagement."
HCP0347,73.01,72.8,72.84,High,0.8804,0.8895,0.2918,0.6934,Website,"Website is recommended with 89.0% predicted likelihood because the HCP has shown consistent website content browsing and strong historical email responsiveness, which positively influence predicted website engagement."
HCP0348,50.21,56.46,55.21,Medium,0.7304,0.834,0.1319,0.3444,Website,"Website is recommended with 83.4% predicted likelihood because the HCP has shown consistent website content browsing and recent medical conference attendance, which positively influence predicted website engagement."
HCP0349,36.17,49.04,46.47,Low,0.4712,0.4542,0.4101,0.6538,Veeva,"Veeva is recommended with 65.4% predicted likelihood because the HCP has shown frequent representative touchpoints and high visit completion rate, which positively influence predicted veeva engagement."
HCP0350,25.41,39.1,36.36,Low,0.2033,0.6054,0.1291,0.6128,Veeva,"Veeva is recommended with 61.3% predicted likelihood because the HCP has shown frequent representative touchpoints and high webinar participation consistency, which positively influence predicted veeva engagement."
HCP0351,55.34,64.82,62.93,High,0.7276,0.9028,0.174,0.6217,Website,"Website is recommended with 90.3% predicted likelihood because the HCP has shown consistent website content browsing and recent medical conference attendance, which positively influence predicted website engagement."
HCP0352,35.78,47.56,45.2,Low,0.2422,0.8274,0.1337,0.6396,Website,"Website is recommended with 82.7% predicted likelihood because the HCP has shown consistent website content browsing and high overall cross-channel activity, which positively influence predicted website engagement."
HCP0353,48.53,61.84,59.18,Medium,0.6841,0.824,0.129,0.7007,Website,"Website is recommended with 82.4% predicted likelihood because the HCP has shown consistent website content browsing and strong historical email responsiveness, which positively influence predicted website engagement."
HCP0354,45.64,71.04,65.96,High,0.8816,0.9063,0.1444,0.7259,Website,"Website is recommended with 90.6% predicted likelihood because the HCP has shown consistent website content browsing and active downloading of clinical PDF resources, which positively influence predicted website engagement."
HCP0355,56.71,71.74,68.74,High,0.8398,0.9147,0.2915,0.6639,Website,"Website is recommended with 91.5% predicted likelihood because the HCP has shown consistent website content browsing and recent medical conference attendance, which positively influence predicted website engagement."
HCP0356,68.15,70.6,70.11,High,0.7469,0.8438,0.4531,0.6909,Website,"Website is recommended with 84.4% predicted likelihood because the HCP has shown consistent website content browsing and strong historical email responsiveness, which positively influence predicted website engagement."
HCP0357,31.32,54.71,50.03,Low,0.7297,0.3831,0.4931,0.5732,Email,"Email is recommended with 73.0% predicted likelihood because the HCP has shown high overall cross-channel activity and strong historical email responsiveness, which positively influence predicted email engagement."
HCP0358,74.52,65.44,67.25,High,0.836,0.8369,0.217,0.5455,Website,"Website is recommended with 83.7% predicted likelihood because the HCP has shown consistent website content browsing and sustained webinar watch duration, which positively influence predicted website engagement."
HCP0359,67.7,70.65,70.06,High,0.9065,0.807,0.532,0.4303,Email,"Email is recommended with 90.6% predicted likelihood because the HCP has shown recent email engagement and strong historical email responsiveness, which positively influence predicted email engagement."
HCP0360,47.03,60.25,57.61,Medium,0.7521,0.7496,0.1322,0.6279,Email,"Email is recommended with 75.2% predicted likelihood because the HCP has shown active downloading of clinical PDF resources and high webinar participation consistency, which positively influence predicted email engagement."
HCP0361,73.94,65.25,66.98,High,0.8496,0.855,0.1325,0.5729,Website,"Website is recommended with 85.5% predicted likelihood because the HCP has shown consistent website content browsing and strong historical email responsiveness, which positively influence predicted website engagement."
HCP0362,60.19,68.85,67.12,High,0.8414,0.8519,0.1732,0.7294,Website,"Website is recommended with 85.2% predicted likelihood because the HCP has shown consistent website content browsing and active downloading of clinical PDF resources, which positively influence predicted website engagement."
HCP0363,39.71,70.94,64.69,High,0.7822,0.7701,0.4749,0.7437,Email,"Email is recommended with 78.2% predicted likelihood because the HCP has shown strong historical email responsiveness and recent medical conference attendance, which positively influence predicted email engagement."
HCP0364,51.07,63.61,61.1,Medium,0.7568,0.8585,0.1799,0.5776,Website,"Website is recommended with 85.9% predicted likelihood because the HCP has shown consistent website content browsing and high overall cross-channel activity, which positively influence predicted website engagement."
HCP0365,31.83,36.49,35.56,Low,0.3264,0.1844,0.3978,0.6607,Veeva,"Veeva is recommended with 66.1% predicted likelihood because the HCP has shown completed field representative visits and recent representative interaction, which positively influence predicted veeva engagement."
HCP0366,47.05,60.85,58.09,Medium,0.723,0.7755,0.2351,0.5597,Website,"Website is recommended with 77.6% predicted likelihood because the HCP has shown high overall cross-channel activity and active downloading of clinical PDF resources, which positively influence predicted website engagement."
HCP0367,61.15,76.25,73.23,High,0.8586,0.8818,0.5562,0.6456,Website,"Website is recommended with 88.2% predicted likelihood because the HCP has shown consistent website content browsing and strong historical email responsiveness, which positively influence predicted website engagement."
HCP0368,53.96,68.28,65.42,High,0.8688,0.8604,0.1812,0.6392,Email,"Email is recommended with 86.9% predicted likelihood because the HCP has shown strong historical email responsiveness and consistent website content browsing, which positively influence predicted email engagement."
HCP0369,40.93,60.36,56.48,Medium,0.7224,0.842,0.1335,0.5381,Website,"Website is recommended with 84.2% predicted likelihood because the HCP has shown consistent website content browsing and recent portal navigation, which positively influence predicted website engagement."
HCP0370,18.19,33.17,30.17,Low,0.364,0.221,0.129,0.652,Veeva,"Veeva is recommended with 65.2% predicted likelihood because the HCP has shown high visit completion rate and completed field representative visits, which positively influence predicted veeva engagement."
HCP0371,35.17,48.35,45.71,Low,0.2727,0.6068,0.5571,0.5411,Website,"Website is recommended with 60.7% predicted likelihood because the HCP has shown recent medical conference attendance and recent representative interaction, which positively influence predicted website engagement."
HCP0372,28.6,28.25,28.32,Low,0.3111,0.2374,0.1328,0.457,Veeva,"Veeva is recommended with 45.7% predicted likelihood because the HCP has shown recent representative interaction and recent medical conference attendance, which positively influence predicted veeva engagement."
HCP0373,36.89,62.8,57.62,Medium,0.7516,0.7062,0.2678,0.6857,Email,"Email is recommended with 75.2% predicted likelihood because the HCP has shown recent email engagement and high overall cross-channel activity, which positively influence predicted email engagement."
HCP0374,45.14,46.46,46.19,Low,0.5982,0.5182,0.2934,0.3547,Email,"Email is recommended with 59.8% predicted likelihood because the HCP has shown active engagement with email links and recent medical conference attendance, which positively influence predicted email engagement."
HCP0375,59.84,70.79,68.6,High,0.8278,0.7284,0.6339,0.5713,Email,"Email is recommended with 82.8% predicted likelihood because the HCP has shown active downloading of clinical PDF resources and frequent clinical article views, which positively influence predicted email engagement."
HCP0376,60.99,72.13,69.9,High,0.8669,0.8605,0.5589,0.4565,Email,"Email is recommended with 86.7% predicted likelihood because the HCP has shown strong historical email responsiveness and consistent website content browsing, which positively influence predicted email engagement."
HCP0377,21.77,60.15,52.48,Medium,0.658,0.7408,0.2435,0.666,Website,"Website is recommended with 74.1% predicted likelihood because the HCP has shown active downloading of clinical PDF resources and high overall cross-channel activity, which positively influence predicted website engagement."
HCP0378,25.25,32.99,31.45,Low,0.4246,0.1767,0.242,0.5058,Veeva,"Veeva is recommended with 50.6% predicted likelihood because the HCP has shown completed field representative visits and high visit completion rate, which positively influence predicted veeva engagement."
HCP0379,18.77,54.04,46.98,Low,0.7666,0.5724,0.1288,0.5644,Email,"Email is recommended with 76.7% predicted likelihood because the HCP has shown active engagement with email links and high overall cross-channel activity, which positively influence predicted email engagement."
HCP0380,45.85,57.58,55.23,Medium,0.7502,0.6083,0.1878,0.6534,Email,"Email is recommended with 75.0% predicted likelihood because the HCP has shown strong historical email responsiveness and active engagement with email links, which positively influence predicted email engagement."
HCP0381,42.83,52.59,50.64,Low,0.5377,0.7553,0.1291,0.5609,Website,"Website is recommended with 75.5% predicted likelihood because the HCP has shown consistent website content browsing and recent medical conference attendance, which positively influence predicted website engagement."
HCP0382,29.36,39.04,37.1,Low,0.141,0.6121,0.1319,0.6906,Veeva,"Veeva is recommended with 69.1% predicted likelihood because the HCP has shown high visit completion rate and completed field representative visits, which positively influence predicted veeva engagement."
HCP0383,40.83,59.65,55.88,Medium,0.6097,0.8925,0.2263,0.5028,Website,"Website is recommended with 89.2% predicted likelihood because the HCP has shown consistent website content browsing and high overall cross-channel activity, which positively influence predicted website engagement."
HCP0384,55.23,71.37,68.14,High,0.8367,0.7686,0.4997,0.6611,Email,"Email is recommended with 83.7% predicted likelihood because the HCP has shown recent email engagement and strong historical email responsiveness, which positively influence predicted email engagement."
HCP0385,25.89,25.18,25.32,Low,0.1037,0.236,0.129,0.6203,Veeva,"Veeva is recommended with 62.0% predicted likelihood because the HCP has shown frequent representative touchpoints and completed field representative visits, which positively influence predicted veeva engagement."
HCP0386,49.7,57.62,56.03,Medium,0.8199,0.559,0.1327,0.6798,Email,"Email is recommended with 82.0% predicted likelihood because the HCP has shown recent email engagement and recent portal navigation, which positively influence predicted email engagement."
HCP0387,45.41,52.56,51.13,Medium,0.4148,0.776,0.3363,0.5055,Website,"Website is recommended with 77.6% predicted likelihood because the HCP has shown high overall cross-channel activity and active downloading of clinical PDF resources, which positively influence predicted website engagement."
HCP0388,70.39,63.28,64.7,High,0.7246,0.8014,0.4185,0.4564,Website,"Website is recommended with 80.1% predicted likelihood because the HCP has shown consistent website content browsing and active engagement with email links, which positively influence predicted website engagement."
HCP0389,40.47,48.26,46.7,Low,0.6716,0.3978,0.1318,0.6773,Veeva,"Veeva is recommended with 67.7% predicted likelihood because the HCP has shown frequent representative touchpoints and high webinar participation consistency, which positively influence predicted veeva engagement."
HCP0390,35.96,56.19,52.15,Medium,0.5699,0.7477,0.4536,0.3796,Website,"Website is recommended with 74.8% predicted likelihood because the HCP has shown active downloading of clinical PDF resources and high overall cross-channel activity, which positively influence predicted website engagement."
HCP0391,53.76,74.81,70.6,High,0.898,0.7152,0.7557,0.5652,Email,"Email is recommended with 89.8% predicted likelihood because the HCP has shown recent email engagement and strong historical email responsiveness, which positively influence predicted email engagement."
HCP0392,60.64,64.21,63.5,High,0.8109,0.8529,0.1336,0.5813,Website,"Website is recommended with 85.3% predicted likelihood because the HCP has shown consistent website content browsing and recent medical conference attendance, which positively influence predicted website engagement."
HCP0393,82.16,67.9,70.75,High,0.8686,0.8829,0.463,0.3048,Website,"Website is recommended with 88.3% predicted likelihood because the HCP has shown consistent website content browsing and strong historical email responsiveness, which positively influence predicted website engagement."
HCP0394,63.9,68.96,67.95,High,0.8694,0.7954,0.4739,0.477,Email,"Email is recommended with 86.9% predicted likelihood because the HCP has shown strong historical email responsiveness and active downloading of clinical PDF resources, which positively influence predicted email engagement."
HCP0395,43.02,64.43,60.15,Medium,0.7361,0.6807,0.4409,0.6556,Email,"Email is recommended with 73.6% predicted likelihood because the HCP has shown strong historical email responsiveness and active engagement with email links, which positively influence predicted email engagement."
HCP0396,38.2,50.21,47.81,Low,0.7348,0.3512,0.3586,0.523,Email,"Email is recommended with 73.5% predicted likelihood because the HCP has shown strong historical email responsiveness and active engagement with email links, which positively influence predicted email engagement."
HCP0397,58.83,53.8,54.81,Medium,0.4411,0.6265,0.426,0.6626,Veeva,"Veeva is recommended with 66.3% predicted likelihood because the HCP has shown frequent representative touchpoints and high visit completion rate, which positively influence predicted veeva engagement."
HCP0398,41.97,57.2,54.15,Medium,0.7715,0.4285,0.43,0.6299,Email,"Email is recommended with 77.2% predicted likelihood because the HCP has shown strong historical email responsiveness and active engagement with email links, which positively influence predicted email engagement."
HCP0399,86.61,69.69,73.07,High,0.8876,0.8969,0.2804,0.5274,Website,"Website is recommended with 89.7% predicted likelihood because the HCP has shown consistent website content browsing and strong historical email responsiveness, which positively influence predicted website engagement."
HCP0400,51.86,46.74,47.76,Low,0.5196,0.5855,0.1756,0.5037,Website,"Website is recommended with 58.5% predicted likelihood because the HCP has shown recent email engagement and strong historical email responsiveness, which positively influence predicted website engagement."
HCP0401,36.05,53.27,49.83,Low,0.6338,0.6313,0.2279,0.538,Email,"Email is recommended with 63.4% predicted likelihood because the HCP has shown high email open responsiveness and high overall cross-channel activity, which positively influence predicted email engagement."
HCP0402,37.67,64.28,58.95,Medium,0.8611,0.5988,0.3705,0.6535,Email,"Email is recommended with 86.1% predicted likelihood because the HCP has shown recent email engagement and strong historical email responsiveness, which positively influence predicted email engagement."
HCP0403,53.4,60.93,59.43,Medium,0.6927,0.7374,0.239,0.6625,Website,"Website is recommended with 73.7% predicted likelihood because the HCP has shown consistent website content browsing and high email open responsiveness, which positively influence predicted website engagement."
HCP0404,28.59,61.06,54.56,Medium,0.8563,0.5205,0.3281,0.6594,Email,"Email is recommended with 85.6% predicted likelihood because the HCP has shown strong historical email responsiveness and consistent email open activity, which positively influence predicted email engagement."
HCP0405,25.96,59.99,53.18,Medium,0.71,0.5526,0.5286,0.5769,Email,"Email is recommended with 71.0% predicted likelihood because the HCP has shown strong historical email responsiveness and high overall cross-channel activity, which positively influence predicted email engagement."
HCP0406,40.55,57.41,54.04,Medium,0.8046,0.6184,0.1327,0.6031,Email,"Email is recommended with 80.5% predicted likelihood because the HCP has shown recent email engagement and strong historical email responsiveness, which positively influence predicted email engagement."
HCP0407,38.42,25.56,28.13,Low,0.2119,0.2881,0.1732,0.3545,Veeva,"Veeva is recommended with 35.5% predicted likelihood because the HCP has shown completed field representative visits and strong historical email responsiveness, which positively influence predicted veeva engagement."
HCP0408,66.65,71.22,70.31,High,0.8593,0.9093,0.266,0.642,Website,"Website is recommended with 90.9% predicted likelihood because the HCP has shown consistent website content browsing and strong historical email responsiveness, which positively influence predicted website engagement."
HCP0409,47.38,69.94,65.42,High,0.7936,0.7844,0.5777,0.5521,Email,"Email is recommended with 79.4% predicted likelihood because the HCP has shown strong historical email responsiveness and recent email engagement, which positively influence predicted email engagement."
HCP0410,19.97,38.4,34.72,Low,0.1107,0.6641,0.1299,0.628,Website,"Website is recommended with 66.4% predicted likelihood because the HCP has shown active downloading of clinical PDF resources and high overall cross-channel activity, which positively influence predicted website engagement."
HCP0411,68.81,71.93,71.3,High,0.8016,0.8711,0.3942,0.6932,Website,"Website is recommended with 87.1% predicted likelihood because the HCP has shown consistent website content browsing and strong historical email responsiveness, which positively influence predicted website engagement."
HCP0412,39.81,62.47,57.94,Medium,0.7353,0.7154,0.2864,0.6611,Email,"Email is recommended with 73.5% predicted likelihood because the HCP has shown recent email engagement and recent medical conference attendance, which positively influence predicted email engagement."
HCP0413,64.89,71.12,69.87,High,0.8541,0.7937,0.4812,0.6032,Email,"Email is recommended with 85.4% predicted likelihood because the HCP has shown strong historical email responsiveness and consistent email open activity, which positively influence predicted email engagement."
HCP0414,42.79,65.39,60.87,Medium,0.7139,0.8474,0.2134,0.7144,Website,"Website is recommended with 84.7% predicted likelihood because the HCP has shown consistent website content browsing and high overall cross-channel activity, which positively influence predicted website engagement."
HCP0415,66.04,65.39,65.52,High,0.8063,0.8666,0.1756,0.5846,Website,"Website is recommended with 86.7% predicted likelihood because the HCP has shown consistent website content browsing and strong historical email responsiveness, which positively influence predicted website engagement."
HCP0416,0.54,32.03,25.73,Low,0.2889,0.4111,0.129,0.4224,Veeva,"Veeva is recommended with 42.2% predicted likelihood because the HCP has shown completed field representative visits and high visit completion rate, which positively influence predicted veeva engagement."
HCP0417,24.96,60.77,53.61,Medium,0.7561,0.6217,0.2662,0.7057,Email,"Email is recommended with 75.6% predicted likelihood because the HCP has shown recent email engagement and strong historical email responsiveness, which positively influence predicted email engagement."
HCP0418,38.5,55.06,51.74,Medium,0.7493,0.6036,0.358,0.3655,Email,"Email is recommended with 74.9% predicted likelihood because the HCP has shown strong historical email responsiveness and consistent email open activity, which positively influence predicted email engagement."
HCP0419,67.01,68.7,68.37,High,0.8434,0.8792,0.257,0.5943,Website,"Website is recommended with 87.9% predicted likelihood because the HCP has shown consistent website content browsing and recent medical conference attendance, which positively influence predicted website engagement."
HCP0420,59.29,71.63,69.16,High,0.8806,0.8926,0.2697,0.6516,Website,"Website is recommended with 89.3% predicted likelihood because the HCP has shown consistent website content browsing and active downloading of clinical PDF resources, which positively influence predicted website engagement."
HCP0421,62.26,71.82,69.91,High,0.8731,0.8821,0.1954,0.7627,Website,"Website is recommended with 88.2% predicted likelihood because the HCP has shown consistent website content browsing and strong historical email responsiveness, which positively influence predicted website engagement."
HCP0422,65.27,70.55,69.5,High,0.7987,0.8984,0.3093,0.6727,Website,"Website is recommended with 89.8% predicted likelihood because the HCP has shown consistent website content browsing and strong historical email responsiveness, which positively influence predicted website engagement."
HCP0423,40.79,55.3,52.4,Medium,0.7472,0.7348,0.1922,0.3496,Email,"Email is recommended with 74.7% predicted likelihood because the HCP has shown active engagement with email links and recent medical conference attendance, which positively influence predicted email engagement."
HCP0424,37.86,63.83,58.64,Medium,0.8015,0.5996,0.4956,0.5941,Email,"Email is recommended with 80.2% predicted likelihood because the HCP has shown active downloading of clinical PDF resources and active engagement with email links, which positively influence predicted email engagement."
HCP0425,54.62,65.79,63.55,High,0.8275,0.7442,0.3658,0.566,Email,"Email is recommended with 82.7% predicted likelihood because the HCP has shown consistent website content browsing and frequent clinical article views, which positively influence predicted email engagement."
HCP0426,46.26,70.4,65.57,High,0.8767,0.779,0.5011,0.5351,Email,"Email is recommended with 87.7% predicted likelihood because the HCP has shown strong historical email responsiveness and active downloading of clinical PDF resources, which positively influence predicted email engagement."
HCP0427,41.27,51.85,49.73,Low,0.8027,0.4713,0.1606,0.5208,Email,"Email is recommended with 80.3% predicted likelihood because the HCP has shown strong historical email responsiveness and recent medical conference attendance, which positively influence predicted email engagement."
HCP0428,33.15,34.46,34.2,Low,0.3185,0.329,0.129,0.6227,Veeva,"Veeva is recommended with 62.3% predicted likelihood because the HCP has shown frequent representative touchpoints and recent email engagement, which positively influence predicted veeva engagement."
HCP0429,51.91,48.81,49.43,Low,0.3152,0.8373,0.383,0.329,Website,"Website is recommended with 83.7% predicted likelihood because the HCP has shown consistent website content browsing and recent email engagement, which positively influence predicted website engagement."
HCP0430,49.02,63.24,60.39,Medium,0.7106,0.8626,0.3341,0.4681,Website,"Website is recommended with 86.3% predicted likelihood because the HCP has shown consistent website content browsing and full views of educational video content, which positively influence predicted website engagement."
HCP0431,46.72,49.38,48.84,Low,0.4691,0.4482,0.5895,0.5033,Webinar,"Webinar is recommended with 59.0% predicted likelihood because the HCP has shown strong historical webinar presence and recent medical conference attendance, which positively influence predicted webinar engagement."
HCP0432,52.14,63.13,60.93,Medium,0.7187,0.8225,0.2233,0.6213,Website,"Website is recommended with 82.3% predicted likelihood because the HCP has shown consistent website content browsing and active downloading of clinical PDF resources, which positively influence predicted website engagement."
HCP0433,44.93,57.41,54.92,Medium,0.6001,0.8666,0.129,0.5417,Website,"Website is recommended with 86.7% predicted likelihood because the HCP has shown consistent website content browsing and frequent clinical article views, which positively influence predicted website engagement."
HCP0434,48.94,64.91,61.72,Medium,0.6395,0.8208,0.4262,0.6289,Website,"Website is recommended with 82.1% predicted likelihood because the HCP has shown recent representative interaction and frequent clinical article views, which positively influence predicted website engagement."
HCP0435,42.98,55.23,52.78,Medium,0.2351,0.7503,0.6174,0.6659,Website,"Website is recommended with 75.0% predicted likelihood because the HCP has shown consistent website content browsing and high overall cross-channel activity, which positively influence predicted website engagement."
HCP0436,51.99,46.66,47.73,Low,0.375,0.6632,0.1564,0.6195,Website,"Website is recommended with 66.3% predicted likelihood because the HCP has shown active downloading of clinical PDF resources and recent email engagement, which positively influence predicted website engagement."
HCP0437,32.81,54.1,49.84,Low,0.6282,0.6346,0.1935,0.6172,Website,"Website is recommended with 63.5% predicted likelihood because the HCP has shown active downloading of clinical PDF resources and high overall cross-channel activity, which positively influence predicted website engagement."
HCP0438,35.33,51.72,48.44,Low,0.8472,0.6037,0.1329,0.2765,Email,"Email is recommended with 84.7% predicted likelihood because the HCP has shown recent email engagement and strong historical email responsiveness, which positively influence predicted email engagement."
HCP0439,38.79,45.33,44.02,Low,0.2925,0.6281,0.4969,0.3889,Website,"Website is recommended with 62.8% predicted likelihood because the HCP has shown consistent website content browsing and high overall cross-channel activity, which positively influence predicted website engagement."
HCP0440,37.14,71.36,64.51,High,0.654,0.8264,0.6128,0.7344,Website,"Website is recommended with 82.6% predicted likelihood because the HCP has shown consistent website content browsing and recent medical conference attendance, which positively influence predicted website engagement."
HCP0441,68.12,66.97,67.2,High,0.81,0.7466,0.2875,0.7258,Email,"Email is recommended with 81.0% predicted likelihood because the HCP has shown recent email engagement and strong historical email responsiveness, which positively influence predicted email engagement."
HCP0442,55.48,64.2,62.45,High,0.8453,0.8833,0.1459,0.4712,Website,"Website is recommended with 88.3% predicted likelihood because the HCP has shown consistent website content browsing and strong historical email responsiveness, which positively influence predicted website engagement."
HCP0443,48.96,65.1,61.87,Medium,0.7804,0.7229,0.2717,0.7286,Email,"Email is recommended with 78.0% predicted likelihood because the HCP has shown strong historical email responsiveness and active downloading of clinical PDF resources, which positively influence predicted email engagement."
HCP0444,57.26,60.95,60.21,Medium,0.8705,0.6056,0.1993,0.6342,Email,"Email is recommended with 87.0% predicted likelihood because the HCP has shown strong historical email responsiveness and recent portal navigation, which positively influence predicted email engagement."
HCP0445,50.86,57.4,56.09,Medium,0.8702,0.4808,0.3186,0.5249,Email,"Email is recommended with 87.0% predicted likelihood because the HCP has shown strong historical email responsiveness and active downloading of clinical PDF resources, which positively influence predicted email engagement."
HCP0446,53.35,67.72,64.85,High,0.8019,0.8305,0.2763,0.6612,Website,"Website is recommended with 83.0% predicted likelihood because the HCP has shown consistent website content browsing and active downloading of clinical PDF resources, which positively influence predicted website engagement."
HCP0447,61.98,75.82,73.05,High,0.8765,0.8578,0.4804,0.7094,Email,"Email is recommended with 87.6% predicted likelihood because the HCP has shown strong historical email responsiveness and high email open responsiveness, which positively influence predicted email engagement."
HCP0448,52.66,62.35,60.41,Medium,0.8686,0.8643,0.174,0.3441,Email,"Email is recommended with 86.9% predicted likelihood because the HCP has shown recent email engagement and strong historical email responsiveness, which positively influence predicted email engagement."
HCP0449,55.31,42.38,44.97,Low,0.4611,0.4108,0.4787,0.3324,Webinar,"Webinar is recommended with 47.9% predicted likelihood because the HCP has shown strong historical webinar presence and recent medical conference attendance, which positively influence predicted webinar engagement."
HCP0450,50.19,56.13,54.94,Medium,0.7315,0.6501,0.2722,0.4619,Email,"Email is recommended with 73.1% predicted likelihood because the HCP has shown strong historical email responsiveness and recent representative interaction, which positively influence predicted email engagement."
HCP0451,21.14,32.5,30.23,Low,0.1005,0.3549,0.4773,0.4646,Webinar,"Webinar is recommended with 47.7% predicted likelihood because the HCP has shown high webinar participation consistency and sustained webinar watch duration, which positively influence predicted webinar engagement."
HCP0452,33.32,62.57,56.72,Medium,0.7006,0.8095,0.2823,0.5811,Website,"Website is recommended with 80.9% predicted likelihood because the HCP has shown active downloading of clinical PDF resources and high overall cross-channel activity, which positively influence predicted website engagement."
HCP0453,46.63,43.54,44.16,Low,0.3316,0.5901,0.4417,0.3527,Website,"Website is recommended with 59.0% predicted likelihood because the HCP has shown consistent website content browsing and recent medical conference attendance, which positively influence predicted website engagement."
HCP0454,50.44,64.12,61.38,Medium,0.6376,0.859,0.2932,0.668,Website,"Website is recommended with 85.9% predicted likelihood because the HCP has shown consistent website content browsing and active downloading of clinical PDF resources, which positively influence predicted website engagement."
HCP0455,18.04,30.73,28.19,Low,0.3251,0.4071,0.1299,0.3083,Website,"Website is recommended with 40.7% predicted likelihood because the HCP has shown active downloading of clinical PDF resources and high overall cross-channel activity, which positively influence predicted website engagement."
HCP0456,64.61,65.35,65.2,High,0.7408,0.8895,0.1325,0.6894,Website,"Website is recommended with 89.0% predicted likelihood because the HCP has shown consistent website content browsing and recent portal navigation, which positively influence predicted website engagement."
HCP0457,39.73,36.43,37.09,Low,0.7029,0.1473,0.1773,0.369,Email,"Email is recommended with 70.3% predicted likelihood because the HCP has shown recent email engagement and strong historical email responsiveness, which positively influence predicted email engagement."
HCP0458,24.21,29.8,28.68,Low,0.1021,0.1647,0.508,0.5817,Veeva,"Veeva is recommended with 58.2% predicted likelihood because the HCP has shown frequent representative touchpoints and completed field representative visits, which positively influence predicted veeva engagement."
HCP0459,50.11,56.92,55.56,Medium,0.7443,0.8491,0.1567,0.2992,Website,"Website is recommended with 84.9% predicted likelihood because the HCP has shown consistent website content browsing and recent portal navigation, which positively influence predicted website engagement."
HCP0460,37.27,34.97,35.43,Low,0.3713,0.3836,0.1752,0.4407,Veeva,"Veeva is recommended with 44.1% predicted likelihood because the HCP has shown recent representative interaction and high email open responsiveness, which positively influence predicted veeva engagement."
HCP0461,34.04,31.81,32.25,Low,0.1582,0.3629,0.5088,0.2999,Webinar,"Webinar is recommended with 50.9% predicted likelihood because the HCP has shown high webinar participation consistency and sustained webinar watch duration, which positively influence predicted webinar engagement."
HCP0462,62.42,64.93,64.43,High,0.731,0.8431,0.1586,0.7269,Website,"Website is recommended with 84.3% predicted likelihood because the HCP has shown consistent website content browsing and active downloading of clinical PDF resources, which positively influence predicted website engagement."
HCP0463,41.91,65.99,61.18,Medium,0.828,0.8625,0.2581,0.5058,Website,"Website is recommended with 86.3% predicted likelihood because the HCP has shown consistent website content browsing and active downloading of clinical PDF resources, which positively influence predicted website engagement."
HCP0464,43.93,68.83,63.85,High,0.7291,0.7418,0.6137,0.6212,Website,"Website is recommended with 74.2% predicted likelihood because the HCP has shown active downloading of clinical PDF resources and high overall cross-channel activity, which positively influence predicted website engagement."
HCP0465,39.08,59.73,55.6,Medium,0.7874,0.7591,0.2388,0.4277,Email,"Email is recommended with 78.7% predicted likelihood because the HCP has shown recent email engagement and strong historical email responsiveness, which positively influence predicted email engagement."
HCP0466,56.48,56.98,56.88,Medium,0.7728,0.7064,0.2963,0.334,Email,"Email is recommended with 77.3% predicted likelihood because the HCP has shown strong historical email responsiveness and frequent clinical article views, which positively influence predicted email engagement."
HCP0467,51.19,68.23,64.82,High,0.8698,0.8392,0.1721,0.6759,Email,"Email is recommended with 87.0% predicted likelihood because the HCP has shown strong historical email responsiveness and consistent website content browsing, which positively influence predicted email engagement."
HCP0468,47.29,46.45,46.62,Low,0.8119,0.3773,0.2403,0.2983,Email,"Email is recommended with 81.2% predicted likelihood because the HCP has shown recent email engagement and strong historical email responsiveness, which positively influence predicted email engagement."
HCP0469,38.04,45.25,43.8,Low,0.5112,0.5823,0.2465,0.3755,Website,"Website is recommended with 58.2% predicted likelihood because the HCP has shown recent representative interaction and recent medical conference attendance, which positively influence predicted website engagement."
HCP0470,20.66,47.8,42.37,Low,0.6903,0.1206,0.4912,0.6826,Email,"Email is recommended with 69.0% predicted likelihood because the HCP has shown high overall cross-channel activity and active engagement with email links, which positively influence predicted email engagement."
HCP0471,30.17,37.12,35.73,Low,0.614,0.1577,0.2417,0.4566,Email,"Email is recommended with 61.4% predicted likelihood because the HCP has shown active engagement with email links and high email open responsiveness, which positively influence predicted email engagement."
HCP0472,5.33,45.64,37.58,Low,0.5948,0.4769,0.129,0.5453,Email,"Email is recommended with 59.5% predicted likelihood because the HCP has shown high overall cross-channel activity and active engagement with email links, which positively influence predicted email engagement."
HCP0473,37.43,59.26,54.9,Medium,0.7029,0.5091,0.5266,0.6186,Email,"Email is recommended with 70.3% predicted likelihood because the HCP has shown recent portal navigation and recent representative interaction, which positively influence predicted email engagement."
HCP0474,66.88,64.89,65.29,High,0.8819,0.8782,0.1325,0.4717,Email,"Email is recommended with 88.2% predicted likelihood because the HCP has shown strong historical email responsiveness and consistent website content browsing, which positively influence predicted email engagement."
HCP0475,35.71,37.63,37.24,Low,0.5612,0.3459,0.1753,0.3454,Email,"Email is recommended with 56.1% predicted likelihood because the HCP has shown active engagement with email links and high email open responsiveness, which positively influence predicted email engagement."
HCP0476,45.0,42.41,42.93,Low,0.4068,0.4505,0.137,0.6979,Veeva,"Veeva is recommended with 69.8% predicted likelihood because the HCP has shown frequent representative touchpoints and completed field representative visits, which positively influence predicted veeva engagement."
HCP0477,31.71,50.26,46.55,Low,0.513,0.662,0.129,0.6214,Website,"Website is recommended with 66.2% predicted likelihood because the HCP has shown high overall cross-channel activity and recent medical conference attendance, which positively influence predicted website engagement."
HCP0478,28.8,34.19,33.11,Low,0.2252,0.2687,0.3452,0.6235,Veeva,"Veeva is recommended with 62.3% predicted likelihood because the HCP has shown frequent representative touchpoints and completed field representative visits, which positively influence predicted veeva engagement."
HCP0479,59.36,57.47,57.85,Medium,0.723,0.6566,0.2739,0.5302,Email,"Email is recommended with 72.3% predicted likelihood because the HCP has shown strong historical email responsiveness and active engagement with email links, which positively influence predicted email engagement."
HCP0480,27.89,47.24,43.37,Low,0.1437,0.8435,0.1289,0.7525,Website,"Website is recommended with 84.3% predicted likelihood because the HCP has shown high overall cross-channel activity and strong historical email responsiveness, which positively influence predicted website engagement."
HCP0481,51.26,65.03,62.28,Medium,0.8592,0.6128,0.5441,0.4994,Email,"Email is recommended with 85.9% predicted likelihood because the HCP has shown strong historical email responsiveness and active downloading of clinical PDF resources, which positively influence predicted email engagement."
HCP0482,25.67,61.06,53.98,Medium,0.5612,0.7097,0.4331,0.7138,Veeva,"Veeva is recommended with 71.4% predicted likelihood because the HCP has shown frequent representative touchpoints and recent representative interaction, which positively influence predicted veeva engagement."
HCP0483,82.17,75.46,76.8,High,0.8992,0.9121,0.3298,0.7262,Website,"Website is recommended with 91.2% predicted likelihood because the HCP has shown consistent website content browsing and strong historical email responsiveness, which positively influence predicted website engagement."
HCP0484,40.91,40.52,40.6,Low,0.4774,0.4232,0.1323,0.5429,Veeva,"Veeva is recommended with 54.3% predicted likelihood because the HCP has shown frequent representative touchpoints and recent email engagement, which positively influence predicted veeva engagement."
HCP0485,49.29,54.66,53.59,Medium,0.7215,0.6104,0.1482,0.5872,Email,"Email is recommended with 72.1% predicted likelihood because the HCP has shown strong historical email responsiveness and active engagement with email links, which positively influence predicted email engagement."
HCP0486,62.33,60.9,61.19,Medium,0.6984,0.5302,0.5888,0.6134,Email,"Email is recommended with 69.8% predicted likelihood because the HCP has shown strong historical email responsiveness and frequent clinical article views, which positively influence predicted email engagement."
HCP0487,32.39,54.71,50.24,Low,0.6296,0.6191,0.2555,0.6068,Email,"Email is recommended with 63.0% predicted likelihood because the HCP has shown strong historical email responsiveness and active engagement with email links, which positively influence predicted email engagement."
HCP0488,62.45,65.41,64.82,High,0.8779,0.8818,0.3274,0.3036,Website,"Website is recommended with 88.2% predicted likelihood because the HCP has shown consistent website content browsing and sustained webinar watch duration, which positively influence predicted website engagement."
HCP0489,37.57,39.22,38.89,Low,0.3079,0.6443,0.1291,0.4036,Website,"Website is recommended with 64.4% predicted likelihood because the HCP has shown consistent website content browsing and recent medical conference attendance, which positively influence predicted website engagement."
HCP0490,50.85,69.13,65.48,High,0.8514,0.8469,0.2408,0.6685,Email,"Email is recommended with 85.1% predicted likelihood because the HCP has shown recent email engagement and strong historical email responsiveness, which positively influence predicted email engagement."
HCP0491,59.81,64.18,63.31,High,0.7908,0.8722,0.1324,0.5823,Website,"Website is recommended with 87.2% predicted likelihood because the HCP has shown consistent website content browsing and active downloading of clinical PDF resources, which positively influence predicted website engagement."
HCP0492,36.01,62.07,56.86,Medium,0.7212,0.7777,0.1325,0.7226,Website,"Website is recommended with 77.8% predicted likelihood because the HCP has shown consistent website content browsing and strong historical email responsiveness, which positively influence predicted website engagement."
HCP0493,26.1,50.33,45.48,Low,0.7431,0.4299,0.4106,0.3462,Email,"Email is recommended with 74.3% predicted likelihood because the HCP has shown recent email engagement and strong historical email responsiveness, which positively influence predicted email engagement."
HCP0494,42.65,77.11,70.22,High,0.8762,0.8254,0.6791,0.6242,Email,"Email is recommended with 87.6% predicted likelihood because the HCP has shown recent email engagement and strong historical email responsiveness, which positively influence predicted email engagement."
HCP0495,40.94,50.05,48.23,Low,0.7927,0.239,0.276,0.6791,Email,"Email is recommended with 79.3% predicted likelihood because the HCP has shown recent email engagement and recent representative interaction, which positively influence predicted email engagement."
HCP0496,47.69,68.29,64.17,High,0.8513,0.8247,0.2465,0.6541,Email,"Email is recommended with 85.1% predicted likelihood because the HCP has shown active downloading of clinical PDF resources and recent representative interaction, which positively influence predicted email engagement."
HCP0497,35.41,63.18,57.63,Medium,0.7253,0.8062,0.1319,0.7301,Website,"Website is recommended with 80.6% predicted likelihood because the HCP has shown consistent website content browsing and recent medical conference attendance, which positively influence predicted website engagement."
HCP0498,48.68,58.29,56.37,Medium,0.4874,0.8463,0.3414,0.5726,Website,"Website is recommended with 84.6% predicted likelihood because the HCP has shown consistent website content browsing and strong historical email responsiveness, which positively influence predicted website engagement."
HCP0499,48.99,56.86,55.29,Medium,0.5118,0.7822,0.1897,0.7123,Website,"Website is recommended with 78.2% predicted likelihood because the HCP has shown consistent website content browsing and sustained webinar watch duration, which positively influence predicted website engagement."
HCP0500,59.86,66.84,65.44,High,0.8211,0.8566,0.1703,0.655,Website,"Website is recommended with 85.7% predicted likelihood because the HCP has shown consistent website content browsing and strong historical email responsiveness, which positively influence predicted website engagement."
HCP0501,34.48,57.5,52.9,Medium,0.3111,0.8243,0.43,0.7419,Website,"Website is recommended with 82.4% predicted likelihood because the HCP has shown consistent website content browsing and high overall cross-channel activity, which positively influence predicted website engagement."
HCP0502,69.7,68.38,68.64,High,0.8435,0.8544,0.1995,0.6728,Website,"Website is recommended with 85.4% predicted likelihood because the HCP has shown consistent website content browsing and strong historical email responsiveness, which positively influence predicted website engagement."
HCP0503,31.66,46.84,43.8,Low,0.4246,0.5674,0.3541,0.4997,Website,"Website is recommended with 56.7% predicted likelihood because the HCP has shown high overall cross-channel activity and recent medical conference attendance, which positively influence predicted website engagement."
HCP0504,61.82,62.76,62.57,High,0.8767,0.7265,0.3761,0.3572,Email,"Email is recommended with 87.7% predicted likelihood because the HCP has shown strong historical email responsiveness and active downloading of clinical PDF resources, which positively influence predicted email engagement."
HCP0505,50.36,65.14,62.18,Medium,0.6378,0.7706,0.5247,0.6196,Website,"Website is recommended with 77.1% predicted likelihood because the HCP has shown active downloading of clinical PDF resources and strong historical email responsiveness, which positively influence predicted website engagement."
HCP0506,44.19,70.65,65.36,High,0.8279,0.7544,0.5007,0.6584,Email,"Email is recommended with 82.8% predicted likelihood because the HCP has shown recent email engagement and strong historical email responsiveness, which positively influence predicted email engagement."
HCP0507,39.04,44.35,43.29,Low,0.6706,0.3974,0.1748,0.4408,Email,"Email is recommended with 67.1% predicted likelihood because the HCP has shown strong historical email responsiveness and recent representative interaction, which positively influence predicted email engagement."
HCP0508,40.74,65.61,60.63,Medium,0.7579,0.8569,0.284,0.574,Website,"Website is recommended with 85.7% predicted likelihood because the HCP has shown consistent website content browsing and high overall cross-channel activity, which positively influence predicted website engagement."
HCP0509,41.84,70.76,64.98,High,0.6731,0.8865,0.4891,0.7097,Website,"Website is recommended with 88.7% predicted likelihood because the HCP has shown consistent website content browsing and active downloading of clinical PDF resources, which positively influence predicted website engagement."
HCP0510,27.76,54.5,49.15,Low,0.5519,0.4242,0.5102,0.7509,Veeva,"Veeva is recommended with 75.1% predicted likelihood because the HCP has shown frequent representative touchpoints and high visit completion rate, which positively influence predicted veeva engagement."
HCP0511,31.06,48.47,44.99,Low,0.3269,0.7691,0.1323,0.6471,Website,"Website is recommended with 76.9% predicted likelihood because the HCP has shown consistent website content browsing and high overall cross-channel activity, which positively influence predicted website engagement."
HCP0512,38.34,51.71,49.04,Low,0.6132,0.6744,0.1753,0.4791,Website,"Website is recommended with 67.4% predicted likelihood because the HCP has shown consistent website content browsing and high overall cross-channel activity, which positively influence predicted website engagement."
HCP0513,33.63,44.44,42.28,Low,0.7132,0.1924,0.239,0.6245,Email,"Email is recommended with 71.3% predicted likelihood because the HCP has shown strong historical email responsiveness and high overall cross-channel activity, which positively influence predicted email engagement."
HCP0514,36.55,20.37,23.61,Low,0.1874,0.1129,0.251,0.317,Veeva,"Veeva is recommended with 31.7% predicted likelihood because the HCP has shown recent portal navigation and high email open responsiveness, which positively influence predicted veeva engagement."
HCP0515,40.74,65.94,60.9,Medium,0.6776,0.7294,0.5793,0.6071,Website,"Website is recommended with 72.9% predicted likelihood because the HCP has shown active downloading of clinical PDF resources and high overall cross-channel activity, which positively influence predicted website engagement."
HCP0516,46.08,63.35,59.9,Medium,0.6288,0.5737,0.6472,0.7169,Veeva,"Veeva is recommended with 71.7% predicted likelihood because the HCP has shown frequent representative touchpoints and recent representative interaction, which positively influence predicted veeva engagement."
HCP0517,44.86,66.12,61.87,Medium,0.8165,0.8869,0.4167,0.3341,Website,"Website is recommended with 88.7% predicted likelihood because the HCP has shown consistent website content browsing and active downloading of clinical PDF resources, which positively influence predicted website engagement."
HCP0518,40.21,41.81,41.49,Low,0.1169,0.8144,0.1757,0.5179,Website,"Website is recommended with 81.4% predicted likelihood because the HCP has shown consistent website content browsing and high overall cross-channel activity, which positively influence predicted website engagement."
HCP0519,37.25,30.16,31.58,Low,0.3233,0.348,0.1324,0.3687,Veeva,"Veeva is recommended with 36.9% predicted likelihood because the HCP has shown high webinar participation consistency and strong historical webinar presence, which positively influence predicted veeva engagement."
HCP0520,52.83,64.44,62.12,Medium,0.7212,0.675,0.5254,0.6026,Email,"Email is recommended with 72.1% predicted likelihood because the HCP has shown frequent clinical article views and recent portal navigation, which positively influence predicted email engagement."
HCP0521,64.4,60.64,61.39,Medium,0.4425,0.8746,0.4232,0.6331,Website,"Website is recommended with 87.5% predicted likelihood because the HCP has shown consistent website content browsing and recent medical conference attendance, which positively influence predicted website engagement."
HCP0522,27.67,38.09,36.01,Low,0.2015,0.6209,0.1765,0.4946,Website,"Website is recommended with 62.1% predicted likelihood because the HCP has shown high overall cross-channel activity and recent medical conference attendance, which positively influence predicted website engagement."
HCP0523,57.9,58.63,58.49,Medium,0.8714,0.5525,0.1324,0.6635,Email,"Email is recommended with 87.1% predicted likelihood because the HCP has shown strong historical email responsiveness and active downloading of clinical PDF resources, which positively influence predicted email engagement."
HCP0524,78.87,68.0,70.17,High,0.8849,0.9002,0.1682,0.5542,Website,"Website is recommended with 90.0% predicted likelihood because the HCP has shown consistent website content browsing and active engagement with email links, which positively influence predicted website engagement."
HCP0525,61.05,67.26,66.02,High,0.8753,0.9115,0.2142,0.4685,Website,"Website is recommended with 91.2% predicted likelihood because the HCP has shown consistent website content browsing and sustained webinar watch duration, which positively influence predicted website engagement."
HCP0526,62.2,71.23,69.42,High,0.7838,0.8764,0.491,0.5801,Website,"Website is recommended with 87.6% predicted likelihood because the HCP has shown consistent website content browsing and recent medical conference attendance, which positively influence predicted website engagement."
HCP0527,23.17,66.49,57.83,Medium,0.5991,0.7274,0.6609,0.6738,Website,"Website is recommended with 72.7% predicted likelihood because the HCP has shown active downloading of clinical PDF resources and high overall cross-channel activity, which positively influence predicted website engagement."
HCP0528,28.24,31.39,30.76,Low,0.2368,0.337,0.312,0.3971,Veeva,"Veeva is recommended with 39.7% predicted likelihood because the HCP has shown high visit completion rate and completed field representative visits, which positively influence predicted veeva engagement."
HCP0529,45.58,60.66,57.65,Medium,0.6237,0.7453,0.2204,0.7592,Veeva,"Veeva is recommended with 75.9% predicted likelihood because the HCP has shown frequent representative touchpoints and high visit completion rate, which positively influence predicted veeva engagement."
HCP0530,52.99,67.68,64.74,High,0.8473,0.8027,0.4322,0.4768,Email,"Email is recommended with 84.7% predicted likelihood because the HCP has shown strong historical email responsiveness and recent medical conference attendance, which positively influence predicted email engagement."
HCP0531,49.74,53.18,52.49,Medium,0.3248,0.8379,0.5496,0.3652,Website,"Website is recommended with 83.8% predicted likelihood because the HCP has shown consistent website content browsing and active downloading of clinical PDF resources, which positively influence predicted website engagement."
HCP0532,59.7,71.33,69.0,High,0.8859,0.8737,0.2038,0.7233,Email,"Email is recommended with 88.6% predicted likelihood because the HCP has shown strong historical email responsiveness and consistent website content browsing, which positively influence predicted email engagement."
HCP0533,35.36,38.08,37.54,Low,0.235,0.4105,0.2473,0.6886,Veeva,"Veeva is recommended with 68.9% predicted likelihood because the HCP has shown completed field representative visits and high visit completion rate, which positively influence predicted veeva engagement."
HCP0534,51.35,67.43,64.21,High,0.871,0.6203,0.6183,0.5162,Email,"Email is recommended with 87.1% predicted likelihood because the HCP has shown strong historical email responsiveness and active downloading of clinical PDF resources, which positively influence predicted email engagement."
HCP0535,65.11,69.6,68.7,High,0.8731,0.7539,0.3047,0.7347,Email,"Email is recommended with 87.3% predicted likelihood because the HCP has shown strong historical email responsiveness and sustained webinar watch duration, which positively influence predicted email engagement."
HCP0536,59.09,70.91,68.54,High,0.7782,0.8729,0.487,0.5817,Website,"Website is recommended with 87.3% predicted likelihood because the HCP has shown consistent website content browsing and recent email engagement, which positively influence predicted website engagement."
HCP0537,58.99,66.79,65.23,High,0.6428,0.841,0.4069,0.7071,Website,"Website is recommended with 84.1% predicted likelihood because the HCP has shown consistent website content browsing and active engagement with email links, which positively influence predicted website engagement."
HCP0538,27.4,34.26,32.89,Low,0.466,0.1752,0.176,0.5751,Veeva,"Veeva is recommended with 57.5% predicted likelihood because the HCP has shown frequent representative touchpoints and strong historical email responsiveness, which positively influence predicted veeva engagement."
HCP0539,52.97,57.92,56.93,Medium,0.806,0.7348,0.2788,0.3059,Email,"Email is recommended with 80.6% predicted likelihood because the HCP has shown recent email engagement and strong historical email responsiveness, which positively influence predicted email engagement."
HCP0540,59.44,63.96,63.05,High,0.8524,0.8671,0.3003,0.3181,Website,"Website is recommended with 86.7% predicted likelihood because the HCP has shown consistent website content browsing and strong historical email responsiveness, which positively influence predicted website engagement."
HCP0541,39.04,67.67,61.94,Medium,0.7653,0.8764,0.2608,0.6602,Website,"Website is recommended with 87.6% predicted likelihood because the HCP has shown consistent website content browsing and high overall cross-channel activity, which positively influence predicted website engagement."
HCP0542,42.9,60.26,56.78,Medium,0.5901,0.8502,0.1288,0.7236,Website,"Website is recommended with 85.0% predicted likelihood because the HCP has shown consistent website content browsing and strong historical email responsiveness, which positively influence predicted website engagement."
HCP0543,72.99,56.66,59.92,Medium,0.5282,0.8429,0.357,0.4192,Website,"Website is recommended with 84.3% predicted likelihood because the HCP has shown consistent website content browsing and full views of educational video content, which positively influence predicted website engagement."
HCP0544,86.33,70.49,73.66,High,0.8739,0.786,0.3422,0.6926,Email,"Email is recommended with 87.4% predicted likelihood because the HCP has shown strong historical email responsiveness and high email open responsiveness, which positively influence predicted email engagement."
HCP0545,50.68,66.28,63.16,High,0.7939,0.8227,0.5131,0.376,Website,"Website is recommended with 82.3% predicted likelihood because the HCP has shown consistent website content browsing and strong historical email responsiveness, which positively influence predicted website engagement."
HCP0546,66.16,72.62,71.33,High,0.8684,0.8882,0.4131,0.5828,Website,"Website is recommended with 88.8% predicted likelihood because the HCP has shown consistent website content browsing and sustained webinar watch duration, which positively influence predicted website engagement."
HCP0547,39.45,50.76,48.5,Low,0.6192,0.713,0.2231,0.3168,Website,"Website is recommended with 71.3% predicted likelihood because the HCP has shown active downloading of clinical PDF resources and frequent clinical article views, which positively influence predicted website engagement."
HCP0548,55.71,58.54,57.97,Medium,0.7171,0.8676,0.1726,0.3774,Website,"Website is recommended with 86.8% predicted likelihood because the HCP has shown consistent website content browsing and active downloading of clinical PDF resources, which positively influence predicted website engagement."
HCP0549,70.04,69.98,69.99,High,0.882,0.8413,0.4528,0.4612,Email,"Email is recommended with 88.2% predicted likelihood because the HCP has shown strong historical email responsiveness and consistent website content browsing, which positively influence predicted email engagement."
HCP0550,49.31,63.19,60.42,Medium,0.8367,0.7434,0.2989,0.4905,Email,"Email is recommended with 83.7% predicted likelihood because the HCP has shown recent email engagement and strong historical email responsiveness, which positively influence predicted email engagement."
HCP0551,63.04,58.06,59.06,Medium,0.6365,0.9082,0.13,0.4562,Website,"Website is recommended with 90.8% predicted likelihood because the HCP has shown consistent website content browsing and recent portal navigation, which positively influence predicted website engagement."
HCP0552,50.72,59.7,57.91,Medium,0.5357,0.7894,0.3028,0.6946,Website,"Website is recommended with 78.9% predicted likelihood because the HCP has shown consistent website content browsing and recent medical conference attendance, which positively influence predicted website engagement."
HCP0553,54.91,69.81,66.83,High,0.8543,0.7618,0.3141,0.7525,Email,"Email is recommended with 85.4% predicted likelihood because the HCP has shown strong historical email responsiveness and active downloading of clinical PDF resources, which positively influence predicted email engagement."
HCP0554,34.11,58.89,53.94,Medium,0.8203,0.7192,0.129,0.5063,Email,"Email is recommended with 82.0% predicted likelihood because the HCP has shown strong historical email responsiveness and recent representative interaction, which positively influence predicted email engagement."
HCP0555,39.4,70.23,64.07,High,0.8552,0.7161,0.4559,0.699,Email,"Email is recommended with 85.5% predicted likelihood because the HCP has shown strong historical email responsiveness and high overall cross-channel activity, which positively influence predicted email engagement."
HCP0556,39.41,51.1,48.76,Low,0.8028,0.2045,0.3533,0.6906,Email,"Email is recommended with 80.3% predicted likelihood because the HCP has shown strong historical email responsiveness and recent portal navigation, which positively influence predicted email engagement."
HCP0557,37.32,43.76,42.47,Low,0.2934,0.455,0.4891,0.5764,Veeva,"Veeva is recommended with 57.6% predicted likelihood because the HCP has shown completed field representative visits and frequent representative touchpoints, which positively influence predicted veeva engagement."
HCP0558,51.53,34.66,38.03,Low,0.53,0.1882,0.1587,0.4968,Email,"Email is recommended with 53.0% predicted likelihood because the HCP has shown active engagement with email links and high email open responsiveness, which positively influence predicted email engagement."
HCP0559,69.51,64.09,65.18,High,0.7807,0.8994,0.2023,0.4821,Website,"Website is recommended with 89.9% predicted likelihood because the HCP has shown consistent website content browsing and strong historical email responsiveness, which positively influence predicted website engagement."
HCP0560,53.33,50.06,50.71,Low,0.2944,0.8685,0.2325,0.5259,Website,"Website is recommended with 86.9% predicted likelihood because the HCP has shown consistent website content browsing and recent email engagement, which positively influence predicted website engagement."
HCP0561,28.23,53.53,48.47,Low,0.8475,0.46,0.1334,0.5816,Email,"Email is recommended with 84.8% predicted likelihood because the HCP has shown recent email engagement and strong historical email responsiveness, which positively influence predicted email engagement."
HCP0562,74.43,61.7,64.25,High,0.7153,0.8361,0.3896,0.3685,Website,"Website is recommended with 83.6% predicted likelihood because the HCP has shown consistent website content browsing and full views of educational video content, which positively influence predicted website engagement."
HCP0563,48.02,34.03,36.83,Low,0.3652,0.3899,0.198,0.371,Website,"Website is recommended with 39.0% predicted likelihood because the HCP has shown recent portal navigation and recent representative interaction, which positively influence predicted website engagement."
HCP0564,35.62,60.12,55.22,Medium,0.6951,0.7341,0.1328,0.7294,Website,"Website is recommended with 73.4% predicted likelihood because the HCP has shown high overall cross-channel activity and strong historical email responsiveness, which positively influence predicted website engagement."
HCP0565,32.99,68.53,61.42,Medium,0.7156,0.7633,0.5226,0.6856,Website,"Website is recommended with 76.3% predicted likelihood because the HCP has shown high overall cross-channel activity and active downloading of clinical PDF resources, which positively influence predicted website engagement."
HCP0566,40.48,60.06,56.14,Medium,0.6615,0.856,0.2619,0.4647,Website,"Website is recommended with 85.6% predicted likelihood because the HCP has shown consistent website content browsing and high overall cross-channel activity, which positively influence predicted website engagement."
HCP0567,28.69,54.5,49.34,Low,0.792,0.6226,0.129,0.4741,Email,"Email is recommended with 79.2% predicted likelihood because the HCP has shown strong historical email responsiveness and high overall cross-channel activity, which positively influence predicted email engagement."
HCP0568,66.99,67.12,67.09,High,0.8031,0.9096,0.2717,0.5151,Website,"Website is recommended with 91.0% predicted likelihood because the HCP has shown consistent website content browsing and strong historical email responsiveness, which positively influence predicted website engagement."
HCP0569,75.7,69.84,71.01,High,0.7903,0.9136,0.2464,0.69,Website,"Website is recommended with 91.4% predicted likelihood because the HCP has shown consistent website content browsing and strong historical email responsiveness, which positively influence predicted website engagement."
HCP0570,69.23,75.63,74.35,High,0.7957,0.8923,0.5457,0.7037,Website,"Website is recommended with 89.2% predicted likelihood because the HCP has shown consistent website content browsing and sustained webinar watch duration, which positively influence predicted website engagement."
HCP0571,39.5,67.77,62.12,Medium,0.8111,0.7938,0.2655,0.7158,Email,"Email is recommended with 81.1% predicted likelihood because the HCP has shown active engagement with email links and active downloading of clinical PDF resources, which positively influence predicted email engagement."
HCP0572,59.99,52.65,54.12,Medium,0.372,0.8523,0.289,0.507,Website,"Website is recommended with 85.2% predicted likelihood because the HCP has shown consistent website content browsing and active engagement with email links, which positively influence predicted website engagement."
HCP0573,31.05,68.69,61.16,Medium,0.856,0.6487,0.5425,0.6352,Email,"Email is recommended with 85.6% predicted likelihood because the HCP has shown strong historical email responsiveness and recent representative interaction, which positively influence predicted email engagement."
HCP0574,93.11,71.94,76.17,High,0.8699,0.864,0.3482,0.6478,Email,"Email is recommended with 87.0% predicted likelihood because the HCP has shown recent email engagement and strong historical email responsiveness, which positively influence predicted email engagement."
HCP0575,34.45,48.96,46.06,Low,0.7066,0.2212,0.4124,0.6439,Email,"Email is recommended with 70.7% predicted likelihood because the HCP has shown active engagement with email links and frequent representative touchpoints, which positively influence predicted email engagement."
HCP0576,45.63,60.79,57.75,Medium,0.7308,0.7551,0.1324,0.678,Website,"Website is recommended with 75.5% predicted likelihood because the HCP has shown active downloading of clinical PDF resources and consistent website content browsing, which positively influence predicted website engagement."
HCP0577,45.28,58.77,56.07,Medium,0.7045,0.6929,0.1322,0.7101,Veeva,"Veeva is recommended with 71.0% predicted likelihood because the HCP has shown frequent representative touchpoints and consistent website content browsing, which positively influence predicted veeva engagement."
HCP0578,78.21,74.16,74.97,High,0.8331,0.9053,0.4424,0.6581,Website,"Website is recommended with 90.5% predicted likelihood because the HCP has shown consistent website content browsing and strong historical email responsiveness, which positively influence predicted website engagement."
HCP0579,44.04,34.31,36.25,Low,0.3355,0.3376,0.172,0.5337,Veeva,"Veeva is recommended with 53.4% predicted likelihood because the HCP has shown frequent representative touchpoints and strong historical email responsiveness, which positively influence predicted veeva engagement."
HCP0580,53.5,63.84,61.77,Medium,0.8708,0.7596,0.3533,0.3932,Email,"Email is recommended with 87.1% predicted likelihood because the HCP has shown strong historical email responsiveness and active downloading of clinical PDF resources, which positively influence predicted email engagement."
HCP0581,40.91,49.6,47.86,Low,0.6543,0.6307,0.1735,0.379,Email,"Email is recommended with 65.4% predicted likelihood because the HCP has shown active engagement with email links and sustained webinar watch duration, which positively influence predicted email engagement."
HCP0582,27.93,43.22,40.16,Low,0.378,0.5316,0.1313,0.6656,Veeva,"Veeva is recommended with 66.6% predicted likelihood because the HCP has shown high visit completion rate and completed field representative visits, which positively influence predicted veeva engagement."
HCP0583,52.31,66.85,63.94,High,0.8185,0.8269,0.2063,0.668,Website,"Website is recommended with 82.7% predicted likelihood because the HCP has shown consistent website content browsing and strong historical email responsiveness, which positively influence predicted website engagement."
HCP0584,30.14,51.13,46.93,Low,0.6983,0.4774,0.24,0.553,Email,"Email is recommended with 69.8% predicted likelihood because the HCP has shown strong historical email responsiveness and active engagement with email links, which positively influence predicted email engagement."
HCP0585,38.66,59.2,55.09,Medium,0.8104,0.6321,0.1635,0.6326,Email,"Email is recommended with 81.0% predicted likelihood because the HCP has shown high email open responsiveness and recent representative interaction, which positively influence predicted email engagement."
HCP0586,65.11,58.62,59.92,Medium,0.6186,0.6079,0.4574,0.6337,Veeva,"Veeva is recommended with 63.4% predicted likelihood because the HCP has shown frequent representative touchpoints and recent email engagement, which positively influence predicted veeva engagement."
HCP0587,43.75,64.18,60.1,Medium,0.8499,0.7015,0.2459,0.6361,Email,"Email is recommended with 85.0% predicted likelihood because the HCP has shown strong historical email responsiveness and high email open responsiveness, which positively influence predicted email engagement."
HCP0588,81.12,72.59,74.3,High,0.8953,0.8614,0.242,0.7526,Email,"Email is recommended with 89.5% predicted likelihood because the HCP has shown recent email engagement and strong historical email responsiveness, which positively influence predicted email engagement."
HCP0589,57.96,64.13,62.9,High,0.8373,0.8249,0.3358,0.3775,Email,"Email is recommended with 83.7% predicted likelihood because the HCP has shown recent email engagement and strong historical email responsiveness, which positively influence predicted email engagement."
HCP0590,44.74,63.83,60.01,Medium,0.799,0.7206,0.2509,0.661,Email,"Email is recommended with 79.9% predicted likelihood because the HCP has shown strong historical email responsiveness and frequent clinical article views, which positively influence predicted email engagement."
HCP0591,78.66,66.48,68.92,High,0.8757,0.9039,0.1936,0.4609,Website,"Website is recommended with 90.4% predicted likelihood because the HCP has shown consistent website content browsing and strong historical email responsiveness, which positively influence predicted website engagement."
HCP0592,30.38,46.16,43.0,Low,0.3813,0.5953,0.1941,0.6487,Veeva,"Veeva is recommended with 64.9% predicted likelihood because the HCP has shown high visit completion rate and completed field representative visits, which positively influence predicted veeva engagement."
HCP0593,33.31,39.71,38.43,Low,0.2292,0.5561,0.2388,0.5689,Veeva,"Veeva is recommended with 56.9% predicted likelihood because the HCP has shown frequent representative touchpoints and completed field representative visits, which positively influence predicted veeva engagement."
HCP0594,41.31,52.62,50.36,Low,0.7209,0.5363,0.4426,0.3024,Email,"Email is recommended with 72.1% predicted likelihood because the HCP has shown active engagement with email links and high email open responsiveness, which positively influence predicted email engagement."
HCP0595,31.66,63.08,56.8,Medium,0.7884,0.7935,0.1324,0.6489,Website,"Website is recommended with 79.4% predicted likelihood because the HCP has shown active downloading of clinical PDF resources and high overall cross-channel activity, which positively influence predicted website engagement."
HCP0596,26.01,57.29,51.03,Low,0.5105,0.7457,0.4101,0.57,Website,"Website is recommended with 74.6% predicted likelihood because the HCP has shown active downloading of clinical PDF resources and recent representative interaction, which positively influence predicted website engagement."
HCP0597,30.98,67.69,60.35,Medium,0.7564,0.6235,0.6658,0.6488,Email,"Email is recommended with 75.6% predicted likelihood because the HCP has shown recent email engagement and high email open responsiveness, which positively influence predicted email engagement."
HCP0598,59.63,54.52,55.54,Medium,0.5716,0.7004,0.1878,0.6304,Website,"Website is recommended with 70.0% predicted likelihood because the HCP has shown consistent website content browsing and strong historical email responsiveness, which positively influence predicted website engagement."
HCP0599,54.36,63.2,61.43,Medium,0.6963,0.8845,0.2273,0.5612,Website,"Website is recommended with 88.5% predicted likelihood because the HCP has shown consistent website content browsing and recent portal navigation, which positively influence predicted website engagement."
HCP0600,56.81,71.87,68.86,High,0.7377,0.8489,0.5196,0.6941,Website,"Website is recommended with 84.9% predicted likelihood because the HCP has shown consistent website content browsing and recent email engagement, which positively influence predicted website engagement."
HCP0601,61.48,59.37,59.79,Medium,0.8163,0.5208,0.2789,0.6837,Email,"Email is recommended with 81.6% predicted likelihood because the HCP has shown strong historical email responsiveness and recent representative interaction, which positively influence predicted email engagement."
HCP0602,40.09,49.61,47.71,Low,0.1868,0.8206,0.2386,0.731,Website,"Website is recommended with 82.1% predicted likelihood because the HCP has shown consistent website content browsing and recent email engagement, which positively influence predicted website engagement."
HCP0603,78.34,70.79,72.3,High,0.8117,0.8966,0.4683,0.5089,Website,"Website is recommended with 89.7% predicted likelihood because the HCP has shown consistent website content browsing and consistent email open activity, which positively influence predicted website engagement."
HCP0604,52.69,76.04,71.37,High,0.8991,0.8355,0.5073,0.693,Email,"Email is recommended with 89.9% predicted likelihood because the HCP has shown recent email engagement and strong historical email responsiveness, which positively influence predicted email engagement."
HCP0605,38.65,51.42,48.87,Low,0.5488,0.6584,0.1945,0.5658,Website,"Website is recommended with 65.8% predicted likelihood because the HCP has shown high overall cross-channel activity and recent medical conference attendance, which positively influence predicted website engagement."
HCP0606,45.13,67.49,63.02,High,0.8583,0.8549,0.2362,0.5683,Email,"Email is recommended with 85.8% predicted likelihood because the HCP has shown strong historical email responsiveness and high email open responsiveness, which positively influence predicted email engagement."
HCP0607,54.43,66.47,64.06,High,0.631,0.7715,0.581,0.6389,Website,"Website is recommended with 77.1% predicted likelihood because the HCP has shown high overall cross-channel activity and recent medical conference attendance, which positively influence predicted website engagement."
HCP0608,37.24,39.27,38.86,Low,0.622,0.306,0.2394,0.3319,Email,"Email is recommended with 62.2% predicted likelihood because the HCP has shown high email open responsiveness and recent representative interaction, which positively influence predicted email engagement."
HCP0609,64.83,72.67,71.1,High,0.8721,0.909,0.3482,0.6136,Website,"Website is recommended with 90.9% predicted likelihood because the HCP has shown consistent website content browsing and sustained webinar watch duration, which positively influence predicted website engagement."
HCP0610,55.64,74.17,70.46,High,0.8325,0.8552,0.4154,0.7615,Website,"Website is recommended with 85.5% predicted likelihood because the HCP has shown consistent website content browsing and active downloading of clinical PDF resources, which positively influence predicted website engagement."
HCP0611,65.37,72.58,71.14,High,0.8499,0.8878,0.2825,0.7401,Website,"Website is recommended with 88.8% predicted likelihood because the HCP has shown consistent website content browsing and strong historical email responsiveness, which positively influence predicted website engagement."
HCP0612,42.62,62.13,58.23,Medium,0.451,0.8213,0.5068,0.6912,Website,"Website is recommended with 82.1% predicted likelihood because the HCP has shown consistent website content browsing and active downloading of clinical PDF resources, which positively influence predicted website engagement."
HCP0613,58.7,64.17,63.07,High,0.8211,0.7607,0.1458,0.6897,Email,"Email is recommended with 82.1% predicted likelihood because the HCP has shown strong historical email responsiveness and active downloading of clinical PDF resources, which positively influence predicted email engagement."
HCP0614,47.03,64.58,61.07,Medium,0.8775,0.7022,0.1764,0.683,Email,"Email is recommended with 87.8% predicted likelihood because the HCP has shown recent email engagement and sustained webinar watch duration, which positively influence predicted email engagement."
HCP0615,40.82,71.4,65.28,High,0.8874,0.8229,0.4306,0.5738,Email,"Email is recommended with 88.7% predicted likelihood because the HCP has shown recent email engagement and strong historical email responsiveness, which positively influence predicted email engagement."
HCP0616,36.79,53.77,50.38,Low,0.7608,0.6419,0.129,0.4557,Email,"Email is recommended with 76.1% predicted likelihood because the HCP has shown recent email engagement and strong historical email responsiveness, which positively influence predicted email engagement."
HCP0617,35.77,67.07,60.81,Medium,0.6601,0.8652,0.4872,0.5782,Website,"Website is recommended with 86.5% predicted likelihood because the HCP has shown consistent website content browsing and high overall cross-channel activity, which positively influence predicted website engagement."
HCP0618,22.86,46.71,41.94,Low,0.2544,0.6215,0.3918,0.6296,Veeva,"Veeva is recommended with 63.0% predicted likelihood because the HCP has shown frequent representative touchpoints and high visit completion rate, which positively influence predicted veeva engagement."
HCP0619,50.04,56.85,55.48,Medium,0.2151,0.8729,0.529,0.6812,Website,"Website is recommended with 87.3% predicted likelihood because the HCP has shown consistent website content browsing and recent medical conference attendance, which positively influence predicted website engagement."
HCP0620,59.76,71.26,68.96,High,0.7878,0.8423,0.4873,0.6305,Website,"Website is recommended with 84.2% predicted likelihood because the HCP has shown consistent website content browsing and recent email engagement, which positively influence predicted website engagement."
HCP0621,27.77,38.41,36.28,Low,0.1026,0.7568,0.129,0.5025,Website,"Website is recommended with 75.7% predicted likelihood because the HCP has shown consistent website content browsing and high overall cross-channel activity, which positively influence predicted website engagement."
HCP0622,26.41,37.22,35.05,Low,0.1217,0.5717,0.1291,0.6915,Veeva,"Veeva is recommended with 69.2% predicted likelihood because the HCP has shown frequent representative touchpoints and high visit completion rate, which positively influence predicted veeva engagement."
HCP0623,62.2,69.47,68.02,High,0.8818,0.8805,0.2388,0.5911,Email,"Email is recommended with 88.2% predicted likelihood because the HCP has shown recent email engagement and strong historical email responsiveness, which positively influence predicted email engagement."
HCP0624,13.52,38.72,33.68,Low,0.1997,0.4133,0.3596,0.6568,Veeva,"Veeva is recommended with 65.7% predicted likelihood because the HCP has shown completed field representative visits and high visit completion rate, which positively influence predicted veeva engagement."
HCP0625,23.12,55.02,48.64,Low,0.6559,0.6722,0.1442,0.6147,Website,"Website is recommended with 67.2% predicted likelihood because the HCP has shown active downloading of clinical PDF resources and high overall cross-channel activity, which positively influence predicted website engagement."
HCP0626,49.3,66.0,62.66,High,0.7296,0.849,0.2404,0.6914,Website,"Website is recommended with 84.9% predicted likelihood because the HCP has shown consistent website content browsing and recent medical conference attendance, which positively influence predicted website engagement."
HCP0627,42.5,55.75,53.1,Medium,0.792,0.4688,0.251,0.6454,Email,"Email is recommended with 79.2% predicted likelihood because the HCP has shown recent email engagement and sustained webinar watch duration, which positively influence predicted email engagement."
HCP0628,49.0,60.7,58.36,Medium,0.8479,0.6807,0.1297,0.6122,Email,"Email is recommended with 84.8% predicted likelihood because the HCP has shown recent email engagement and strong historical email responsiveness, which positively influence predicted email engagement."
HCP0629,32.07,56.07,51.27,Medium,0.5093,0.8676,0.3576,0.3802,Website,"Website is recommended with 86.8% predicted likelihood because the HCP has shown consistent website content browsing and high overall cross-channel activity, which positively influence predicted website engagement."
HCP0630,36.41,63.72,58.26,Medium,0.7275,0.8714,0.4015,0.3859,Website,"Website is recommended with 87.1% predicted likelihood because the HCP has shown consistent website content browsing and strong historical email responsiveness, which positively influence predicted website engagement."
HCP0631,51.53,63.07,60.76,Medium,0.7951,0.7921,0.2851,0.4873,Email,"Email is recommended with 79.5% predicted likelihood because the HCP has shown recent medical conference attendance and high email open responsiveness, which positively influence predicted email engagement."
HCP0632,35.67,56.39,52.25,Medium,0.8007,0.4624,0.2626,0.6624,Email,"Email is recommended with 80.1% predicted likelihood because the HCP has shown strong historical email responsiveness and high overall cross-channel activity, which positively influence predicted email engagement."
HCP0633,81.1,71.34,73.3,High,0.8941,0.8685,0.258,0.6653,Email,"Email is recommended with 89.4% predicted likelihood because the HCP has shown recent email engagement and strong historical email responsiveness, which positively influence predicted email engagement."
HCP0634,40.49,59.25,55.5,Medium,0.6321,0.8454,0.132,0.6144,Website,"Website is recommended with 84.5% predicted likelihood because the HCP has shown consistent website content browsing and active downloading of clinical PDF resources, which positively influence predicted website engagement."
HCP0635,63.91,66.41,65.91,High,0.8642,0.8167,0.2249,0.5741,Email,"Email is recommended with 86.4% predicted likelihood because the HCP has shown recent email engagement and consistent website content browsing, which positively influence predicted email engagement."
HCP0636,47.27,73.24,68.04,High,0.8766,0.6928,0.6143,0.6933,Email,"Email is recommended with 87.7% predicted likelihood because the HCP has shown strong historical email responsiveness and recent representative interaction, which positively influence predicted email engagement."
HCP0637,50.39,60.94,58.83,Medium,0.6826,0.8707,0.129,0.5883,Website,"Website is recommended with 87.1% predicted likelihood because the HCP has shown consistent website content browsing and frequent clinical article views, which positively influence predicted website engagement."
HCP0638,55.15,59.12,58.32,Medium,0.7871,0.7767,0.2372,0.3729,Email,"Email is recommended with 78.7% predicted likelihood because the HCP has shown recent email engagement and strong historical email responsiveness, which positively influence predicted email engagement."
HCP0639,38.91,55.44,52.13,Medium,0.8448,0.3958,0.2646,0.6466,Email,"Email is recommended with 84.5% predicted likelihood because the HCP has shown strong historical email responsiveness and active engagement with email links, which positively influence predicted email engagement."
HCP0640,64.24,62.53,62.87,High,0.735,0.8552,0.1324,0.6089,Website,"Website is recommended with 85.5% predicted likelihood because the HCP has shown consistent website content browsing and recent portal navigation, which positively influence predicted website engagement."
HCP0641,54.4,48.75,49.88,Low,0.3554,0.7224,0.1574,0.6634,Website,"Website is recommended with 72.2% predicted likelihood because the HCP has shown consistent email open activity and recent portal navigation, which positively influence predicted website engagement."
HCP0642,43.44,65.75,61.28,Medium,0.7768,0.771,0.4449,0.5208,Email,"Email is recommended with 77.7% predicted likelihood because the HCP has shown recent representative interaction and frequent representative touchpoints, which positively influence predicted email engagement."
HCP0643,34.16,54.88,50.74,Low,0.5095,0.7569,0.4126,0.432,Website,"Website is recommended with 75.7% predicted likelihood because the HCP has shown consistent website content browsing and high overall cross-channel activity, which positively influence predicted website engagement."
HCP0644,55.14,71.59,68.3,High,0.8393,0.8539,0.4419,0.5979,Website,"Website is recommended with 85.4% predicted likelihood because the HCP has shown consistent website content browsing and active downloading of clinical PDF resources, which positively influence predicted website engagement."
HCP0645,23.82,59.55,52.4,Medium,0.8073,0.6628,0.1322,0.64,Email,"Email is recommended with 80.7% predicted likelihood because the HCP has shown high overall cross-channel activity and active engagement with email links, which positively influence predicted email engagement."
HCP0646,22.3,60.01,52.46,Medium,0.745,0.6106,0.4359,0.5309,Email,"Email is recommended with 74.5% predicted likelihood because the HCP has shown active engagement with email links and high overall cross-channel activity, which positively influence predicted email engagement."
HCP0647,39.64,45.17,44.07,Low,0.3355,0.6549,0.1323,0.6408,Website,"Website is recommended with 65.5% predicted likelihood because the HCP has shown consistent website content browsing and high overall cross-channel activity, which positively influence predicted website engagement."
HCP0648,37.35,47.67,45.61,Low,0.5645,0.4323,0.2828,0.6055,Veeva,"Veeva is recommended with 60.6% predicted likelihood because the HCP has shown frequent representative touchpoints and completed field representative visits, which positively influence predicted veeva engagement."
HCP0649,22.63,27.23,26.31,Low,0.1057,0.495,0.1291,0.3314,Website,"Website is recommended with 49.5% predicted likelihood because the HCP has shown active downloading of clinical PDF resources and high overall cross-channel activity, which positively influence predicted website engagement."
HCP0650,74.95,70.66,71.52,High,0.8939,0.9116,0.1569,0.6676,Website,"Website is recommended with 91.2% predicted likelihood because the HCP has shown consistent website content browsing and strong historical email responsiveness, which positively influence predicted website engagement."
HCP0651,66.74,66.31,66.4,High,0.8506,0.8789,0.1917,0.5297,Website,"Website is recommended with 87.9% predicted likelihood because the HCP has shown consistent website content browsing and recent portal navigation, which positively influence predicted website engagement."
HCP0652,33.45,55.13,50.79,Low,0.6318,0.6622,0.1312,0.6842,Veeva,"Veeva is recommended with 68.4% predicted likelihood because the HCP has shown frequent representative touchpoints and high webinar participation consistency, which positively influence predicted veeva engagement."
HCP0653,81.64,63.76,67.34,High,0.854,0.8789,0.1788,0.41,Website,"Website is recommended with 87.9% predicted likelihood because the HCP has shown consistent website content browsing and strong historical email responsiveness, which positively influence predicted website engagement."
HCP0654,73.64,64.15,66.05,High,0.8745,0.8762,0.2175,0.3641,Website,"Website is recommended with 87.6% predicted likelihood because the HCP has shown consistent website content browsing and strong historical email responsiveness, which positively influence predicted website engagement."
HCP0655,50.44,66.99,63.68,High,0.8354,0.8525,0.508,0.3096,Website,"Website is recommended with 85.2% predicted likelihood because the HCP has shown consistent website content browsing and recent medical conference attendance, which positively influence predicted website engagement."
HCP0656,20.12,29.52,27.64,Low,0.2978,0.3504,0.178,0.3256,Website,"Website is recommended with 35.0% predicted likelihood because the HCP has shown high overall cross-channel activity and active downloading of clinical PDF resources, which positively influence predicted website engagement."
HCP0657,37.34,58.08,53.93,Medium,0.7861,0.6401,0.1325,0.632,Email,"Email is recommended with 78.6% predicted likelihood because the HCP has shown strong historical email responsiveness and active downloading of clinical PDF resources, which positively influence predicted email engagement."
HCP0658,39.26,47.85,46.13,Low,0.6947,0.3861,0.4531,0.318,Email,"Email is recommended with 69.5% predicted likelihood because the HCP has shown strong historical email responsiveness and recent email engagement, which positively influence predicted email engagement."
HCP0659,57.97,66.14,64.5,High,0.7641,0.8171,0.2445,0.6906,Website,"Website is recommended with 81.7% predicted likelihood because the HCP has shown consistent website content browsing and active downloading of clinical PDF resources, which positively influence predicted website engagement."
HCP0660,30.21,48.93,45.19,Low,0.6752,0.4809,0.1504,0.5621,Email,"Email is recommended with 67.5% predicted likelihood because the HCP has shown active engagement with email links and frequent representative touchpoints, which positively influence predicted email engagement."
HCP0661,34.1,41.39,39.93,Low,0.2707,0.564,0.1324,0.6851,Veeva,"Veeva is recommended with 68.5% predicted likelihood because the HCP has shown frequent representative touchpoints and recent email engagement, which positively influence predicted veeva engagement."
HCP0662,55.84,70.68,67.71,High,0.8966,0.8534,0.2791,0.6301,Email,"Email is recommended with 89.7% predicted likelihood because the HCP has shown recent email engagement and strong historical email responsiveness, which positively influence predicted email engagement."
HCP0663,43.24,65.07,60.7,Medium,0.6368,0.8689,0.3729,0.622,Website,"Website is recommended with 86.9% predicted likelihood because the HCP has shown consistent website content browsing and active downloading of clinical PDF resources, which positively influence predicted website engagement."
HCP0664,35.74,64.65,58.87,Medium,0.7954,0.6572,0.2775,0.7759,Email,"Email is recommended with 79.5% predicted likelihood because the HCP has shown strong historical email responsiveness and consistent email open activity, which positively influence predicted email engagement."
HCP0665,49.65,70.15,66.05,High,0.8932,0.6744,0.5073,0.6489,Email,"Email is recommended with 89.3% predicted likelihood because the HCP has shown recent email engagement and strong historical email responsiveness, which positively influence predicted email engagement."
HCP0666,39.33,67.54,61.9,Medium,0.825,0.7985,0.2789,0.6631,Email,"Email is recommended with 82.5% predicted likelihood because the HCP has shown strong historical email responsiveness and active engagement with email links, which positively influence predicted email engagement."
HCP0667,32.42,61.47,55.66,Medium,0.7069,0.7594,0.5005,0.3734,Website,"Website is recommended with 75.9% predicted likelihood because the HCP has shown consistent website content browsing and high overall cross-channel activity, which positively influence predicted website engagement."
HCP0668,24.16,55.76,49.44,Low,0.6915,0.588,0.1289,0.7397,Veeva,"Veeva is recommended with 74.0% predicted likelihood because the HCP has shown high visit completion rate and completed field representative visits, which positively influence predicted veeva engagement."
HCP0669,36.31,44.73,43.05,Low,0.8008,0.1585,0.1744,0.6233,Email,"Email is recommended with 80.1% predicted likelihood because the HCP has shown recent email engagement and active engagement with email links, which positively influence predicted email engagement."
HCP0670,50.43,55.26,54.3,Medium,0.5442,0.5514,0.4745,0.6452,Veeva,"Veeva is recommended with 64.5% predicted likelihood because the HCP has shown frequent representative touchpoints and recent medical conference attendance, which positively influence predicted veeva engagement."
HCP0671,55.0,65.52,63.41,High,0.878,0.7767,0.129,0.6648,Email,"Email is recommended with 87.8% predicted likelihood because the HCP has shown recent email engagement and strong historical email responsiveness, which positively influence predicted email engagement."
HCP0672,44.06,71.15,65.73,High,0.8731,0.8372,0.5161,0.4757,Email,"Email is recommended with 87.3% predicted likelihood because the HCP has shown strong historical email responsiveness and active downloading of clinical PDF resources, which positively influence predicted email engagement."
HCP0673,34.41,59.7,54.64,Medium,0.6408,0.7783,0.4156,0.4405,Website,"Website is recommended with 77.8% predicted likelihood because the HCP has shown consistent website content browsing and high overall cross-channel activity, which positively influence predicted website engagement."
HCP0674,30.41,58.72,53.06,Medium,0.8035,0.7308,0.129,0.5056,Email,"Email is recommended with 80.3% predicted likelihood because the HCP has shown active engagement with email links and strong historical email responsiveness, which positively influence predicted email engagement."
HCP0675,43.66,54.75,52.54,Medium,0.8428,0.5015,0.2598,0.4614,Email,"Email is recommended with 84.3% predicted likelihood because the HCP has shown active engagement with email links and recent medical conference attendance, which positively influence predicted email engagement."
HCP0676,63.32,73.94,71.81,High,0.8672,0.868,0.5223,0.5717,Website,"Website is recommended with 86.8% predicted likelihood because the HCP has shown consistent website content browsing and strong historical email responsiveness, which positively influence predicted website engagement."
HCP0677,33.91,24.08,26.05,Low,0.1783,0.3035,0.1468,0.3346,Veeva,"Veeva is recommended with 33.5% predicted likelihood because the HCP has shown recent email engagement and recent representative interaction, which positively influence predicted veeva engagement."
HCP0678,83.71,68.69,71.7,High,0.8766,0.8915,0.4134,0.3689,Website,"Website is recommended with 89.2% predicted likelihood because the HCP has shown consistent website content browsing and strong historical email responsiveness, which positively influence predicted website engagement."
HCP0679,57.44,57.81,57.73,Medium,0.677,0.8447,0.1409,0.4668,Website,"Website is recommended with 84.5% predicted likelihood because the HCP has shown consistent website content browsing and full views of educational video content, which positively influence predicted website engagement."
HCP0680,57.51,66.18,64.45,High,0.8301,0.8272,0.2106,0.6125,Email,"Email is recommended with 83.0% predicted likelihood because the HCP has shown strong historical email responsiveness and sustained webinar watch duration, which positively influence predicted email engagement."
HCP0681,44.09,64.5,60.41,Medium,0.7702,0.8696,0.2404,0.5247,Website,"Website is recommended with 87.0% predicted likelihood because the HCP has shown consistent website content browsing and active downloading of clinical PDF resources, which positively influence predicted website engagement."
HCP0682,19.29,43.23,38.44,Low,0.7159,0.2199,0.1748,0.5831,Email,"Email is recommended with 71.6% predicted likelihood because the HCP has shown recent email engagement and high overall cross-channel activity, which positively influence predicted email engagement."
HCP0683,68.42,64.46,65.25,High,0.5717,0.8352,0.4197,0.6927,Website,"Website is recommended with 83.5% predicted likelihood because the HCP has shown consistent website content browsing and active engagement with email links, which positively influence predicted website engagement."
HCP0684,22.08,39.12,35.71,Low,0.5727,0.379,0.1321,0.3962,Email,"Email is recommended with 57.3% predicted likelihood because the HCP has shown active engagement with email links and high email open responsiveness, which positively influence predicted email engagement."
HCP0685,12.04,39.98,34.39,Low,0.2927,0.4215,0.4045,0.5232,Veeva,"Veeva is recommended with 52.3% predicted likelihood because the HCP has shown completed field representative visits and recent representative interaction, which positively influence predicted veeva engagement."
HCP0686,20.61,65.36,56.41,Medium,0.8183,0.505,0.5967,0.6862,Email,"Email is recommended with 81.8% predicted likelihood because the HCP has shown recent email engagement and frequent clinical article views, which positively influence predicted email engagement."
HCP0687,66.85,74.62,73.06,High,0.8449,0.8939,0.3724,0.7504,Website,"Website is recommended with 89.4% predicted likelihood because the HCP has shown consistent website content browsing and sustained webinar watch duration, which positively influence predicted website engagement."
HCP0688,42.51,67.24,62.29,Medium,0.817,0.83,0.5429,0.3485,Website,"Website is recommended with 83.0% predicted likelihood because the HCP has shown consistent website content browsing and active downloading of clinical PDF resources, which positively influence predicted website engagement."
HCP0689,56.5,69.27,66.71,High,0.8574,0.886,0.1301,0.7181,Website,"Website is recommended with 88.6% predicted likelihood because the HCP has shown consistent website content browsing and strong historical email responsiveness, which positively influence predicted website engagement."
HCP0690,27.29,33.05,31.9,Low,0.4317,0.211,0.129,0.5593,Veeva,"Veeva is recommended with 55.9% predicted likelihood because the HCP has shown frequent representative touchpoints and high webinar participation consistency, which positively influence predicted veeva engagement."
HCP0691,44.55,54.61,52.6,Medium,0.799,0.3778,0.283,0.6824,Email,"Email is recommended with 79.9% predicted likelihood because the HCP has shown strong historical email responsiveness and active engagement with email links, which positively influence predicted email engagement."
HCP0692,57.69,60.22,59.71,Medium,0.6164,0.8445,0.4671,0.3524,Website,"Website is recommended with 84.5% predicted likelihood because the HCP has shown consistent website content browsing and recent portal navigation, which positively influence predicted website engagement."
HCP0693,49.93,60.76,58.59,Medium,0.8258,0.7262,0.4256,0.2844,Email,"Email is recommended with 82.6% predicted likelihood because the HCP has shown recent medical conference attendance and recent representative interaction, which positively influence predicted email engagement."
HCP0694,41.48,61.93,57.84,Medium,0.6929,0.8488,0.129,0.6549,Website,"Website is recommended with 84.9% predicted likelihood because the HCP has shown consistent website content browsing and frequent clinical article views, which positively influence predicted website engagement."
HCP0695,46.74,69.44,64.9,High,0.8645,0.9081,0.1932,0.62,Website,"Website is recommended with 90.8% predicted likelihood because the HCP has shown consistent website content browsing and sustained webinar watch duration, which positively influence predicted website engagement."
HCP0696,44.66,62.4,58.85,Medium,0.4015,0.8509,0.6596,0.5816,Website,"Website is recommended with 85.1% predicted likelihood because the HCP has shown consistent website content browsing and high overall cross-channel activity, which positively influence predicted website engagement."
HCP0697,21.36,38.13,34.78,Low,0.6351,0.1641,0.129,0.5788,Email,"Email is recommended with 63.5% predicted likelihood because the HCP has shown active engagement with email links and consistent email open activity, which positively influence predicted email engagement."
HCP0698,25.98,35.6,33.67,Low,0.2104,0.5086,0.1325,0.5689,Veeva,"Veeva is recommended with 56.9% predicted likelihood because the HCP has shown frequent representative touchpoints and recent representative interaction, which positively influence predicted veeva engagement."
HCP0699,51.83,61.24,59.36,Medium,0.5766,0.8476,0.2377,0.6883,Website,"Website is recommended with 84.8% predicted likelihood because the HCP has shown consistent website content browsing and recent medical conference attendance, which positively influence predicted website engagement."
HCP0700,39.24,57.67,53.98,Medium,0.8048,0.664,0.3483,0.3319,Email,"Email is recommended with 80.5% predicted likelihood because the HCP has shown strong historical email responsiveness and recent representative interaction, which positively influence predicted email engagement."
HCP0701,35.9,55.03,51.2,Medium,0.5829,0.654,0.4172,0.479,Website,"Website is recommended with 65.4% predicted likelihood because the HCP has shown strong historical email responsiveness and recent medical conference attendance, which positively influence predicted website engagement."
HCP0702,66.44,66.44,66.44,High,0.6363,0.9172,0.2722,0.7194,Website,"Website is recommended with 91.7% predicted likelihood because the HCP has shown consistent website content browsing and recent portal navigation, which positively influence predicted website engagement."
HCP0703,48.2,45.07,45.7,Low,0.1377,0.8124,0.2164,0.6122,Website,"Website is recommended with 81.2% predicted likelihood because the HCP has shown active downloading of clinical PDF resources and frequent clinical article views, which positively influence predicted website engagement."
HCP0704,56.76,67.25,65.15,High,0.848,0.7565,0.5045,0.4511,Email,"Email is recommended with 84.8% predicted likelihood because the HCP has shown strong historical email responsiveness and active downloading of clinical PDF resources, which positively influence predicted email engagement."
HCP0705,58.97,62.96,62.16,Medium,0.8267,0.7237,0.2945,0.5279,Email,"Email is recommended with 82.7% predicted likelihood because the HCP has shown recent email engagement and active engagement with email links, which positively influence predicted email engagement."
HCP0706,39.7,39.79,39.78,Low,0.5008,0.3835,0.1904,0.473,Email,"Email is recommended with 50.1% predicted likelihood because the HCP has shown recent email engagement and active engagement with email links, which positively influence predicted email engagement."
HCP0707,56.23,66.96,64.81,High,0.7629,0.8504,0.2421,0.6858,Website,"Website is recommended with 85.0% predicted likelihood because the HCP has shown consistent website content browsing and strong historical email responsiveness, which positively influence predicted website engagement."
HCP0708,55.39,53.33,53.74,Medium,0.7926,0.5884,0.2421,0.353,Email,"Email is recommended with 79.3% predicted likelihood because the HCP has shown strong historical email responsiveness and active downloading of clinical PDF resources, which positively influence predicted email engagement."
HCP0709,25.36,43.83,40.13,Low,0.4445,0.398,0.2591,0.6686,Veeva,"Veeva is recommended with 66.9% predicted likelihood because the HCP has shown high visit completion rate and completed field representative visits, which positively influence predicted veeva engagement."
HCP0710,46.55,57.03,54.93,Medium,0.7665,0.486,0.4226,0.5498,Email,"Email is recommended with 76.7% predicted likelihood because the HCP has shown strong historical email responsiveness and recent representative interaction, which positively influence predicted email engagement."
HCP0711,40.79,41.54,41.39,Low,0.2358,0.4886,0.3435,0.6471,Veeva,"Veeva is recommended with 64.7% predicted likelihood because the HCP has shown frequent representative touchpoints and recent email engagement, which positively influence predicted veeva engagement."
HCP0712,19.28,42.09,37.53,Low,0.411,0.7091,0.129,0.2953,Website,"Website is recommended with 70.9% predicted likelihood because the HCP has shown high overall cross-channel activity and active downloading of clinical PDF resources, which positively influence predicted website engagement."
HCP0713,52.84,51.81,52.01,Medium,0.753,0.4065,0.1752,0.6757,Email,"Email is recommended with 75.3% predicted likelihood because the HCP has shown strong historical email responsiveness and active downloading of clinical PDF resources, which positively influence predicted email engagement."
HCP0714,22.32,31.12,29.36,Low,0.1013,0.398,0.129,0.6777,Veeva,"Veeva is recommended with 67.8% predicted likelihood because the HCP has shown frequent representative touchpoints and high visit completion rate, which positively influence predicted veeva engagement."
HCP0715,33.39,62.11,56.37,Medium,0.7418,0.5154,0.5824,0.6376,Email,"Email is recommended with 74.2% predicted likelihood because the HCP has shown recent portal navigation and strong historical webinar presence, which positively influence predicted email engagement."
HCP0716,27.35,48.98,44.65,Low,0.206,0.7131,0.552,0.5183,Website,"Website is recommended with 71.3% predicted likelihood because the HCP has shown active downloading of clinical PDF resources and recent email engagement, which positively influence predicted website engagement."
HCP0717,48.53,58.33,56.37,Medium,0.4873,0.8227,0.4256,0.5258,Website,"Website is recommended with 82.3% predicted likelihood because the HCP has shown consistent website content browsing and recent email engagement, which positively influence predicted website engagement."
HCP0718,35.54,72.1,64.79,High,0.7277,0.8294,0.6008,0.6686,Website,"Website is recommended with 82.9% predicted likelihood because the HCP has shown high overall cross-channel activity and active downloading of clinical PDF resources, which positively influence predicted website engagement."
HCP0719,26.0,39.04,36.43,Low,0.1632,0.2991,0.5128,0.7457,Veeva,"Veeva is recommended with 74.6% predicted likelihood because the HCP has shown high visit completion rate and completed field representative visits, which positively influence predicted veeva engagement."
HCP0720,66.6,66.21,66.29,High,0.8091,0.8466,0.162,0.6648,Website,"Website is recommended with 84.7% predicted likelihood because the HCP has shown consistent website content browsing and strong historical email responsiveness, which positively influence predicted website engagement."
HCP0721,51.02,51.01,51.01,Low,0.7666,0.4417,0.2385,0.4995,Email,"Email is recommended with 76.7% predicted likelihood because the HCP has shown strong historical email responsiveness and active downloading of clinical PDF resources, which positively influence predicted email engagement."
HCP0722,36.92,48.58,46.25,Low,0.844,0.2997,0.129,0.5844,Email,"Email is recommended with 84.4% predicted likelihood because the HCP has shown strong historical email responsiveness and recent representative interaction, which positively influence predicted email engagement."
HCP0723,69.49,66.83,67.36,High,0.8125,0.4496,0.7337,0.7146,Email,"Email is recommended with 81.2% predicted likelihood because the HCP has shown recent email engagement and strong historical email responsiveness, which positively influence predicted email engagement."
HCP0724,39.92,61.78,57.41,Medium,0.7855,0.7389,0.1493,0.6531,Email,"Email is recommended with 78.6% predicted likelihood because the HCP has shown recent representative interaction and frequent representative touchpoints, which positively influence predicted email engagement."
HCP0725,45.06,63.89,60.12,Medium,0.5673,0.876,0.3429,0.6867,Website,"Website is recommended with 87.6% predicted likelihood because the HCP has shown consistent website content browsing and recent medical conference attendance, which positively influence predicted website engagement."
HCP0726,68.84,67.92,68.11,High,0.7809,0.9027,0.3006,0.5701,Website,"Website is recommended with 90.3% predicted likelihood because the HCP has shown consistent website content browsing and recent portal navigation, which positively influence predicted website engagement."
HCP0727,34.38,42.44,40.83,Low,0.3552,0.7637,0.1442,0.2996,Website,"Website is recommended with 76.4% predicted likelihood because the HCP has shown consistent website content browsing and high overall cross-channel activity, which positively influence predicted website engagement."
HCP0728,66.65,69.81,69.17,High,0.8625,0.8385,0.3893,0.5496,Email,"Email is recommended with 86.2% predicted likelihood because the HCP has shown recent email engagement and strong historical email responsiveness, which positively influence predicted email engagement."
HCP0729,17.48,45.77,40.11,Low,0.4516,0.6168,0.3944,0.2916,Website,"Website is recommended with 61.7% predicted likelihood because the HCP has shown active downloading of clinical PDF resources and high overall cross-channel activity, which positively influence predicted website engagement."
HCP0730,63.1,63.38,63.32,High,0.8125,0.8137,0.349,0.3805,Website,"Website is recommended with 81.4% predicted likelihood because the HCP has shown consistent website content browsing and active downloading of clinical PDF resources, which positively influence predicted website engagement."
HCP0731,44.58,56.01,53.72,Medium,0.7074,0.3909,0.4905,0.6625,Email,"Email is recommended with 70.7% predicted likelihood because the HCP has shown active engagement with email links and high email open responsiveness, which positively influence predicted email engagement."
HCP0732,24.55,40.37,37.21,Low,0.2186,0.6736,0.1582,0.5222,Website,"Website is recommended with 67.4% predicted likelihood because the HCP has shown active downloading of clinical PDF resources and high overall cross-channel activity, which positively influence predicted website engagement."
HCP0733,75.97,60.98,63.97,High,0.6161,0.9072,0.1729,0.5909,Website,"Website is recommended with 90.7% predicted likelihood because the HCP has shown consistent website content browsing and sustained webinar watch duration, which positively influence predicted website engagement."
HCP0734,38.02,57.93,53.95,Medium,0.4708,0.808,0.5259,0.4524,Website,"Website is recommended with 80.8% predicted likelihood because the HCP has shown consistent website content browsing and active downloading of clinical PDF resources, which positively influence predicted website engagement."
HCP0735,39.57,64.76,59.72,Medium,0.6705,0.696,0.4877,0.7004,Veeva,"Veeva is recommended with 70.0% predicted likelihood because the HCP has shown completed field representative visits and high visit completion rate, which positively influence predicted veeva engagement."
HCP0736,27.61,40.62,38.02,Low,0.3449,0.6788,0.1301,0.3655,Website,"Website is recommended with 67.9% predicted likelihood because the HCP has shown active downloading of clinical PDF resources and high overall cross-channel activity, which positively influence predicted website engagement."
HCP0737,51.66,59.03,57.56,Medium,0.8368,0.6129,0.2805,0.4964,Email,"Email is recommended with 83.7% predicted likelihood because the HCP has shown strong historical email responsiveness and recent representative interaction, which positively influence predicted email engagement."
HCP0738,19.12,60.68,52.37,Medium,0.6663,0.7947,0.1325,0.7101,Website,"Website is recommended with 79.5% predicted likelihood because the HCP has shown active downloading of clinical PDF resources and high overall cross-channel activity, which positively influence predicted website engagement."
HCP0739,49.72,53.47,52.72,Medium,0.7477,0.436,0.2384,0.6597,Email,"Email is recommended with 74.8% predicted likelihood because the HCP has shown recent representative interaction and frequent representative touchpoints, which positively influence predicted email engagement."
HCP0740,58.24,61.43,60.79,Medium,0.7724,0.872,0.1682,0.4364,Website,"Website is recommended with 87.2% predicted likelihood because the HCP has shown consistent website content browsing and full views of educational video content, which positively influence predicted website engagement."
HCP0741,53.97,59.23,58.18,Medium,0.421,0.864,0.4154,0.6187,Website,"Website is recommended with 86.4% predicted likelihood because the HCP has shown consistent website content browsing and active downloading of clinical PDF resources, which positively influence predicted website engagement."
HCP0742,55.39,70.19,67.23,High,0.7957,0.857,0.3253,0.7054,Website,"Website is recommended with 85.7% predicted likelihood because the HCP has shown consistent website content browsing and sustained webinar watch duration, which positively influence predicted website engagement."
HCP0743,29.41,40.03,37.91,Low,0.5594,0.3809,0.1319,0.4591,Email,"Email is recommended with 55.9% predicted likelihood because the HCP has shown recent email engagement and active engagement with email links, which positively influence predicted email engagement."
HCP0744,29.2,48.17,44.37,Low,0.341,0.6151,0.4971,0.477,Website,"Website is recommended with 61.5% predicted likelihood because the HCP has shown high overall cross-channel activity and frequent clinical article views, which positively influence predicted website engagement."
HCP0745,20.26,29.46,27.62,Low,0.1006,0.278,0.4256,0.4793,Veeva,"Veeva is recommended with 47.9% predicted likelihood because the HCP has shown frequent representative touchpoints and recent email engagement, which positively influence predicted veeva engagement."
HCP0746,57.48,74.3,70.94,High,0.7631,0.8916,0.6188,0.6143,Website,"Website is recommended with 89.2% predicted likelihood because the HCP has shown consistent website content browsing and strong historical email responsiveness, which positively influence predicted website engagement."
HCP0747,52.46,41.04,43.33,Low,0.733,0.3318,0.1364,0.3186,Email,"Email is recommended with 73.3% predicted likelihood because the HCP has shown recent email engagement and recent medical conference attendance, which positively influence predicted email engagement."
HCP0748,66.69,74.19,72.69,High,0.8005,0.8695,0.4955,0.7089,Website,"Website is recommended with 86.9% predicted likelihood because the HCP has shown consistent website content browsing and active engagement with email links, which positively influence predicted website engagement."
HCP0749,40.41,69.96,64.05,High,0.8195,0.8303,0.5107,0.5124,Website,"Website is recommended with 83.0% predicted likelihood because the HCP has shown consistent website content browsing and high overall cross-channel activity, which positively influence predicted website engagement."
HCP0750,58.57,66.58,64.98,High,0.8963,0.7381,0.216,0.6613,Email,"Email is recommended with 89.6% predicted likelihood because the HCP has shown recent email engagement and strong historical email responsiveness, which positively influence predicted email engagement."
HCP0751,87.1,73.25,76.02,High,0.8834,0.8607,0.4268,0.6197,Email,"Email is recommended with 88.3% predicted likelihood because the HCP has shown strong historical email responsiveness and active downloading of clinical PDF resources, which positively influence predicted email engagement."
HCP0752,41.12,37.97,38.6,Low,0.3584,0.3849,0.4279,0.3558,Webinar,"Webinar is recommended with 42.8% predicted likelihood because the HCP has shown high webinar participation consistency and recent event attendance, which positively influence predicted webinar engagement."
HCP0753,49.58,58.74,56.91,Medium,0.6761,0.7524,0.1665,0.6276,Website,"Website is recommended with 75.2% predicted likelihood because the HCP has shown consistent website content browsing and recent medical conference attendance, which positively influence predicted website engagement."
HCP0754,45.13,60.15,57.14,Medium,0.6818,0.8372,0.1518,0.577,Website,"Website is recommended with 83.7% predicted likelihood because the HCP has shown consistent website content browsing and active downloading of clinical PDF resources, which positively influence predicted website engagement."
HCP0755,45.27,43.98,44.23,Low,0.4815,0.5892,0.1758,0.417,Website,"Website is recommended with 58.9% predicted likelihood because the HCP has shown active downloading of clinical PDF resources and high overall cross-channel activity, which positively influence predicted website engagement."
HCP0756,45.94,60.09,57.26,Medium,0.7773,0.593,0.2755,0.6736,Email,"Email is recommended with 77.7% predicted likelihood because the HCP has shown active engagement with email links and high email open responsiveness, which positively influence predicted email engagement."
HCP0757,60.24,66.62,65.34,High,0.8042,0.871,0.129,0.6891,Website,"Website is recommended with 87.1% predicted likelihood because the HCP has shown consistent website content browsing and recent medical conference attendance, which positively influence predicted website engagement."
HCP0758,61.25,49.1,51.53,Medium,0.2749,0.7694,0.3367,0.552,Website,"Website is recommended with 76.9% predicted likelihood because the HCP has shown frequent clinical article views and recent representative interaction, which positively influence predicted website engagement."
HCP0759,41.82,51.46,49.53,Low,0.7453,0.6202,0.1739,0.3509,Email,"Email is recommended with 74.5% predicted likelihood because the HCP has shown strong historical email responsiveness and high email open responsiveness, which positively influence predicted email engagement."
HCP0760,47.71,44.36,45.03,Low,0.1982,0.7942,0.1335,0.596,Website,"Website is recommended with 79.4% predicted likelihood because the HCP has shown consistent website content browsing and recent medical conference attendance, which positively influence predicted website engagement."
HCP0761,58.88,70.7,68.33,High,0.8557,0.7999,0.3508,0.7007,Email,"Email is recommended with 85.6% predicted likelihood because the HCP has shown strong historical email responsiveness and high email open responsiveness, which positively influence predicted email engagement."
HCP0762,32.27,50.7,47.02,Low,0.6326,0.5777,0.2194,0.5002,Email,"Email is recommended with 63.3% predicted likelihood because the HCP has shown active engagement with email links and high overall cross-channel activity, which positively influence predicted email engagement."
HCP0763,37.53,70.43,63.85,High,0.8357,0.6908,0.5561,0.6756,Email,"Email is recommended with 83.6% predicted likelihood because the HCP has shown recent email engagement and strong historical email responsiveness, which positively influence predicted email engagement."
HCP0764,62.3,58.31,59.11,Medium,0.7761,0.4318,0.4217,0.682,Email,"Email is recommended with 77.6% predicted likelihood because the HCP has shown strong historical email responsiveness and recent medical conference attendance, which positively influence predicted email engagement."
HCP0765,49.82,63.41,60.7,Medium,0.8349,0.8434,0.3532,0.3,Website,"Website is recommended with 84.3% predicted likelihood because the HCP has shown consistent website content browsing and active downloading of clinical PDF resources, which positively influence predicted website engagement."
HCP0766,44.92,68.53,63.8,High,0.7044,0.8853,0.5612,0.4805,Website,"Website is recommended with 88.5% predicted likelihood because the HCP has shown consistent website content browsing and strong historical email responsiveness, which positively influence predicted website engagement."
HCP0767,60.25,66.34,65.13,High,0.8764,0.8398,0.2564,0.4866,Email,"Email is recommended with 87.6% predicted likelihood because the HCP has shown strong historical email responsiveness and active downloading of clinical PDF resources, which positively influence predicted email engagement."
HCP0768,56.93,64.41,62.92,High,0.7022,0.8991,0.174,0.6447,Website,"Website is recommended with 89.9% predicted likelihood because the HCP has shown consistent website content browsing and active downloading of clinical PDF resources, which positively influence predicted website engagement."
HCP0769,52.15,67.57,64.48,High,0.6719,0.8485,0.4831,0.6147,Website,"Website is recommended with 84.9% predicted likelihood because the HCP has shown consistent website content browsing and active engagement with email links, which positively influence predicted website engagement."
HCP0770,42.38,53.44,51.23,Medium,0.7154,0.5434,0.1781,0.6059,Email,"Email is recommended with 71.5% predicted likelihood because the HCP has shown active engagement with email links and high email open responsiveness, which positively influence predicted email engagement."
HCP0771,64.42,48.02,51.3,Medium,0.2795,0.8003,0.3353,0.4463,Website,"Website is recommended with 80.0% predicted likelihood because the HCP has shown consistent website content browsing and sustained webinar watch duration, which positively influence predicted website engagement."
HCP0772,60.78,68.32,66.81,High,0.8856,0.7171,0.5475,0.4646,Email,"Email is recommended with 88.6% predicted likelihood because the HCP has shown strong historical email responsiveness and active downloading of clinical PDF resources, which positively influence predicted email engagement."
HCP0773,33.89,30.69,31.33,Low,0.3286,0.1625,0.2361,0.562,Veeva,"Veeva is recommended with 56.2% predicted likelihood because the HCP has shown high webinar participation consistency and high visit completion rate, which positively influence predicted veeva engagement."
HCP0774,37.03,54.27,50.82,Low,0.7219,0.6378,0.3624,0.3115,Email,"Email is recommended with 72.2% predicted likelihood because the HCP has shown active engagement with email links and recent representative interaction, which positively influence predicted email engagement."
HCP0775,10.61,38.29,32.76,Low,0.4543,0.416,0.3429,0.2663,Email,"Email is recommended with 45.4% predicted likelihood because the HCP has shown high overall cross-channel activity and active engagement with email links, which positively influence predicted email engagement."
HCP0776,29.83,53.01,48.38,Low,0.4205,0.726,0.2593,0.6717,Website,"Website is recommended with 72.6% predicted likelihood because the HCP has shown consistent website content browsing and high overall cross-channel activity, which positively influence predicted website engagement."
HCP0777,38.24,48.35,46.33,Low,0.6721,0.4267,0.2631,0.506,Email,"Email is recommended with 67.2% predicted likelihood because the HCP has shown strong historical email responsiveness and high overall cross-channel activity, which positively influence predicted email engagement."
HCP0778,73.84,65.43,67.11,High,0.8897,0.9015,0.2351,0.3493,Website,"Website is recommended with 90.2% predicted likelihood because the HCP has shown consistent website content browsing and strong historical email responsiveness, which positively influence predicted website engagement."
HCP0779,36.95,39.28,38.82,Low,0.6305,0.2274,0.1725,0.5049,Email,"Email is recommended with 63.0% predicted likelihood because the HCP has shown active engagement with email links and high email open responsiveness, which positively influence predicted email engagement."
HCP0780,43.11,47.9,46.94,Low,0.361,0.6994,0.3042,0.5001,Website,"Website is recommended with 69.9% predicted likelihood because the HCP has shown active downloading of clinical PDF resources and recent email engagement, which positively influence predicted website engagement."
HCP0781,55.06,68.79,66.04,High,0.8077,0.8517,0.3028,0.6474,Website,"Website is recommended with 85.2% predicted likelihood because the HCP has shown consistent website content browsing and high overall cross-channel activity, which positively influence predicted website engagement."
HCP0782,34.34,37.56,36.91,Low,0.3507,0.4631,0.132,0.5252,Veeva,"Veeva is recommended with 52.5% predicted likelihood because the HCP has shown frequent representative touchpoints and high webinar participation consistency, which positively influence predicted veeva engagement."
HCP0783,48.56,54.44,53.26,Medium,0.509,0.7811,0.1442,0.6425,Website,"Website is recommended with 78.1% predicted likelihood because the HCP has shown consistent website content browsing and recent medical conference attendance, which positively influence predicted website engagement."
HCP0784,15.98,48.11,41.68,Low,0.6272,0.4845,0.1321,0.6059,Email,"Email is recommended with 62.7% predicted likelihood because the HCP has shown high overall cross-channel activity and active engagement with email links, which positively influence predicted email engagement."
HCP0785,60.39,72.9,70.4,High,0.8757,0.9084,0.2356,0.7336,Website,"Website is recommended with 90.8% predicted likelihood because the HCP has shown consistent website content browsing and strong historical email responsiveness, which positively influence predicted website engagement."
HCP0786,19.78,45.28,40.18,Low,0.3603,0.5529,0.129,0.7654,Veeva,"Veeva is recommended with 76.5% predicted likelihood because the HCP has shown frequent representative touchpoints and high visit completion rate, which positively influence predicted veeva engagement."
HCP0787,40.46,64.81,59.94,Medium,0.8244,0.8409,0.129,0.6138,Website,"Website is recommended with 84.1% predicted likelihood because the HCP has shown consistent website content browsing and high overall cross-channel activity, which positively influence predicted website engagement."
HCP0788,78.83,68.02,70.18,High,0.8038,0.7905,0.338,0.6715,Email,"Email is recommended with 80.4% predicted likelihood because the HCP has shown recent email engagement and active downloading of clinical PDF resources, which positively influence predicted email engagement."
HCP0789,60.78,66.0,64.95,High,0.8847,0.9146,0.1448,0.4561,Website,"Website is recommended with 91.5% predicted likelihood because the HCP has shown consistent website content browsing and strong historical email responsiveness, which positively influence predicted website engagement."
HCP0790,40.51,43.42,42.84,Low,0.2083,0.7257,0.1331,0.637,Website,"Website is recommended with 72.6% predicted likelihood because the HCP has shown consistent website content browsing and high overall cross-channel activity, which positively influence predicted website engagement."
HCP0791,37.83,44.06,42.82,Low,0.2674,0.6462,0.1456,0.6873,Veeva,"Veeva is recommended with 68.7% predicted likelihood because the HCP has shown frequent representative touchpoints and completed field representative visits, which positively influence predicted veeva engagement."
HCP0792,24.16,59.78,52.66,Medium,0.6577,0.4739,0.5498,0.7418,Veeva,"Veeva is recommended with 74.2% predicted likelihood because the HCP has shown frequent representative touchpoints and completed field representative visits, which positively influence predicted veeva engagement."
HCP0793,49.25,56.9,55.37,Medium,0.8772,0.562,0.2342,0.452,Email,"Email is recommended with 87.7% predicted likelihood because the HCP has shown recent email engagement and strong historical email responsiveness, which positively influence predicted email engagement."
HCP0794,35.37,61.76,56.48,Medium,0.8332,0.6289,0.1453,0.7493,Email,"Email is recommended with 83.3% predicted likelihood because the HCP has shown strong historical email responsiveness and recent email engagement, which positively influence predicted email engagement."
HCP0795,34.29,40.86,39.54,Low,0.1898,0.5697,0.1747,0.7289,Veeva,"Veeva is recommended with 72.9% predicted likelihood because the HCP has shown frequent representative touchpoints and high visit completion rate, which positively influence predicted veeva engagement."
HCP0796,8.29,20.81,18.31,Low,0.1001,0.3317,0.129,0.2638,Website,"Website is recommended with 33.2% predicted likelihood because the HCP has shown high overall cross-channel activity and active downloading of clinical PDF resources, which positively influence predicted website engagement."
HCP0797,62.99,74.55,72.24,High,0.8963,0.7631,0.5253,0.7132,Email,"Email is recommended with 89.6% predicted likelihood because the HCP has shown recent email engagement and strong historical email responsiveness, which positively influence predicted email engagement."
HCP0798,34.14,49.19,46.18,Low,0.352,0.7547,0.3429,0.4568,Website,"Website is recommended with 75.5% predicted likelihood because the HCP has shown high overall cross-channel activity and consistent website content browsing, which positively influence predicted website engagement."
HCP0799,45.23,61.35,58.12,Medium,0.6537,0.8341,0.129,0.7067,Website,"Website is recommended with 83.4% predicted likelihood because the HCP has shown consistent website content browsing and high overall cross-channel activity, which positively influence predicted website engagement."
HCP0800,46.45,54.32,52.75,Medium,0.7229,0.7668,0.1325,0.3492,Website,"Website is recommended with 76.7% predicted likelihood because the HCP has shown recent medical conference attendance and strong historical email responsiveness, which positively influence predicted website engagement."
HCP0801,35.74,54.64,50.86,Low,0.6649,0.6195,0.4088,0.3965,Email,"Email is recommended with 66.5% predicted likelihood because the HCP has shown active downloading of clinical PDF resources and recent representative interaction, which positively influence predicted email engagement."
HCP0802,27.69,40.56,37.99,Low,0.2401,0.565,0.1775,0.6429,Veeva,"Veeva is recommended with 64.3% predicted likelihood because the HCP has shown frequent representative touchpoints and strong historical email responsiveness, which positively influence predicted veeva engagement."
HCP0803,65.97,69.33,68.66,High,0.7955,0.848,0.529,0.4726,Website,"Website is recommended with 84.8% predicted likelihood because the HCP has shown consistent website content browsing and recent medical conference attendance, which positively influence predicted website engagement."
HCP0804,43.01,62.65,58.72,Medium,0.8407,0.5259,0.3119,0.7708,Email,"Email is recommended with 84.1% predicted likelihood because the HCP has shown strong historical email responsiveness and high email open responsiveness, which positively influence predicted email engagement."
HCP0805,38.37,55.32,51.93,Medium,0.6927,0.6402,0.1719,0.5945,Email,"Email is recommended with 69.3% predicted likelihood because the HCP has shown recent email engagement and active engagement with email links, which positively influence predicted email engagement."
HCP0806,60.69,61.73,61.52,Medium,0.7023,0.7851,0.1645,0.6907,Website,"Website is recommended with 78.5% predicted likelihood because the HCP has shown consistent website content browsing and sustained webinar watch duration, which positively influence predicted website engagement."
HCP0807,43.81,47.5,46.77,Low,0.3117,0.8005,0.2848,0.4221,Website,"Website is recommended with 80.0% predicted likelihood because the HCP has shown consistent website content browsing and high overall cross-channel activity, which positively influence predicted website engagement."
HCP0808,48.39,69.6,65.35,High,0.8169,0.8859,0.4069,0.5187,Website,"Website is recommended with 88.6% predicted likelihood because the HCP has shown consistent website content browsing and active downloading of clinical PDF resources, which positively influence predicted website engagement."
HCP0809,55.69,59.84,59.01,Medium,0.8245,0.5809,0.2,0.6842,Email,"Email is recommended with 82.4% predicted likelihood because the HCP has shown recent email engagement and active engagement with email links, which positively influence predicted email engagement."
HCP0810,32.73,41.79,39.98,Low,0.1831,0.4922,0.5073,0.5693,Veeva,"Veeva is recommended with 56.9% predicted likelihood because the HCP has shown frequent representative touchpoints and high webinar participation consistency, which positively influence predicted veeva engagement."
HCP0811,43.97,68.6,63.67,High,0.8713,0.7706,0.2372,0.7298,Email,"Email is recommended with 87.1% predicted likelihood because the HCP has shown strong historical email responsiveness and active downloading of clinical PDF resources, which positively influence predicted email engagement."
HCP0812,32.13,35.86,35.11,Low,0.2867,0.3623,0.1606,0.6589,Veeva,"Veeva is recommended with 65.9% predicted likelihood because the HCP has shown high visit completion rate and completed field representative visits, which positively influence predicted veeva engagement."
HCP0813,57.56,70.35,67.79,High,0.7045,0.8336,0.6232,0.5872,Website,"Website is recommended with 83.4% predicted likelihood because the HCP has shown consistent website content browsing and active downloading of clinical PDF resources, which positively influence predicted website engagement."
HCP0814,48.12,59.98,57.61,Medium,0.8623,0.481,0.3048,0.6791,Email,"Email is recommended with 86.2% predicted likelihood because the HCP has shown strong historical email responsiveness and recent representative interaction, which positively influence predicted email engagement."
HCP0815,61.65,57.27,58.15,Medium,0.8093,0.5209,0.1759,0.6922,Email,"Email is recommended with 80.9% predicted likelihood because the HCP has shown strong historical email responsiveness and active downloading of clinical PDF resources, which positively influence predicted email engagement."
HCP0816,48.45,73.33,68.35,High,0.8705,0.7812,0.4477,0.741,Email,"Email is recommended with 87.1% predicted likelihood because the HCP has shown recent email engagement and strong historical email responsiveness, which positively influence predicted email engagement."
HCP0817,13.27,43.44,37.41,Low,0.2308,0.4185,0.5139,0.6842,Veeva,"Veeva is recommended with 68.4% predicted likelihood because the HCP has shown completed field representative visits and high visit completion rate, which positively influence predicted veeva engagement."
HCP0818,43.94,63.76,59.8,Medium,0.7362,0.7757,0.3849,0.5353,Website,"Website is recommended with 77.6% predicted likelihood because the HCP has shown active downloading of clinical PDF resources and high overall cross-channel activity, which positively influence predicted website engagement."
HCP0819,61.37,65.29,64.51,High,0.8513,0.7885,0.1292,0.6757,Email,"Email is recommended with 85.1% predicted likelihood because the HCP has shown recent email engagement and consistent website content browsing, which positively influence predicted email engagement."
HCP0820,42.93,63.29,59.22,Medium,0.8786,0.6497,0.212,0.6599,Email,"Email is recommended with 87.9% predicted likelihood because the HCP has shown recent email engagement and strong historical email responsiveness, which positively influence predicted email engagement."
HCP0821,56.18,64.38,62.74,High,0.7202,0.8647,0.1346,0.707,Website,"Website is recommended with 86.5% predicted likelihood because the HCP has shown consistent website content browsing and sustained webinar watch duration, which positively influence predicted website engagement."
HCP0822,43.04,54.09,51.88,Medium,0.3665,0.8632,0.1438,0.716,Website,"Website is recommended with 86.3% predicted likelihood because the HCP has shown consistent website content browsing and active downloading of clinical PDF resources, which positively influence predicted website engagement."
HCP0823,39.85,65.27,60.19,Medium,0.8251,0.801,0.5076,0.3167,Email,"Email is recommended with 82.5% predicted likelihood because the HCP has shown recent email engagement and strong historical email responsiveness, which positively influence predicted email engagement."
HCP0824,42.5,32.92,34.84,Low,0.4335,0.277,0.2163,0.3638,Email,"Email is recommended with 43.4% predicted likelihood because the HCP has shown recent representative interaction and recent portal navigation, which positively influence predicted email engagement."
HCP0825,60.47,64.76,63.9,High,0.8014,0.7995,0.2604,0.5761,Email,"Email is recommended with 80.1% predicted likelihood because the HCP has shown active downloading of clinical PDF resources and active engagement with email links, which positively influence predicted email engagement."
HCP0826,45.19,41.71,42.41,Low,0.2717,0.5939,0.3391,0.4481,Website,"Website is recommended with 59.4% predicted likelihood because the HCP has shown frequent clinical article views and active downloading of clinical PDF resources, which positively influence predicted website engagement."
HCP0827,29.68,38.06,36.38,Low,0.6365,0.313,0.1325,0.3462,Email,"Email is recommended with 63.7% predicted likelihood because the HCP has shown recent email engagement and active engagement with email links, which positively influence predicted email engagement."
HCP0828,55.6,53.91,54.25,Medium,0.8781,0.1794,0.4449,0.6644,Email,"Email is recommended with 87.8% predicted likelihood because the HCP has shown recent email engagement and strong historical email responsiveness, which positively influence predicted email engagement."
HCP0829,57.19,52.5,53.44,Medium,0.8424,0.3887,0.4737,0.3047,Email,"Email is recommended with 84.2% predicted likelihood because the HCP has shown recent email engagement and recent medical conference attendance, which positively influence predicted email engagement."
HCP0830,68.86,50.02,53.79,Medium,0.3269,0.8364,0.2762,0.4798,Website,"Website is recommended with 83.6% predicted likelihood because the HCP has shown consistent website content browsing and sustained webinar watch duration, which positively influence predicted website engagement."
HCP0831,41.35,74.36,67.76,High,0.8762,0.8726,0.5703,0.5244,Email,"Email is recommended with 87.6% predicted likelihood because the HCP has shown strong historical email responsiveness and active downloading of clinical PDF resources, which positively influence predicted email engagement."
HCP0832,48.99,67.46,63.76,High,0.7238,0.854,0.3988,0.6074,Website,"Website is recommended with 85.4% predicted likelihood because the HCP has shown consistent website content browsing and active downloading of clinical PDF resources, which positively influence predicted website engagement."
HCP0833,41.94,35.34,36.66,Low,0.3584,0.4456,0.1914,0.3697,Website,"Website is recommended with 44.6% predicted likelihood because the HCP has shown recent medical conference attendance and recent representative interaction, which positively influence predicted website engagement."
HCP0834,48.49,66.24,62.69,High,0.746,0.8519,0.5048,0.4104,Website,"Website is recommended with 85.2% predicted likelihood because the HCP has shown consistent website content browsing and recent medical conference attendance, which positively influence predicted website engagement."
HCP0835,77.74,66.05,68.39,High,0.7517,0.8748,0.1329,0.7298,Website,"Website is recommended with 87.5% predicted likelihood because the HCP has shown consistent website content browsing and strong historical email responsiveness, which positively influence predicted website engagement."
HCP0836,32.18,46.72,43.82,Low,0.7128,0.1727,0.3786,0.6294,Email,"Email is recommended with 71.3% predicted likelihood because the HCP has shown recent portal navigation and high overall cross-channel activity, which positively influence predicted email engagement."
HCP0837,44.35,60.14,56.98,Medium,0.6552,0.7657,0.24,0.6357,Website,"Website is recommended with 76.6% predicted likelihood because the HCP has shown consistent website content browsing and recent medical conference attendance, which positively influence predicted website engagement."
HCP0838,56.59,61.4,60.44,Medium,0.823,0.5144,0.6998,0.364,Email,"Email is recommended with 82.3% predicted likelihood because the HCP has shown recent email engagement and recent representative interaction, which positively influence predicted email engagement."
HCP0839,44.41,68.38,63.59,High,0.7361,0.8657,0.4522,0.564,Website,"Website is recommended with 86.6% predicted likelihood because the HCP has shown consistent website content browsing and strong historical email responsiveness, which positively influence predicted website engagement."
HCP0840,55.88,71.76,68.59,High,0.7365,0.8859,0.4567,0.6978,Website,"Website is recommended with 88.6% predicted likelihood because the HCP has shown consistent website content browsing and recent portal navigation, which positively influence predicted website engagement."
HCP0841,43.5,45.62,45.2,Low,0.6097,0.3282,0.236,0.6385,Veeva,"Veeva is recommended with 63.8% predicted likelihood because the HCP has shown frequent representative touchpoints and high visit completion rate, which positively influence predicted veeva engagement."
HCP0842,67.15,72.43,71.37,High,0.8679,0.8406,0.4759,0.5826,Email,"Email is recommended with 86.8% predicted likelihood because the HCP has shown recent email engagement and strong historical email responsiveness, which positively influence predicted email engagement."
HCP0843,37.69,42.78,41.76,Low,0.2485,0.593,0.2457,0.6308,Veeva,"Veeva is recommended with 63.1% predicted likelihood because the HCP has shown high visit completion rate and completed field representative visits, which positively influence predicted veeva engagement."
HCP0844,74.02,66.58,68.07,High,0.8967,0.8405,0.3188,0.4044,Email,"Email is recommended with 89.7% predicted likelihood because the HCP has shown recent email engagement and strong historical email responsiveness, which positively influence predicted email engagement."
HCP0845,17.81,41.45,36.72,Low,0.1167,0.6349,0.5165,0.4283,Website,"Website is recommended with 63.5% predicted likelihood because the HCP has shown recent medical conference attendance and high overall cross-channel activity, which positively influence predicted website engagement."
HCP0846,45.05,68.0,63.41,High,0.7646,0.7313,0.5915,0.5647,Email,"Email is recommended with 76.5% predicted likelihood because the HCP has shown high email open responsiveness and recent medical conference attendance, which positively influence predicted email engagement."
HCP0847,23.38,24.08,23.94,Low,0.1116,0.1723,0.129,0.6492,Veeva,"Veeva is recommended with 64.9% predicted likelihood because the HCP has shown frequent representative touchpoints and high webinar participation consistency, which positively influence predicted veeva engagement."
HCP0848,18.49,33.3,30.34,Low,0.205,0.3754,0.4037,0.3909,Webinar,"Webinar is recommended with 40.4% predicted likelihood because the HCP has shown high webinar participation consistency and sustained webinar watch duration, which positively influence predicted webinar engagement."
HCP0849,47.86,61.1,58.45,Medium,0.8785,0.5344,0.5288,0.4067,Email,"Email is recommended with 87.9% predicted likelihood because the HCP has shown recent email engagement and strong historical email responsiveness, which positively influence predicted email engagement."
HCP0850,53.85,75.42,71.1,High,0.8693,0.8402,0.5945,0.6122,Email,"Email is recommended with 86.9% predicted likelihood because the HCP has shown recent email engagement and strong historical email responsiveness, which positively influence predicted email engagement."
HCP0851,83.58,71.81,74.16,High,0.8918,0.8653,0.3429,0.6118,Email,"Email is recommended with 89.2% predicted likelihood because the HCP has shown recent email engagement and strong historical email responsiveness, which positively influence predicted email engagement."
HCP0852,61.38,67.49,66.27,High,0.8123,0.8714,0.2803,0.5684,Website,"Website is recommended with 87.1% predicted likelihood because the HCP has shown consistent website content browsing and strong historical email responsiveness, which positively influence predicted website engagement."
HCP0853,46.46,57.83,55.56,Medium,0.6701,0.6046,0.5274,0.452,Email,"Email is recommended with 67.0% predicted likelihood because the HCP has shown active downloading of clinical PDF resources and frequent clinical article views, which positively influence predicted email engagement."
HCP0854,77.15,81.32,80.49,High,0.8875,0.9132,0.6227,0.7424,Website,"Website is recommended with 91.3% predicted likelihood because the HCP has shown consistent website content browsing and strong historical email responsiveness, which positively influence predicted website engagement."
HCP0855,53.85,47.57,48.83,Low,0.8778,0.2868,0.1321,0.4997,Email,"Email is recommended with 87.8% predicted likelihood because the HCP has shown strong historical email responsiveness and recent representative interaction, which positively influence predicted email engagement."
HCP0856,46.09,47.43,47.16,Low,0.3252,0.449,0.5409,0.6691,Veeva,"Veeva is recommended with 66.9% predicted likelihood because the HCP has shown frequent representative touchpoints and high webinar participation consistency, which positively influence predicted veeva engagement."
HCP0857,62.41,48.73,51.46,Medium,0.2368,0.8313,0.1764,0.6579,Website,"Website is recommended with 83.1% predicted likelihood because the HCP has shown consistent website content browsing and full views of educational video content, which positively influence predicted website engagement."
HCP0858,51.55,45.48,46.7,Low,0.1766,0.8544,0.1324,0.5952,Website,"Website is recommended with 85.4% predicted likelihood because the HCP has shown consistent website content browsing and recent medical conference attendance, which positively influence predicted website engagement."
HCP0859,62.87,54.35,56.05,Medium,0.2016,0.8539,0.4511,0.6832,Website,"Website is recommended with 85.4% predicted likelihood because the HCP has shown consistent website content browsing and sustained webinar watch duration, which positively influence predicted website engagement."
HCP0860,58.06,66.53,64.83,High,0.6724,0.8644,0.2924,0.7286,Website,"Website is recommended with 86.4% predicted likelihood because the HCP has shown consistent website content browsing and high email open responsiveness, which positively influence predicted website engagement."
HCP0861,32.4,56.93,52.03,Medium,0.7792,0.397,0.3302,0.7522,Email,"Email is recommended with 77.9% predicted likelihood because the HCP has shown active engagement with email links and high overall cross-channel activity, which positively influence predicted email engagement."
HCP0862,58.15,53.64,54.54,Medium,0.6887,0.818,0.1325,0.2893,Website,"Website is recommended with 81.8% predicted likelihood because the HCP has shown consistent website content browsing and sustained webinar watch duration, which positively influence predicted website engagement."
HCP0863,56.67,67.16,65.07,High,0.7121,0.8944,0.4689,0.4795,Website,"Website is recommended with 89.4% predicted likelihood because the HCP has shown consistent website content browsing and active engagement with email links, which positively influence predicted website engagement."
HCP0864,23.5,59.04,51.93,Medium,0.6141,0.5569,0.5049,0.6904,Veeva,"Veeva is recommended with 69.0% predicted likelihood because the HCP has shown frequent representative touchpoints and completed field representative visits, which positively influence predicted veeva engagement."
HCP0865,43.3,73.0,67.06,High,0.8754,0.7691,0.5308,0.6525,Email,"Email is recommended with 87.5% predicted likelihood because the HCP has shown recent email engagement and strong historical email responsiveness, which positively influence predicted email engagement."
HCP0866,61.54,70.34,68.58,High,0.8957,0.8665,0.4474,0.4265,Email,"Email is recommended with 89.6% predicted likelihood because the HCP has shown recent email engagement and strong historical email responsiveness, which positively influence predicted email engagement."
HCP0867,45.67,63.65,60.05,Medium,0.7563,0.8547,0.1522,0.6137,Website,"Website is recommended with 85.5% predicted likelihood because the HCP has shown recent medical conference attendance and active engagement with email links, which positively influence predicted website engagement."
HCP0868,47.14,54.09,52.7,Medium,0.4733,0.7304,0.2667,0.6323,Website,"Website is recommended with 73.0% predicted likelihood because the HCP has shown consistent website content browsing and active downloading of clinical PDF resources, which positively influence predicted website engagement."
HCP0869,64.29,62.47,62.84,High,0.7257,0.8769,0.1571,0.5627,Website,"Website is recommended with 87.7% predicted likelihood because the HCP has shown consistent website content browsing and active downloading of clinical PDF resources, which positively influence predicted website engagement."
HCP0870,49.65,67.09,63.6,High,0.8818,0.8205,0.2386,0.5625,Email,"Email is recommended with 88.2% predicted likelihood because the HCP has shown strong historical email responsiveness and active downloading of clinical PDF resources, which positively influence predicted email engagement."
HCP0871,42.21,47.31,46.29,Low,0.2361,0.5184,0.5369,0.6969,Veeva,"Veeva is recommended with 69.7% predicted likelihood because the HCP has shown frequent representative touchpoints and high visit completion rate, which positively influence predicted veeva engagement."
HCP0872,48.86,43.7,44.73,Low,0.2042,0.804,0.2401,0.4327,Website,"Website is recommended with 80.4% predicted likelihood because the HCP has shown active downloading of clinical PDF resources and consistent website content browsing, which positively influence predicted website engagement."
HCP0873,62.22,69.2,67.8,High,0.8242,0.8467,0.2772,0.6762,Website,"Website is recommended with 84.7% predicted likelihood because the HCP has shown consistent website content browsing and strong historical email responsiveness, which positively influence predicted website engagement."
HCP0874,30.1,48.45,44.78,Low,0.2279,0.7904,0.503,0.3918,Website,"Website is recommended with 79.0% predicted likelihood because the HCP has shown consistent website content browsing and high overall cross-channel activity, which positively influence predicted website engagement."
HCP0875,58.22,71.9,69.16,High,0.8879,0.8329,0.2617,0.7521,Email,"Email is recommended with 88.8% predicted likelihood because the HCP has shown strong historical email responsiveness and active downloading of clinical PDF resources, which positively influence predicted email engagement."
HCP0876,22.94,49.26,43.99,Low,0.438,0.5312,0.5104,0.4987,Website,"Website is recommended with 53.1% predicted likelihood because the HCP has shown high overall cross-channel activity and active downloading of clinical PDF resources, which positively influence predicted website engagement."
HCP0877,81.48,70.3,72.53,High,0.8491,0.7788,0.3806,0.6925,Email,"Email is recommended with 84.9% predicted likelihood because the HCP has shown strong historical email responsiveness and active downloading of clinical PDF resources, which positively influence predicted email engagement."
HCP0878,39.52,61.13,56.8,Medium,0.8429,0.5701,0.4995,0.4374,Email,"Email is recommended with 84.3% predicted likelihood because the HCP has shown strong historical email responsiveness and high email open responsiveness, which positively influence predicted email engagement."
HCP0879,69.74,66.8,67.39,High,0.8891,0.8767,0.2416,0.4495,Email,"Email is recommended with 88.9% predicted likelihood because the HCP has shown strong historical email responsiveness and consistent website content browsing, which positively influence predicted email engagement."
HCP0880,56.17,60.66,59.76,Medium,0.7922,0.7362,0.2175,0.5231,Email,"Email is recommended with 79.2% predicted likelihood because the HCP has shown strong historical email responsiveness and active downloading of clinical PDF resources, which positively influence predicted email engagement."
HCP0881,57.38,63.03,61.9,Medium,0.8188,0.841,0.1334,0.5283,Website,"Website is recommended with 84.1% predicted likelihood because the HCP has shown consistent website content browsing and strong historical email responsiveness, which positively influence predicted website engagement."
HCP0882,36.39,41.28,40.3,Low,0.3987,0.4653,0.4015,0.3665,Website,"Website is recommended with 46.5% predicted likelihood because the HCP has shown high overall cross-channel activity and active downloading of clinical PDF resources, which positively influence predicted website engagement."
HCP0883,61.85,68.37,67.07,High,0.8652,0.823,0.1922,0.6942,Email,"Email is recommended with 86.5% predicted likelihood because the HCP has shown strong historical email responsiveness and consistent website content browsing, which positively influence predicted email engagement."
HCP0884,17.14,55.37,47.72,Low,0.6419,0.446,0.5208,0.6158,Email,"Email is recommended with 64.2% predicted likelihood because the HCP has shown high overall cross-channel activity and active engagement with email links, which positively influence predicted email engagement."
HCP0885,50.54,59.86,58.0,Medium,0.8024,0.5566,0.2451,0.7096,Email,"Email is recommended with 80.2% predicted likelihood because the HCP has shown high email open responsiveness and recent representative interaction, which positively influence predicted email engagement."
HCP0886,55.03,60.14,59.12,Medium,0.7996,0.5665,0.2477,0.7103,Email,"Email is recommended with 80.0% predicted likelihood because the HCP has shown strong historical email responsiveness and recent medical conference attendance, which positively influence predicted email engagement."
HCP0887,20.73,56.17,49.08,Low,0.7726,0.37,0.401,0.6935,Email,"Email is recommended with 77.3% predicted likelihood because the HCP has shown active engagement with email links and high email open responsiveness, which positively influence predicted email engagement."
HCP0888,50.23,78.96,73.22,High,0.8851,0.8869,0.5439,0.7463,Website,"Website is recommended with 88.7% predicted likelihood because the HCP has shown consistent website content browsing and strong historical email responsiveness, which positively influence predicted website engagement."
HCP0889,35.03,46.02,43.82,Low,0.4752,0.4595,0.1877,0.7112,Veeva,"Veeva is recommended with 71.1% predicted likelihood because the HCP has shown high visit completion rate and completed field representative visits, which positively influence predicted veeva engagement."
HCP0890,50.09,67.77,64.24,High,0.6512,0.8826,0.4315,0.6564,Website,"Website is recommended with 88.3% predicted likelihood because the HCP has shown consistent website content browsing and high overall cross-channel activity, which positively influence predicted website engagement."
HCP0891,56.41,56.84,56.75,Medium,0.7678,0.8368,0.129,0.306,Website,"Website is recommended with 83.7% predicted likelihood because the HCP has shown consistent website content browsing and recent medical conference attendance, which positively influence predicted website engagement."
HCP0892,39.69,54.22,51.32,Medium,0.673,0.6026,0.4333,0.3646,Email,"Email is recommended with 67.3% predicted likelihood because the HCP has shown active engagement with email links and high email open responsiveness, which positively influence predicted email engagement."
HCP0893,44.31,64.66,60.59,Medium,0.6727,0.7673,0.4351,0.638,Website,"Website is recommended with 76.7% predicted likelihood because the HCP has shown active downloading of clinical PDF resources and strong historical email responsiveness, which positively influence predicted website engagement."
HCP0894,22.58,34.05,31.76,Low,0.2715,0.0924,0.5311,0.6257,Veeva,"Veeva is recommended with 62.6% predicted likelihood because the HCP has shown frequent representative touchpoints and recent representative interaction, which positively influence predicted veeva engagement."
HCP0895,39.91,50.55,48.42,Low,0.2977,0.7133,0.4067,0.6041,Website,"Website is recommended with 71.3% predicted likelihood because the HCP has shown active downloading of clinical PDF resources and recent email engagement, which positively influence predicted website engagement."
HCP0896,38.33,45.65,44.18,Low,0.1997,0.7977,0.1682,0.6182,Website,"Website is recommended with 79.8% predicted likelihood because the HCP has shown consistent website content browsing and high overall cross-channel activity, which positively influence predicted website engagement."
HCP0897,35.1,56.41,52.15,Medium,0.7439,0.4331,0.3491,0.7061,Email,"Email is recommended with 74.4% predicted likelihood because the HCP has shown high email open responsiveness and frequent representative touchpoints, which positively influence predicted email engagement."
HCP0898,59.58,73.69,70.87,High,0.8725,0.9001,0.2985,0.7271,Website,"Website is recommended with 90.0% predicted likelihood because the HCP has shown consistent website content browsing and active engagement with email links, which positively influence predicted website engagement."
HCP0899,56.09,65.7,63.78,High,0.7492,0.7096,0.4045,0.6922,Email,"Email is recommended with 74.9% predicted likelihood because the HCP has shown strong historical email responsiveness and consistent email open activity, which positively influence predicted email engagement."
HCP0900,56.48,66.27,64.31,High,0.7842,0.8528,0.1824,0.6757,Website,"Website is recommended with 85.3% predicted likelihood because the HCP has shown consistent website content browsing and frequent clinical article views, which positively influence predicted website engagement."
HCP0901,72.78,69.36,70.04,High,0.8761,0.8904,0.2342,0.584,Website,"Website is recommended with 89.0% predicted likelihood because the HCP has shown consistent website content browsing and sustained webinar watch duration, which positively influence predicted website engagement."
HCP0902,58.87,74.07,71.03,High,0.834,0.8964,0.4765,0.6315,Website,"Website is recommended with 89.6% predicted likelihood because the HCP has shown consistent website content browsing and active engagement with email links, which positively influence predicted website engagement."
HCP0903,67.65,59.87,61.42,Medium,0.4763,0.8632,0.4406,0.5435,Website,"Website is recommended with 86.3% predicted likelihood because the HCP has shown consistent website content browsing and frequent clinical article views, which positively influence predicted website engagement."
HCP0904,31.42,59.5,53.88,Medium,0.6064,0.811,0.1753,0.6734,Website,"Website is recommended with 81.1% predicted likelihood because the HCP has shown consistent website content browsing and high overall cross-channel activity, which positively influence predicted website engagement."
HCP0905,57.97,75.89,72.31,High,0.8711,0.8948,0.4163,0.7294,Website,"Website is recommended with 89.5% predicted likelihood because the HCP has shown consistent website content browsing and sustained webinar watch duration, which positively influence predicted website engagement."
HCP0906,39.37,58.22,54.45,Medium,0.5535,0.8523,0.13,0.6724,Website,"Website is recommended with 85.2% predicted likelihood because the HCP has shown consistent website content browsing and active downloading of clinical PDF resources, which positively influence predicted website engagement."
HCP0907,18.28,40.61,36.14,Low,0.6595,0.0995,0.4971,0.3948,Email,"Email is recommended with 66.0% predicted likelihood because the HCP has shown recent email engagement and active engagement with email links, which positively influence predicted email engagement."
HCP0908,17.22,53.81,46.5,Low,0.2211,0.7574,0.4831,0.7398,Website,"Website is recommended with 75.7% predicted likelihood because the HCP has shown consistent website content browsing and high overall cross-channel activity, which positively influence predicted website engagement."
HCP0909,46.47,58.8,56.33,Medium,0.8686,0.5149,0.1366,0.728,Email,"Email is recommended with 86.9% predicted likelihood because the HCP has shown strong historical email responsiveness and recent medical conference attendance, which positively influence predicted email engagement."
HCP0910,30.51,56.78,51.53,Medium,0.8113,0.7389,0.1333,0.3804,Email,"Email is recommended with 81.1% predicted likelihood because the HCP has shown strong historical email responsiveness and high email open responsiveness, which positively influence predicted email engagement."
HCP0911,62.43,66.14,65.4,High,0.8311,0.8692,0.2771,0.4793,Website,"Website is recommended with 86.9% predicted likelihood because the HCP has shown consistent website content browsing and strong historical email responsiveness, which positively influence predicted website engagement."
HCP0912,70.19,67.67,68.17,High,0.7925,0.8922,0.182,0.6745,Website,"Website is recommended with 89.2% predicted likelihood because the HCP has shown consistent website content browsing and strong historical email responsiveness, which positively influence predicted website engagement."
HCP0913,63.32,57.28,58.49,Medium,0.8163,0.5942,0.1545,0.5938,Email,"Email is recommended with 81.6% predicted likelihood because the HCP has shown strong historical email responsiveness and recent email engagement, which positively influence predicted email engagement."
HCP0914,26.84,34.8,33.21,Low,0.1339,0.5118,0.129,0.6423,Veeva,"Veeva is recommended with 64.2% predicted likelihood because the HCP has shown frequent representative touchpoints and high webinar participation consistency, which positively influence predicted veeva engagement."
HCP0915,83.63,71.77,74.14,High,0.8713,0.8794,0.308,0.6545,Website,"Website is recommended with 87.9% predicted likelihood because the HCP has shown consistent website content browsing and strong historical email responsiveness, which positively influence predicted website engagement."
HCP0916,50.92,60.5,58.59,Medium,0.6547,0.7945,0.2831,0.5683,Website,"Website is recommended with 79.4% predicted likelihood because the HCP has shown active downloading of clinical PDF resources and strong historical email responsiveness, which positively influence predicted website engagement."
HCP0917,53.89,72.07,68.44,High,0.7672,0.8769,0.5903,0.5472,Website,"Website is recommended with 87.7% predicted likelihood because the HCP has shown consistent website content browsing and active downloading of clinical PDF resources, which positively influence predicted website engagement."
HCP0918,40.4,59.47,55.66,Medium,0.6167,0.8308,0.1738,0.6285,Website,"Website is recommended with 83.1% predicted likelihood because the HCP has shown active downloading of clinical PDF resources and high overall cross-channel activity, which positively influence predicted website engagement."
HCP0919,48.33,60.49,58.06,Medium,0.7934,0.6914,0.2388,0.5584,Email,"Email is recommended with 79.3% predicted likelihood because the HCP has shown sustained webinar watch duration and recent representative interaction, which positively influence predicted email engagement."
HCP0920,61.78,65.51,64.76,High,0.8575,0.8111,0.2613,0.5112,Email,"Email is recommended with 85.8% predicted likelihood because the HCP has shown strong historical email responsiveness and active downloading of clinical PDF resources, which positively influence predicted email engagement."
HCP0921,46.9,52.65,51.5,Medium,0.2139,0.8615,0.401,0.6185,Website,"Website is recommended with 86.2% predicted likelihood because the HCP has shown consistent website content browsing and recent email engagement, which positively influence predicted website engagement."
HCP0922,33.84,61.66,56.1,Medium,0.6899,0.8188,0.3028,0.5172,Website,"Website is recommended with 81.9% predicted likelihood because the HCP has shown consistent website content browsing and high overall cross-channel activity, which positively influence predicted website engagement."
HCP0923,36.78,63.55,58.2,Medium,0.6985,0.6394,0.5032,0.6675,Email,"Email is recommended with 69.8% predicted likelihood because the HCP has shown active engagement with email links and high email open responsiveness, which positively influence predicted email engagement."
HCP0924,46.16,69.59,64.9,High,0.8428,0.8723,0.2414,0.6653,Website,"Website is recommended with 87.2% predicted likelihood because the HCP has shown consistent website content browsing and active downloading of clinical PDF resources, which positively influence predicted website engagement."
HCP0925,37.32,67.68,61.61,Medium,0.778,0.7694,0.5266,0.5363,Email,"Email is recommended with 77.8% predicted likelihood because the HCP has shown high overall cross-channel activity and active engagement with email links, which positively influence predicted email engagement."
HCP0926,54.91,60.83,59.64,Medium,0.8769,0.6933,0.339,0.3471,Email,"Email is recommended with 87.7% predicted likelihood because the HCP has shown strong historical email responsiveness and high email open responsiveness, which positively influence predicted email engagement."
HCP0927,30.1,40.32,38.28,Low,0.2311,0.6143,0.1319,0.6161,Veeva,"Veeva is recommended with 61.6% predicted likelihood because the HCP has shown frequent representative touchpoints and completed field representative visits, which positively influence predicted veeva engagement."
HCP0928,32.6,37.3,36.36,Low,0.2534,0.4551,0.1299,0.6723,Veeva,"Veeva is recommended with 67.2% predicted likelihood because the HCP has shown frequent representative touchpoints and recent representative interaction, which positively influence predicted veeva engagement."
HCP0929,41.47,49.58,47.96,Low,0.5566,0.6554,0.178,0.483,Website,"Website is recommended with 65.5% predicted likelihood because the HCP has shown frequent clinical article views and recent medical conference attendance, which positively influence predicted website engagement."
HCP0930,27.76,68.19,60.11,Medium,0.5539,0.8283,0.604,0.7325,Website,"Website is recommended with 82.8% predicted likelihood because the HCP has shown active downloading of clinical PDF resources and high overall cross-channel activity, which positively influence predicted website engagement."
HCP0931,40.34,48.66,47.0,Low,0.5932,0.3802,0.3145,0.6586,Veeva,"Veeva is recommended with 65.9% predicted likelihood because the HCP has shown frequent representative touchpoints and recent medical conference attendance, which positively influence predicted veeva engagement."
HCP0932,30.65,36.27,35.15,Low,0.2466,0.5614,0.147,0.4543,Website,"Website is recommended with 56.1% predicted likelihood because the HCP has shown active downloading of clinical PDF resources and high overall cross-channel activity, which positively influence predicted website engagement."
HCP0933,43.85,46.75,46.17,Low,0.3483,0.7801,0.2831,0.3619,Website,"Website is recommended with 78.0% predicted likelihood because the HCP has shown consistent website content browsing and recent portal navigation, which positively influence predicted website engagement."
HCP0934,41.14,63.64,59.14,Medium,0.6928,0.688,0.511,0.5998,Email,"Email is recommended with 69.3% predicted likelihood because the HCP has shown high email open responsiveness and consistent email open activity, which positively influence predicted email engagement."
HCP0935,22.44,35.62,32.98,Low,0.106,0.5808,0.129,0.6217,Veeva,"Veeva is recommended with 62.2% predicted likelihood because the HCP has shown frequent representative touchpoints and high webinar participation consistency, which positively influence predicted veeva engagement."
HCP0936,31.92,72.08,64.05,High,0.6574,0.7449,0.7815,0.7191,Webinar,"Webinar is recommended with 78.1% predicted likelihood because the HCP has shown recent medical conference attendance and strong historical webinar presence, which positively influence predicted webinar engagement."
HCP0937,63.24,67.48,66.63,High,0.8143,0.8597,0.2497,0.613,Website,"Website is recommended with 86.0% predicted likelihood because the HCP has shown consistent website content browsing and recent email engagement, which positively influence predicted website engagement."
HCP0938,36.87,57.01,52.98,Medium,0.5698,0.8934,0.3587,0.2969,Website,"Website is recommended with 89.3% predicted likelihood because the HCP has shown consistent website content browsing and high overall cross-channel activity, which positively influence predicted website engagement."
HCP0939,30.15,26.33,27.09,Low,0.3791,0.0973,0.132,0.4698,Veeva,"Veeva is recommended with 47.0% predicted likelihood because the HCP has shown completed field representative visits and high visit completion rate, which positively influence predicted veeva engagement."
HCP0940,28.09,50.94,46.37,Low,0.599,0.2956,0.5669,0.6383,Veeva,"Veeva is recommended with 63.8% predicted likelihood because the HCP has shown frequent representative touchpoints and high webinar participation consistency, which positively influence predicted veeva engagement."
HCP0941,41.37,57.49,54.27,Medium,0.8631,0.4053,0.3659,0.6061,Email,"Email is recommended with 86.3% predicted likelihood because the HCP has shown strong historical email responsiveness and recent representative interaction, which positively influence predicted email engagement."
HCP0942,69.9,65.12,66.07,High,0.66,0.7483,0.4805,0.6628,Website,"Website is recommended with 74.8% predicted likelihood because the HCP has shown consistent website content browsing and full views of educational video content, which positively influence predicted website engagement."
HCP0943,35.36,49.8,46.91,Low,0.462,0.3881,0.5863,0.6285,Veeva,"Veeva is recommended with 62.8% predicted likelihood because the HCP has shown frequent representative touchpoints and high webinar participation consistency, which positively influence predicted veeva engagement."
HCP0944,32.83,56.64,51.88,Medium,0.7813,0.4333,0.401,0.6091,Email,"Email is recommended with 78.1% predicted likelihood because the HCP has shown active engagement with email links and high email open responsiveness, which positively influence predicted email engagement."
HCP0945,28.6,41.21,38.69,Low,0.5199,0.2948,0.5243,0.3144,Webinar,"Webinar is recommended with 52.4% predicted likelihood because the HCP has shown strong historical webinar presence and high webinar participation consistency, which positively influence predicted webinar engagement."
HCP0946,67.87,69.53,69.2,High,0.7441,0.8701,0.4115,0.6437,Website,"Website is recommended with 87.0% predicted likelihood because the HCP has shown consistent website content browsing and recent medical conference attendance, which positively influence predicted website engagement."
HCP0947,35.43,39.51,38.69,Low,0.2632,0.4518,0.2424,0.6606,Veeva,"Veeva is recommended with 66.1% predicted likelihood because the HCP has shown frequent representative touchpoints and completed field representative visits, which positively influence predicted veeva engagement."
HCP0948,50.4,65.94,62.83,High,0.8455,0.8792,0.3339,0.3759,Website,"Website is recommended with 87.9% predicted likelihood because the HCP has shown consistent website content browsing and active downloading of clinical PDF resources, which positively influence predicted website engagement."
HCP0949,25.54,27.41,27.04,Low,0.2879,0.1886,0.1321,0.5235,Veeva,"Veeva is recommended with 52.4% predicted likelihood because the HCP has shown high visit completion rate and completed field representative visits, which positively influence predicted veeva engagement."
HCP0950,41.49,59.21,55.66,Medium,0.7807,0.6462,0.129,0.6909,Email,"Email is recommended with 78.1% predicted likelihood because the HCP has shown active downloading of clinical PDF resources and frequent representative touchpoints, which positively influence predicted email engagement."
HCP0951,65.54,68.69,68.06,High,0.8824,0.8428,0.2298,0.6169,Email,"Email is recommended with 88.2% predicted likelihood because the HCP has shown recent email engagement and strong historical email responsiveness, which positively influence predicted email engagement."
HCP0952,77.18,66.78,68.86,High,0.7668,0.8752,0.2034,0.6727,Website,"Website is recommended with 87.5% predicted likelihood because the HCP has shown consistent website content browsing and strong historical email responsiveness, which positively influence predicted website engagement."
HCP0953,40.78,45.77,44.77,Low,0.3358,0.5178,0.3214,0.6865,Veeva,"Veeva is recommended with 68.6% predicted likelihood because the HCP has shown frequent representative touchpoints and recent email engagement, which positively influence predicted veeva engagement."
HCP0954,45.66,63.67,60.07,Medium,0.8357,0.7363,0.2441,0.5814,Email,"Email is recommended with 83.6% predicted likelihood because the HCP has shown strong historical email responsiveness and active downloading of clinical PDF resources, which positively influence predicted email engagement."
HCP0955,48.52,40.28,41.93,Low,0.3963,0.3588,0.2249,0.6563,Veeva,"Veeva is recommended with 65.6% predicted likelihood because the HCP has shown frequent representative touchpoints and completed field representative visits, which positively influence predicted veeva engagement."
HCP0956,59.14,56.35,56.91,Medium,0.8845,0.5667,0.1349,0.5057,Email,"Email is recommended with 88.5% predicted likelihood because the HCP has shown recent email engagement and strong historical email responsiveness, which positively influence predicted email engagement."
HCP0957,52.39,52.1,52.16,Medium,0.6518,0.7443,0.1956,0.3153,Website,"Website is recommended with 74.4% predicted likelihood because the HCP has shown consistent website content browsing and active downloading of clinical PDF resources, which positively influence predicted website engagement."
HCP0958,55.74,54.78,54.97,Medium,0.6538,0.7298,0.1742,0.4893,Website,"Website is recommended with 73.0% predicted likelihood because the HCP has shown active downloading of clinical PDF resources and consistent website content browsing, which positively influence predicted website engagement."
HCP0959,49.64,61.1,58.81,Medium,0.5535,0.8099,0.3612,0.6488,Website,"Website is recommended with 81.0% predicted likelihood because the HCP has shown consistent website content browsing and active downloading of clinical PDF resources, which positively influence predicted website engagement."
HCP0960,45.57,54.17,52.45,Medium,0.4657,0.8374,0.1922,0.5618,Website,"Website is recommended with 83.7% predicted likelihood because the HCP has shown high overall cross-channel activity and recent medical conference attendance, which positively influence predicted website engagement."
HCP0961,29.5,62.74,56.09,Medium,0.7739,0.8129,0.3386,0.418,Website,"Website is recommended with 81.3% predicted likelihood because the HCP has shown consistent website content browsing and high overall cross-channel activity, which positively influence predicted website engagement."
HCP0962,27.77,35.61,34.04,Low,0.1309,0.473,0.2434,0.6312,Veeva,"Veeva is recommended with 63.1% predicted likelihood because the HCP has shown high visit completion rate and completed field representative visits, which positively influence predicted veeva engagement."
HCP0963,22.46,59.9,52.42,Medium,0.8075,0.6379,0.129,0.6981,Email,"Email is recommended with 80.8% predicted likelihood because the HCP has shown strong historical email responsiveness and active engagement with email links, which positively influence predicted email engagement."
HCP0964,30.54,52.94,48.46,Low,0.6412,0.5574,0.1324,0.7165,Veeva,"Veeva is recommended with 71.6% predicted likelihood because the HCP has shown frequent representative touchpoints and high webinar participation consistency, which positively influence predicted veeva engagement."
HCP0965,73.9,66.55,68.02,High,0.82,0.8627,0.225,0.5784,Website,"Website is recommended with 86.3% predicted likelihood because the HCP has shown consistent website content browsing and active downloading of clinical PDF resources, which positively influence predicted website engagement."
HCP0966,80.21,72.76,74.25,High,0.8729,0.9144,0.2729,0.6838,Website,"Website is recommended with 91.4% predicted likelihood because the HCP has shown consistent website content browsing and full views of educational video content, which positively influence predicted website engagement."
HCP0967,66.74,72.61,71.43,High,0.8266,0.9137,0.4123,0.6076,Website,"Website is recommended with 91.4% predicted likelihood because the HCP has shown consistent website content browsing and full views of educational video content, which positively influence predicted website engagement."
HCP0968,55.56,76.44,72.26,High,0.8668,0.8007,0.6262,0.6944,Email,"Email is recommended with 86.7% predicted likelihood because the HCP has shown recent email engagement and strong historical email responsiveness, which positively influence predicted email engagement."
HCP0969,41.43,55.64,52.8,Medium,0.3965,0.7486,0.4996,0.565,Website,"Website is recommended with 74.9% predicted likelihood because the HCP has shown consistent website content browsing and high overall cross-channel activity, which positively influence predicted website engagement."
HCP0970,52.7,71.8,67.98,High,0.8405,0.7352,0.4968,0.7295,Email,"Email is recommended with 84.1% predicted likelihood because the HCP has shown recent email engagement and strong historical email responsiveness, which positively influence predicted email engagement."
HCP0971,63.9,66.87,66.28,High,0.7104,0.7778,0.406,0.7052,Website,"Website is recommended with 77.8% predicted likelihood because the HCP has shown consistent website content browsing and active downloading of clinical PDF resources, which positively influence predicted website engagement."
HCP0972,55.82,65.81,63.81,High,0.873,0.6742,0.4593,0.5106,Email,"Email is recommended with 87.3% predicted likelihood because the HCP has shown strong historical email responsiveness and strong historical webinar presence, which positively influence predicted email engagement."
HCP0973,63.91,60.39,61.09,Medium,0.7356,0.8583,0.2831,0.3455,Website,"Website is recommended with 85.8% predicted likelihood because the HCP has shown consistent website content browsing and strong historical email responsiveness, which positively influence predicted website engagement."
HCP0974,40.32,69.91,63.99,High,0.7211,0.8516,0.5161,0.6206,Website,"Website is recommended with 85.2% predicted likelihood because the HCP has shown consistent website content browsing and high overall cross-channel activity, which positively influence predicted website engagement."
HCP0975,38.49,32.24,33.49,Low,0.1336,0.353,0.3765,0.5058,Veeva,"Veeva is recommended with 50.6% predicted likelihood because the HCP has shown completed field representative visits and high email open responsiveness, which positively influence predicted veeva engagement."
HCP0976,65.6,67.69,67.28,High,0.7781,0.8817,0.2413,0.6536,Website,"Website is recommended with 88.2% predicted likelihood because the HCP has shown consistent website content browsing and strong historical email responsiveness, which positively influence predicted website engagement."
HCP0977,25.42,41.81,38.54,Low,0.1329,0.7664,0.1333,0.6084,Website,"Website is recommended with 76.6% predicted likelihood because the HCP has shown active downloading of clinical PDF resources and high overall cross-channel activity, which positively influence predicted website engagement."
HCP0978,45.22,53.84,52.12,Medium,0.399,0.8674,0.2562,0.5362,Website,"Website is recommended with 86.7% predicted likelihood because the HCP has shown consistent website content browsing and high overall cross-channel activity, which positively influence predicted website engagement."
HCP0979,35.34,44.01,42.28,Low,0.5458,0.2983,0.4187,0.5157,Email,"Email is recommended with 54.6% predicted likelihood because the HCP has shown active engagement with email links and high email open responsiveness, which positively influence predicted email engagement."
HCP0980,60.55,66.68,65.45,High,0.8041,0.8436,0.18,0.6826,Website,"Website is recommended with 84.4% predicted likelihood because the HCP has shown consistent website content browsing and recent email engagement, which positively influence predicted website engagement."
HCP0981,18.2,46.61,40.93,Low,0.6944,0.3684,0.132,0.6043,Email,"Email is recommended with 69.4% predicted likelihood because the HCP has shown active engagement with email links and high email open responsiveness, which positively influence predicted email engagement."
HCP0982,51.65,59.65,58.05,Medium,0.59,0.8483,0.1567,0.6684,Website,"Website is recommended with 84.8% predicted likelihood because the HCP has shown consistent website content browsing and frequent clinical article views, which positively influence predicted website engagement."
HCP0983,60.48,52.46,54.06,Medium,0.6085,0.7859,0.1694,0.3619,Website,"Website is recommended with 78.6% predicted likelihood because the HCP has shown recent email engagement and strong historical email responsiveness, which positively influence predicted website engagement."
HCP0984,48.02,60.15,57.72,Medium,0.7607,0.8036,0.1662,0.4946,Website,"Website is recommended with 80.4% predicted likelihood because the HCP has shown consistent website content browsing and recent medical conference attendance, which positively influence predicted website engagement."
HCP0985,43.51,70.45,65.06,High,0.7565,0.8812,0.3065,0.7596,Website,"Website is recommended with 88.1% predicted likelihood because the HCP has shown consistent website content browsing and strong historical email responsiveness, which positively influence predicted website engagement."
HCP0986,31.01,58.26,52.81,Medium,0.6636,0.8147,0.13,0.5658,Website,"Website is recommended with 81.5% predicted likelihood because the HCP has shown consistent website content browsing and active downloading of clinical PDF resources, which positively influence predicted website engagement."
HCP0987,55.62,65.21,63.29,High,0.9003,0.8761,0.2025,0.3935,Email,"Email is recommended with 90.0% predicted likelihood because the HCP has shown recent email engagement and strong historical email responsiveness, which positively influence predicted email engagement."
HCP0988,54.6,71.25,67.92,High,0.8086,0.7764,0.677,0.5082,Email,"Email is recommended with 80.9% predicted likelihood because the HCP has shown recent email engagement and strong historical email responsiveness, which positively influence predicted email engagement."
HCP0989,23.38,40.66,37.21,Low,0.3647,0.3787,0.1756,0.7425,Veeva,"Veeva is recommended with 74.2% predicted likelihood because the HCP has shown frequent representative touchpoints and completed field representative visits, which positively influence predicted veeva engagement."
HCP0990,68.38,72.93,72.02,High,0.8418,0.902,0.2682,0.7625,Website,"Website is recommended with 90.2% predicted likelihood because the HCP has shown consistent website content browsing and sustained webinar watch duration, which positively influence predicted website engagement."
HCP0991,30.78,62.24,55.95,Medium,0.8637,0.572,0.2315,0.727,Email,"Email is recommended with 86.4% predicted likelihood because the HCP has shown recent email engagement and sustained webinar watch duration, which positively influence predicted email engagement."
HCP0992,37.13,69.05,62.66,High,0.79,0.7216,0.5119,0.6731,Email,"Email is recommended with 79.0% predicted likelihood because the HCP has shown active engagement with email links and consistent email open activity, which positively influence predicted email engagement."
HCP0993,43.7,57.69,54.89,Medium,0.6139,0.7559,0.1319,0.6981,Website,"Website is recommended with 75.6% predicted likelihood because the HCP has shown consistent website content browsing and high overall cross-channel activity, which positively influence predicted website engagement."
HCP0994,43.42,53.81,51.73,Medium,0.6413,0.6515,0.1899,0.5612,Website,"Website is recommended with 65.2% predicted likelihood because the HCP has shown strong historical email responsiveness and high overall cross-channel activity, which positively influence predicted website engagement."
HCP0995,53.15,69.71,66.4,High,0.8746,0.8242,0.2128,0.7247,Email,"Email is recommended with 87.5% predicted likelihood because the HCP has shown strong historical email responsiveness and high email open responsiveness, which positively influence predicted email engagement."
HCP0996,74.49,72.09,72.57,High,0.8644,0.855,0.3589,0.6666,Email,"Email is recommended with 86.4% predicted likelihood because the HCP has shown recent email engagement and strong historical email responsiveness, which positively influence predicted email engagement."
HCP0997,32.18,57.33,52.3,Medium,0.7437,0.6482,0.1328,0.6458,Email,"Email is recommended with 74.4% predicted likelihood because the HCP has shown active engagement with email links and high overall cross-channel activity, which positively influence predicted email engagement."
HCP0998,38.65,59.96,55.7,Medium,0.7084,0.7432,0.13,0.6907,Website,"Website is recommended with 74.3% predicted likelihood because the HCP has shown consistent website content browsing and active downloading of clinical PDF resources, which positively influence predicted website engagement."
HCP0999,76.39,72.15,73.0,High,0.8694,0.8525,0.3907,0.6338,Email,"Email is recommended with 86.9% predicted likelihood because the HCP has shown recent email engagement and strong historical email responsiveness, which positively influence predicted email engagement."
HCP1000,40.48,62.28,57.92,Medium,0.676,0.8784,0.176,0.6065,Website,"Website is recommended with 87.8% predicted likelihood because the HCP has shown consistent website content browsing and active downloading of clinical PDF resources, which positively influence predicted website engagement."
HCP1001,33.1,44.24,42.01,Low,0.7272,0.1884,0.4784,0.3599,Email,"Email is recommended with 72.7% predicted likelihood because the HCP has shown strong historical email responsiveness and active engagement with email links, which positively influence predicted email engagement."
HCP1002,64.04,62.42,62.74,High,0.7513,0.7283,0.2452,0.6564,Email,"Email is recommended with 75.1% predicted likelihood because the HCP has shown recent email engagement and strong historical email responsiveness, which positively influence predicted email engagement."
HCP1003,40.29,72.75,66.26,High,0.8461,0.8204,0.4834,0.6542,Email,"Email is recommended with 84.6% predicted likelihood because the HCP has shown recent email engagement and high email open responsiveness, which positively influence predicted email engagement."
HCP1004,45.37,62.09,58.74,Medium,0.782,0.7088,0.1722,0.6959,Email,"Email is recommended with 78.2% predicted likelihood because the HCP has shown strong historical email responsiveness and high email open responsiveness, which positively influence predicted email engagement."
HCP1005,54.96,55.12,55.09,Medium,0.4294,0.761,0.2441,0.7265,Website,"Website is recommended with 76.1% predicted likelihood because the HCP has shown recent email engagement and strong historical email responsiveness, which positively influence predicted website engagement."
HCP1006,71.2,72.36,72.13,High,0.8638,0.8488,0.5198,0.5292,Email,"Email is recommended with 86.4% predicted likelihood because the HCP has shown strong historical email responsiveness and consistent website content browsing, which positively influence predicted email engagement."
HCP1007,36.46,44.36,42.78,Low,0.4694,0.6981,0.132,0.3346,Website,"Website is recommended with 69.8% predicted likelihood because the HCP has shown consistent website content browsing and high overall cross-channel activity, which positively influence predicted website engagement."
HCP1008,52.49,64.34,61.97,Medium,0.8712,0.7823,0.2903,0.4467,Email,"Email is recommended with 87.1% predicted likelihood because the HCP has shown strong historical email responsiveness and active downloading of clinical PDF resources, which positively influence predicted email engagement."
HCP1009,50.09,68.31,64.66,High,0.6486,0.8448,0.482,0.6933,Website,"Website is recommended with 84.5% predicted likelihood because the HCP has shown consistent website content browsing and strong historical email responsiveness, which positively influence predicted website engagement."
HCP1010,34.63,67.06,60.58,Medium,0.8689,0.5744,0.4988,0.6894,Email,"Email is recommended with 86.9% predicted likelihood because the HCP has shown strong historical email responsiveness and recent representative interaction, which positively influence predicted email engagement."
HCP1011,50.05,51.89,51.52,Medium,0.6017,0.5909,0.1301,0.6755,Veeva,"Veeva is recommended with 67.5% predicted likelihood because the HCP has shown completed field representative visits and recent representative interaction, which positively influence predicted veeva engagement."
HCP1012,75.81,59.18,62.5,High,0.655,0.9023,0.2526,0.3702,Website,"Website is recommended with 90.2% predicted likelihood because the HCP has shown consistent website content browsing and full views of educational video content, which positively influence predicted website engagement."
HCP1013,68.85,69.45,69.33,High,0.7857,0.8793,0.4246,0.5506,Website,"Website is recommended with 87.9% predicted likelihood because the HCP has shown consistent website content browsing and strong historical email responsiveness, which positively influence predicted website engagement."
HCP1014,53.16,58.66,57.56,Medium,0.8818,0.5063,0.5461,0.3045,Email,"Email is recommended with 88.2% predicted likelihood because the HCP has shown recent email engagement and strong historical email responsiveness, which positively influence predicted email engagement."
HCP1015,56.18,72.31,69.08,High,0.867,0.8147,0.4142,0.6787,Email,"Email is recommended with 86.7% predicted likelihood because the HCP has shown strong historical email responsiveness and active downloading of clinical PDF resources, which positively influence predicted email engagement."
HCP1016,24.02,45.59,41.28,Low,0.2565,0.5789,0.4151,0.6114,Veeva,"Veeva is recommended with 61.1% predicted likelihood because the HCP has shown frequent representative touchpoints and completed field representative visits, which positively influence predicted veeva engagement."
HCP1017,61.86,67.55,66.41,High,0.8585,0.8968,0.1583,0.5863,Website,"Website is recommended with 89.7% predicted likelihood because the HCP has shown consistent website content browsing and recent email engagement, which positively influence predicted website engagement."
HCP1018,40.3,56.69,53.41,Medium,0.6331,0.7185,0.176,0.6311,Website,"Website is recommended with 71.9% predicted likelihood because the HCP has shown consistent website content browsing and active downloading of clinical PDF resources, which positively influence predicted website engagement."
HCP1019,42.13,64.66,60.15,Medium,0.7485,0.8808,0.2443,0.5445,Website,"Website is recommended with 88.1% predicted likelihood because the HCP has shown consistent website content browsing and active downloading of clinical PDF resources, which positively influence predicted website engagement."
HCP1020,30.72,45.93,42.89,Low,0.6504,0.1345,0.6121,0.5072,Email,"Email is recommended with 65.0% predicted likelihood because the HCP has shown active engagement with email links and high email open responsiveness, which positively influence predicted email engagement."
HCP1021,79.15,75.15,75.95,High,0.8138,0.8749,0.5367,0.6876,Website,"Website is recommended with 87.5% predicted likelihood because the HCP has shown consistent website content browsing and recent medical conference attendance, which positively influence predicted website engagement."
HCP1022,31.3,40.93,39.0,Low,0.3303,0.4577,0.129,0.7355,Veeva,"Veeva is recommended with 73.6% predicted likelihood because the HCP has shown high visit completion rate and frequent representative touchpoints, which positively influence predicted veeva engagement."
HCP1023,38.11,60.43,55.97,Medium,0.6593,0.888,0.3429,0.3579,Website,"Website is recommended with 88.8% predicted likelihood because the HCP has shown consistent website content browsing and active downloading of clinical PDF resources, which positively influence predicted website engagement."
HCP1024,46.56,69.37,64.81,High,0.895,0.774,0.231,0.7338,Email,"Email is recommended with 89.5% predicted likelihood because the HCP has shown strong historical email responsiveness and recent email engagement, which positively influence predicted email engagement."
HCP1025,31.47,44.86,42.18,Low,0.2367,0.8451,0.1445,0.4756,Website,"Website is recommended with 84.5% predicted likelihood because the HCP has shown consistent website content browsing and high overall cross-channel activity, which positively influence predicted website engagement."
HCP1026,23.43,44.17,40.02,Low,0.3898,0.5417,0.1555,0.6557,Veeva,"Veeva is recommended with 65.6% predicted likelihood because the HCP has shown high visit completion rate and completed field representative visits, which positively influence predicted veeva engagement."
HCP1027,38.29,47.98,46.05,Low,0.6869,0.4687,0.1765,0.4892,Email,"Email is recommended with 68.7% predicted likelihood because the HCP has shown high email open responsiveness and active engagement with email links, which positively influence predicted email engagement."
HCP1028,38.92,74.57,67.44,High,0.8565,0.8117,0.4939,0.7322,Email,"Email is recommended with 85.7% predicted likelihood because the HCP has shown strong historical email responsiveness and recent medical conference attendance, which positively influence predicted email engagement."
HCP1029,48.02,55.83,54.27,Medium,0.7931,0.6347,0.174,0.4756,Email,"Email is recommended with 79.3% predicted likelihood because the HCP has shown sustained webinar watch duration and active engagement with email links, which positively influence predicted email engagement."
HCP1030,17.76,31.45,28.71,Low,0.2012,0.2666,0.3486,0.5222,Veeva,"Veeva is recommended with 52.2% predicted likelihood because the HCP has shown completed field representative visits and recent representative interaction, which positively influence predicted veeva engagement."
HCP1031,51.44,74.19,69.64,High,0.8687,0.793,0.5026,0.7143,Email,"Email is recommended with 86.9% predicted likelihood because the HCP has shown recent email engagement and strong historical email responsiveness, which positively influence predicted email engagement."
HCP1032,71.15,70.11,70.32,High,0.8434,0.9141,0.1408,0.7284,Website,"Website is recommended with 91.4% predicted likelihood because the HCP has shown consistent website content browsing and strong historical email responsiveness, which positively influence predicted website engagement."
HCP1033,41.89,35.55,36.82,Low,0.4173,0.3952,0.1323,0.4263,Veeva,"Veeva is recommended with 42.6% predicted likelihood because the HCP has shown recent email engagement and active engagement with email links, which positively influence predicted veeva engagement."
HCP1034,28.64,35.91,34.46,Low,0.288,0.3174,0.3844,0.503,Veeva,"Veeva is recommended with 50.3% predicted likelihood because the HCP has shown completed field representative visits and active engagement with email links, which positively influence predicted veeva engagement."
HCP1035,38.78,68.25,62.36,Medium,0.6825,0.7878,0.4517,0.7556,Website,"Website is recommended with 78.8% predicted likelihood because the HCP has shown high overall cross-channel activity and active downloading of clinical PDF resources, which positively influence predicted website engagement."
HCP1036,38.31,51.43,48.8,Low,0.6743,0.4069,0.2414,0.7081,Veeva,"Veeva is recommended with 70.8% predicted likelihood because the HCP has shown high visit completion rate and completed field representative visits, which positively influence predicted veeva engagement."
HCP1037,94.85,73.29,77.6,High,0.8563,0.9046,0.3359,0.6871,Website,"Website is recommended with 90.5% predicted likelihood because the HCP has shown consistent website content browsing and sustained webinar watch duration, which positively influence predicted website engagement."
HCP1038,22.0,36.79,33.83,Low,0.115,0.6068,0.2691,0.4877,Website,"Website is recommended with 60.7% predicted likelihood because the HCP has shown active downloading of clinical PDF resources and high overall cross-channel activity, which positively influence predicted website engagement."
HCP1039,60.47,57.39,58.01,Medium,0.5728,0.8825,0.1322,0.5542,Website,"Website is recommended with 88.3% predicted likelihood because the HCP has shown consistent website content browsing and sustained webinar watch duration, which positively influence predicted website engagement."
HCP1040,57.25,64.1,62.73,High,0.7666,0.848,0.2346,0.5483,Website,"Website is recommended with 84.8% predicted likelihood because the HCP has shown consistent website content browsing and recent portal navigation, which positively influence predicted website engagement."
HCP1041,49.47,58.71,56.86,Medium,0.4649,0.8341,0.2861,0.7008,Website,"Website is recommended with 83.4% predicted likelihood because the HCP has shown consistent website content browsing and recent email engagement, which positively influence predicted website engagement."
HCP1042,64.6,69.91,68.85,High,0.8462,0.8311,0.4395,0.5404,Email,"Email is recommended with 84.6% predicted likelihood because the HCP has shown strong historical email responsiveness and recent medical conference attendance, which positively influence predicted email engagement."
HCP1043,28.8,47.09,43.43,Low,0.4004,0.5592,0.5031,0.412,Website,"Website is recommended with 55.9% predicted likelihood because the HCP has shown high overall cross-channel activity and active downloading of clinical PDF resources, which positively influence predicted website engagement."
HCP1044,56.64,72.93,69.67,High,0.7735,0.8711,0.4561,0.7237,Website,"Website is recommended with 87.1% predicted likelihood because the HCP has shown consistent website content browsing and strong historical email responsiveness, which positively influence predicted website engagement."
HCP1045,43.47,62.7,58.85,Medium,0.7277,0.8987,0.129,0.5662,Website,"Website is recommended with 89.9% predicted likelihood because the HCP has shown consistent website content browsing and recent medical conference attendance, which positively influence predicted website engagement."
HCP1046,39.78,59.64,55.67,Medium,0.7584,0.5013,0.5189,0.5736,Email,"Email is recommended with 75.8% predicted likelihood because the HCP has shown active engagement with email links and high email open responsiveness, which positively influence predicted email engagement."
HCP1047,41.28,53.97,51.43,Medium,0.6752,0.6439,0.253,0.4669,Email,"Email is recommended with 67.5% predicted likelihood because the HCP has shown active engagement with email links and active downloading of clinical PDF resources, which positively influence predicted email engagement."
HCP1048,46.31,74.21,68.63,High,0.8091,0.8727,0.4982,0.6894,Website,"Website is recommended with 87.3% predicted likelihood because the HCP has shown consistent website content browsing and active downloading of clinical PDF resources, which positively influence predicted website engagement."
HCP1049,60.37,65.94,64.82,High,0.8997,0.852,0.3472,0.3221,Email,"Email is recommended with 90.0% predicted likelihood because the HCP has shown recent email engagement and strong historical email responsiveness, which positively influence predicted email engagement."
HCP1050,80.25,71.21,73.01,High,0.8582,0.8448,0.3064,0.6994,Email,"Email is recommended with 85.8% predicted likelihood because the HCP has shown strong historical email responsiveness and consistent website content browsing, which positively influence predicted email engagement."
HCP1051,40.87,48.95,47.34,Low,0.4917,0.6229,0.265,0.5107,Website,"Website is recommended with 62.3% predicted likelihood because the HCP has shown recent email engagement and recent portal navigation, which positively influence predicted website engagement."
HCP1052,48.94,52.16,51.51,Medium,0.5305,0.8548,0.1749,0.3551,Website,"Website is recommended with 85.5% predicted likelihood because the HCP has shown consistent website content browsing and active downloading of clinical PDF resources, which positively influence predicted website engagement."
HCP1053,20.12,40.6,36.5,Low,0.5892,0.3786,0.129,0.4491,Email,"Email is recommended with 58.9% predicted likelihood because the HCP has shown high overall cross-channel activity and active engagement with email links, which positively influence predicted email engagement."
HCP1054,40.16,34.11,35.32,Low,0.1241,0.4813,0.1588,0.6384,Veeva,"Veeva is recommended with 63.8% predicted likelihood because the HCP has shown frequent representative touchpoints and completed field representative visits, which positively influence predicted veeva engagement."
HCP1055,72.96,61.8,64.04,High,0.851,0.8866,0.1905,0.2933,Website,"Website is recommended with 88.7% predicted likelihood because the HCP has shown consistent website content browsing and recent medical conference attendance, which positively influence predicted website engagement."
HCP1056,32.18,47.69,44.59,Low,0.6643,0.5033,0.1753,0.458,Email,"Email is recommended with 66.4% predicted likelihood because the HCP has shown active engagement with email links and recent representative interaction, which positively influence predicted email engagement."
HCP1057,27.57,35.19,33.67,Low,0.2933,0.2138,0.2671,0.7317,Veeva,"Veeva is recommended with 73.2% predicted likelihood because the HCP has shown high visit completion rate and completed field representative visits, which positively influence predicted veeva engagement."
HCP1058,20.61,51.67,45.46,Low,0.5501,0.6686,0.4199,0.3353,Website,"Website is recommended with 66.9% predicted likelihood because the HCP has shown high overall cross-channel activity and active downloading of clinical PDF resources, which positively influence predicted website engagement."
HCP1059,56.08,51.94,52.77,Medium,0.7801,0.5398,0.2747,0.3426,Email,"Email is recommended with 78.0% predicted likelihood because the HCP has shown active engagement with email links and active downloading of clinical PDF resources, which positively influence predicted email engagement."
HCP1060,51.88,51.59,51.65,Medium,0.1587,0.8442,0.3429,0.7324,Website,"Website is recommended with 84.4% predicted likelihood because the HCP has shown consistent website content browsing and active downloading of clinical PDF resources, which positively influence predicted website engagement."
HCP1061,21.78,32.37,30.25,Low,0.323,0.142,0.5069,0.414,Webinar,"Webinar is recommended with 50.7% predicted likelihood because the HCP has shown high webinar participation consistency and strong historical webinar presence, which positively influence predicted webinar engagement."
HCP1062,62.49,59.78,60.32,Medium,0.8392,0.6376,0.1321,0.6416,Email,"Email is recommended with 83.9% predicted likelihood because the HCP has shown recent email engagement and active downloading of clinical PDF resources, which positively influence predicted email engagement."
HCP1063,42.1,56.6,53.7,Medium,0.7707,0.6948,0.1721,0.4596,Email,"Email is recommended with 77.1% predicted likelihood because the HCP has shown strong historical email responsiveness and high email open responsiveness, which positively influence predicted email engagement."
HCP1064,40.25,56.85,53.53,Medium,0.8895,0.6494,0.1331,0.401,Email,"Email is recommended with 88.9% predicted likelihood because the HCP has shown recent email engagement and strong historical email responsiveness, which positively influence predicted email engagement."
HCP1065,52.35,61.79,59.9,Medium,0.8124,0.5316,0.6149,0.4586,Email,"Email is recommended with 81.2% predicted likelihood because the HCP has shown strong historical email responsiveness and recent portal navigation, which positively influence predicted email engagement."
HCP1066,24.43,50.78,45.51,Low,0.6258,0.3859,0.401,0.6202,Email,"Email is recommended with 62.6% predicted likelihood because the HCP has shown active engagement with email links and recent representative interaction, which positively influence predicted email engagement."
HCP1067,36.82,75.21,67.53,High,0.8443,0.7986,0.6246,0.6717,Email,"Email is recommended with 84.4% predicted likelihood because the HCP has shown strong historical email responsiveness and active engagement with email links, which positively influence predicted email engagement."
HCP1068,47.32,62.41,59.39,Medium,0.8612,0.5336,0.3974,0.6308,Email,"Email is recommended with 86.1% predicted likelihood because the HCP has shown recent email engagement and strong historical email responsiveness, which positively influence predicted email engagement."
HCP1069,28.45,45.0,41.69,Low,0.3294,0.7076,0.2176,0.477,Website,"Website is recommended with 70.8% predicted likelihood because the HCP has shown active downloading of clinical PDF resources and high overall cross-channel activity, which positively influence predicted website engagement."
HCP1070,61.6,66.98,65.9,High,0.821,0.8624,0.1339,0.6898,Website,"Website is recommended with 86.2% predicted likelihood because the HCP has shown consistent website content browsing and strong historical email responsiveness, which positively influence predicted website engagement."
HCP1071,36.34,56.2,52.23,Medium,0.6879,0.7781,0.2356,0.3755,Website,"Website is recommended with 77.8% predicted likelihood because the HCP has shown consistent website content browsing and high overall cross-channel activity, which positively influence predicted website engagement."
HCP1072,29.38,21.52,23.09,Low,0.2016,0.1232,0.2436,0.3454,Veeva,"Veeva is recommended with 34.5% predicted likelihood because the HCP has shown high visit completion rate and completed field representative visits, which positively influence predicted veeva engagement."
HCP1073,53.43,59.0,57.89,Medium,0.429,0.6759,0.6402,0.6527,Website,"Website is recommended with 67.6% predicted likelihood because the HCP has shown recent medical conference attendance and recent representative interaction, which positively influence predicted website engagement."
HCP1074,70.47,66.08,66.96,High,0.7692,0.8731,0.1974,0.6433,Website,"Website is recommended with 87.3% predicted likelihood because the HCP has shown consistent website content browsing and recent email engagement, which positively influence predicted website engagement."
HCP1075,57.99,68.5,66.39,High,0.8496,0.889,0.2194,0.5976,Website,"Website is recommended with 88.9% predicted likelihood because the HCP has shown consistent website content browsing and active engagement with email links, which positively influence predicted website engagement."
HCP1076,50.01,61.16,58.93,Medium,0.5161,0.9001,0.4354,0.4984,Website,"Website is recommended with 90.0% predicted likelihood because the HCP has shown consistent website content browsing and recent portal navigation, which positively influence predicted website engagement."
HCP1077,74.89,70.14,71.09,High,0.8804,0.9183,0.2374,0.5715,Website,"Website is recommended with 91.8% predicted likelihood because the HCP has shown consistent website content browsing and strong historical email responsiveness, which positively influence predicted website engagement."
HCP1078,46.4,61.06,58.13,Medium,0.7946,0.5986,0.2873,0.6758,Email,"Email is recommended with 79.5% predicted likelihood because the HCP has shown strong historical email responsiveness and recent representative interaction, which positively influence predicted email engagement."
HCP1079,45.04,68.91,64.14,High,0.8448,0.7854,0.2274,0.7727,Email,"Email is recommended with 84.5% predicted likelihood because the HCP has shown strong historical email responsiveness and active downloading of clinical PDF resources, which positively influence predicted email engagement."
HCP1080,19.12,46.25,40.82,Low,0.2181,0.6146,0.4211,0.6423,Veeva,"Veeva is recommended with 64.2% predicted likelihood because the HCP has shown completed field representative visits and recent representative interaction, which positively influence predicted veeva engagement."
HCP1081,43.25,58.44,55.4,Medium,0.4137,0.8086,0.5393,0.549,Website,"Website is recommended with 80.9% predicted likelihood because the HCP has shown consistent website content browsing and active downloading of clinical PDF resources, which positively influence predicted website engagement."
HCP1082,42.75,71.84,66.02,High,0.8947,0.834,0.5156,0.4834,Email,"Email is recommended with 89.5% predicted likelihood because the HCP has shown recent email engagement and strong historical email responsiveness, which positively influence predicted email engagement."
HCP1083,54.14,66.01,63.64,High,0.7665,0.8898,0.177,0.6393,Website,"Website is recommended with 89.0% predicted likelihood because the HCP has shown consistent website content browsing and recent portal navigation, which positively influence predicted website engagement."
HCP1084,42.78,62.1,58.24,Medium,0.7129,0.8845,0.129,0.58,Website,"Website is recommended with 88.4% predicted likelihood because the HCP has shown consistent website content browsing and recent portal navigation, which positively influence predicted website engagement."
HCP1085,47.84,69.04,64.8,High,0.6961,0.8717,0.5604,0.5399,Website,"Website is recommended with 87.2% predicted likelihood because the HCP has shown consistent website content browsing and recent portal navigation, which positively influence predicted website engagement."
HCP1086,51.71,59.72,58.11,Medium,0.574,0.8533,0.2593,0.5856,Website,"Website is recommended with 85.3% predicted likelihood because the HCP has shown consistent website content browsing and strong historical email responsiveness, which positively influence predicted website engagement."
HCP1087,73.58,71.19,71.67,High,0.89,0.8798,0.2791,0.6256,Email,"Email is recommended with 89.0% predicted likelihood because the HCP has shown recent email engagement and strong historical email responsiveness, which positively influence predicted email engagement."
HCP1088,69.72,60.49,62.34,Medium,0.848,0.4384,0.4206,0.6744,Email,"Email is recommended with 84.8% predicted likelihood because the HCP has shown strong historical email responsiveness and active downloading of clinical PDF resources, which positively influence predicted email engagement."
HCP1089,68.61,71.0,70.52,High,0.8872,0.8888,0.221,0.6648,Website,"Website is recommended with 88.9% predicted likelihood because the HCP has shown consistent website content browsing and strong historical email responsiveness, which positively influence predicted website engagement."
HCP1090,45.12,65.72,61.6,Medium,0.8616,0.5968,0.417,0.6812,Email,"Email is recommended with 86.2% predicted likelihood because the HCP has shown strong historical email responsiveness and high email open responsiveness, which positively influence predicted email engagement."
HCP1091,50.34,62.78,60.29,Medium,0.7022,0.809,0.2438,0.6285,Website,"Website is recommended with 80.9% predicted likelihood because the HCP has shown active downloading of clinical PDF resources and recent email engagement, which positively influence predicted website engagement."
HCP1092,26.55,32.51,31.32,Low,0.3033,0.3338,0.1953,0.4747,Veeva,"Veeva is recommended with 47.5% predicted likelihood because the HCP has shown completed field representative visits and high visit completion rate, which positively influence predicted veeva engagement."
HCP1093,29.29,42.87,40.15,Low,0.4161,0.554,0.2028,0.4854,Website,"Website is recommended with 55.4% predicted likelihood because the HCP has shown recent representative interaction and high overall cross-channel activity, which positively influence predicted website engagement."
HCP1094,37.35,60.11,55.56,Medium,0.6297,0.8133,0.1455,0.6953,Website,"Website is recommended with 81.3% predicted likelihood because the HCP has shown consistent website content browsing and active engagement with email links, which positively influence predicted website engagement."
HCP1095,37.57,64.16,58.84,Medium,0.6428,0.6751,0.4997,0.7314,Veeva,"Veeva is recommended with 73.1% predicted likelihood because the HCP has shown high visit completion rate and completed field representative visits, which positively influence predicted veeva engagement."
HCP1096,27.09,29.51,29.02,Low,0.1863,0.2011,0.4151,0.479,Veeva,"Veeva is recommended with 47.9% predicted likelihood because the HCP has shown frequent representative touchpoints and strong historical email responsiveness, which positively influence predicted veeva engagement."
HCP1097,41.8,39.76,40.17,Low,0.1169,0.7358,0.2025,0.5066,Website,"Website is recommended with 73.6% predicted likelihood because the HCP has shown consistent website content browsing and active downloading of clinical PDF resources, which positively influence predicted website engagement."
HCP1098,71.56,67.91,68.64,High,0.7854,0.8632,0.2457,0.677,Website,"Website is recommended with 86.3% predicted likelihood because the HCP has shown consistent website content browsing and recent medical conference attendance, which positively influence predicted website engagement."
HCP1099,53.87,68.2,65.34,High,0.8337,0.8492,0.521,0.3649,Website,"Website is recommended with 84.9% predicted likelihood because the HCP has shown consistent website content browsing and active downloading of clinical PDF resources, which positively influence predicted website engagement."
HCP1100,12.77,52.9,44.88,Low,0.7832,0.2559,0.3495,0.737,Email,"Email is recommended with 78.3% predicted likelihood because the HCP has shown active engagement with email links and high overall cross-channel activity, which positively influence predicted email engagement."
HCP1101,33.82,48.86,45.85,Low,0.5552,0.5725,0.1323,0.6193,Veeva,"Veeva is recommended with 61.9% predicted likelihood because the HCP has shown frequent representative touchpoints and high webinar participation consistency, which positively influence predicted veeva engagement."
HCP1102,43.68,55.52,53.15,Medium,0.6931,0.7265,0.2414,0.405,Website,"Website is recommended with 72.6% predicted likelihood because the HCP has shown consistent website content browsing and active downloading of clinical PDF resources, which positively influence predicted website engagement."
HCP1103,48.75,44.46,45.32,Low,0.2261,0.7328,0.1458,0.6388,Website,"Website is recommended with 73.3% predicted likelihood because the HCP has shown active downloading of clinical PDF resources and recent email engagement, which positively influence predicted website engagement."
HCP1104,39.32,66.82,61.32,Medium,0.8389,0.5876,0.5367,0.6645,Email,"Email is recommended with 83.9% predicted likelihood because the HCP has shown strong historical email responsiveness and consistent email open activity, which positively influence predicted email engagement."
HCP1105,54.46,65.16,63.02,High,0.8499,0.5108,0.5306,0.6861,Email,"Email is recommended with 85.0% predicted likelihood because the HCP has shown strong historical email responsiveness and active downloading of clinical PDF resources, which positively influence predicted email engagement."
HCP1106,24.07,37.62,34.91,Low,0.4032,0.2155,0.4946,0.4584,Webinar,"Webinar is recommended with 49.5% predicted likelihood because the HCP has shown high webinar participation consistency and sustained webinar watch duration, which positively influence predicted webinar engagement."
HCP1107,50.16,53.22,52.61,Medium,0.7577,0.4027,0.3625,0.5577,Email,"Email is recommended with 75.8% predicted likelihood because the HCP has shown sustained webinar watch duration and high email open responsiveness, which positively influence predicted email engagement."
HCP1108,42.75,54.93,52.49,Medium,0.8331,0.3907,0.4449,0.4657,Email,"Email is recommended with 83.3% predicted likelihood because the HCP has shown strong historical email responsiveness and active engagement with email links, which positively influence predicted email engagement."
HCP1109,51.5,65.73,62.88,High,0.8961,0.8521,0.1325,0.5315,Email,"Email is recommended with 89.6% predicted likelihood because the HCP has shown recent email engagement and strong historical email responsiveness, which positively influence predicted email engagement."
HCP1110,38.82,62.03,57.39,Medium,0.6129,0.6554,0.4987,0.7006,Veeva,"Veeva is recommended with 70.1% predicted likelihood because the HCP has shown frequent representative touchpoints and recent email engagement, which positively influence predicted veeva engagement."
HCP1111,26.84,44.54,41.0,Low,0.6647,0.4628,0.1454,0.3905,Email,"Email is recommended with 66.5% predicted likelihood because the HCP has shown strong historical email responsiveness and active engagement with email links, which positively influence predicted email engagement."
HCP1112,48.66,63.8,60.77,Medium,0.6958,0.8505,0.1769,0.6936,Website,"Website is recommended with 85.1% predicted likelihood because the HCP has shown consistent website content browsing and high overall cross-channel activity, which positively influence predicted website engagement."
HCP1113,63.94,68.23,67.38,High,0.8515,0.8793,0.1637,0.6517,Website,"Website is recommended with 87.9% predicted likelihood because the HCP has shown consistent website content browsing and strong historical email responsiveness, which positively influence predicted website engagement."
HCP1114,38.69,44.39,43.25,Low,0.7029,0.1337,0.207,0.7578,Veeva,"Veeva is recommended with 75.8% predicted likelihood because the HCP has shown frequent representative touchpoints and completed field representative visits, which positively influence predicted veeva engagement."
HCP1115,46.45,60.52,57.71,Medium,0.6991,0.6894,0.253,0.6903,Email,"Email is recommended with 69.9% predicted likelihood because the HCP has shown active engagement with email links and active downloading of clinical PDF resources, which positively influence predicted email engagement."
HCP1116,31.44,43.06,40.74,Low,0.6457,0.3735,0.1454,0.4789,Email,"Email is recommended with 64.6% predicted likelihood because the HCP has shown recent email engagement and high overall cross-channel activity, which positively influence predicted email engagement."
HCP1117,51.62,62.02,59.94,Medium,0.7457,0.7637,0.137,0.6998,Website,"Website is recommended with 76.4% predicted likelihood because the HCP has shown consistent website content browsing and active downloading of clinical PDF resources, which positively influence predicted website engagement."
HCP1118,52.63,59.9,58.45,Medium,0.8569,0.6141,0.229,0.5595,Email,"Email is recommended with 85.7% predicted likelihood because the HCP has shown strong historical email responsiveness and frequent clinical article views, which positively influence predicted email engagement."
HCP1119,47.19,49.58,49.1,Low,0.2639,0.8377,0.311,0.5154,Website,"Website is recommended with 83.8% predicted likelihood because the HCP has shown consistent website content browsing and high overall cross-channel activity, which positively influence predicted website engagement."
HCP1120,29.86,39.43,37.51,Low,0.3824,0.5231,0.129,0.4842,Website,"Website is recommended with 52.3% predicted likelihood because the HCP has shown high overall cross-channel activity and active downloading of clinical PDF resources, which positively influence predicted website engagement."
HCP1121,62.98,71.85,70.07,High,0.7659,0.8192,0.5455,0.6691,Website,"Website is recommended with 81.9% predicted likelihood because the HCP has shown consistent website content browsing and strong historical email responsiveness, which positively influence predicted website engagement."
HCP1122,28.72,56.27,50.76,Low,0.456,0.6817,0.4933,0.6134,Website,"Website is recommended with 68.2% predicted likelihood because the HCP has shown consistent website content browsing and high overall cross-channel activity, which positively influence predicted website engagement."
HCP1123,59.61,75.28,72.15,High,0.8544,0.8677,0.4995,0.6815,Website,"Website is recommended with 86.8% predicted likelihood because the HCP has shown consistent website content browsing and active downloading of clinical PDF resources, which positively influence predicted website engagement."
HCP1124,52.75,56.06,55.4,Medium,0.8925,0.41,0.4444,0.4048,Email,"Email is recommended with 89.2% predicted likelihood because the HCP has shown recent email engagement and strong historical email responsiveness, which positively influence predicted email engagement."
HCP1125,43.8,64.56,60.41,Medium,0.8222,0.5952,0.5113,0.5905,Email,"Email is recommended with 82.2% predicted likelihood because the HCP has shown recent email engagement and strong historical email responsiveness, which positively influence predicted email engagement."
HCP1126,39.69,58.39,54.65,Medium,0.739,0.5485,0.5109,0.4776,Email,"Email is recommended with 73.9% predicted likelihood because the HCP has shown strong historical email responsiveness and recent portal navigation, which positively influence predicted email engagement."
HCP1127,49.17,59.59,57.5,Medium,0.7708,0.621,0.5385,0.353,Email,"Email is recommended with 77.1% predicted likelihood because the HCP has shown recent email engagement and strong historical email responsiveness, which positively influence predicted email engagement."
HCP1128,65.18,64.82,64.89,High,0.7816,0.8246,0.2764,0.5555,Website,"Website is recommended with 82.5% predicted likelihood because the HCP has shown consistent website content browsing and full views of educational video content, which positively influence predicted website engagement."
HCP1129,44.29,55.49,53.25,Medium,0.8164,0.6295,0.1333,0.4721,Email,"Email is recommended with 81.6% predicted likelihood because the HCP has shown strong historical email responsiveness and high email open responsiveness, which positively influence predicted email engagement."
HCP1130,39.58,49.79,47.75,Low,0.3234,0.7627,0.2451,0.6155,Website,"Website is recommended with 76.3% predicted likelihood because the HCP has shown recent medical conference attendance and frequent clinical article views, which positively influence predicted website engagement."
HCP1131,69.97,69.47,69.57,High,0.8747,0.8793,0.129,0.7135,Website,"Website is recommended with 87.9% predicted likelihood because the HCP has shown consistent website content browsing and strong historical email responsiveness, which positively influence predicted website engagement."
HCP1132,50.54,66.84,63.58,High,0.7123,0.8535,0.3248,0.6685,Website,"Website is recommended with 85.4% predicted likelihood because the HCP has shown consistent website content browsing and strong historical email responsiveness, which positively influence predicted website engagement."
HCP1133,40.21,55.61,52.53,Medium,0.4474,0.8745,0.3174,0.4802,Website,"Website is recommended with 87.4% predicted likelihood because the HCP has shown consistent website content browsing and active downloading of clinical PDF resources, which positively influence predicted website engagement."
HCP1134,23.21,47.86,42.93,Low,0.6073,0.678,0.1727,0.2924,Website,"Website is recommended with 67.8% predicted likelihood because the HCP has shown active downloading of clinical PDF resources and high overall cross-channel activity, which positively influence predicted website engagement."
HCP1135,51.04,60.92,58.94,Medium,0.733,0.851,0.2336,0.4363,Website,"Website is recommended with 85.1% predicted likelihood because the HCP has shown consistent website content browsing and strong historical email responsiveness, which positively influence predicted website engagement."
HCP1136,69.86,62.34,63.85,High,0.8278,0.9155,0.1752,0.3269,Website,"Website is recommended with 91.6% predicted likelihood because the HCP has shown consistent website content browsing and strong historical email responsiveness, which positively influence predicted website engagement."
HCP1137,32.41,63.12,56.98,Medium,0.7916,0.8686,0.401,0.2644,Website,"Website is recommended with 86.9% predicted likelihood because the HCP has shown consistent website content browsing and strong historical email responsiveness, which positively influence predicted website engagement."
HCP1138,47.16,50.65,49.95,Low,0.5451,0.8516,0.1367,0.3009,Website,"Website is recommended with 85.2% predicted likelihood because the HCP has shown consistent website content browsing and high overall cross-channel activity, which positively influence predicted website engagement."
HCP1139,30.4,40.28,38.31,Low,0.763,0.3126,0.1325,0.2683,Email,"Email is recommended with 76.3% predicted likelihood because the HCP has shown active engagement with email links and high visit completion rate, which positively influence predicted email engagement."
HCP1140,39.26,64.13,59.15,Medium,0.7509,0.8067,0.3528,0.517,Website,"Website is recommended with 80.7% predicted likelihood because the HCP has shown active downloading of clinical PDF resources and high overall cross-channel activity, which positively influence predicted website engagement."
HCP1141,65.52,68.87,68.2,High,0.8413,0.8776,0.2824,0.5825,Website,"Website is recommended with 87.8% predicted likelihood because the HCP has shown consistent website content browsing and strong historical email responsiveness, which positively influence predicted website engagement."
HCP1142,54.82,74.4,70.48,High,0.8746,0.8988,0.4394,0.6202,Website,"Website is recommended with 89.9% predicted likelihood because the HCP has shown consistent website content browsing and active downloading of clinical PDF resources, which positively influence predicted website engagement."
HCP1143,31.68,38.38,37.04,Low,0.2793,0.4102,0.3185,0.5662,Veeva,"Veeva is recommended with 56.6% predicted likelihood because the HCP has shown completed field representative visits and frequent representative touchpoints, which positively influence predicted veeva engagement."
HCP1144,40.99,67.32,62.05,Medium,0.783,0.8015,0.3517,0.6373,Website,"Website is recommended with 80.2% predicted likelihood because the HCP has shown consistent website content browsing and active downloading of clinical PDF resources, which positively influence predicted website engagement."
HCP1145,43.65,41.06,41.58,Low,0.1908,0.6815,0.129,0.6154,Website,"Website is recommended with 68.2% predicted likelihood because the HCP has shown recent representative interaction and frequent clinical article views, which positively influence predicted website engagement."
HCP1146,54.9,70.86,67.66,High,0.862,0.8573,0.5267,0.4371,Email,"Email is recommended with 86.2% predicted likelihood because the HCP has shown strong historical email responsiveness and consistent website content browsing, which positively influence predicted email engagement."
HCP1147,64.49,62.07,62.55,High,0.8107,0.909,0.2429,0.281,Website,"Website is recommended with 90.9% predicted likelihood because the HCP has shown consistent website content browsing and recent medical conference attendance, which positively influence predicted website engagement."
HCP1148,30.33,45.56,42.52,Low,0.6183,0.4569,0.235,0.4303,Email,"Email is recommended with 61.8% predicted likelihood because the HCP has shown recent email engagement and sustained webinar watch duration, which positively influence predicted email engagement."
HCP1149,44.58,42.22,42.69,Low,0.392,0.6666,0.1315,0.3917,Website,"Website is recommended with 66.7% predicted likelihood because the HCP has shown recent medical conference attendance and completed field representative visits, which positively influence predicted website engagement."
HCP1150,31.02,60.22,54.38,Medium,0.8148,0.5407,0.5088,0.4686,Email,"Email is recommended with 81.5% predicted likelihood because the HCP has shown active downloading of clinical PDF resources and high email open responsiveness, which positively influence predicted email engagement."
HCP1151,50.08,66.29,63.05,High,0.8736,0.614,0.3954,0.6878,Email,"Email is recommended with 87.4% predicted likelihood because the HCP has shown strong historical email responsiveness and high email open responsiveness, which positively influence predicted email engagement."
HCP1152,44.21,59.46,56.41,Medium,0.7503,0.6128,0.2426,0.6858,Email,"Email is recommended with 75.0% predicted likelihood because the HCP has shown strong historical email responsiveness and high email open responsiveness, which positively influence predicted email engagement."
HCP1153,75.41,64.66,66.81,High,0.7521,0.8641,0.2057,0.6028,Website,"Website is recommended with 86.4% predicted likelihood because the HCP has shown consistent website content browsing and full views of educational video content, which positively influence predicted website engagement."
HCP1154,49.86,54.9,53.89,Medium,0.6672,0.6409,0.4381,0.3445,Email,"Email is recommended with 66.7% predicted likelihood because the HCP has shown active engagement with email links and recent representative interaction, which positively influence predicted email engagement."
HCP1155,60.06,61.79,61.44,Medium,0.778,0.8926,0.2485,0.335,Website,"Website is recommended with 89.3% predicted likelihood because the HCP has shown consistent website content browsing and recent medical conference attendance, which positively influence predicted website engagement."
HCP1156,48.6,68.21,64.29,High,0.7422,0.7322,0.4992,0.6998,Email,"Email is recommended with 74.2% predicted likelihood because the HCP has shown recent email engagement and active downloading of clinical PDF resources, which positively influence predicted email engagement."
HCP1157,61.09,69.36,67.7,High,0.8854,0.8558,0.2359,0.6202,Email,"Email is recommended with 88.5% predicted likelihood because the HCP has shown strong historical email responsiveness and consistent website content browsing, which positively influence predicted email engagement."
HCP1158,64.51,61.62,62.2,Medium,0.7134,0.8214,0.2362,0.5425,Website,"Website is recommended with 82.1% predicted likelihood because the HCP has shown consistent website content browsing and recent email engagement, which positively influence predicted website engagement."
HCP1159,46.5,57.63,55.4,Medium,0.711,0.8353,0.1938,0.3683,Website,"Website is recommended with 83.5% predicted likelihood because the HCP has shown consistent website content browsing and active downloading of clinical PDF resources, which positively influence predicted website engagement."
HCP1160,40.46,64.45,59.65,Medium,0.7194,0.6322,0.5011,0.6942,Email,"Email is recommended with 71.9% predicted likelihood because the HCP has shown recent email engagement and active engagement with email links, which positively influence predicted email engagement."
HCP1161,47.26,46.14,46.37,Low,0.2937,0.664,0.2286,0.6419,Website,"Website is recommended with 66.4% predicted likelihood because the HCP has shown consistent website content browsing and sustained webinar watch duration, which positively influence predicted website engagement."
HCP1162,67.9,71.43,70.73,High,0.7658,0.8647,0.4165,0.7094,Website,"Website is recommended with 86.5% predicted likelihood because the HCP has shown consistent website content browsing and strong historical email responsiveness, which positively influence predicted website engagement."
HCP1163,76.23,71.66,72.57,High,0.8881,0.8941,0.18,0.7296,Website,"Website is recommended with 89.4% predicted likelihood because the HCP has shown consistent website content browsing and strong historical email responsiveness, which positively influence predicted website engagement."
HCP1164,62.65,69.77,68.35,High,0.8486,0.8533,0.2887,0.6471,Website,"Website is recommended with 85.3% predicted likelihood because the HCP has shown consistent website content browsing and strong historical email responsiveness, which positively influence predicted website engagement."
HCP1165,34.09,48.43,45.56,Low,0.1706,0.591,0.5091,0.77,Veeva,"Veeva is recommended with 77.0% predicted likelihood because the HCP has shown frequent representative touchpoints and high visit completion rate, which positively influence predicted veeva engagement."
HCP1166,54.06,66.01,63.62,High,0.8055,0.8561,0.5159,0.2922,Website,"Website is recommended with 85.6% predicted likelihood because the HCP has shown consistent website content browsing and frequent clinical article views, which positively influence predicted website engagement."
HCP1167,54.02,67.15,64.52,High,0.7779,0.9007,0.1933,0.6464,Website,"Website is recommended with 90.1% predicted likelihood because the HCP has shown consistent website content browsing and sustained webinar watch duration, which positively influence predicted website engagement."
HCP1168,48.98,55.27,54.01,Medium,0.6115,0.7109,0.2664,0.5137,Website,"Website is recommended with 71.1% predicted likelihood because the HCP has shown recent medical conference attendance and recent email engagement, which positively influence predicted website engagement."
HCP1169,89.83,75.26,78.17,High,0.8746,0.8771,0.5272,0.608,Website,"Website is recommended with 87.7% predicted likelihood because the HCP has shown consistent website content browsing and strong historical email responsiveness, which positively influence predicted website engagement."
HCP1170,23.44,67.56,58.74,Medium,0.8205,0.853,0.3628,0.5052,Website,"Website is recommended with 85.3% predicted likelihood because the HCP has shown active downloading of clinical PDF resources and high overall cross-channel activity, which positively influence predicted website engagement."
HCP1171,61.61,59.22,59.7,Medium,0.7632,0.563,0.4166,0.5551,Email,"Email is recommended with 76.3% predicted likelihood because the HCP has shown active engagement with email links and recent medical conference attendance, which positively influence predicted email engagement."
HCP1172,51.67,64.16,61.66,Medium,0.8648,0.6718,0.1747,0.7282,Email,"Email is recommended with 86.5% predicted likelihood because the HCP has shown strong historical email responsiveness and frequent clinical article views, which positively influence predicted email engagement."
HCP1173,35.78,63.21,57.72,Medium,0.7045,0.7242,0.2768,0.7405,Veeva,"Veeva is recommended with 74.1% predicted likelihood because the HCP has shown high visit completion rate and completed field representative visits, which positively influence predicted veeva engagement."
HCP1174,52.13,62.13,60.13,Medium,0.6828,0.74,0.4275,0.5449,Website,"Website is recommended with 74.0% predicted likelihood because the HCP has shown high overall cross-channel activity and recent medical conference attendance, which positively influence predicted website engagement."
HCP1175,18.99,34.43,31.34,Low,0.3454,0.2514,0.4172,0.4093,Webinar,"Webinar is recommended with 41.7% predicted likelihood because the HCP has shown high webinar participation consistency and sustained webinar watch duration, which positively influence predicted webinar engagement."
HCP1176,33.3,53.13,49.16,Low,0.7933,0.4861,0.2651,0.4721,Email,"Email is recommended with 79.3% predicted likelihood because the HCP has shown recent email engagement and high overall cross-channel activity, which positively influence predicted email engagement."
HCP1177,34.23,45.38,43.15,Low,0.5142,0.6712,0.129,0.3621,Website,"Website is recommended with 67.1% predicted likelihood because the HCP has shown high overall cross-channel activity and active downloading of clinical PDF resources, which positively influence predicted website engagement."
HCP1178,25.97,66.93,58.74,Medium,0.7428,0.6466,0.5352,0.7271,Email,"Email is recommended with 74.3% predicted likelihood because the HCP has shown recent email engagement and active engagement with email links, which positively influence predicted email engagement."
HCP1179,31.55,52.32,48.16,Low,0.5897,0.4934,0.2294,0.7618,Veeva,"Veeva is recommended with 76.2% predicted likelihood because the HCP has shown frequent representative touchpoints and high visit completion rate, which positively influence predicted veeva engagement."
HCP1180,38.13,67.16,61.36,Medium,0.7078,0.8116,0.508,0.5709,Website,"Website is recommended with 81.2% predicted likelihood because the HCP has shown active downloading of clinical PDF resources and consistent website content browsing, which positively influence predicted website engagement."
HCP1181,46.59,70.82,65.98,High,0.7334,0.8163,0.5114,0.7051,Website,"Website is recommended with 81.6% predicted likelihood because the HCP has shown consistent website content browsing and active downloading of clinical PDF resources, which positively influence predicted website engagement."
HCP1182,43.73,60.67,57.28,Medium,0.6951,0.8715,0.1931,0.4906,Website,"Website is recommended with 87.2% predicted likelihood because the HCP has shown consistent website content browsing and active downloading of clinical PDF resources, which positively influence predicted website engagement."
HCP1183,28.26,63.08,56.11,Medium,0.6458,0.782,0.4999,0.5123,Website,"Website is recommended with 78.2% predicted likelihood because the HCP has shown high overall cross-channel activity and active downloading of clinical PDF resources, which positively influence predicted website engagement."
HCP1184,52.1,32.71,36.59,Low,0.3946,0.228,0.2745,0.4273,Veeva,"Veeva is recommended with 42.7% predicted likelihood because the HCP has shown high email open responsiveness and face-to-face interaction history, which positively influence predicted veeva engagement."
HCP1185,49.0,61.7,59.16,Medium,0.6507,0.4874,0.7469,0.6311,Webinar,"Webinar is recommended with 74.7% predicted likelihood because the HCP has shown strong historical webinar presence and recent medical conference attendance, which positively influence predicted webinar engagement."
HCP1186,45.59,52.38,51.02,Low,0.5468,0.6084,0.1822,0.7044,Veeva,"Veeva is recommended with 70.4% predicted likelihood because the HCP has shown frequent representative touchpoints and high visit completion rate, which positively influence predicted veeva engagement."
HCP1187,19.19,48.42,42.57,Low,0.14,0.7587,0.5011,0.5717,Website,"Website is recommended with 75.9% predicted likelihood because the HCP has shown consistent website content browsing and high overall cross-channel activity, which positively influence predicted website engagement."
HCP1188,21.11,46.42,41.36,Low,0.4079,0.6194,0.129,0.6511,Veeva,"Veeva is recommended with 65.1% predicted likelihood because the HCP has shown frequent representative touchpoints and high webinar participation consistency, which positively influence predicted veeva engagement."
HCP1189,55.68,60.46,59.5,Medium,0.5425,0.82,0.677,0.3022,Website,"Website is recommended with 82.0% predicted likelihood because the HCP has shown consistent website content browsing and active downloading of clinical PDF resources, which positively influence predicted website engagement."
HCP1190,45.83,56.28,54.19,Medium,0.6257,0.6889,0.3347,0.5072,Website,"Website is recommended with 68.9% predicted likelihood because the HCP has shown high overall cross-channel activity and active downloading of clinical PDF resources, which positively influence predicted website engagement."
HCP1191,52.78,66.97,64.13,High,0.8848,0.7689,0.238,0.63,Email,"Email is recommended with 88.5% predicted likelihood because the HCP has shown recent email engagement and strong historical email responsiveness, which positively influence predicted email engagement."
HCP1192,27.53,40.1,37.58,Low,0.3563,0.4967,0.1292,0.5961,Veeva,"Veeva is recommended with 59.6% predicted likelihood because the HCP has shown high visit completion rate and completed field representative visits, which positively influence predicted veeva engagement."
HCP1193,11.23,35.32,30.5,Low,0.2603,0.4391,0.3597,0.3571,Website,"Website is recommended with 43.9% predicted likelihood because the HCP has shown active downloading of clinical PDF resources and recent representative interaction, which positively influence predicted website engagement."
HCP1194,41.41,76.47,69.45,High,0.8254,0.8969,0.4872,0.7526,Website,"Website is recommended with 89.7% predicted likelihood because the HCP has shown consistent website content browsing and strong historical email responsiveness, which positively influence predicted website engagement."
HCP1195,56.04,67.8,65.45,High,0.7477,0.8183,0.3659,0.6751,Website,"Website is recommended with 81.8% predicted likelihood because the HCP has shown consistent website content browsing and active downloading of clinical PDF resources, which positively influence predicted website engagement."
HCP1196,47.52,72.06,67.15,High,0.7287,0.8609,0.5065,0.7122,Website,"Website is recommended with 86.1% predicted likelihood because the HCP has shown consistent website content browsing and recent medical conference attendance, which positively influence predicted website engagement."
HCP1197,52.09,64.26,61.82,Medium,0.8598,0.8048,0.2558,0.4602,Email,"Email is recommended with 86.0% predicted likelihood because the HCP has shown strong historical email responsiveness and recent representative interaction, which positively influence predicted email engagement."
HCP1198,57.42,47.14,49.2,Low,0.2337,0.8677,0.2866,0.4184,Website,"Website is recommended with 86.8% predicted likelihood because the HCP has shown consistent website content browsing and frequent clinical article views, which positively influence predicted website engagement."
HCP1199,63.88,67.46,66.74,High,0.8114,0.8286,0.213,0.7,Website,"Website is recommended with 82.9% predicted likelihood because the HCP has shown consistent website content browsing and strong historical email responsiveness, which positively influence predicted website engagement."
HCP1200,37.05,67.53,61.43,Medium,0.8554,0.5725,0.4607,0.7739,Email,"Email is recommended with 85.5% predicted likelihood because the HCP has shown recent email engagement and strong historical email responsiveness, which positively influence predicted email engagement."
HCP1201,24.97,55.65,49.52,Low,0.6985,0.5615,0.134,0.7588,Veeva,"Veeva is recommended with 75.9% predicted likelihood because the HCP has shown frequent representative touchpoints and completed field representative visits, which positively influence predicted veeva engagement."
HCP1202,56.15,69.48,66.81,High,0.835,0.7981,0.4256,0.5985,Email,"Email is recommended with 83.5% predicted likelihood because the HCP has shown strong historical email responsiveness and active downloading of clinical PDF resources, which positively influence predicted email engagement."
HCP1203,33.89,57.13,52.48,Medium,0.2702,0.8289,0.4768,0.7309,Website,"Website is recommended with 82.9% predicted likelihood because the HCP has shown consistent website content browsing and high overall cross-channel activity, which positively influence predicted website engagement."
HCP1204,51.23,69.73,66.03,High,0.8158,0.8278,0.3042,0.7169,Website,"Website is recommended with 82.8% predicted likelihood because the HCP has shown consistent website content browsing and frequent clinical article views, which positively influence predicted website engagement."
HCP1205,52.08,49.11,49.7,Low,0.7778,0.4059,0.1291,0.5509,Email,"Email is recommended with 77.8% predicted likelihood because the HCP has shown strong historical email responsiveness and high overall cross-channel activity, which positively influence predicted email engagement."
HCP1206,58.17,67.6,65.72,High,0.6353,0.9138,0.3205,0.7361,Website,"Website is recommended with 91.4% predicted likelihood because the HCP has shown consistent website content browsing and sustained webinar watch duration, which positively influence predicted website engagement."
HCP1207,39.6,71.81,65.37,High,0.6096,0.8021,0.7456,0.7274,Website,"Website is recommended with 80.2% predicted likelihood because the HCP has shown consistent website content browsing and completed field representative visits, which positively influence predicted website engagement."
HCP1208,29.73,66.66,59.28,Medium,0.6301,0.7494,0.5128,0.7513,Veeva,"Veeva is recommended with 75.1% predicted likelihood because the HCP has shown frequent representative touchpoints and high visit completion rate, which positively influence predicted veeva engagement."
HCP1209,41.56,45.33,44.58,Low,0.527,0.7028,0.1323,0.2896,Website,"Website is recommended with 70.3% predicted likelihood because the HCP has shown full views of educational video content and active downloading of clinical PDF resources, which positively influence predicted website engagement."
HCP1210,52.68,75.36,70.83,High,0.7688,0.8578,0.6174,0.7108,Website,"Website is recommended with 85.8% predicted likelihood because the HCP has shown consistent website content browsing and recent medical conference attendance, which positively influence predicted website engagement."
HCP1211,34.78,34.3,34.4,Low,0.1148,0.7342,0.129,0.3125,Website,"Website is recommended with 73.4% predicted likelihood because the HCP has shown consistent website content browsing and recent portal navigation, which positively influence predicted website engagement."
HCP1212,50.17,64.65,61.75,Medium,0.8797,0.76,0.1322,0.6405,Email,"Email is recommended with 88.0% predicted likelihood because the HCP has shown strong historical email responsiveness and high email open responsiveness, which positively influence predicted email engagement."
HCP1213,42.25,44.16,43.78,Low,0.372,0.6435,0.1804,0.5043,Website,"Website is recommended with 64.3% predicted likelihood because the HCP has shown consistent website content browsing and high overall cross-channel activity, which positively influence predicted website engagement."
HCP1214,51.57,66.51,63.52,High,0.7488,0.6991,0.493,0.6606,Email,"Email is recommended with 74.9% predicted likelihood because the HCP has shown active engagement with email links and frequent clinical article views, which positively influence predicted email engagement."
HCP1215,42.59,74.02,67.74,High,0.7463,0.8369,0.6117,0.7145,Website,"Website is recommended with 83.7% predicted likelihood because the HCP has shown consistent website content browsing and high overall cross-channel activity, which positively influence predicted website engagement."
HCP1216,69.16,69.12,69.13,High,0.8723,0.9074,0.451,0.3351,Website,"Website is recommended with 90.7% predicted likelihood because the HCP has shown consistent website content browsing and strong historical email responsiveness, which positively influence predicted website engagement."
HCP1217,24.61,48.47,43.69,Low,0.3391,0.5093,0.503,0.6476,Veeva,"Veeva is recommended with 64.8% predicted likelihood because the HCP has shown frequent representative touchpoints and recent email engagement, which positively influence predicted veeva engagement."
HCP1218,63.57,75.95,73.47,High,0.8751,0.8462,0.5392,0.6763,Email,"Email is recommended with 87.5% predicted likelihood because the HCP has shown recent email engagement and strong historical email responsiveness, which positively influence predicted email engagement."
HCP1219,45.28,54.52,52.67,Medium,0.8283,0.4459,0.3041,0.5104,Email,"Email is recommended with 82.8% predicted likelihood because the HCP has shown recent email engagement and active engagement with email links, which positively influence predicted email engagement."
HCP1220,78.06,74.12,74.91,High,0.8658,0.9191,0.3124,0.7161,Website,"Website is recommended with 91.9% predicted likelihood because the HCP has shown consistent website content browsing and strong historical email responsiveness, which positively influence predicted website engagement."
HCP1221,45.82,62.19,58.92,Medium,0.6097,0.801,0.3297,0.6637,Website,"Website is recommended with 80.1% predicted likelihood because the HCP has shown consistent website content browsing and high overall cross-channel activity, which positively influence predicted website engagement."
HCP1222,49.82,60.66,58.49,Medium,0.717,0.663,0.4009,0.562,Email,"Email is recommended with 71.7% predicted likelihood because the HCP has shown strong historical email responsiveness and recent portal navigation, which positively influence predicted email engagement."
HCP1223,67.18,62.52,63.45,High,0.703,0.8118,0.2204,0.6336,Website,"Website is recommended with 81.2% predicted likelihood because the HCP has shown consistent website content browsing and sustained webinar watch duration, which positively influence predicted website engagement."
HCP1224,71.96,63.21,64.96,High,0.8157,0.8092,0.2346,0.4885,Email,"Email is recommended with 81.6% predicted likelihood because the HCP has shown recent email engagement and active downloading of clinical PDF resources, which positively influence predicted email engagement."
HCP1225,34.39,44.72,42.66,Low,0.3484,0.5001,0.5231,0.4404,Webinar,"Webinar is recommended with 52.3% predicted likelihood because the HCP has shown high webinar participation consistency and sustained webinar watch duration, which positively influence predicted webinar engagement."
HCP1226,70.63,65.53,66.55,High,0.57,0.8006,0.4841,0.7364,Website,"Website is recommended with 80.1% predicted likelihood because the HCP has shown consistent website content browsing and full views of educational video content, which positively influence predicted website engagement."
HCP1227,35.7,44.89,43.05,Low,0.4545,0.5117,0.1899,0.6052,Veeva,"Veeva is recommended with 60.5% predicted likelihood because the HCP has shown frequent representative touchpoints and completed field representative visits, which positively influence predicted veeva engagement."
HCP1228,27.46,26.75,26.89,Low,0.2053,0.2327,0.1319,0.5489,Veeva,"Veeva is recommended with 54.9% predicted likelihood because the HCP has shown high visit completion rate and completed field representative visits, which positively influence predicted veeva engagement."
HCP1229,42.75,40.25,40.75,Low,0.3475,0.4501,0.171,0.6452,Veeva,"Veeva is recommended with 64.5% predicted likelihood because the HCP has shown frequent representative touchpoints and completed field representative visits, which positively influence predicted veeva engagement."
HCP1230,39.42,48.36,46.57,Low,0.3695,0.763,0.129,0.5902,Website,"Website is recommended with 76.3% predicted likelihood because the HCP has shown high overall cross-channel activity and recent medical conference attendance, which positively influence predicted website engagement."
HCP1231,23.37,58.78,51.7,Medium,0.8442,0.211,0.6501,0.7063,Email,"Email is recommended with 84.4% predicted likelihood because the HCP has shown recent email engagement and strong historical email responsiveness, which positively influence predicted email engagement."
HCP1232,73.82,67.03,68.39,High,0.8348,0.9182,0.3904,0.3315,Website,"Website is recommended with 91.8% predicted likelihood because the HCP has shown consistent website content browsing and strong historical email responsiveness, which positively influence predicted website engagement."
HCP1233,28.43,52.51,47.7,Low,0.3172,0.8486,0.132,0.7449,Website,"Website is recommended with 84.9% predicted likelihood because the HCP has shown consistent website content browsing and frequent clinical article views, which positively influence predicted website engagement."
HCP1234,66.09,64.07,64.47,High,0.7558,0.8821,0.4243,0.3222,Website,"Website is recommended with 88.2% predicted likelihood because the HCP has shown consistent website content browsing and strong historical email responsiveness, which positively influence predicted website engagement."
HCP1235,46.07,63.76,60.22,Medium,0.8248,0.789,0.1425,0.6246,Email,"Email is recommended with 82.5% predicted likelihood because the HCP has shown strong historical email responsiveness and recent representative interaction, which positively influence predicted email engagement."
HCP1236,43.04,47.6,46.69,Low,0.3226,0.5352,0.4129,0.6805,Veeva,"Veeva is recommended with 68.0% predicted likelihood because the HCP has shown frequent representative touchpoints and completed field representative visits, which positively influence predicted veeva engagement."
HCP1237,29.57,57.66,52.04,Medium,0.4457,0.8772,0.129,0.7694,Website,"Website is recommended with 87.7% predicted likelihood because the HCP has shown consistent website content browsing and high overall cross-channel activity, which positively influence predicted website engagement."
HCP1238,55.92,68.75,66.18,High,0.8776,0.8962,0.1734,0.6031,Website,"Website is recommended with 89.6% predicted likelihood because the HCP has shown consistent website content browsing and active downloading of clinical PDF resources, which positively influence predicted website engagement."
HCP1239,37.63,80.35,71.8,High,0.8873,0.8857,0.618,0.7401,Email,"Email is recommended with 88.7% predicted likelihood because the HCP has shown recent email engagement and strong historical email responsiveness, which positively influence predicted email engagement."
HCP1240,43.64,51.1,49.61,Low,0.551,0.4811,0.4816,0.5253,Email,"Email is recommended with 55.1% predicted likelihood because the HCP has shown active engagement with email links and high email open responsiveness, which positively influence predicted email engagement."
HCP1241,43.01,63.18,59.15,Medium,0.824,0.8037,0.1291,0.5884,Email,"Email is recommended with 82.4% predicted likelihood because the HCP has shown strong historical email responsiveness and recent representative interaction, which positively influence predicted email engagement."
HCP1242,39.05,62.03,57.43,Medium,0.6912,0.75,0.2313,0.7082,Website,"Website is recommended with 75.0% predicted likelihood because the HCP has shown high overall cross-channel activity and consistent website content browsing, which positively influence predicted website engagement."
HCP1243,33.68,45.05,42.78,Low,0.6377,0.547,0.1347,0.341,Email,"Email is recommended with 63.8% predicted likelihood because the HCP has shown high email open responsiveness and recent portal navigation, which positively influence predicted email engagement."
HCP1244,47.61,54.7,53.28,Medium,0.81,0.7025,0.1317,0.3344,Email,"Email is recommended with 81.0% predicted likelihood because the HCP has shown recent email engagement and active downloading of clinical PDF resources, which positively influence predicted email engagement."
HCP1245,63.43,68.29,67.32,High,0.8426,0.8776,0.3114,0.5226,Website,"Website is recommended with 87.8% predicted likelihood because the HCP has shown consistent website content browsing and strong historical email responsiveness, which positively influence predicted website engagement."
HCP1246,19.7,41.54,37.17,Low,0.1041,0.5669,0.5011,0.5693,Veeva,"Veeva is recommended with 56.9% predicted likelihood because the HCP has shown frequent representative touchpoints and completed field representative visits, which positively influence predicted veeva engagement."
HCP1247,38.91,53.76,50.79,Low,0.4279,0.7887,0.1309,0.7322,Website,"Website is recommended with 78.9% predicted likelihood because the HCP has shown consistent website content browsing and strong historical email responsiveness, which positively influence predicted website engagement."
HCP1248,47.88,54.76,53.38,Medium,0.7766,0.5382,0.2585,0.5072,Email,"Email is recommended with 77.7% predicted likelihood because the HCP has shown active engagement with email links and recent representative interaction, which positively influence predicted email engagement."
HCP1249,52.16,55.44,54.78,Medium,0.8403,0.5283,0.3612,0.3577,Email,"Email is recommended with 84.0% predicted likelihood because the HCP has shown strong historical email responsiveness and active engagement with email links, which positively influence predicted email engagement."
HCP1250,50.83,61.28,59.19,Medium,0.8122,0.7502,0.1444,0.576,Email,"Email is recommended with 81.2% predicted likelihood because the HCP has shown frequent clinical article views and recent representative interaction, which positively influence predicted email engagement."
HCP1251,50.6,55.61,54.61,Medium,0.4326,0.8456,0.4207,0.4425,Website,"Website is recommended with 84.6% predicted likelihood because the HCP has shown consistent website content browsing and recent medical conference attendance, which positively influence predicted website engagement."
HCP1252,23.99,59.52,52.41,Medium,0.8561,0.5559,0.129,0.7289,Email,"Email is recommended with 85.6% predicted likelihood because the HCP has shown recent email engagement and strong historical email responsiveness, which positively influence predicted email engagement."
HCP1253,66.33,71.96,70.84,High,0.8864,0.8337,0.3395,0.6785,Email,"Email is recommended with 88.6% predicted likelihood because the HCP has shown strong historical email responsiveness and active downloading of clinical PDF resources, which positively influence predicted email engagement."
HCP1254,65.78,56.18,58.1,Medium,0.6113,0.864,0.2819,0.3141,Website,"Website is recommended with 86.4% predicted likelihood because the HCP has shown consistent website content browsing and strong historical email responsiveness, which positively influence predicted website engagement."
HCP1255,36.09,54.14,50.53,Low,0.3966,0.7434,0.5191,0.4778,Website,"Website is recommended with 74.3% predicted likelihood because the HCP has shown consistent website content browsing and high overall cross-channel activity, which positively influence predicted website engagement."
HCP1256,41.22,52.97,50.62,Low,0.4506,0.8487,0.2334,0.4664,Website,"Website is recommended with 84.9% predicted likelihood because the HCP has shown consistent website content browsing and active downloading of clinical PDF resources, which positively influence predicted website engagement."
HCP1257,30.02,44.06,41.25,Low,0.2298,0.5493,0.5015,0.5327,Website,"Website is recommended with 54.9% predicted likelihood because the HCP has shown recent medical conference attendance and high overall cross-channel activity, which positively influence predicted website engagement."
HCP1258,63.27,63.19,63.2,High,0.6499,0.8471,0.2505,0.6634,Website,"Website is recommended with 84.7% predicted likelihood because the HCP has shown consistent website content browsing and recent email engagement, which positively influence predicted website engagement."
HCP1259,27.27,60.29,53.68,Medium,0.7732,0.7132,0.4056,0.3792,Email,"Email is recommended with 77.3% predicted likelihood because the HCP has shown active engagement with email links and high email open responsiveness, which positively influence predicted email engagement."
HCP1260,73.29,74.82,74.51,High,0.845,0.8644,0.5412,0.6357,Website,"Website is recommended with 86.4% predicted likelihood because the HCP has shown consistent website content browsing and active downloading of clinical PDF resources, which positively influence predicted website engagement."
HCP1261,29.95,30.35,30.27,Low,0.2832,0.3084,0.129,0.5011,Veeva,"Veeva is recommended with 50.1% predicted likelihood because the HCP has shown completed field representative visits and recent email engagement, which positively influence predicted veeva engagement."
HCP1262,46.18,59.69,56.99,Medium,0.7538,0.5347,0.4151,0.6368,Email,"Email is recommended with 75.4% predicted likelihood because the HCP has shown strong historical email responsiveness and recent representative interaction, which positively influence predicted email engagement."
HCP1263,53.3,66.89,64.17,High,0.6735,0.8131,0.5011,0.6136,Website,"Website is recommended with 81.3% predicted likelihood because the HCP has shown consistent website content browsing and active downloading of clinical PDF resources, which positively influence predicted website engagement."
HCP1264,55.6,62.01,60.72,Medium,0.7132,0.7768,0.2886,0.5766,Website,"Website is recommended with 77.7% predicted likelihood because the HCP has shown consistent website content browsing and active downloading of clinical PDF resources, which positively influence predicted website engagement."
HCP1265,32.01,53.03,48.83,Low,0.8189,0.3684,0.1341,0.7368,Email,"Email is recommended with 81.9% predicted likelihood because the HCP has shown recent email engagement and active engagement with email links, which positively influence predicted email engagement."
HCP1266,18.72,39.27,35.16,Low,0.2474,0.5473,0.1325,0.6387,Veeva,"Veeva is recommended with 63.9% predicted likelihood because the HCP has shown high visit completion rate and completed field representative visits, which positively influence predicted veeva engagement."
HCP1267,43.63,59.1,56.01,Medium,0.3961,0.8576,0.4139,0.6606,Website,"Website is recommended with 85.8% predicted likelihood because the HCP has shown consistent website content browsing and active downloading of clinical PDF resources, which positively influence predicted website engagement."
HCP1268,71.89,66.06,67.23,High,0.8227,0.6352,0.4244,0.6918,Email,"Email is recommended with 82.3% predicted likelihood because the HCP has shown strong historical email responsiveness and active downloading of clinical PDF resources, which positively influence predicted email engagement."
HCP1269,37.39,43.55,42.32,Low,0.6142,0.3481,0.129,0.6049,Email,"Email is recommended with 61.4% predicted likelihood because the HCP has shown frequent clinical article views and active engagement with email links, which positively influence predicted email engagement."
HCP1270,28.98,68.28,60.42,Medium,0.7188,0.7225,0.5015,0.7505,Veeva,"Veeva is recommended with 75.1% predicted likelihood because the HCP has shown frequent representative touchpoints and completed field representative visits, which positively influence predicted veeva engagement."
HCP1271,64.45,43.49,47.68,Low,0.1414,0.6629,0.4115,0.5564,Website,"Website is recommended with 66.3% predicted likelihood because the HCP has shown consistent website content browsing and face-to-face interaction history, which positively influence predicted website engagement."
HCP1272,38.32,68.58,62.53,High,0.667,0.8127,0.5809,0.6286,Website,"Website is recommended with 81.3% predicted likelihood because the HCP has shown consistent website content browsing and high overall cross-channel activity, which positively influence predicted website engagement."
HCP1273,22.95,25.18,24.74,Low,0.1851,0.3485,0.1458,0.3129,Website,"Website is recommended with 34.8% predicted likelihood because the HCP has shown high overall cross-channel activity and active downloading of clinical PDF resources, which positively influence predicted website engagement."
HCP1274,48.02,68.17,64.14,High,0.8828,0.6886,0.4705,0.5807,Email,"Email is recommended with 88.3% predicted likelihood because the HCP has shown strong historical email responsiveness and high email open responsiveness, which positively influence predicted email engagement."
HCP1275,6.51,62.33,51.16,Medium,0.7581,0.5433,0.4205,0.7437,Email,"Email is recommended with 75.8% predicted likelihood because the HCP has shown active engagement with email links and high email open responsiveness, which positively influence predicted email engagement."
HCP1276,56.51,60.68,59.85,Medium,0.7631,0.638,0.4802,0.4522,Email,"Email is recommended with 76.3% predicted likelihood because the HCP has shown recent email engagement and strong historical email responsiveness, which positively influence predicted email engagement."
HCP1277,37.38,67.52,61.49,Medium,0.7689,0.6085,0.6031,0.7069,Email,"Email is recommended with 76.9% predicted likelihood because the HCP has shown recent email engagement and strong historical email responsiveness, which positively influence predicted email engagement."
HCP1278,61.79,62.49,62.35,Medium,0.8447,0.8246,0.2843,0.3362,Email,"Email is recommended with 84.5% predicted likelihood because the HCP has shown strong historical email responsiveness and sustained webinar watch duration, which positively influence predicted email engagement."
HCP1279,26.09,52.48,47.2,Low,0.7804,0.5226,0.3997,0.2697,Email,"Email is recommended with 78.0% predicted likelihood because the HCP has shown recent portal navigation and high overall cross-channel activity, which positively influence predicted email engagement."
HCP1280,64.46,76.94,74.45,High,0.8592,0.9133,0.5012,0.6872,Website,"Website is recommended with 91.3% predicted likelihood because the HCP has shown consistent website content browsing and recent medical conference attendance, which positively influence predicted website engagement."
HCP1281,47.9,62.99,59.97,Medium,0.737,0.6754,0.3384,0.6926,Email,"Email is recommended with 73.7% predicted likelihood because the HCP has shown recent representative interaction and recent portal navigation, which positively influence predicted email engagement."
HCP1282,51.62,61.97,59.9,Medium,0.7811,0.7136,0.3524,0.5042,Email,"Email is recommended with 78.1% predicted likelihood because the HCP has shown strong historical email responsiveness and active engagement with email links, which positively influence predicted email engagement."
HCP1283,54.1,66.22,63.8,High,0.7044,0.7895,0.4463,0.6238,Website,"Website is recommended with 79.0% predicted likelihood because the HCP has shown consistent website content browsing and strong historical email responsiveness, which positively influence predicted website engagement."
HCP1284,69.11,66.29,66.85,High,0.8966,0.8559,0.1729,0.5127,Email,"Email is recommended with 89.7% predicted likelihood because the HCP has shown recent email engagement and strong historical email responsiveness, which positively influence predicted email engagement."
HCP1285,56.75,55.1,55.43,Medium,0.8099,0.5917,0.1895,0.4632,Email,"Email is recommended with 81.0% predicted likelihood because the HCP has shown strong historical email responsiveness and recent medical conference attendance, which positively influence predicted email engagement."
HCP1286,42.76,48.69,47.5,Low,0.5824,0.4469,0.3761,0.5144,Email,"Email is recommended with 58.2% predicted likelihood because the HCP has shown active engagement with email links and high email open responsiveness, which positively influence predicted email engagement."
HCP1287,39.55,61.73,57.29,Medium,0.7344,0.6537,0.3138,0.6903,Email,"Email is recommended with 73.4% predicted likelihood because the HCP has shown strong historical email responsiveness and recent portal navigation, which positively influence predicted email engagement."
HCP1288,35.14,52.55,49.06,Low,0.775,0.5796,0.1321,0.4633,Email,"Email is recommended with 77.5% predicted likelihood because the HCP has shown recent portal navigation and high email open responsiveness, which positively influence predicted email engagement."
HCP1289,45.4,60.48,57.47,Medium,0.5992,0.725,0.4124,0.6256,Website,"Website is recommended with 72.5% predicted likelihood because the HCP has shown recent medical conference attendance and recent representative interaction, which positively influence predicted website engagement."
HCP1290,33.7,42.06,40.39,Low,0.4132,0.2869,0.5494,0.5036,Webinar,"Webinar is recommended with 54.9% predicted likelihood because the HCP has shown strong historical webinar presence and high webinar participation consistency, which positively influence predicted webinar engagement."
HCP1291,52.77,40.43,42.9,Low,0.7898,0.1949,0.2458,0.2988,Email,"Email is recommended with 79.0% predicted likelihood because the HCP has shown strong historical email responsiveness and high overall cross-channel activity, which positively influence predicted email engagement."
HCP1292,42.14,48.64,47.34,Low,0.3631,0.717,0.3516,0.4601,Website,"Website is recommended with 71.7% predicted likelihood because the HCP has shown high overall cross-channel activity and active downloading of clinical PDF resources, which positively influence predicted website engagement."
HCP1293,63.94,67.37,66.68,High,0.8815,0.9138,0.1339,0.5416,Website,"Website is recommended with 91.4% predicted likelihood because the HCP has shown consistent website content browsing and strong historical email responsiveness, which positively influence predicted website engagement."
HCP1294,36.1,35.95,35.98,Low,0.1907,0.6598,0.1743,0.3476,Website,"Website is recommended with 66.0% predicted likelihood because the HCP has shown active downloading of clinical PDF resources and frequent clinical article views, which positively influence predicted website engagement."
HCP1295,29.89,45.28,42.2,Low,0.6602,0.2733,0.2039,0.6599,Email,"Email is recommended with 66.0% predicted likelihood because the HCP has shown strong historical email responsiveness and recent medical conference attendance, which positively influence predicted email engagement."
HCP1296,30.56,61.01,54.92,Medium,0.7322,0.8406,0.1381,0.5531,Website,"Website is recommended with 84.1% predicted likelihood because the HCP has shown consistent website content browsing and high overall cross-channel activity, which positively influence predicted website engagement."
HCP1297,61.09,69.2,67.58,High,0.8925,0.833,0.2002,0.6717,Email,"Email is recommended with 89.2% predicted likelihood because the HCP has shown recent email engagement and strong historical email responsiveness, which positively influence predicted email engagement."
HCP1298,31.74,49.71,46.12,Low,0.6065,0.5314,0.4211,0.3575,Email,"Email is recommended with 60.7% predicted likelihood because the HCP has shown active engagement with email links and high email open responsiveness, which positively influence predicted email engagement."
HCP1299,66.47,68.44,68.05,High,0.8652,0.7206,0.4043,0.6391,Email,"Email is recommended with 86.5% predicted likelihood because the HCP has shown strong historical email responsiveness and active downloading of clinical PDF resources, which positively influence predicted email engagement."
HCP1300,36.77,42.15,41.07,Low,0.2813,0.6009,0.4124,0.3717,Website,"Website is recommended with 60.1% predicted likelihood because the HCP has shown active downloading of clinical PDF resources and recent email engagement, which positively influence predicted website engagement."
HCP1301,48.56,56.02,54.53,Medium,0.5278,0.7843,0.2025,0.6303,Website,"Website is recommended with 78.4% predicted likelihood because the HCP has shown consistent website content browsing and strong historical email responsiveness, which positively influence predicted website engagement."
HCP1302,38.43,64.83,59.55,Medium,0.824,0.7476,0.172,0.7121,Email,"Email is recommended with 82.4% predicted likelihood because the HCP has shown strong historical email responsiveness and sustained webinar watch duration, which positively influence predicted email engagement."
HCP1303,38.17,54.28,51.06,Low,0.6922,0.4881,0.6335,0.3102,Email,"Email is recommended with 69.2% predicted likelihood because the HCP has shown recent email engagement and active engagement with email links, which positively influence predicted email engagement."
HCP1304,39.47,40.82,40.55,Low,0.1148,0.6435,0.4211,0.4827,Website,"Website is recommended with 64.4% predicted likelihood because the HCP has shown consistent website content browsing and recent portal navigation, which positively influence predicted website engagement."
HCP1305,70.54,51.21,55.08,Medium,0.4969,0.7751,0.327,0.3254,Website,"Website is recommended with 77.5% predicted likelihood because the HCP has shown consistent website content browsing and sustained webinar watch duration, which positively influence predicted website engagement."
HCP1306,60.48,67.43,66.04,High,0.8913,0.6079,0.4207,0.7021,Email,"Email is recommended with 89.1% predicted likelihood because the HCP has shown recent email engagement and strong historical email responsiveness, which positively influence predicted email engagement."
HCP1307,14.19,28.8,25.88,Low,0.2024,0.1755,0.129,0.744,Veeva,"Veeva is recommended with 74.4% predicted likelihood because the HCP has shown frequent representative touchpoints and high visit completion rate, which positively influence predicted veeva engagement."
HCP1308,39.55,56.49,53.1,Medium,0.746,0.4519,0.5228,0.5048,Email,"Email is recommended with 74.6% predicted likelihood because the HCP has shown strong historical email responsiveness and recent email engagement, which positively influence predicted email engagement."
HCP1309,46.02,55.77,53.82,Medium,0.6465,0.5258,0.6188,0.4114,Email,"Email is recommended with 64.7% predicted likelihood because the HCP has shown recent email engagement and active engagement with email links, which positively influence predicted email engagement."
HCP1310,60.77,65.2,64.32,High,0.8368,0.7649,0.175,0.6827,Email,"Email is recommended with 83.7% predicted likelihood because the HCP has shown recent email engagement and strong historical email responsiveness, which positively influence predicted email engagement."
HCP1311,8.4,34.38,29.19,Low,0.4206,0.4295,0.129,0.3151,Website,"Website is recommended with 42.9% predicted likelihood because the HCP has shown active downloading of clinical PDF resources and recent representative interaction, which positively influence predicted website engagement."
HCP1312,51.97,77.03,72.02,High,0.8532,0.9057,0.5032,0.7103,Website,"Website is recommended with 90.6% predicted likelihood because the HCP has shown consistent website content browsing and active downloading of clinical PDF resources, which positively influence predicted website engagement."
HCP1313,31.07,61.12,55.11,Medium,0.5716,0.6919,0.4472,0.7136,Veeva,"Veeva is recommended with 71.4% predicted likelihood because the HCP has shown frequent representative touchpoints and completed field representative visits, which positively influence predicted veeva engagement."
HCP1314,42.97,49.88,48.5,Low,0.4656,0.6648,0.129,0.6696,Veeva,"Veeva is recommended with 67.0% predicted likelihood because the HCP has shown frequent representative touchpoints and recent email engagement, which positively influence predicted veeva engagement."
HCP1315,25.2,54.38,48.54,Low,0.6189,0.581,0.1718,0.7472,Veeva,"Veeva is recommended with 74.7% predicted likelihood because the HCP has shown high visit completion rate and frequent representative touchpoints, which positively influence predicted veeva engagement."
HCP1316,54.95,69.32,66.45,High,0.8789,0.9033,0.129,0.6639,Website,"Website is recommended with 90.3% predicted likelihood because the HCP has shown consistent website content browsing and strong historical email responsiveness, which positively influence predicted website engagement."
HCP1317,37.3,42.33,41.33,Low,0.8082,0.0927,0.2716,0.4936,Email,"Email is recommended with 80.8% predicted likelihood because the HCP has shown recent email engagement and high overall cross-channel activity, which positively influence predicted email engagement."
HCP1318,29.56,41.62,39.21,Low,0.4347,0.5476,0.2655,0.342,Website,"Website is recommended with 54.8% predicted likelihood because the HCP has shown active downloading of clinical PDF resources and recent medical conference attendance, which positively influence predicted website engagement."
HCP1319,40.5,67.49,62.09,Medium,0.8399,0.8212,0.2359,0.6469,Email,"Email is recommended with 84.0% predicted likelihood because the HCP has shown active engagement with email links and high email open responsiveness, which positively influence predicted email engagement."
HCP1320,43.81,58.16,55.29,Medium,0.7856,0.5778,0.1742,0.6885,Email,"Email is recommended with 78.6% predicted likelihood because the HCP has shown high email open responsiveness and consistent email open activity, which positively influence predicted email engagement."
HCP1321,55.59,72.4,69.04,High,0.8063,0.8725,0.6412,0.4607,Website,"Website is recommended with 87.3% predicted likelihood because the HCP has shown consistent website content browsing and active downloading of clinical PDF resources, which positively influence predicted website engagement."
HCP1322,61.11,58.41,58.95,Medium,0.6881,0.4711,0.4864,0.6952,Veeva,"Veeva is recommended with 69.5% predicted likelihood because the HCP has shown frequent representative touchpoints and completed field representative visits, which positively influence predicted veeva engagement."
HCP1323,25.38,62.41,55.0,Medium,0.811,0.7314,0.131,0.6758,Email,"Email is recommended with 81.1% predicted likelihood because the HCP has shown strong historical email responsiveness and recent representative interaction, which positively influence predicted email engagement."
HCP1324,53.49,68.68,65.64,High,0.7602,0.8924,0.5039,0.4512,Website,"Website is recommended with 89.2% predicted likelihood because the HCP has shown consistent website content browsing and strong historical email responsiveness, which positively influence predicted website engagement."
HCP1325,51.46,69.68,66.04,High,0.8705,0.9019,0.2374,0.5881,Website,"Website is recommended with 90.2% predicted likelihood because the HCP has shown consistent website content browsing and active downloading of clinical PDF resources, which positively influence predicted website engagement."
HCP1326,25.13,34.64,32.74,Low,0.5183,0.1276,0.3878,0.3755,Email,"Email is recommended with 51.8% predicted likelihood because the HCP has shown recent email engagement and active engagement with email links, which positively influence predicted email engagement."
HCP1327,62.71,41.94,46.09,Low,0.2149,0.7951,0.1637,0.4182,Website,"Website is recommended with 79.5% predicted likelihood because the HCP has shown consistent website content browsing and sustained webinar watch duration, which positively influence predicted website engagement."
HCP1328,70.58,61.39,63.23,High,0.7294,0.869,0.2387,0.4334,Website,"Website is recommended with 86.9% predicted likelihood because the HCP has shown consistent website content browsing and strong historical email responsiveness, which positively influence predicted website engagement."
HCP1329,48.38,46.82,47.13,Low,0.3439,0.7201,0.4153,0.3296,Website,"Website is recommended with 72.0% predicted likelihood because the HCP has shown consistent website content browsing and active downloading of clinical PDF resources, which positively influence predicted website engagement."
HCP1330,39.64,53.38,50.63,Low,0.8836,0.4327,0.132,0.5624,Email,"Email is recommended with 88.4% predicted likelihood because the HCP has shown recent email engagement and strong historical email responsiveness, which positively influence predicted email engagement."
HCP1331,21.55,47.3,42.15,Low,0.5567,0.6391,0.2449,0.3263,Website,"Website is recommended with 63.9% predicted likelihood because the HCP has shown active downloading of clinical PDF resources and high overall cross-channel activity, which positively influence predicted website engagement."
HCP1332,48.48,62.34,59.57,Medium,0.891,0.7938,0.1329,0.4566,Email,"Email is recommended with 89.1% predicted likelihood because the HCP has shown recent email engagement and strong historical email responsiveness, which positively influence predicted email engagement."
HCP1333,52.43,69.05,65.72,High,0.8469,0.793,0.5206,0.4719,Email,"Email is recommended with 84.7% predicted likelihood because the HCP has shown strong historical email responsiveness and recent email engagement, which positively influence predicted email engagement."
HCP1334,65.02,60.32,61.26,Medium,0.688,0.7811,0.237,0.5754,Website,"Website is recommended with 78.1% predicted likelihood because the HCP has shown consistent website content browsing and recent email engagement, which positively influence predicted website engagement."
HCP1335,29.57,47.62,44.01,Low,0.5491,0.592,0.1668,0.5024,Website,"Website is recommended with 59.2% predicted likelihood because the HCP has shown recent representative interaction and high overall cross-channel activity, which positively influence predicted website engagement."
HCP1336,35.93,56.76,52.59,Medium,0.6339,0.7053,0.3566,0.4726,Website,"Website is recommended with 70.5% predicted likelihood because the HCP has shown high overall cross-channel activity and active downloading of clinical PDF resources, which positively influence predicted website engagement."
HCP1337,31.02,60.51,54.61,Medium,0.754,0.6018,0.533,0.4587,Email,"Email is recommended with 75.4% predicted likelihood because the HCP has shown strong historical email responsiveness and recent representative interaction, which positively influence predicted email engagement."
HCP1338,56.44,50.74,51.88,Medium,0.2801,0.8334,0.1775,0.6892,Website,"Website is recommended with 83.3% predicted likelihood because the HCP has shown consistent website content browsing and recent medical conference attendance, which positively influence predicted website engagement."
HCP1339,83.44,70.43,73.03,High,0.8625,0.8891,0.2316,0.6625,Website,"Website is recommended with 88.9% predicted likelihood because the HCP has shown consistent website content browsing and sustained webinar watch duration, which positively influence predicted website engagement."
HCP1340,35.84,54.77,50.98,Low,0.5911,0.7564,0.1423,0.5749,Website,"Website is recommended with 75.6% predicted likelihood because the HCP has shown high overall cross-channel activity and consistent website content browsing, which positively influence predicted website engagement."
HCP1341,71.27,62.9,64.58,High,0.8364,0.6543,0.3288,0.5804,Email,"Email is recommended with 83.6% predicted likelihood because the HCP has shown recent email engagement and sustained webinar watch duration, which positively influence predicted email engagement."
HCP1342,57.88,56.21,56.54,Medium,0.8739,0.4663,0.1321,0.6681,Email,"Email is recommended with 87.4% predicted likelihood because the HCP has shown strong historical email responsiveness and active downloading of clinical PDF resources, which positively influence predicted email engagement."
HCP1343,29.7,56.19,50.89,Low,0.5509,0.8073,0.1322,0.6398,Website,"Website is recommended with 80.7% predicted likelihood because the HCP has shown consistent website content browsing and high overall cross-channel activity, which positively influence predicted website engagement."
HCP1344,47.78,61.91,59.08,Medium,0.7747,0.6669,0.4773,0.4559,Email,"Email is recommended with 77.5% predicted likelihood because the HCP has shown active downloading of clinical PDF resources and active engagement with email links, which positively influence predicted email engagement."
HCP1345,28.28,71.25,62.66,High,0.7968,0.8658,0.5029,0.5657,Website,"Website is recommended with 86.6% predicted likelihood because the HCP has shown consistent website content browsing and active downloading of clinical PDF resources, which positively influence predicted website engagement."
HCP1346,30.66,58.76,53.14,Medium,0.498,0.8271,0.3104,0.64,Website,"Website is recommended with 82.7% predicted likelihood because the HCP has shown consistent website content browsing and recent medical conference attendance, which positively influence predicted website engagement."
HCP1347,53.78,73.15,69.28,High,0.8861,0.7834,0.5317,0.6214,Email,"Email is recommended with 88.6% predicted likelihood because the HCP has shown recent email engagement and strong historical email responsiveness, which positively influence predicted email engagement."
HCP1348,40.73,55.01,52.15,Medium,0.6779,0.4262,0.3957,0.6983,Veeva,"Veeva is recommended with 69.8% predicted likelihood because the HCP has shown completed field representative visits and high visit completion rate, which positively influence predicted veeva engagement."
HCP1349,20.43,42.74,38.28,Low,0.2018,0.6111,0.2846,0.633,Veeva,"Veeva is recommended with 63.3% predicted likelihood because the HCP has shown frequent representative touchpoints and recent representative interaction, which positively influence predicted veeva engagement."
HCP1350,27.28,38.86,36.55,Low,0.326,0.199,0.4128,0.7427,Veeva,"Veeva is recommended with 74.3% predicted likelihood because the HCP has shown frequent representative touchpoints and completed field representative visits, which positively influence predicted veeva engagement."
HCP1351,44.56,61.49,58.1,Medium,0.5717,0.8037,0.3452,0.666,Website,"Website is recommended with 80.4% predicted likelihood because the HCP has shown consistent website content browsing and active downloading of clinical PDF resources, which positively influence predicted website engagement."
HCP1352,38.0,49.78,47.42,Low,0.3361,0.7663,0.2382,0.597,Website,"Website is recommended with 76.6% predicted likelihood because the HCP has shown consistent website content browsing and active downloading of clinical PDF resources, which positively influence predicted website engagement."
HCP1353,60.07,58.88,59.12,Medium,0.6936,0.6687,0.3459,0.5547,Email,"Email is recommended with 69.4% predicted likelihood because the HCP has shown high email open responsiveness and active engagement with email links, which positively influence predicted email engagement."
HCP1354,65.27,69.46,68.62,High,0.8655,0.9111,0.539,0.2692,Website,"Website is recommended with 91.1% predicted likelihood because the HCP has shown consistent website content browsing and full views of educational video content, which positively influence predicted website engagement."
HCP1355,47.57,40.11,41.6,Low,0.3831,0.5352,0.1319,0.4962,Website,"Website is recommended with 53.5% predicted likelihood because the HCP has shown active downloading of clinical PDF resources and recent portal navigation, which positively influence predicted website engagement."
HCP1356,50.14,62.49,60.02,Medium,0.7425,0.5354,0.5749,0.6328,Email,"Email is recommended with 74.2% predicted likelihood because the HCP has shown recent email engagement and recent medical conference attendance, which positively influence predicted email engagement."
HCP1357,42.1,51.09,49.3,Low,0.6974,0.4143,0.2666,0.6206,Email,"Email is recommended with 69.7% predicted likelihood because the HCP has shown strong historical email responsiveness and active engagement with email links, which positively influence predicted email engagement."
HCP1358,54.88,58.91,58.1,Medium,0.895,0.61,0.2412,0.4469,Email,"Email is recommended with 89.5% predicted likelihood because the HCP has shown recent email engagement and strong historical email responsiveness, which positively influence predicted email engagement."
HCP1359,49.13,43.05,44.27,Low,0.6994,0.1505,0.2631,0.6145,Email,"Email is recommended with 69.9% predicted likelihood because the HCP has shown recent email engagement and active engagement with email links, which positively influence predicted email engagement."
HCP1360,36.14,41.54,40.46,Low,0.4051,0.5423,0.1311,0.5247,Website,"Website is recommended with 54.2% predicted likelihood because the HCP has shown high overall cross-channel activity and active downloading of clinical PDF resources, which positively influence predicted website engagement."
HCP1361,49.3,61.26,58.87,Medium,0.6227,0.8353,0.1897,0.6862,Website,"Website is recommended with 83.5% predicted likelihood because the HCP has shown consistent website content browsing and high overall cross-channel activity, which positively influence predicted website engagement."
HCP1362,41.85,56.02,53.19,Medium,0.7838,0.6056,0.2339,0.483,Email,"Email is recommended with 78.4% predicted likelihood because the HCP has shown strong historical email responsiveness and sustained webinar watch duration, which positively influence predicted email engagement."
HCP1363,39.27,46.41,44.98,Low,0.4721,0.6492,0.3213,0.3175,Website,"Website is recommended with 64.9% predicted likelihood because the HCP has shown active downloading of clinical PDF resources and recent medical conference attendance, which positively influence predicted website engagement."
HCP1364,46.35,70.13,65.37,High,0.8878,0.8058,0.2514,0.7145,Email,"Email is recommended with 88.8% predicted likelihood because the HCP has shown recent email engagement and strong historical email responsiveness, which positively influence predicted email engagement."
HCP1365,49.56,70.9,66.63,High,0.6767,0.7587,0.6678,0.7241,Website,"Website is recommended with 75.9% predicted likelihood because the HCP has shown active downloading of clinical PDF resources and consistent website content browsing, which positively influence predicted website engagement."
HCP1366,80.41,73.11,74.57,High,0.8662,0.9115,0.3846,0.6046,Website,"Website is recommended with 91.1% predicted likelihood because the HCP has shown consistent website content browsing and strong historical email responsiveness, which positively influence predicted website engagement."
HCP1367,33.75,52.26,48.56,Low,0.5704,0.6357,0.4775,0.3265,Website,"Website is recommended with 63.6% predicted likelihood because the HCP has shown recent medical conference attendance and high overall cross-channel activity, which positively influence predicted website engagement."
HCP1368,46.35,64.15,60.59,Medium,0.8657,0.7775,0.2915,0.4515,Email,"Email is recommended with 86.6% predicted likelihood because the HCP has shown recent email engagement and strong historical email responsiveness, which positively influence predicted email engagement."
HCP1369,73.3,64.79,66.49,High,0.7408,0.8588,0.3684,0.4717,Website,"Website is recommended with 85.9% predicted likelihood because the HCP has shown consistent website content browsing and sustained webinar watch duration, which positively influence predicted website engagement."
HCP1370,59.51,67.11,65.59,High,0.8275,0.8447,0.4914,0.356,Website,"Website is recommended with 84.5% predicted likelihood because the HCP has shown consistent website content browsing and recent medical conference attendance, which positively influence predicted website engagement."
HCP1371,31.46,50.72,46.86,Low,0.5694,0.6054,0.129,0.6446,Veeva,"Veeva is recommended with 64.5% predicted likelihood because the HCP has shown completed field representative visits and high visit completion rate, which positively influence predicted veeva engagement."
HCP1372,44.56,57.82,55.17,Medium,0.6991,0.7438,0.1322,0.5945,Website,"Website is recommended with 74.4% predicted likelihood because the HCP has shown recent medical conference attendance and frequent clinical article views, which positively influence predicted website engagement."
HCP1373,25.64,53.2,47.69,Low,0.6566,0.5118,0.425,0.4824,Email,"Email is recommended with 65.7% predicted likelihood because the HCP has shown active engagement with email links and high email open responsiveness, which positively influence predicted email engagement."
HCP1374,26.81,39.87,37.26,Low,0.6759,0.2983,0.1749,0.3571,Email,"Email is recommended with 67.6% predicted likelihood because the HCP has shown high overall cross-channel activity and strong historical email responsiveness, which positively influence predicted email engagement."
HCP1375,15.44,50.7,43.65,Low,0.393,0.5493,0.4077,0.7137,Veeva,"Veeva is recommended with 71.4% predicted likelihood because the HCP has shown high visit completion rate and completed field representative visits, which positively influence predicted veeva engagement."
HCP1376,44.87,70.0,64.97,High,0.7543,0.7668,0.5073,0.7111,Website,"Website is recommended with 76.7% predicted likelihood because the HCP has shown consistent website content browsing and active downloading of clinical PDF resources, which positively influence predicted website engagement."
HCP1377,42.35,60.26,56.68,Medium,0.7244,0.7422,0.495,0.3183,Website,"Website is recommended with 74.2% predicted likelihood because the HCP has shown consistent website content browsing and frequent clinical article views, which positively influence predicted website engagement."
HCP1378,50.26,48.05,48.49,Low,0.5607,0.4204,0.2432,0.6874,Veeva,"Veeva is recommended with 68.7% predicted likelihood because the HCP has shown frequent representative touchpoints and completed field representative visits, which positively influence predicted veeva engagement."
HCP1379,45.89,67.64,63.29,High,0.6745,0.7937,0.5005,0.6793,Website,"Website is recommended with 79.4% predicted likelihood because the HCP has shown consistent website content browsing and high overall cross-channel activity, which positively influence predicted website engagement."
HCP1380,78.1,73.96,74.79,High,0.8171,0.9189,0.4727,0.6214,Website,"Website is recommended with 91.9% predicted likelihood because the HCP has shown consistent website content browsing and strong historical email responsiveness, which positively influence predicted website engagement."
HCP1381,43.77,56.55,53.99,Medium,0.7447,0.5873,0.1375,0.6922,Email,"Email is recommended with 74.5% predicted likelihood because the HCP has shown strong historical email responsiveness and high email open responsiveness, which positively influence predicted email engagement."
HCP1382,38.05,45.51,44.02,Low,0.3629,0.7956,0.174,0.3638,Website,"Website is recommended with 79.6% predicted likelihood because the HCP has shown consistent website content browsing and high overall cross-channel activity, which positively influence predicted website engagement."
HCP1383,47.6,66.46,62.69,High,0.8373,0.8673,0.1331,0.6329,Website,"Website is recommended with 86.7% predicted likelihood because the HCP has shown consistent website content browsing and active downloading of clinical PDF resources, which positively influence predicted website engagement."
HCP1384,76.75,70.07,71.41,High,0.6262,0.9125,0.5362,0.6593,Website,"Website is recommended with 91.2% predicted likelihood because the HCP has shown consistent website content browsing and strong historical email responsiveness, which positively influence predicted website engagement."
HCP1385,37.26,75.44,67.8,High,0.85,0.8729,0.4995,0.688,Website,"Website is recommended with 87.3% predicted likelihood because the HCP has shown consistent website content browsing and high overall cross-channel activity, which positively influence predicted website engagement."
HCP1386,25.86,49.47,44.75,Low,0.4466,0.6074,0.132,0.7603,Veeva,"Veeva is recommended with 76.0% predicted likelihood because the HCP has shown frequent representative touchpoints and completed field representative visits, which positively influence predicted veeva engagement."
HCP1387,55.64,64.14,62.44,High,0.8667,0.7411,0.1922,0.6031,Email,"Email is recommended with 86.7% predicted likelihood because the HCP has shown recent email engagement and high email open responsiveness, which positively influence predicted email engagement."
HCP1388,46.41,64.19,60.63,Medium,0.6819,0.8677,0.2743,0.6107,Website,"Website is recommended with 86.8% predicted likelihood because the HCP has shown consistent website content browsing and sustained webinar watch duration, which positively influence predicted website engagement."
HCP1389,48.89,63.15,60.3,Medium,0.6678,0.7883,0.5127,0.4606,Website,"Website is recommended with 78.8% predicted likelihood because the HCP has shown consistent website content browsing and active downloading of clinical PDF resources, which positively influence predicted website engagement."
HCP1390,48.11,49.27,49.04,Low,0.69,0.4669,0.3284,0.3996,Email,"Email is recommended with 69.0% predicted likelihood because the HCP has shown active engagement with email links and frequent clinical article views, which positively influence predicted email engagement."
HCP1391,65.23,70.56,69.49,High,0.845,0.8512,0.4455,0.5381,Website,"Website is recommended with 85.1% predicted likelihood because the HCP has shown consistent website content browsing and strong historical email responsiveness, which positively influence predicted website engagement."
HCP1392,42.08,40.85,41.09,Low,0.3677,0.421,0.1904,0.669,Veeva,"Veeva is recommended with 66.9% predicted likelihood because the HCP has shown frequent representative touchpoints and completed field representative visits, which positively influence predicted veeva engagement."
HCP1393,50.79,45.74,46.75,Low,0.4138,0.5176,0.2313,0.6587,Veeva,"Veeva is recommended with 65.9% predicted likelihood because the HCP has shown frequent representative touchpoints and recent email engagement, which positively influence predicted veeva engagement."
HCP1394,74.66,61.7,64.29,High,0.5538,0.8748,0.2318,0.7101,Website,"Website is recommended with 87.5% predicted likelihood because the HCP has shown consistent website content browsing and sustained webinar watch duration, which positively influence predicted website engagement."
HCP1395,40.12,40.53,40.45,Low,0.3872,0.3895,0.1328,0.7287,Veeva,"Veeva is recommended with 72.9% predicted likelihood because the HCP has shown frequent representative touchpoints and high visit completion rate, which positively influence predicted veeva engagement."
HCP1396,34.07,53.91,49.94,Low,0.841,0.3052,0.2484,0.7275,Email,"Email is recommended with 84.1% predicted likelihood because the HCP has shown strong historical email responsiveness and recent medical conference attendance, which positively influence predicted email engagement."
HCP1397,47.02,75.28,69.63,High,0.8644,0.7768,0.6276,0.6745,Email,"Email is recommended with 86.4% predicted likelihood because the HCP has shown recent email engagement and strong historical email responsiveness, which positively influence predicted email engagement."
HCP1398,42.95,57.96,54.96,Medium,0.7592,0.5908,0.2498,0.6233,Email,"Email is recommended with 75.9% predicted likelihood because the HCP has shown strong historical email responsiveness and recent representative interaction, which positively influence predicted email engagement."
HCP1399,42.08,64.65,60.14,Medium,0.6447,0.9069,0.2386,0.6665,Website,"Website is recommended with 90.7% predicted likelihood because the HCP has shown consistent website content browsing and strong historical email responsiveness, which positively influence predicted website engagement."
HCP1400,59.21,65.57,64.3,High,0.8267,0.7646,0.2684,0.623,Email,"Email is recommended with 82.7% predicted likelihood because the HCP has shown high email open responsiveness and active Q&A engagement during medical events, which positively influence predicted email engagement."
HCP1401,28.59,34.48,33.31,Low,0.2222,0.4148,0.5015,0.2671,Webinar,"Webinar is recommended with 50.1% predicted likelihood because the HCP has shown strong historical webinar presence and high webinar participation consistency, which positively influence predicted webinar engagement."
HCP1402,48.25,40.18,41.8,Low,0.3018,0.6398,0.1332,0.4636,Website,"Website is recommended with 64.0% predicted likelihood because the HCP has shown recent medical conference attendance and frequent clinical article views, which positively influence predicted website engagement."
HCP1403,52.04,69.59,66.08,High,0.8678,0.8517,0.3224,0.5778,Email,"Email is recommended with 86.8% predicted likelihood because the HCP has shown strong historical email responsiveness and high email open responsiveness, which positively influence predicted email engagement."
HCP1404,58.38,64.74,63.46,High,0.6946,0.6694,0.4938,0.6969,Veeva,"Veeva is recommended with 69.7% predicted likelihood because the HCP has shown frequent representative touchpoints and high email open responsiveness, which positively influence predicted veeva engagement."
HCP1405,32.25,44.42,41.98,Low,0.2277,0.5418,0.3988,0.6679,Veeva,"Veeva is recommended with 66.8% predicted likelihood because the HCP has shown frequent representative touchpoints and high webinar participation consistency, which positively influence predicted veeva engagement."
HCP1406,57.95,65.74,64.18,High,0.803,0.7982,0.1956,0.6895,Email,"Email is recommended with 80.3% predicted likelihood because the HCP has shown strong historical email responsiveness and frequent representative touchpoints, which positively influence predicted email engagement."
HCP1407,17.67,33.2,30.1,Low,0.6479,0.1159,0.129,0.3854,Email,"Email is recommended with 64.8% predicted likelihood because the HCP has shown recent email engagement and active engagement with email links, which positively influence predicted email engagement."
HCP1408,18.08,67.81,57.86,Medium,0.8515,0.6682,0.3467,0.7641,Email,"Email is recommended with 85.2% predicted likelihood because the HCP has shown strong historical email responsiveness and recent medical conference attendance, which positively influence predicted email engagement."
HCP1409,34.28,32.82,33.11,Low,0.219,0.4504,0.2655,0.3711,Website,"Website is recommended with 45.0% predicted likelihood because the HCP has shown high overall cross-channel activity and recent representative interaction, which positively influence predicted website engagement."
HCP1410,57.24,75.54,71.88,High,0.8643,0.8872,0.4839,0.6659,Website,"Website is recommended with 88.7% predicted likelihood because the HCP has shown consistent website content browsing and strong historical email responsiveness, which positively influence predicted website engagement."
HCP1411,42.21,46.55,45.68,Low,0.6715,0.4335,0.1947,0.4751,Email,"Email is recommended with 67.2% predicted likelihood because the HCP has shown active engagement with email links and high email open responsiveness, which positively influence predicted email engagement."
HCP1412,26.4,65.52,57.69,Medium,0.7701,0.8694,0.518,0.2986,Website,"Website is recommended with 86.9% predicted likelihood because the HCP has shown consistent website content browsing and active downloading of clinical PDF resources, which positively influence predicted website engagement."
HCP1413,51.29,58.89,57.37,Medium,0.7602,0.7601,0.1765,0.4874,Email,"Email is recommended with 76.0% predicted likelihood because the HCP has shown recent email engagement and active downloading of clinical PDF resources, which positively influence predicted email engagement."
HCP1414,32.39,40.78,39.1,Low,0.3623,0.4747,0.1877,0.596,Veeva,"Veeva is recommended with 59.6% predicted likelihood because the HCP has shown high visit completion rate and completed field representative visits, which positively influence predicted veeva engagement."
HCP1415,20.49,33.56,30.95,Low,0.255,0.3917,0.129,0.579,Veeva,"Veeva is recommended with 57.9% predicted likelihood because the HCP has shown frequent representative touchpoints and high webinar participation consistency, which positively influence predicted veeva engagement."
HCP1416,43.62,46.47,45.9,Low,0.6488,0.3283,0.1703,0.6876,Veeva,"Veeva is recommended with 68.8% predicted likelihood because the HCP has shown frequent representative touchpoints and high visit completion rate, which positively influence predicted veeva engagement."
HCP1417,74.8,69.26,70.37,High,0.8386,0.7086,0.6577,0.4844,Email,"Email is recommended with 83.9% predicted likelihood because the HCP has shown active downloading of clinical PDF resources and recent medical conference attendance, which positively influence predicted email engagement."
HCP1418,29.63,48.39,44.64,Low,0.1064,0.7436,0.4887,0.6556,Website,"Website is recommended with 74.4% predicted likelihood because the HCP has shown high overall cross-channel activity and consistent website content browsing, which positively influence predicted website engagement."
HCP1419,45.85,65.59,61.64,Medium,0.6779,0.8768,0.1733,0.774,Website,"Website is recommended with 87.7% predicted likelihood because the HCP has shown consistent website content browsing and recent medical conference attendance, which positively influence predicted website engagement."
HCP1420,59.12,68.28,66.45,High,0.8893,0.7525,0.4914,0.4597,Email,"Email is recommended with 88.9% predicted likelihood because the HCP has shown recent email engagement and strong historical email responsiveness, which positively influence predicted email engagement."
HCP1421,62.74,62.01,62.15,Medium,0.6489,0.843,0.2446,0.6177,Website,"Website is recommended with 84.3% predicted likelihood because the HCP has shown consistent website content browsing and recent medical conference attendance, which positively influence predicted website engagement."
HCP1422,47.7,68.39,64.25,High,0.7457,0.7743,0.508,0.6315,Website,"Website is recommended with 77.4% predicted likelihood because the HCP has shown consistent website content browsing and recent medical conference attendance, which positively influence predicted website engagement."
HCP1423,55.96,57.32,57.04,Medium,0.6924,0.8846,0.129,0.3713,Website,"Website is recommended with 88.5% predicted likelihood because the HCP has shown consistent website content browsing and recent medical conference attendance, which positively influence predicted website engagement."
HCP1424,46.42,41.35,42.36,Low,0.8213,0.1922,0.1781,0.3691,Email,"Email is recommended with 82.1% predicted likelihood because the HCP has shown strong historical email responsiveness and sustained webinar watch duration, which positively influence predicted email engagement."
HCP1425,53.71,55.64,55.26,Medium,0.6718,0.7537,0.1327,0.5113,Website,"Website is recommended with 75.4% predicted likelihood because the HCP has shown recent medical conference attendance and frequent clinical article views, which positively influence predicted website engagement."
HCP1426,37.42,38.98,38.67,Low,0.3159,0.5441,0.1754,0.4836,Website,"Website is recommended with 54.4% predicted likelihood because the HCP has shown high overall cross-channel activity and recent email engagement, which positively influence predicted website engagement."
HCP1427,61.61,64.55,63.96,High,0.7136,0.8778,0.1468,0.6933,Website,"Website is recommended with 87.8% predicted likelihood because the HCP has shown consistent website content browsing and recent medical conference attendance, which positively influence predicted website engagement."
HCP1428,36.48,65.52,59.71,Medium,0.7888,0.8993,0.3266,0.417,Website,"Website is recommended with 89.9% predicted likelihood because the HCP has shown consistent website content browsing and active downloading of clinical PDF resources, which positively influence predicted website engagement."
HCP1429,59.46,60.55,60.33,Medium,0.7099,0.8019,0.1746,0.585,Website,"Website is recommended with 80.2% predicted likelihood because the HCP has shown consistent website content browsing and strong historical email responsiveness, which positively influence predicted website engagement."
HCP1430,29.58,37.92,36.25,Low,0.1741,0.3676,0.5205,0.5628,Veeva,"Veeva is recommended with 56.3% predicted likelihood because the HCP has shown frequent representative touchpoints and strong historical email responsiveness, which positively influence predicted veeva engagement."
HCP1431,37.77,52.3,49.39,Low,0.3247,0.7784,0.2665,0.6938,Website,"Website is recommended with 77.8% predicted likelihood because the HCP has shown high overall cross-channel activity and recent medical conference attendance, which positively influence predicted website engagement."
HCP1432,34.19,56.11,51.72,Medium,0.6657,0.7681,0.1682,0.4865,Website,"Website is recommended with 76.8% predicted likelihood because the HCP has shown active engagement with email links and frequent clinical article views, which positively influence predicted website engagement."
HCP1433,42.79,60.03,56.58,Medium,0.5797,0.8097,0.2432,0.6742,Website,"Website is recommended with 81.0% predicted likelihood because the HCP has shown consistent website content browsing and high overall cross-channel activity, which positively influence predicted website engagement."
HCP1434,30.8,50.77,46.78,Low,0.7703,0.3944,0.131,0.6606,Email,"Email is recommended with 77.0% predicted likelihood because the HCP has shown high overall cross-channel activity and active engagement with email links, which positively influence predicted email engagement."
HCP1435,62.02,61.7,61.77,Medium,0.6111,0.848,0.2633,0.6331,Website,"Website is recommended with 84.8% predicted likelihood because the HCP has shown consistent website content browsing and recent medical conference attendance, which positively influence predicted website engagement."
HCP1436,33.86,55.0,50.77,Low,0.6002,0.7429,0.129,0.6063,Website,"Website is recommended with 74.3% predicted likelihood because the HCP has shown consistent website content browsing and high overall cross-channel activity, which positively influence predicted website engagement."
HCP1437,62.54,62.16,62.23,Medium,0.4926,0.8207,0.4188,0.719,Website,"Website is recommended with 82.1% predicted likelihood because the HCP has shown high email open responsiveness and full views of educational video content, which positively influence predicted website engagement."
HCP1438,36.6,48.85,46.4,Low,0.3058,0.7349,0.2274,0.6537,Website,"Website is recommended with 73.5% predicted likelihood because the HCP has shown consistent website content browsing and high overall cross-channel activity, which positively influence predicted website engagement."
HCP1439,9.46,45.76,38.5,Low,0.3092,0.4133,0.4892,0.7152,Veeva,"Veeva is recommended with 71.5% predicted likelihood because the HCP has shown completed field representative visits and high visit completion rate, which positively influence predicted veeva engagement."
HCP1440,39.96,64.28,59.42,Medium,0.7257,0.7942,0.2844,0.65,Website,"Website is recommended with 79.4% predicted likelihood because the HCP has shown consistent website content browsing and active downloading of clinical PDF resources, which positively influence predicted website engagement."
HCP1441,58.07,63.53,62.44,High,0.8421,0.7622,0.3343,0.4358,Email,"Email is recommended with 84.2% predicted likelihood because the HCP has shown recent email engagement and strong historical email responsiveness, which positively influence predicted email engagement."
HCP1442,46.19,31.69,34.59,Low,0.1946,0.3117,0.1719,0.653,Veeva,"Veeva is recommended with 65.3% predicted likelihood because the HCP has shown frequent representative touchpoints and completed field representative visits, which positively influence predicted veeva engagement."
HCP1443,56.36,56.64,56.58,Medium,0.8734,0.5293,0.2264,0.5014,Email,"Email is recommended with 87.3% predicted likelihood because the HCP has shown strong historical email responsiveness and recent medical conference attendance, which positively influence predicted email engagement."
HCP1444,57.09,55.79,56.05,Medium,0.4776,0.7449,0.188,0.7677,Veeva,"Veeva is recommended with 76.8% predicted likelihood because the HCP has shown frequent representative touchpoints and high visit completion rate, which positively influence predicted veeva engagement."
HCP1445,36.1,64.38,58.72,Medium,0.7954,0.5899,0.4075,0.7335,Email,"Email is recommended with 79.5% predicted likelihood because the HCP has shown strong historical email responsiveness and active downloading of clinical PDF resources, which positively influence predicted email engagement."
HCP1446,54.9,66.98,64.56,High,0.7436,0.8588,0.2742,0.6709,Website,"Website is recommended with 85.9% predicted likelihood because the HCP has shown consistent website content browsing and recent medical conference attendance, which positively influence predicted website engagement."
HCP1447,56.55,67.6,65.39,High,0.8713,0.6776,0.7209,0.3354,Email,"Email is recommended with 87.1% predicted likelihood because the HCP has shown recent email engagement and strong historical email responsiveness, which positively influence predicted email engagement."
HCP1448,45.57,42.93,43.46,Low,0.241,0.8021,0.1328,0.4489,Website,"Website is recommended with 80.2% predicted likelihood because the HCP has shown active downloading of clinical PDF resources and high overall cross-channel activity, which positively influence predicted website engagement."
HCP1449,55.33,67.08,64.73,High,0.7646,0.85,0.2725,0.6597,Website,"Website is recommended with 85.0% predicted likelihood because the HCP has shown consistent website content browsing and recent medical conference attendance, which positively influence predicted website engagement."
HCP1450,44.24,56.65,54.17,Medium,0.6701,0.8487,0.129,0.4252,Website,"Website is recommended with 84.9% predicted likelihood because the HCP has shown recent medical conference attendance and active engagement with email links, which positively influence predicted website engagement."
HCP1451,56.95,70.77,68.01,High,0.8406,0.8665,0.2388,0.7389,Website,"Website is recommended with 86.7% predicted likelihood because the HCP has shown consistent website content browsing and strong historical email responsiveness, which positively influence predicted website engagement."
HCP1452,66.48,75.5,73.7,High,0.7889,0.8997,0.5174,0.7249,Website,"Website is recommended with 90.0% predicted likelihood because the HCP has shown consistent website content browsing and strong historical email responsiveness, which positively influence predicted website engagement."
HCP1453,48.56,52.36,51.6,Medium,0.61,0.8111,0.1322,0.3541,Website,"Website is recommended with 81.1% predicted likelihood because the HCP has shown active downloading of clinical PDF resources and consistent website content browsing, which positively influence predicted website engagement."
HCP1454,47.04,61.64,58.72,Medium,0.6409,0.6505,0.532,0.6128,Website,"Website is recommended with 65.1% predicted likelihood because the HCP has shown active downloading of clinical PDF resources and high overall cross-channel activity, which positively influence predicted website engagement."
HCP1455,24.92,44.17,40.32,Low,0.7637,0.3755,0.129,0.3708,Email,"Email is recommended with 76.4% predicted likelihood because the HCP has shown recent email engagement and active engagement with email links, which positively influence predicted email engagement."
HCP1456,45.0,63.45,59.76,Medium,0.6421,0.8746,0.3388,0.5585,Website,"Website is recommended with 87.5% predicted likelihood because the HCP has shown consistent website content browsing and high overall cross-channel activity, which positively influence predicted website engagement."
HCP1457,53.98,47.17,48.53,Low,0.3305,0.6616,0.2791,0.5913,Website,"Website is recommended with 66.2% predicted likelihood because the HCP has shown recent representative interaction and recent medical conference attendance, which positively influence predicted website engagement."
HCP1458,44.42,49.13,48.19,Low,0.6927,0.5825,0.1721,0.3715,Email,"Email is recommended with 69.3% predicted likelihood because the HCP has shown frequent clinical article views and active engagement with email links, which positively influence predicted email engagement."
HCP1459,57.68,72.88,69.84,High,0.8662,0.8921,0.3641,0.6426,Website,"Website is recommended with 89.2% predicted likelihood because the HCP has shown consistent website content browsing and sustained webinar watch duration, which positively influence predicted website engagement."
HCP1460,45.68,55.22,53.31,Medium,0.6659,0.6438,0.4445,0.3518,Email,"Email is recommended with 66.6% predicted likelihood because the HCP has shown active engagement with email links and high email open responsiveness, which positively influence predicted email engagement."
HCP1461,62.14,60.9,61.15,Medium,0.899,0.6397,0.2573,0.4797,Email,"Email is recommended with 89.9% predicted likelihood because the HCP has shown recent email engagement and strong historical email responsiveness, which positively influence predicted email engagement."
HCP1462,32.3,51.9,47.98,Low,0.7042,0.4983,0.1798,0.6115,Email,"Email is recommended with 70.4% predicted likelihood because the HCP has shown active engagement with email links and high overall cross-channel activity, which positively influence predicted email engagement."
HCP1463,30.04,30.29,30.24,Low,0.424,0.1543,0.1297,0.5173,Veeva,"Veeva is recommended with 51.7% predicted likelihood because the HCP has shown completed field representative visits and recent representative interaction, which positively influence predicted veeva engagement."
HCP1464,57.9,67.66,65.71,High,0.8027,0.8397,0.456,0.4636,Website,"Website is recommended with 84.0% predicted likelihood because the HCP has shown consistent website content browsing and active engagement with email links, which positively influence predicted website engagement."
HCP1465,36.56,52.1,48.99,Low,0.449,0.7599,0.1731,0.6186,Website,"Website is recommended with 76.0% predicted likelihood because the HCP has shown consistent website content browsing and high overall cross-channel activity, which positively influence predicted website engagement."
HCP1466,57.4,47.93,49.82,Low,0.2565,0.8016,0.5065,0.3027,Website,"Website is recommended with 80.2% predicted likelihood because the HCP has shown consistent website content browsing and recent medical conference attendance, which positively influence predicted website engagement."
HCP1467,85.9,68.89,72.29,High,0.8782,0.9067,0.197,0.5699,Website,"Website is recommended with 90.7% predicted likelihood because the HCP has shown consistent website content browsing and recent portal navigation, which positively influence predicted website engagement."
HCP1468,49.56,64.2,61.27,Medium,0.8892,0.539,0.4172,0.6504,Email,"Email is recommended with 88.9% predicted likelihood because the HCP has shown strong historical email responsiveness and high email open responsiveness, which positively influence predicted email engagement."
HCP1469,70.01,71.48,71.18,High,0.7762,0.8734,0.3568,0.7427,Website,"Website is recommended with 87.3% predicted likelihood because the HCP has shown consistent website content browsing and strong historical email responsiveness, which positively influence predicted website engagement."
HCP1470,33.67,65.84,59.41,Medium,0.6714,0.7129,0.5234,0.6922,Website,"Website is recommended with 71.3% predicted likelihood because the HCP has shown strong historical email responsiveness and high overall cross-channel activity, which positively influence predicted website engagement."
HCP1471,28.81,60.22,53.94,Medium,0.8593,0.8177,0.1479,0.3474,Email,"Email is recommended with 85.9% predicted likelihood because the HCP has shown high overall cross-channel activity and active engagement with email links, which positively influence predicted email engagement."
HCP1472,42.14,37.3,38.27,Low,0.1624,0.6139,0.3485,0.3523,Website,"Website is recommended with 61.4% predicted likelihood because the HCP has shown recent email engagement and recent medical conference attendance, which positively influence predicted website engagement."
HCP1473,39.67,57.0,53.54,Medium,0.728,0.3985,0.5306,0.6298,Email,"Email is recommended with 72.8% predicted likelihood because the HCP has shown strong historical email responsiveness and recent representative interaction, which positively influence predicted email engagement."
HCP1474,55.31,68.33,65.72,High,0.8434,0.6783,0.5349,0.599,Email,"Email is recommended with 84.3% predicted likelihood because the HCP has shown strong historical email responsiveness and recent portal navigation, which positively influence predicted email engagement."
HCP1475,26.15,53.26,47.84,Low,0.4461,0.6061,0.4208,0.6641,Veeva,"Veeva is recommended with 66.4% predicted likelihood because the HCP has shown frequent representative touchpoints and consistent website content browsing, which positively influence predicted veeva engagement."
HCP1476,45.54,45.37,45.4,Low,0.438,0.5674,0.1328,0.6276,Veeva,"Veeva is recommended with 62.8% predicted likelihood because the HCP has shown frequent representative touchpoints and strong historical email responsiveness, which positively influence predicted veeva engagement."
HCP1477,64.27,65.21,65.02,High,0.8841,0.5392,0.6523,0.473,Email,"Email is recommended with 88.4% predicted likelihood because the HCP has shown recent email engagement and strong historical email responsiveness, which positively influence predicted email engagement."
HCP1478,32.81,63.24,57.15,Medium,0.8126,0.5421,0.52,0.6099,Email,"Email is recommended with 81.3% predicted likelihood because the HCP has shown strong historical email responsiveness and high email open responsiveness, which positively influence predicted email engagement."
HCP1479,48.1,77.3,71.46,High,0.7683,0.9183,0.6385,0.6964,Website,"Website is recommended with 91.8% predicted likelihood because the HCP has shown consistent website content browsing and active engagement with email links, which positively influence predicted website engagement."
HCP1480,20.78,31.42,29.29,Low,0.3076,0.3993,0.129,0.3814,Website,"Website is recommended with 39.9% predicted likelihood because the HCP has shown high overall cross-channel activity and active downloading of clinical PDF resources, which positively influence predicted website engagement."
HCP1481,32.89,65.03,58.61,Medium,0.5779,0.8299,0.4124,0.7277,Website,"Website is recommended with 83.0% predicted likelihood because the HCP has shown consistent website content browsing and high overall cross-channel activity, which positively influence predicted website engagement."
HCP1482,21.64,65.23,56.51,Medium,0.7974,0.7602,0.4682,0.4567,Email,"Email is recommended with 79.7% predicted likelihood because the HCP has shown strong historical email responsiveness and recent portal navigation, which positively influence predicted email engagement."
HCP1483,0.0,25.12,20.09,Low,0.105,0.1689,0.129,0.7161,Veeva,"Veeva is recommended with 71.6% predicted likelihood because the HCP has shown frequent representative touchpoints and completed field representative visits, which positively influence predicted veeva engagement."
HCP1484,43.11,73.38,67.32,High,0.7921,0.8558,0.6885,0.5085,Website,"Website is recommended with 85.6% predicted likelihood because the HCP has shown consistent website content browsing and active downloading of clinical PDF resources, which positively influence predicted website engagement."
HCP1485,64.63,73.22,71.5,High,0.8946,0.8853,0.4134,0.5778,Email,"Email is recommended with 89.5% predicted likelihood because the HCP has shown strong historical email responsiveness and recent email engagement, which positively influence predicted email engagement."
HCP1486,59.51,67.91,66.23,High,0.7224,0.8636,0.4356,0.5808,Website,"Website is recommended with 86.4% predicted likelihood because the HCP has shown consistent website content browsing and recent portal navigation, which positively influence predicted website engagement."
HCP1487,48.13,63.51,60.43,Medium,0.8584,0.8227,0.2789,0.3749,Email,"Email is recommended with 85.8% predicted likelihood because the HCP has shown recent email engagement and strong historical email responsiveness, which positively influence predicted email engagement."
HCP1488,40.77,54.78,51.98,Medium,0.7184,0.8165,0.1322,0.3045,Website,"Website is recommended with 81.7% predicted likelihood because the HCP has shown consistent website content browsing and high overall cross-channel activity, which positively influence predicted website engagement."
HCP1489,42.75,70.96,65.32,High,0.8422,0.8794,0.2388,0.7269,Website,"Website is recommended with 87.9% predicted likelihood because the HCP has shown consistent website content browsing and strong historical email responsiveness, which positively influence predicted website engagement."
HCP1490,33.33,58.54,53.5,Medium,0.737,0.7354,0.4335,0.285,Email,"Email is recommended with 73.7% predicted likelihood because the HCP has shown strong historical email responsiveness and recent portal navigation, which positively influence predicted email engagement."
HCP1491,25.13,56.0,49.83,Low,0.7057,0.6232,0.129,0.6778,Email,"Email is recommended with 70.6% predicted likelihood because the HCP has shown active engagement with email links and high email open responsiveness, which positively influence predicted email engagement."
HCP1492,46.62,59.12,56.62,Medium,0.7319,0.7859,0.132,0.5474,Website,"Website is recommended with 78.6% predicted likelihood because the HCP has shown consistent website content browsing and recent email engagement, which positively influence predicted website engagement."
HCP1493,46.03,48.17,47.74,Low,0.6839,0.5635,0.1772,0.3602,Email,"Email is recommended with 68.4% predicted likelihood because the HCP has shown active engagement with email links and active downloading of clinical PDF resources, which positively influence predicted email engagement."
HCP1494,36.09,43.04,41.65,Low,0.7218,0.2563,0.3452,0.3396,Email,"Email is recommended with 72.2% predicted likelihood because the HCP has shown high email open responsiveness and recent representative interaction, which positively influence predicted email engagement."
HCP1495,48.15,52.92,51.97,Medium,0.6442,0.7284,0.1292,0.4579,Website,"Website is recommended with 72.8% predicted likelihood because the HCP has shown recent medical conference attendance and recent representative interaction, which positively influence predicted website engagement."
HCP1496,58.75,76.99,73.34,High,0.8572,0.8696,0.6225,0.6367,Website,"Website is recommended with 87.0% predicted likelihood because the HCP has shown consistent website content browsing and strong historical email responsiveness, which positively influence predicted website engagement."
HCP1497,54.8,61.33,60.02,Medium,0.7224,0.8775,0.1328,0.5338,Website,"Website is recommended with 87.7% predicted likelihood because the HCP has shown consistent website content browsing and active downloading of clinical PDF resources, which positively influence predicted website engagement."
HCP1498,46.93,62.66,59.51,Medium,0.7318,0.7737,0.1904,0.6843,Website,"Website is recommended with 77.4% predicted likelihood because the HCP has shown high overall cross-channel activity and strong historical email responsiveness, which positively influence predicted website engagement."
HCP1499,37.4,54.38,50.98,Low,0.6675,0.7895,0.2577,0.2758,Website,"Website is recommended with 78.9% predicted likelihood because the HCP has shown consistent website content browsing and high overall cross-channel activity, which positively influence predicted website engagement."
HCP1500,68.99,69.64,69.51,High,0.8879,0.8414,0.2393,0.6488,Email,"Email is recommended with 88.8% predicted likelihood because the HCP has shown strong historical email responsiveness and active downloading of clinical PDF resources, which positively influence predicted email engagement."
HCP1501,19.38,24.1,23.16,Low,0.1107,0.1453,0.3167,0.5044,Veeva,"Veeva is recommended with 50.4% predicted likelihood because the HCP has shown completed field representative visits and recent email engagement, which positively influence predicted veeva engagement."
HCP1502,45.09,68.77,64.03,High,0.8981,0.8403,0.3363,0.4944,Email,"Email is recommended with 89.8% predicted likelihood because the HCP has shown recent email engagement and strong historical email responsiveness, which positively influence predicted email engagement."
HCP1503,48.28,46.74,47.05,Low,0.5108,0.464,0.132,0.7428,Veeva,"Veeva is recommended with 74.3% predicted likelihood because the HCP has shown frequent representative touchpoints and completed field representative visits, which positively influence predicted veeva engagement."
HCP1504,37.1,27.99,29.81,Low,0.1804,0.3731,0.1297,0.4394,Veeva,"Veeva is recommended with 43.9% predicted likelihood because the HCP has shown high visit completion rate and high webinar participation consistency, which positively influence predicted veeva engagement."
HCP1505,46.95,75.02,69.4,High,0.8649,0.8258,0.5494,0.6654,Email,"Email is recommended with 86.5% predicted likelihood because the HCP has shown strong historical email responsiveness and recent representative interaction, which positively influence predicted email engagement."
HCP1506,53.61,67.74,64.92,High,0.7491,0.8352,0.3632,0.6476,Website,"Website is recommended with 83.5% predicted likelihood because the HCP has shown consistent website content browsing and sustained webinar watch duration, which positively influence predicted website engagement."
HCP1507,24.03,25.76,25.41,Low,0.3026,0.0996,0.2662,0.4184,Veeva,"Veeva is recommended with 41.8% predicted likelihood because the HCP has shown completed field representative visits and recent portal navigation, which positively influence predicted veeva engagement."
HCP1508,45.49,35.02,37.12,Low,0.3303,0.3807,0.1321,0.5525,Veeva,"Veeva is recommended with 55.2% predicted likelihood because the HCP has shown frequent representative touchpoints and high webinar participation consistency, which positively influence predicted veeva engagement."
HCP1509,44.66,61.1,57.81,Medium,0.7363,0.8174,0.2435,0.4807,Website,"Website is recommended with 81.7% predicted likelihood because the HCP has shown consistent website content browsing and high overall cross-channel activity, which positively influence predicted website engagement."
HCP1510,40.55,35.3,36.35,Low,0.375,0.1585,0.4817,0.4833,Veeva,"Veeva is recommended with 48.3% predicted likelihood because the HCP has shown completed field representative visits and recent representative interaction, which positively influence predicted veeva engagement."
HCP1511,61.52,78.99,75.49,High,0.8522,0.8909,0.7712,0.5634,Website,"Website is recommended with 89.1% predicted likelihood because the HCP has shown consistent website content browsing and active downloading of clinical PDF resources, which positively influence predicted website engagement."
HCP1512,16.74,27.61,25.43,Low,0.2101,0.2698,0.129,0.5315,Veeva,"Veeva is recommended with 53.2% predicted likelihood because the HCP has shown completed field representative visits and recent representative interaction, which positively influence predicted veeva engagement."
HCP1513,33.67,34.52,34.35,Low,0.2638,0.5234,0.2115,0.3338,Website,"Website is recommended with 52.3% predicted likelihood because the HCP has shown high overall cross-channel activity and active downloading of clinical PDF resources, which positively influence predicted website engagement."
HCP1514,54.43,73.22,69.46,High,0.8324,0.9106,0.4747,0.5716,Website,"Website is recommended with 91.1% predicted likelihood because the HCP has shown consistent website content browsing and recent medical conference attendance, which positively influence predicted website engagement."
HCP1515,41.3,56.65,53.58,Medium,0.7384,0.6054,0.1453,0.6715,Email,"Email is recommended with 73.8% predicted likelihood because the HCP has shown strong historical email responsiveness and active engagement with email links, which positively influence predicted email engagement."
HCP1516,32.87,33.41,33.3,Low,0.11,0.3002,0.4436,0.6119,Veeva,"Veeva is recommended with 61.2% predicted likelihood because the HCP has shown frequent representative touchpoints and recent portal navigation, which positively influence predicted veeva engagement."
HCP1517,33.33,41.83,40.13,Low,0.2198,0.5494,0.2382,0.6995,Veeva,"Veeva is recommended with 69.9% predicted likelihood because the HCP has shown frequent representative touchpoints and recent representative interaction, which positively influence predicted veeva engagement."
HCP1518,71.88,70.01,70.39,High,0.8781,0.8913,0.2213,0.6252,Website,"Website is recommended with 89.1% predicted likelihood because the HCP has shown consistent website content browsing and strong historical email responsiveness, which positively influence predicted website engagement."
HCP1519,72.56,68.79,69.55,High,0.8321,0.7915,0.3055,0.6986,Email,"Email is recommended with 83.2% predicted likelihood because the HCP has shown strong historical email responsiveness and active downloading of clinical PDF resources, which positively influence predicted email engagement."
HCP1520,32.51,36.54,35.74,Low,0.2287,0.5421,0.129,0.542,Website,"Website is recommended with 54.2% predicted likelihood because the HCP has shown high overall cross-channel activity and recent medical conference attendance, which positively influence predicted website engagement."
HCP1521,41.03,44.25,43.61,Low,0.3388,0.7082,0.1694,0.4728,Website,"Website is recommended with 70.8% predicted likelihood because the HCP has shown consistent website content browsing and active downloading of clinical PDF resources, which positively influence predicted website engagement."
HCP1522,46.98,56.94,54.95,Medium,0.7605,0.7583,0.2813,0.2876,Email,"Email is recommended with 76.1% predicted likelihood because the HCP has shown recent email engagement and active engagement with email links, which positively influence predicted email engagement."
HCP1523,33.69,57.8,52.98,Medium,0.676,0.6967,0.3452,0.4857,Website,"Website is recommended with 69.7% predicted likelihood because the HCP has shown consistent website content browsing and frequent clinical article views, which positively influence predicted website engagement."
HCP1524,51.72,67.48,64.33,High,0.7956,0.8441,0.4161,0.4984,Website,"Website is recommended with 84.4% predicted likelihood because the HCP has shown consistent website content browsing and strong historical email responsiveness, which positively influence predicted website engagement."
HCP1525,67.59,74.84,73.39,High,0.9019,0.9184,0.2948,0.7171,Website,"Website is recommended with 91.8% predicted likelihood because the HCP has shown consistent website content browsing and strong historical email responsiveness, which positively influence predicted website engagement."
HCP1526,36.41,68.47,62.06,Medium,0.6877,0.8487,0.4561,0.6628,Website,"Website is recommended with 84.9% predicted likelihood because the HCP has shown consistent website content browsing and high overall cross-channel activity, which positively influence predicted website engagement."
HCP1527,61.95,59.09,59.66,Medium,0.459,0.7938,0.5356,0.5395,Website,"Website is recommended with 79.4% predicted likelihood because the HCP has shown consistent website content browsing and strong historical email responsiveness, which positively influence predicted website engagement."
HCP1528,59.85,73.02,70.39,High,0.7579,0.8601,0.5111,0.713,Website,"Website is recommended with 86.0% predicted likelihood because the HCP has shown consistent website content browsing and recent medical conference attendance, which positively influence predicted website engagement."
HCP1529,33.91,51.35,47.86,Low,0.5692,0.6307,0.1288,0.6386,Veeva,"Veeva is recommended with 63.9% predicted likelihood because the HCP has shown high visit completion rate and completed field representative visits, which positively influence predicted veeva engagement."
HCP1530,45.72,34.4,36.66,Low,0.4732,0.3536,0.1323,0.3473,Email,"Email is recommended with 47.3% predicted likelihood because the HCP has shown frequent clinical article views and high email open responsiveness, which positively influence predicted email engagement."
HCP1531,67.36,69.26,68.88,High,0.8469,0.9066,0.1468,0.686,Website,"Website is recommended with 90.7% predicted likelihood because the HCP has shown consistent website content browsing and strong historical email responsiveness, which positively influence predicted website engagement."
HCP1532,49.85,55.65,54.49,Medium,0.674,0.8278,0.1753,0.3547,Website,"Website is recommended with 82.8% predicted likelihood because the HCP has shown consistent website content browsing and sustained webinar watch duration, which positively influence predicted website engagement."
HCP1533,58.57,71.24,68.71,High,0.8662,0.8482,0.2639,0.7266,Email,"Email is recommended with 86.6% predicted likelihood because the HCP has shown strong historical email responsiveness and high email open responsiveness, which positively influence predicted email engagement."
HCP1534,63.94,65.21,64.96,High,0.8044,0.898,0.1971,0.5098,Website,"Website is recommended with 89.8% predicted likelihood because the HCP has shown consistent website content browsing and active downloading of clinical PDF resources, which positively influence predicted website engagement."
HCP1535,77.79,79.24,78.95,High,0.8313,0.8642,0.8111,0.6077,Website,"Website is recommended with 86.4% predicted likelihood because the HCP has shown consistent website content browsing and recent representative interaction, which positively influence predicted website engagement."
HCP1536,42.38,48.56,47.32,Low,0.6639,0.3217,0.3898,0.5597,Email,"Email is recommended with 66.4% predicted likelihood because the HCP has shown recent email engagement and active engagement with email links, which positively influence predicted email engagement."
HCP1537,37.59,67.42,61.45,Medium,0.8855,0.8106,0.1291,0.6977,Email,"Email is recommended with 88.6% predicted likelihood because the HCP has shown recent email engagement and active engagement with email links, which positively influence predicted email engagement."
HCP1538,58.99,68.58,66.66,High,0.7152,0.8814,0.4194,0.6146,Website,"Website is recommended with 88.1% predicted likelihood because the HCP has shown consistent website content browsing and active downloading of clinical PDF resources, which positively influence predicted website engagement."
HCP1539,48.55,50.76,50.32,Low,0.743,0.3482,0.3346,0.5666,Email,"Email is recommended with 74.3% predicted likelihood because the HCP has shown sustained webinar watch duration and active engagement with email links, which positively influence predicted email engagement."
HCP1540,54.91,69.67,66.71,High,0.8802,0.8797,0.2117,0.6317,Email,"Email is recommended with 88.0% predicted likelihood because the HCP has shown recent email engagement and strong historical email responsiveness, which positively influence predicted email engagement."
HCP1541,33.19,70.88,63.34,High,0.7065,0.8643,0.4912,0.6964,Website,"Website is recommended with 86.4% predicted likelihood because the HCP has shown consistent website content browsing and high overall cross-channel activity, which positively influence predicted website engagement."
HCP1542,50.9,64.07,61.43,Medium,0.6967,0.8658,0.1752,0.6846,Website,"Website is recommended with 86.6% predicted likelihood because the HCP has shown consistent website content browsing and active downloading of clinical PDF resources, which positively influence predicted website engagement."
HCP1543,20.47,31.7,29.46,Low,0.237,0.2595,0.1722,0.6681,Veeva,"Veeva is recommended with 66.8% predicted likelihood because the HCP has shown frequent representative touchpoints and completed field representative visits, which positively influence predicted veeva engagement."
HCP1544,26.21,55.0,49.25,Low,0.3832,0.7015,0.4123,0.7108,Veeva,"Veeva is recommended with 71.1% predicted likelihood because the HCP has shown frequent representative touchpoints and completed field representative visits, which positively influence predicted veeva engagement."
HCP1545,30.71,61.63,55.45,Medium,0.6794,0.7979,0.129,0.7366,Website,"Website is recommended with 79.8% predicted likelihood because the HCP has shown consistent website content browsing and active downloading of clinical PDF resources, which positively influence predicted website engagement."
HCP1546,26.51,57.88,51.61,Medium,0.2858,0.8417,0.5208,0.6821,Website,"Website is recommended with 84.2% predicted likelihood because the HCP has shown active downloading of clinical PDF resources and consistent website content browsing, which positively influence predicted website engagement."
HCP1547,76.48,74.72,75.07,High,0.8661,0.8616,0.4241,0.7205,Email,"Email is recommended with 86.6% predicted likelihood because the HCP has shown strong historical email responsiveness and consistent website content browsing, which positively influence predicted email engagement."
HCP1548,45.37,48.12,47.57,Low,0.2621,0.8674,0.2383,0.4736,Website,"Website is recommended with 86.7% predicted likelihood because the HCP has shown consistent website content browsing and high overall cross-channel activity, which positively influence predicted website engagement."
HCP1549,95.99,75.93,79.94,High,0.8936,0.9133,0.4038,0.6823,Website,"Website is recommended with 91.3% predicted likelihood because the HCP has shown consistent website content browsing and strong historical email responsiveness, which positively influence predicted website engagement."
HCP1550,55.76,54.14,54.47,Medium,0.3942,0.7841,0.2487,0.691,Website,"Website is recommended with 78.4% predicted likelihood because the HCP has shown consistent website content browsing and active engagement with email links, which positively influence predicted website engagement."
HCP1551,68.35,71.22,70.65,High,0.8836,0.842,0.3772,0.5957,Email,"Email is recommended with 88.4% predicted likelihood because the HCP has shown strong historical email responsiveness and active downloading of clinical PDF resources, which positively influence predicted email engagement."
HCP1552,49.91,53.47,52.76,Medium,0.5243,0.7871,0.2557,0.4507,Website,"Website is recommended with 78.7% predicted likelihood because the HCP has shown consistent website content browsing and active downloading of clinical PDF resources, which positively influence predicted website engagement."
HCP1553,74.25,78.7,77.81,High,0.8343,0.876,0.6143,0.755,Website,"Website is recommended with 87.6% predicted likelihood because the HCP has shown consistent website content browsing and strong historical email responsiveness, which positively influence predicted website engagement."
HCP1554,74.82,63.94,66.12,High,0.7391,0.8915,0.1344,0.6167,Website,"Website is recommended with 89.2% predicted likelihood because the HCP has shown consistent website content browsing and full views of educational video content, which positively influence predicted website engagement."
HCP1555,44.85,52.79,51.2,Medium,0.5276,0.8424,0.1298,0.4546,Website,"Website is recommended with 84.2% predicted likelihood because the HCP has shown consistent website content browsing and active downloading of clinical PDF resources, which positively influence predicted website engagement."
HCP1556,37.96,47.2,45.36,Low,0.4182,0.5267,0.5294,0.4135,Webinar,"Webinar is recommended with 52.9% predicted likelihood because the HCP has shown high webinar participation consistency and sustained webinar watch duration, which positively influence predicted webinar engagement."
HCP1557,54.38,65.83,63.54,High,0.8848,0.6952,0.2654,0.6563,Email,"Email is recommended with 88.5% predicted likelihood because the HCP has shown recent email engagement and strong historical email responsiveness, which positively influence predicted email engagement."
HCP1558,35.85,52.23,48.96,Low,0.7438,0.3426,0.4946,0.4874,Email,"Email is recommended with 74.4% predicted likelihood because the HCP has shown active engagement with email links and consistent email open activity, which positively influence predicted email engagement."
HCP1559,26.78,41.07,38.21,Low,0.647,0.2479,0.133,0.5781,Email,"Email is recommended with 64.7% predicted likelihood because the HCP has shown active engagement with email links and high overall cross-channel activity, which positively influence predicted email engagement."
HCP1560,62.11,69.56,68.07,High,0.8222,0.8401,0.2696,0.7149,Website,"Website is recommended with 84.0% predicted likelihood because the HCP has shown consistent website content browsing and strong historical email responsiveness, which positively influence predicted website engagement."
HCP1561,44.39,46.87,46.37,Low,0.6366,0.522,0.2467,0.3587,Email,"Email is recommended with 63.7% predicted likelihood because the HCP has shown recent email engagement and active engagement with email links, which positively influence predicted email engagement."
HCP1562,17.87,24.26,22.98,Low,0.1024,0.1347,0.3528,0.5047,Veeva,"Veeva is recommended with 50.5% predicted likelihood because the HCP has shown completed field representative visits and high webinar participation consistency, which positively influence predicted veeva engagement."
HCP1563,40.57,61.47,57.29,Medium,0.7664,0.5316,0.4914,0.6349,Email,"Email is recommended with 76.6% predicted likelihood because the HCP has shown strong historical email responsiveness and active engagement with email links, which positively influence predicted email engagement."
HCP1564,82.67,69.36,72.02,High,0.7687,0.917,0.2133,0.7262,Website,"Website is recommended with 91.7% predicted likelihood because the HCP has shown consistent website content browsing and sustained webinar watch duration, which positively influence predicted website engagement."
HCP1565,37.01,63.19,57.96,Medium,0.5383,0.8721,0.5961,0.448,Website,"Website is recommended with 87.2% predicted likelihood because the HCP has shown consistent website content browsing and high overall cross-channel activity, which positively influence predicted website engagement."
HCP1566,47.91,57.78,55.8,Medium,0.4742,0.6834,0.5624,0.59,Website,"Website is recommended with 68.3% predicted likelihood because the HCP has shown recent medical conference attendance and high overall cross-channel activity, which positively influence predicted website engagement."
HCP1567,69.35,60.56,62.32,Medium,0.8771,0.5201,0.438,0.4942,Email,"Email is recommended with 87.7% predicted likelihood because the HCP has shown strong historical email responsiveness and recent medical conference attendance, which positively influence predicted email engagement."
HCP1568,60.84,67.07,65.82,High,0.8383,0.8295,0.3646,0.487,Email,"Email is recommended with 83.8% predicted likelihood because the HCP has shown recent email engagement and strong historical email responsiveness, which positively influence predicted email engagement."
HCP1569,52.24,67.45,64.41,High,0.8343,0.6537,0.487,0.6533,Email,"Email is recommended with 83.4% predicted likelihood because the HCP has shown strong historical email responsiveness and consistent email open activity, which positively influence predicted email engagement."
HCP1570,25.22,59.28,52.47,Medium,0.6054,0.8228,0.1289,0.6929,Website,"Website is recommended with 82.3% predicted likelihood because the HCP has shown consistent website content browsing and active downloading of clinical PDF resources, which positively influence predicted website engagement."
HCP1571,35.98,52.7,49.36,Low,0.8078,0.4589,0.2328,0.5022,Email,"Email is recommended with 80.8% predicted likelihood because the HCP has shown strong historical email responsiveness and recent representative interaction, which positively influence predicted email engagement."
HCP1572,62.58,75.78,73.14,High,0.8551,0.8246,0.5533,0.7163,Email,"Email is recommended with 85.5% predicted likelihood because the HCP has shown strong historical email responsiveness and consistent website content browsing, which positively influence predicted email engagement."
HCP1573,74.52,64.21,66.27,High,0.7334,0.8626,0.1929,0.6237,Website,"Website is recommended with 86.3% predicted likelihood because the HCP has shown consistent website content browsing and strong historical email responsiveness, which positively influence predicted website engagement."
HCP1574,32.19,64.93,58.38,Medium,0.8055,0.7451,0.4045,0.5164,Email,"Email is recommended with 80.5% predicted likelihood because the HCP has shown strong historical email responsiveness and consistent email open activity, which positively influence predicted email engagement."
HCP1575,74.64,68.83,69.99,High,0.7999,0.9138,0.2165,0.6543,Website,"Website is recommended with 91.4% predicted likelihood because the HCP has shown consistent website content browsing and strong historical email responsiveness, which positively influence predicted website engagement."
HCP1576,82.19,77.36,78.32,High,0.9034,0.9117,0.4213,0.724,Website,"Website is recommended with 91.2% predicted likelihood because the HCP has shown consistent website content browsing and strong historical email responsiveness, which positively influence predicted website engagement."
HCP1577,64.68,70.56,69.38,High,0.8793,0.8513,0.2291,0.7028,Email,"Email is recommended with 87.9% predicted likelihood because the HCP has shown strong historical email responsiveness and consistent website content browsing, which positively influence predicted email engagement."
HCP1578,72.77,64.6,66.23,High,0.8445,0.8478,0.3191,0.3725,Website,"Website is recommended with 84.8% predicted likelihood because the HCP has shown consistent website content browsing and strong historical email responsiveness, which positively influence predicted website engagement."
HCP1579,62.55,67.45,66.47,High,0.8636,0.9089,0.1456,0.5681,Website,"Website is recommended with 90.9% predicted likelihood because the HCP has shown consistent website content browsing and strong historical email responsiveness, which positively influence predicted website engagement."
HCP1580,35.82,33.7,34.13,Low,0.3444,0.3063,0.2388,0.4703,Veeva,"Veeva is recommended with 47.0% predicted likelihood because the HCP has shown frequent representative touchpoints and recent email engagement, which positively influence predicted veeva engagement."
HCP1581,28.37,56.57,50.93,Low,0.4581,0.6631,0.5068,0.6402,Website,"Website is recommended with 66.3% predicted likelihood because the HCP has shown recent representative interaction and recent medical conference attendance, which positively influence predicted website engagement."
HCP1582,58.94,62.83,62.05,Medium,0.8676,0.6531,0.2265,0.6339,Email,"Email is recommended with 86.8% predicted likelihood because the HCP has shown recent email engagement and strong historical email responsiveness, which positively influence predicted email engagement."
HCP1583,56.79,59.02,58.58,Medium,0.7791,0.8009,0.216,0.3651,Website,"Website is recommended with 80.1% predicted likelihood because the HCP has shown consistent website content browsing and recent email engagement, which positively influence predicted website engagement."
HCP1584,56.58,66.56,64.56,High,0.7454,0.8598,0.2367,0.6833,Website,"Website is recommended with 86.0% predicted likelihood because the HCP has shown consistent website content browsing and active engagement with email links, which positively influence predicted website engagement."
HCP1585,57.21,73.71,70.41,High,0.899,0.8639,0.317,0.7243,Email,"Email is recommended with 89.9% predicted likelihood because the HCP has shown recent email engagement and strong historical email responsiveness, which positively influence predicted email engagement."
HCP1586,37.02,51.71,48.77,Low,0.4102,0.8183,0.2714,0.4714,Website,"Website is recommended with 81.8% predicted likelihood because the HCP has shown high overall cross-channel activity and consistent website content browsing, which positively influence predicted website engagement."
HCP1587,36.52,61.22,56.28,Medium,0.7889,0.6359,0.4496,0.4742,Email,"Email is recommended with 78.9% predicted likelihood because the HCP has shown strong historical email responsiveness and active engagement with email links, which positively influence predicted email engagement."
HCP1588,55.88,54.32,54.63,Medium,0.5472,0.8642,0.2501,0.3487,Website,"Website is recommended with 86.4% predicted likelihood because the HCP has shown consistent website content browsing and strong historical email responsiveness, which positively influence predicted website engagement."
HCP1589,52.97,67.96,64.96,High,0.8356,0.753,0.5112,0.5037,Email,"Email is recommended with 83.6% predicted likelihood because the HCP has shown strong historical email responsiveness and high email open responsiveness, which positively influence predicted email engagement."
HCP1590,41.93,64.89,60.29,Medium,0.6051,0.8521,0.3537,0.7046,Website,"Website is recommended with 85.2% predicted likelihood because the HCP has shown consistent website content browsing and high overall cross-channel activity, which positively influence predicted website engagement."
HCP1591,45.53,60.41,57.43,Medium,0.9009,0.634,0.1322,0.5857,Email,"Email is recommended with 90.1% predicted likelihood because the HCP has shown recent email engagement and strong historical email responsiveness, which positively influence predicted email engagement."
HCP1592,50.98,53.17,52.73,Medium,0.5223,0.6943,0.173,0.6604,Website,"Website is recommended with 69.4% predicted likelihood because the HCP has shown high overall cross-channel activity and strong historical email responsiveness, which positively influence predicted website engagement."
HCP1593,47.23,50.73,50.03,Low,0.549,0.6578,0.129,0.5972,Website,"Website is recommended with 65.8% predicted likelihood because the HCP has shown recent medical conference attendance and frequent clinical article views, which positively influence predicted website engagement."
HCP1594,39.65,46.21,44.9,Low,0.8468,0.3198,0.1328,0.428,Email,"Email is recommended with 84.7% predicted likelihood because the HCP has shown recent email engagement and strong historical email responsiveness, which positively influence predicted email engagement."
HCP1595,23.77,47.69,42.9,Low,0.3605,0.6957,0.1292,0.6708,Website,"Website is recommended with 69.6% predicted likelihood because the HCP has shown consistent website content browsing and high overall cross-channel activity, which positively influence predicted website engagement."
HCP1596,38.32,65.17,59.8,Medium,0.864,0.7915,0.129,0.6464,Email,"Email is recommended with 86.4% predicted likelihood because the HCP has shown recent email engagement and strong historical email responsiveness, which positively influence predicted email engagement."
HCP1597,64.88,75.8,73.62,High,0.8869,0.8908,0.3507,0.7725,Website,"Website is recommended with 89.1% predicted likelihood because the HCP has shown consistent website content browsing and strong historical email responsiveness, which positively influence predicted website engagement."
HCP1598,22.26,33.01,30.86,Low,0.3002,0.2294,0.1308,0.7256,Veeva,"Veeva is recommended with 72.6% predicted likelihood because the HCP has shown high visit completion rate and completed field representative visits, which positively influence predicted veeva engagement."
HCP1599,80.02,71.46,73.17,High,0.8782,0.8798,0.1954,0.7408,Website,"Website is recommended with 88.0% predicted likelihood because the HCP has shown consistent website content browsing and strong historical email responsiveness, which positively influence predicted website engagement."
HCP1600,62.67,70.75,69.13,High,0.8419,0.908,0.2538,0.6587,Website,"Website is recommended with 90.8% predicted likelihood because the HCP has shown consistent website content browsing and strong historical email responsiveness, which positively influence predicted website engagement."
HCP1601,45.87,51.75,50.58,Low,0.7695,0.4437,0.2678,0.5001,Email,"Email is recommended with 77.0% predicted likelihood because the HCP has shown strong historical email responsiveness and recent representative interaction, which positively influence predicted email engagement."
HCP1602,35.36,62.11,56.76,Medium,0.8683,0.7031,0.1319,0.6166,Email,"Email is recommended with 86.8% predicted likelihood because the HCP has shown recent email engagement and strong historical email responsiveness, which positively influence predicted email engagement."
HCP1603,44.63,53.94,52.08,Medium,0.508,0.8389,0.1753,0.5015,Website,"Website is recommended with 83.9% predicted likelihood because the HCP has shown recent medical conference attendance and active engagement with email links, which positively influence predicted website engagement."
HCP1604,59.27,69.09,67.13,High,0.8337,0.867,0.1869,0.7168,Website,"Website is recommended with 86.7% predicted likelihood because the HCP has shown consistent website content browsing and active downloading of clinical PDF resources, which positively influence predicted website engagement."
HCP1605,34.21,34.5,34.44,Low,0.2169,0.3662,0.4015,0.4489,Veeva,"Veeva is recommended with 44.9% predicted likelihood because the HCP has shown recent email engagement and high webinar participation consistency, which positively influence predicted veeva engagement."
HCP1606,69.09,68.92,68.95,High,0.8556,0.8681,0.2856,0.5747,Website,"Website is recommended with 86.8% predicted likelihood because the HCP has shown consistent website content browsing and strong historical email responsiveness, which positively influence predicted website engagement."
HCP1607,54.67,62.68,61.08,Medium,0.6305,0.8452,0.4804,0.4401,Website,"Website is recommended with 84.5% predicted likelihood because the HCP has shown consistent website content browsing and full views of educational video content, which positively influence predicted website engagement."
HCP1608,39.23,58.53,54.67,Medium,0.5048,0.856,0.4238,0.4616,Website,"Website is recommended with 85.6% predicted likelihood because the HCP has shown consistent website content browsing and active downloading of clinical PDF resources, which positively influence predicted website engagement."
HCP1609,46.12,61.44,58.38,Medium,0.8895,0.5369,0.4637,0.4688,Email,"Email is recommended with 88.9% predicted likelihood because the HCP has shown recent email engagement and strong historical email responsiveness, which positively influence predicted email engagement."
HCP1610,55.75,48.53,49.98,Low,0.3376,0.792,0.2777,0.4545,Website,"Website is recommended with 79.2% predicted likelihood because the HCP has shown consistent website content browsing and frequent clinical article views, which positively influence predicted website engagement."
HCP1611,44.59,44.01,44.13,Low,0.5684,0.4574,0.2754,0.3865,Email,"Email is recommended with 56.8% predicted likelihood because the HCP has shown recent email engagement and active engagement with email links, which positively influence predicted email engagement."
HCP1612,22.05,51.09,45.28,Low,0.7929,0.1698,0.343,0.7672,Email,"Email is recommended with 79.3% predicted likelihood because the HCP has shown active engagement with email links and high email open responsiveness, which positively influence predicted email engagement."
HCP1613,49.23,38.13,40.35,Low,0.1982,0.5721,0.2798,0.4716,Website,"Website is recommended with 57.2% predicted likelihood because the HCP has shown recent medical conference attendance and recent representative interaction, which positively influence predicted website engagement."
HCP1614,31.04,50.19,46.36,Low,0.6577,0.5827,0.172,0.4769,Email,"Email is recommended with 65.8% predicted likelihood because the HCP has shown strong historical email responsiveness and sustained webinar watch duration, which positively influence predicted email engagement."
HCP1615,19.68,43.09,38.41,Low,0.4278,0.4431,0.1318,0.7163,Veeva,"Veeva is recommended with 71.6% predicted likelihood because the HCP has shown high visit completion rate and completed field representative visits, which positively influence predicted veeva engagement."
HCP1616,42.31,51.19,49.41,Low,0.5995,0.6879,0.1323,0.4958,Website,"Website is recommended with 68.8% predicted likelihood because the HCP has shown recent medical conference attendance and sustained webinar watch duration, which positively influence predicted website engagement."
HCP1617,65.8,66.95,66.72,High,0.8778,0.866,0.2932,0.4386,Email,"Email is recommended with 87.8% predicted likelihood because the HCP has shown recent email engagement and consistent website content browsing, which positively influence predicted email engagement."
HCP1618,59.04,73.67,70.74,High,0.9005,0.8876,0.5173,0.4838,Email,"Email is recommended with 90.1% predicted likelihood because the HCP has shown recent email engagement and strong historical email responsiveness, which positively influence predicted email engagement."
HCP1619,59.53,73.28,70.53,High,0.8549,0.8766,0.3971,0.6698,Website,"Website is recommended with 87.7% predicted likelihood because the HCP has shown consistent website content browsing and active downloading of clinical PDF resources, which positively influence predicted website engagement."
HCP1620,37.04,64.2,58.77,Medium,0.6694,0.7886,0.4969,0.5262,Website,"Website is recommended with 78.9% predicted likelihood because the HCP has shown high overall cross-channel activity and recent medical conference attendance, which positively influence predicted website engagement."
HCP1621,61.25,74.62,71.94,High,0.8707,0.8153,0.5065,0.6955,Email,"Email is recommended with 87.1% predicted likelihood because the HCP has shown strong historical email responsiveness and active downloading of clinical PDF resources, which positively influence predicted email engagement."
HCP1622,51.18,79.9,74.16,High,0.877,0.9165,0.6101,0.6946,Website,"Website is recommended with 91.7% predicted likelihood because the HCP has shown consistent website content browsing and strong historical email responsiveness, which positively influence predicted website engagement."
HCP1623,40.66,27.81,30.38,Low,0.194,0.1979,0.4987,0.3039,Webinar,"Webinar is recommended with 49.9% predicted likelihood because the HCP has shown high webinar participation consistency and sustained webinar watch duration, which positively influence predicted webinar engagement."
HCP1624,40.6,43.68,43.06,Low,0.1475,0.8431,0.1328,0.5652,Website,"Website is recommended with 84.3% predicted likelihood because the HCP has shown consistent website content browsing and active downloading of clinical PDF resources, which positively influence predicted website engagement."
HCP1625,44.9,68.11,63.47,High,0.8816,0.6241,0.507,0.6399,Email,"Email is recommended with 88.2% predicted likelihood because the HCP has shown strong historical email responsiveness and active downloading of clinical PDF resources, which positively influence predicted email engagement."
HCP1626,45.25,69.32,64.51,High,0.6967,0.8764,0.5375,0.5691,Website,"Website is recommended with 87.6% predicted likelihood because the HCP has shown consistent website content browsing and recent portal navigation, which positively influence predicted website engagement."
HCP1627,48.46,61.09,58.57,Medium,0.6339,0.7846,0.2372,0.6897,Website,"Website is recommended with 78.5% predicted likelihood because the HCP has shown consistent website content browsing and full views of educational video content, which positively influence predicted website engagement."
HCP1628,62.35,61.84,61.94,Medium,0.7978,0.8127,0.1327,0.5435,Website,"Website is recommended with 81.3% predicted likelihood because the HCP has shown consistent website content browsing and recent medical conference attendance, which positively influence predicted website engagement."
HCP1629,49.18,53.48,52.62,Medium,0.4068,0.8129,0.3438,0.5006,Website,"Website is recommended with 81.3% predicted likelihood because the HCP has shown frequent clinical article views and recent email engagement, which positively influence predicted website engagement."
HCP1630,56.44,74.76,71.09,High,0.8915,0.8767,0.4637,0.6218,Email,"Email is recommended with 89.1% predicted likelihood because the HCP has shown strong historical email responsiveness and consistent website content browsing, which positively influence predicted email engagement."
HCP1631,70.52,70.89,70.82,High,0.8613,0.9078,0.241,0.65,Website,"Website is recommended with 90.8% predicted likelihood because the HCP has shown consistent website content browsing and strong historical email responsiveness, which positively influence predicted website engagement."
HCP1632,62.51,64.91,64.43,High,0.7546,0.8876,0.13,0.6524,Website,"Website is recommended with 88.8% predicted likelihood because the HCP has shown consistent website content browsing and recent medical conference attendance, which positively influence predicted website engagement."
HCP1633,49.95,68.71,64.96,High,0.8119,0.8809,0.2441,0.6521,Website,"Website is recommended with 88.1% predicted likelihood because the HCP has shown consistent website content browsing and high overall cross-channel activity, which positively influence predicted website engagement."
HCP1634,26.96,51.5,46.59,Low,0.2856,0.6998,0.401,0.6957,Website,"Website is recommended with 70.0% predicted likelihood because the HCP has shown high overall cross-channel activity and frequent clinical article views, which positively influence predicted website engagement."
HCP1635,39.12,61.16,56.75,Medium,0.6047,0.7867,0.4852,0.4857,Website,"Website is recommended with 78.7% predicted likelihood because the HCP has shown consistent website content browsing and active downloading of clinical PDF resources, which positively influence predicted website engagement."
HCP1636,50.72,66.01,62.95,High,0.7542,0.733,0.5328,0.5366,Email,"Email is recommended with 75.4% predicted likelihood because the HCP has shown strong historical email responsiveness and recent medical conference attendance, which positively influence predicted email engagement."
HCP1637,30.86,40.2,38.34,Low,0.1319,0.4305,0.5429,0.6236,Veeva,"Veeva is recommended with 62.4% predicted likelihood because the HCP has shown frequent representative touchpoints and high webinar participation consistency, which positively influence predicted veeva engagement."
HCP1638,49.01,68.63,64.7,High,0.699,0.8253,0.5139,0.6311,Website,"Website is recommended with 82.5% predicted likelihood because the HCP has shown consistent website content browsing and active downloading of clinical PDF resources, which positively influence predicted website engagement."
HCP1639,40.17,51.92,49.57,Low,0.5421,0.3808,0.5259,0.686,Veeva,"Veeva is recommended with 68.6% predicted likelihood because the HCP has shown frequent representative touchpoints and high visit completion rate, which positively influence predicted veeva engagement."
HCP1640,66.92,73.87,72.48,High,0.86,0.9077,0.4778,0.564,Website,"Website is recommended with 90.8% predicted likelihood because the HCP has shown consistent website content browsing and strong historical email responsiveness, which positively influence predicted website engagement."
HCP1641,50.62,52.16,51.85,Medium,0.3485,0.7727,0.4479,0.4781,Website,"Website is recommended with 77.3% predicted likelihood because the HCP has shown consistent website content browsing and recent email engagement, which positively influence predicted website engagement."
HCP1642,39.82,66.55,61.21,Medium,0.844,0.7384,0.5543,0.3998,Email,"Email is recommended with 84.4% predicted likelihood because the HCP has shown strong historical email responsiveness and high email open responsiveness, which positively influence predicted email engagement."
HCP1643,58.6,75.1,71.8,High,0.8978,0.8543,0.4399,0.6871,Email,"Email is recommended with 89.8% predicted likelihood because the HCP has shown recent email engagement and strong historical email responsiveness, which positively influence predicted email engagement."
HCP1644,55.84,46.69,48.52,Low,0.1957,0.8188,0.1978,0.6152,Website,"Website is recommended with 81.9% predicted likelihood because the HCP has shown consistent website content browsing and sustained webinar watch duration, which positively influence predicted website engagement."
HCP1645,35.08,37.34,36.89,Low,0.1871,0.5736,0.129,0.597,Veeva,"Veeva is recommended with 59.7% predicted likelihood because the HCP has shown frequent representative touchpoints and high webinar participation consistency, which positively influence predicted veeva engagement."
HCP1646,32.37,59.7,54.23,Medium,0.7848,0.7454,0.3988,0.2908,Email,"Email is recommended with 78.5% predicted likelihood because the HCP has shown strong historical email responsiveness and high email open responsiveness, which positively influence predicted email engagement."
HCP1647,53.4,42.98,45.06,Low,0.2531,0.6113,0.4123,0.44,Website,"Website is recommended with 61.1% predicted likelihood because the HCP has shown consistent website content browsing and face-to-face interaction history, which positively influence predicted website engagement."
HCP1648,31.62,39.86,38.21,Low,0.3428,0.3853,0.3463,0.5544,Veeva,"Veeva is recommended with 55.4% predicted likelihood because the HCP has shown frequent representative touchpoints and completed field representative visits, which positively influence predicted veeva engagement."
HCP1649,57.88,79.05,74.82,High,0.8851,0.9061,0.5543,0.7117,Website,"Website is recommended with 90.6% predicted likelihood because the HCP has shown consistent website content browsing and strong historical email responsiveness, which positively influence predicted website engagement."
HCP1650,36.35,65.6,59.75,Medium,0.7414,0.8833,0.253,0.5898,Website,"Website is recommended with 88.3% predicted likelihood because the HCP has shown consistent website content browsing and high overall cross-channel activity, which positively influence predicted website engagement."
HCP1651,43.94,65.2,60.95,Medium,0.7805,0.6363,0.3976,0.7374,Email,"Email is recommended with 78.1% predicted likelihood because the HCP has shown strong historical email responsiveness and active engagement with email links, which positively influence predicted email engagement."
HCP1652,35.62,58.43,53.86,Medium,0.4744,0.7736,0.3266,0.7226,Website,"Website is recommended with 77.4% predicted likelihood because the HCP has shown consistent website content browsing and active downloading of clinical PDF resources, which positively influence predicted website engagement."
HCP1653,25.04,62.02,54.63,Medium,0.4915,0.8674,0.333,0.7298,Website,"Website is recommended with 86.7% predicted likelihood because the HCP has shown consistent website content browsing and active downloading of clinical PDF resources, which positively influence predicted website engagement."
HCP1654,41.91,72.39,66.29,High,0.8404,0.8519,0.3646,0.7162,Website,"Website is recommended with 85.2% predicted likelihood because the HCP has shown consistent website content browsing and active downloading of clinical PDF resources, which positively influence predicted website engagement."
HCP1655,63.57,74.45,72.27,High,0.8624,0.8494,0.3996,0.7554,Email,"Email is recommended with 86.2% predicted likelihood because the HCP has shown recent email engagement and strong historical email responsiveness, which positively influence predicted email engagement."
HCP1656,55.74,73.94,70.3,High,0.8835,0.8829,0.3818,0.6657,Email,"Email is recommended with 88.4% predicted likelihood because the HCP has shown strong historical email responsiveness and consistent website content browsing, which positively influence predicted email engagement."
HCP1657,47.64,65.05,61.57,Medium,0.8083,0.7322,0.2377,0.7039,Email,"Email is recommended with 80.8% predicted likelihood because the HCP has shown recent email engagement and active engagement with email links, which positively influence predicted email engagement."
HCP1658,70.04,72.15,71.73,High,0.8645,0.8787,0.3826,0.61,Website,"Website is recommended with 87.9% predicted likelihood because the HCP has shown consistent website content browsing and sustained webinar watch duration, which positively influence predicted website engagement."
HCP1659,39.82,52.06,49.61,Low,0.7268,0.6653,0.1897,0.3253,Email,"Email is recommended with 72.7% predicted likelihood because the HCP has shown strong historical email responsiveness and sustained webinar watch duration, which positively influence predicted email engagement."
HCP1660,45.76,57.69,55.3,Medium,0.582,0.7641,0.1367,0.7284,Website,"Website is recommended with 76.4% predicted likelihood because the HCP has shown completed field representative visits and consistent email open activity, which positively influence predicted website engagement."
HCP1661,51.37,58.75,57.27,Medium,0.6899,0.7821,0.2754,0.4539,Website,"Website is recommended with 78.2% predicted likelihood because the HCP has shown consistent website content browsing and high overall cross-channel activity, which positively influence predicted website engagement."
HCP1662,63.33,72.82,70.92,High,0.8676,0.8854,0.3713,0.64,Website,"Website is recommended with 88.5% predicted likelihood because the HCP has shown consistent website content browsing and strong historical email responsiveness, which positively influence predicted website engagement."
HCP1663,52.28,64.52,62.07,Medium,0.8434,0.8985,0.2745,0.3385,Website,"Website is recommended with 89.9% predicted likelihood because the HCP has shown consistent website content browsing and strong historical email responsiveness, which positively influence predicted website engagement."
HCP1664,82.74,72.88,74.85,High,0.8709,0.8844,0.3042,0.7068,Website,"Website is recommended with 88.4% predicted likelihood because the HCP has shown consistent website content browsing and strong historical email responsiveness, which positively influence predicted website engagement."
HCP1665,45.53,72.27,66.92,High,0.852,0.8101,0.5021,0.618,Email,"Email is recommended with 85.2% predicted likelihood because the HCP has shown strong historical email responsiveness and high overall cross-channel activity, which positively influence predicted email engagement."
HCP1666,45.87,68.1,63.66,High,0.8221,0.8232,0.2662,0.671,Website,"Website is recommended with 82.3% predicted likelihood because the HCP has shown recent medical conference attendance and recent representative interaction, which positively influence predicted website engagement."
HCP1667,20.12,37.34,33.9,Low,0.1689,0.4656,0.5965,0.3189,Webinar,"Webinar is recommended with 59.6% predicted likelihood because the HCP has shown strong historical webinar presence and high webinar participation consistency, which positively influence predicted webinar engagement."
HCP1668,34.09,50.0,46.81,Low,0.668,0.6244,0.1323,0.4288,Email,"Email is recommended with 66.8% predicted likelihood because the HCP has shown strong historical email responsiveness and high email open responsiveness, which positively influence predicted email engagement."
HCP1669,73.46,73.71,73.66,High,0.8801,0.9168,0.226,0.7643,Website,"Website is recommended with 91.7% predicted likelihood because the HCP has shown consistent website content browsing and strong historical email responsiveness, which positively influence predicted website engagement."
HCP1670,50.21,66.03,62.86,High,0.8154,0.8002,0.5356,0.3424,Email,"Email is recommended with 81.5% predicted likelihood because the HCP has shown active downloading of clinical PDF resources and frequent clinical article views, which positively influence predicted email engagement."
HCP1671,28.27,45.73,42.24,Low,0.5227,0.2214,0.49,0.6802,Veeva,"Veeva is recommended with 68.0% predicted likelihood because the HCP has shown frequent representative touchpoints and completed field representative visits, which positively influence predicted veeva engagement."
HCP1672,55.22,68.84,66.12,High,0.8883,0.8274,0.5066,0.3617,Email,"Email is recommended with 88.8% predicted likelihood because the HCP has shown recent email engagement and sustained webinar watch duration, which positively influence predicted email engagement."
HCP1673,58.26,74.35,71.13,High,0.8744,0.7736,0.5258,0.7195,Email,"Email is recommended with 87.4% predicted likelihood because the HCP has shown recent email engagement and strong historical email responsiveness, which positively influence predicted email engagement."
HCP1674,55.31,60.78,59.68,Medium,0.8072,0.8,0.1742,0.454,Email,"Email is recommended with 80.7% predicted likelihood because the HCP has shown strong historical email responsiveness and active downloading of clinical PDF resources, which positively influence predicted email engagement."
HCP1675,47.16,68.34,64.1,High,0.8778,0.8369,0.5025,0.3423,Email,"Email is recommended with 87.8% predicted likelihood because the HCP has shown strong historical email responsiveness and active downloading of clinical PDF resources, which positively influence predicted email engagement."
HCP1676,47.13,44.52,45.04,Low,0.4592,0.5744,0.1322,0.5434,Website,"Website is recommended with 57.4% predicted likelihood because the HCP has shown active downloading of clinical PDF resources and recent email engagement, which positively influence predicted website engagement."
HCP1677,31.22,35.58,34.7,Low,0.2206,0.3512,0.1822,0.7389,Veeva,"Veeva is recommended with 73.9% predicted likelihood because the HCP has shown frequent representative touchpoints and high visit completion rate, which positively influence predicted veeva engagement."
HCP1678,49.99,71.93,67.54,High,0.8559,0.7779,0.538,0.608,Email,"Email is recommended with 85.6% predicted likelihood because the HCP has shown strong historical email responsiveness and active engagement with email links, which positively influence predicted email engagement."
HCP1679,53.04,49.37,50.1,Low,0.6823,0.6296,0.1752,0.3251,Email,"Email is recommended with 68.2% predicted likelihood because the HCP has shown recent email engagement and active engagement with email links, which positively influence predicted email engagement."
HCP1680,78.36,71.45,72.83,High,0.8689,0.8908,0.2986,0.6342,Website,"Website is recommended with 89.1% predicted likelihood because the HCP has shown consistent website content browsing and strong historical email responsiveness, which positively influence predicted website engagement."
HCP1681,50.29,66.81,63.5,High,0.7664,0.8635,0.4029,0.4925,Website,"Website is recommended with 86.4% predicted likelihood because the HCP has shown consistent website content browsing and full views of educational video content, which positively influence predicted website engagement."
HCP1682,50.72,60.96,58.91,Medium,0.687,0.7877,0.194,0.6418,Website,"Website is recommended with 78.8% predicted likelihood because the HCP has shown consistent website content browsing and active downloading of clinical PDF resources, which positively influence predicted website engagement."
HCP1683,21.52,53.05,46.74,Low,0.5198,0.4606,0.5293,0.6524,Veeva,"Veeva is recommended with 65.2% predicted likelihood because the HCP has shown frequent representative touchpoints and high webinar participation consistency, which positively influence predicted veeva engagement."
HCP1684,26.4,34.11,32.57,Low,0.1499,0.5681,0.1325,0.4961,Website,"Website is recommended with 56.8% predicted likelihood because the HCP has shown recent medical conference attendance and completed field representative visits, which positively influence predicted website engagement."
HCP1685,43.16,70.39,64.94,High,0.8756,0.7533,0.4254,0.6507,Email,"Email is recommended with 87.6% predicted likelihood because the HCP has shown strong historical email responsiveness and recent representative interaction, which positively influence predicted email engagement."
HCP1686,42.07,76.58,69.67,High,0.8917,0.8759,0.4558,0.7216,Email,"Email is recommended with 89.2% predicted likelihood because the HCP has shown recent email engagement and strong historical email responsiveness, which positively influence predicted email engagement."
HCP1687,29.62,55.6,50.4,Low,0.545,0.8399,0.2655,0.437,Website,"Website is recommended with 84.0% predicted likelihood because the HCP has shown consistent website content browsing and active downloading of clinical PDF resources, which positively influence predicted website engagement."
HCP1688,40.07,47.49,46.01,Low,0.2737,0.5845,0.6065,0.4807,Webinar,"Webinar is recommended with 60.6% predicted likelihood because the HCP has shown strong historical webinar presence and high webinar participation consistency, which positively influence predicted webinar engagement."
HCP1689,80.94,72.15,73.9,High,0.825,0.9153,0.2696,0.7272,Website,"Website is recommended with 91.5% predicted likelihood because the HCP has shown consistent website content browsing and recent medical conference attendance, which positively influence predicted website engagement."
HCP1690,25.97,34.57,32.85,Low,0.3082,0.3482,0.129,0.6148,Veeva,"Veeva is recommended with 61.5% predicted likelihood because the HCP has shown frequent representative touchpoints and completed field representative visits, which positively influence predicted veeva engagement."
HCP1691,51.03,77.98,72.59,High,0.9026,0.9058,0.5221,0.6646,Website,"Website is recommended with 90.6% predicted likelihood because the HCP has shown consistent website content browsing and strong historical email responsiveness, which positively influence predicted website engagement."
HCP1692,41.39,74.07,67.53,High,0.8316,0.833,0.4646,0.742,Website,"Website is recommended with 83.3% predicted likelihood because the HCP has shown consistent website content browsing and strong historical email responsiveness, which positively influence predicted website engagement."
HCP1693,47.2,74.65,69.16,High,0.8753,0.841,0.6155,0.5427,Email,"Email is recommended with 87.5% predicted likelihood because the HCP has shown recent email engagement and strong historical email responsiveness, which positively influence predicted email engagement."
HCP1694,29.48,31.1,30.78,Low,0.1164,0.4514,0.1323,0.571,Veeva,"Veeva is recommended with 57.1% predicted likelihood because the HCP has shown high visit completion rate and completed field representative visits, which positively influence predicted veeva engagement."
HCP1695,44.18,29.28,32.26,Low,0.1139,0.3854,0.2168,0.4979,Veeva,"Veeva is recommended with 49.8% predicted likelihood because the HCP has shown completed field representative visits and high email open responsiveness, which positively influence predicted veeva engagement."
HCP1696,67.66,67.74,67.72,High,0.7392,0.8923,0.2665,0.6732,Website,"Website is recommended with 89.2% predicted likelihood because the HCP has shown consistent website content browsing and recent medical conference attendance, which positively influence predicted website engagement."
HCP1697,64.12,64.64,64.53,High,0.8604,0.7571,0.2427,0.5629,Email,"Email is recommended with 86.0% predicted likelihood because the HCP has shown high email open responsiveness and consistent email open activity, which positively influence predicted email engagement."
HCP1698,52.48,59.84,58.37,Medium,0.6327,0.7446,0.4954,0.4309,Website,"Website is recommended with 74.5% predicted likelihood because the HCP has shown consistent website content browsing and strong historical email responsiveness, which positively influence predicted website engagement."
HCP1699,54.16,56.83,56.29,Medium,0.6427,0.6791,0.2995,0.5593,Website,"Website is recommended with 67.9% predicted likelihood because the HCP has shown sustained webinar watch duration and completed field representative visits, which positively influence predicted website engagement."
HCP1700,50.81,49.68,49.91,Low,0.2475,0.6978,0.3926,0.6735,Website,"Website is recommended with 69.8% predicted likelihood because the HCP has shown active downloading of clinical PDF resources and frequent representative touchpoints, which positively influence predicted website engagement."
HCP1701,65.19,54.67,56.77,Medium,0.4971,0.598,0.3421,0.7486,Veeva,"Veeva is recommended with 74.9% predicted likelihood because the HCP has shown high visit completion rate and completed field representative visits, which positively influence predicted veeva engagement."
HCP1702,45.93,75.37,69.48,High,0.8717,0.8446,0.5249,0.669,Email,"Email is recommended with 87.2% predicted likelihood because the HCP has shown strong historical email responsiveness and active downloading of clinical PDF resources, which positively influence predicted email engagement."
HCP1703,98.32,72.79,77.9,High,0.8461,0.914,0.3251,0.6743,Website,"Website is recommended with 91.4% predicted likelihood because the HCP has shown consistent website content browsing and sustained webinar watch duration, which positively influence predicted website engagement."
HCP1704,35.58,46.33,44.18,Low,0.748,0.2256,0.2995,0.5566,Email,"Email is recommended with 74.8% predicted likelihood because the HCP has shown recent email engagement and recent medical conference attendance, which positively influence predicted email engagement."
HCP1705,29.3,17.7,20.02,Low,0.1848,0.1168,0.1328,0.2996,Veeva,"Veeva is recommended with 30.0% predicted likelihood because the HCP has shown completed field representative visits and recent portal navigation, which positively influence predicted veeva engagement."
HCP1706,27.41,38.39,36.2,Low,0.2604,0.1701,0.6186,0.6555,Veeva,"Veeva is recommended with 65.5% predicted likelihood because the HCP has shown frequent representative touchpoints and recent email engagement, which positively influence predicted veeva engagement."
HCP1707,15.37,37.48,33.06,Low,0.5712,0.2518,0.1291,0.5106,Email,"Email is recommended with 57.1% predicted likelihood because the HCP has shown high overall cross-channel activity and active engagement with email links, which positively influence predicted email engagement."
HCP1708,30.9,58.05,52.62,Medium,0.7257,0.6928,0.2681,0.5067,Email,"Email is recommended with 72.6% predicted likelihood because the HCP has shown recent representative interaction and sustained webinar watch duration, which positively influence predicted email engagement."
HCP1709,46.65,64.13,60.63,Medium,0.8455,0.8733,0.2515,0.3768,Website,"Website is recommended with 87.3% predicted likelihood because the HCP has shown consistent website content browsing and frequent clinical article views, which positively influence predicted website engagement."
HCP1710,27.9,46.79,43.01,Low,0.4102,0.6177,0.17,0.6278,Veeva,"Veeva is recommended with 62.8% predicted likelihood because the HCP has shown completed field representative visits and high email open responsiveness, which positively influence predicted veeva engagement."
HCP1711,69.76,64.47,65.53,High,0.7055,0.8669,0.1759,0.6889,Website,"Website is recommended with 86.7% predicted likelihood because the HCP has shown consistent website content browsing and recent medical conference attendance, which positively influence predicted website engagement."
HCP1712,73.04,64.81,66.46,High,0.8626,0.7155,0.2086,0.6648,Email,"Email is recommended with 86.3% predicted likelihood because the HCP has shown strong historical email responsiveness and active downloading of clinical PDF resources, which positively influence predicted email engagement."
HCP1713,34.73,41.31,39.99,Low,0.1081,0.7092,0.132,0.7074,Website,"Website is recommended with 70.9% predicted likelihood because the HCP has shown consistent website content browsing and active downloading of clinical PDF resources, which positively influence predicted website engagement."
HCP1714,47.84,61.03,58.39,Medium,0.7399,0.5712,0.5074,0.5777,Email,"Email is recommended with 74.0% predicted likelihood because the HCP has shown active engagement with email links and high email open responsiveness, which positively influence predicted email engagement."
HCP1715,39.92,33.57,34.84,Low,0.513,0.1928,0.3589,0.261,Email,"Email is recommended with 51.3% predicted likelihood because the HCP has shown active engagement with email links and sustained webinar watch duration, which positively influence predicted email engagement."
HCP1716,44.21,62.53,58.87,Medium,0.7775,0.7059,0.3918,0.5095,Email,"Email is recommended with 77.8% predicted likelihood because the HCP has shown recent email engagement and active engagement with email links, which positively influence predicted email engagement."
HCP1717,41.41,54.36,51.77,Medium,0.691,0.6503,0.1292,0.5768,Email,"Email is recommended with 69.1% predicted likelihood because the HCP has shown high email open responsiveness and consistent email open activity, which positively influence predicted email engagement."
HCP1718,62.13,62.71,62.6,High,0.854,0.8183,0.1726,0.4547,Email,"Email is recommended with 85.4% predicted likelihood because the HCP has shown strong historical email responsiveness and active downloading of clinical PDF resources, which positively influence predicted email engagement."
HCP1719,54.54,66.83,64.37,High,0.8522,0.857,0.1981,0.5796,Website,"Website is recommended with 85.7% predicted likelihood because the HCP has shown consistent website content browsing and active engagement with email links, which positively influence predicted website engagement."
HCP1720,46.29,68.56,64.11,High,0.8916,0.7768,0.1738,0.7518,Email,"Email is recommended with 89.2% predicted likelihood because the HCP has shown recent email engagement and strong historical email responsiveness, which positively influence predicted email engagement."
HCP1721,59.77,67.49,65.95,High,0.7075,0.8312,0.5498,0.5167,Website,"Website is recommended with 83.1% predicted likelihood because the HCP has shown consistent website content browsing and recent medical conference attendance, which positively influence predicted website engagement."
HCP1722,35.23,67.82,61.3,Medium,0.8349,0.6545,0.432,0.7249,Email,"Email is recommended with 83.5% predicted likelihood because the HCP has shown recent email engagement and strong historical email responsiveness, which positively influence predicted email engagement."
HCP1723,31.29,49.67,45.99,Low,0.7631,0.257,0.2617,0.6916,Email,"Email is recommended with 76.3% predicted likelihood because the HCP has shown sustained webinar watch duration and active engagement with email links, which positively influence predicted email engagement."
HCP1724,53.02,71.76,68.01,High,0.8558,0.8638,0.3607,0.6477,Website,"Website is recommended with 86.4% predicted likelihood because the HCP has shown consistent website content browsing and strong historical email responsiveness, which positively influence predicted website engagement."
HCP1725,9.34,29.43,25.41,Low,0.508,0.1915,0.129,0.2934,Email,"Email is recommended with 50.8% predicted likelihood because the HCP has shown high overall cross-channel activity and active engagement with email links, which positively influence predicted email engagement."
HCP1726,77.5,69.73,71.28,High,0.8103,0.8776,0.2728,0.6817,Website,"Website is recommended with 87.8% predicted likelihood because the HCP has shown consistent website content browsing and recent medical conference attendance, which positively influence predicted website engagement."
HCP1727,39.99,55.72,52.57,Medium,0.7557,0.3327,0.5116,0.6418,Email,"Email is recommended with 75.6% predicted likelihood because the HCP has shown strong historical webinar presence and recent portal navigation, which positively influence predicted email engagement."
HCP1728,56.2,64.17,62.58,High,0.865,0.7388,0.2468,0.5561,Email,"Email is recommended with 86.5% predicted likelihood because the HCP has shown recent email engagement and sustained webinar watch duration, which positively influence predicted email engagement."
HCP1729,50.38,62.91,60.4,Medium,0.6992,0.8393,0.3485,0.4892,Website,"Website is recommended with 83.9% predicted likelihood because the HCP has shown consistent website content browsing and recent medical conference attendance, which positively influence predicted website engagement."
HCP1730,57.37,65.91,64.2,High,0.744,0.8925,0.1453,0.6956,Website,"Website is recommended with 89.2% predicted likelihood because the HCP has shown consistent website content browsing and strong historical email responsiveness, which positively influence predicted website engagement."
HCP1731,31.67,31.61,31.62,Low,0.3695,0.3747,0.1298,0.3342,Website,"Website is recommended with 37.5% predicted likelihood because the HCP has shown high overall cross-channel activity and recent medical conference attendance, which positively influence predicted website engagement."
HCP1732,44.69,58.92,56.07,Medium,0.5517,0.801,0.2573,0.6594,Website,"Website is recommended with 80.1% predicted likelihood because the HCP has shown consistent website content browsing and recent medical conference attendance, which positively influence predicted website engagement."
HCP1733,60.4,70.84,68.75,High,0.8584,0.817,0.3206,0.7083,Email,"Email is recommended with 85.8% predicted likelihood because the HCP has shown strong historical email responsiveness and active downloading of clinical PDF resources, which positively influence predicted email engagement."
HCP1734,10.58,25.82,22.78,Low,0.1483,0.2055,0.4995,0.261,Webinar,"Webinar is recommended with 49.9% predicted likelihood because the HCP has shown high webinar participation consistency and sustained webinar watch duration, which positively influence predicted webinar engagement."
HCP1735,62.27,63.39,63.16,High,0.7083,0.8734,0.2356,0.5611,Website,"Website is recommended with 87.3% predicted likelihood because the HCP has shown consistent website content browsing and active downloading of clinical PDF resources, which positively influence predicted website engagement."
HCP1736,52.34,59.99,58.46,Medium,0.6479,0.8471,0.1748,0.5823,Website,"Website is recommended with 84.7% predicted likelihood because the HCP has shown consistent website content browsing and recent medical conference attendance, which positively influence predicted website engagement."
HCP1737,22.23,26.19,25.4,Low,0.3798,0.1987,0.1447,0.2973,Email,"Email is recommended with 38.0% predicted likelihood because the HCP has shown high overall cross-channel activity and strong historical email responsiveness, which positively influence predicted email engagement."
HCP1738,74.51,71.45,72.06,High,0.8672,0.9173,0.2076,0.6879,Website,"Website is recommended with 91.7% predicted likelihood because the HCP has shown consistent website content browsing and strong historical email responsiveness, which positively influence predicted website engagement."
HCP1739,29.57,49.86,45.8,Low,0.4028,0.552,0.5259,0.5347,Website,"Website is recommended with 55.2% predicted likelihood because the HCP has shown high overall cross-channel activity and recent portal navigation, which positively influence predicted website engagement."
HCP1740,56.76,48.09,49.82,Low,0.8137,0.4413,0.1923,0.3296,Email,"Email is recommended with 81.4% predicted likelihood because the HCP has shown strong historical email responsiveness and active downloading of clinical PDF resources, which positively influence predicted email engagement."
HCP1741,44.49,59.07,56.15,Medium,0.4405,0.883,0.3526,0.6155,Website,"Website is recommended with 88.3% predicted likelihood because the HCP has shown consistent website content browsing and high overall cross-channel activity, which positively influence predicted website engagement."
HCP1742,44.41,55.7,53.44,Medium,0.7741,0.6009,0.1716,0.5507,Email,"Email is recommended with 77.4% predicted likelihood because the HCP has shown recent email engagement and strong historical email responsiveness, which positively influence predicted email engagement."
HCP1743,13.75,28.59,25.62,Low,0.2685,0.3719,0.129,0.34,Website,"Website is recommended with 37.2% predicted likelihood because the HCP has shown active downloading of clinical PDF resources and high overall cross-channel activity, which positively influence predicted website engagement."
HCP1744,57.22,65.07,63.5,High,0.7991,0.8485,0.2823,0.5001,Website,"Website is recommended with 84.8% predicted likelihood because the HCP has shown consistent website content browsing and recent medical conference attendance, which positively influence predicted website engagement."
HCP1745,64.85,67.82,67.22,High,0.7838,0.8576,0.2323,0.6963,Website,"Website is recommended with 85.8% predicted likelihood because the HCP has shown consistent website content browsing and recent representative interaction, which positively influence predicted website engagement."
HCP1746,52.28,72.75,68.65,High,0.8116,0.8604,0.4404,0.689,Website,"Website is recommended with 86.0% predicted likelihood because the HCP has shown consistent website content browsing and strong historical email responsiveness, which positively influence predicted website engagement."
HCP1747,61.11,66.86,65.71,High,0.8405,0.8811,0.2741,0.4867,Website,"Website is recommended with 88.1% predicted likelihood because the HCP has shown consistent website content browsing and strong historical email responsiveness, which positively influence predicted website engagement."
HCP1748,44.48,23.15,27.41,Low,0.2288,0.2037,0.1315,0.3771,Veeva,"Veeva is recommended with 37.7% predicted likelihood because the HCP has shown recent representative interaction and high email open responsiveness, which positively influence predicted veeva engagement."
HCP1749,52.68,63.15,61.06,Medium,0.808,0.8404,0.2501,0.4349,Website,"Website is recommended with 84.0% predicted likelihood because the HCP has shown consistent website content browsing and active downloading of clinical PDF resources, which positively influence predicted website engagement."
HCP1750,33.63,51.85,48.2,Low,0.5779,0.7895,0.1319,0.4094,Website,"Website is recommended with 78.9% predicted likelihood because the HCP has shown active downloading of clinical PDF resources and consistent website content browsing, which positively influence predicted website engagement."
HCP1751,31.36,61.01,55.08,Medium,0.7513,0.7202,0.4018,0.4413,Email,"Email is recommended with 75.1% predicted likelihood because the HCP has shown active engagement with email links and recent representative interaction, which positively influence predicted email engagement."
HCP1752,27.39,56.26,50.49,Low,0.5543,0.6634,0.4678,0.5189,Website,"Website is recommended with 66.3% predicted likelihood because the HCP has shown high overall cross-channel activity and recent medical conference attendance, which positively influence predicted website engagement."
HCP1753,55.4,44.15,46.4,Low,0.7658,0.2155,0.1606,0.575,Email,"Email is recommended with 76.6% predicted likelihood because the HCP has shown recent medical conference attendance and recent representative interaction, which positively influence predicted email engagement."
HCP1754,16.34,52.24,45.06,Low,0.3133,0.8386,0.129,0.7553,Website,"Website is recommended with 83.9% predicted likelihood because the HCP has shown consistent website content browsing and active downloading of clinical PDF resources, which positively influence predicted website engagement."
HCP1755,71.87,74.11,73.67,High,0.8723,0.9006,0.3883,0.658,Website,"Website is recommended with 90.1% predicted likelihood because the HCP has shown consistent website content browsing and strong historical email responsiveness, which positively influence predicted website engagement."
HCP1756,27.4,37.97,35.86,Low,0.348,0.5704,0.2431,0.2778,Website,"Website is recommended with 57.0% predicted likelihood because the HCP has shown recent portal navigation and recent medical conference attendance, which positively influence predicted website engagement."
HCP1757,38.12,24.12,26.92,Low,0.1135,0.1023,0.2797,0.6024,Veeva,"Veeva is recommended with 60.2% predicted likelihood because the HCP has shown frequent representative touchpoints and completed field representative visits, which positively influence predicted veeva engagement."
HCP1758,49.22,60.6,58.32,Medium,0.8362,0.7357,0.1318,0.5404,Email,"Email is recommended with 83.6% predicted likelihood because the HCP has shown recent email engagement and strong historical email responsiveness, which positively influence predicted email engagement."
HCP1759,50.61,50.06,50.17,Low,0.6889,0.583,0.256,0.3393,Email,"Email is recommended with 68.9% predicted likelihood because the HCP has shown strong historical email responsiveness and active downloading of clinical PDF resources, which positively influence predicted email engagement."
HCP1760,65.9,57.07,58.84,Medium,0.4755,0.8418,0.196,0.6817,Website,"Website is recommended with 84.2% predicted likelihood because the HCP has shown consistent website content browsing and full views of educational video content, which positively influence predicted website engagement."
HCP1761,79.19,74.79,75.67,High,0.8752,0.8941,0.3832,0.7025,Website,"Website is recommended with 89.4% predicted likelihood because the HCP has shown consistent website content browsing and strong historical email responsiveness, which positively influence predicted website engagement."
HCP1762,60.95,70.19,68.35,High,0.8824,0.8689,0.2323,0.6504,Email,"Email is recommended with 88.2% predicted likelihood because the HCP has shown recent email engagement and strong historical email responsiveness, which positively influence predicted email engagement."
HCP1763,79.16,67.8,70.07,High,0.7793,0.9136,0.132,0.7185,Website,"Website is recommended with 91.4% predicted likelihood because the HCP has shown consistent website content browsing and full views of educational video content, which positively influence predicted website engagement."
HCP1764,66.83,80.42,77.7,High,0.8793,0.88,0.6362,0.7459,Website,"Website is recommended with 88.0% predicted likelihood because the HCP has shown consistent website content browsing and strong historical email responsiveness, which positively influence predicted website engagement."
HCP1765,65.47,76.6,74.37,High,0.9005,0.8755,0.4593,0.7066,Email,"Email is recommended with 90.0% predicted likelihood because the HCP has shown recent email engagement and strong historical email responsiveness, which positively influence predicted email engagement."
HCP1766,47.53,66.48,62.69,High,0.7401,0.8461,0.4694,0.4755,Website,"Website is recommended with 84.6% predicted likelihood because the HCP has shown consistent website content browsing and frequent clinical article views, which positively influence predicted website engagement."
HCP1767,30.21,49.65,45.76,Low,0.2598,0.8625,0.3971,0.4019,Website,"Website is recommended with 86.3% predicted likelihood because the HCP has shown consistent website content browsing and active downloading of clinical PDF resources, which positively influence predicted website engagement."
HCP1768,29.05,71.08,62.68,High,0.8048,0.7951,0.5897,0.5647,Email,"Email is recommended with 80.5% predicted likelihood because the HCP has shown high overall cross-channel activity and high email open responsiveness, which positively influence predicted email engagement."
HCP1769,47.69,53.02,51.95,Medium,0.3244,0.7309,0.3761,0.6918,Website,"Website is recommended with 73.1% predicted likelihood because the HCP has shown active downloading of clinical PDF resources and high overall cross-channel activity, which positively influence predicted website engagement."
HCP1770,56.47,55.1,55.37,Medium,0.879,0.4798,0.2063,0.5105,Email,"Email is recommended with 87.9% predicted likelihood because the HCP has shown high email open responsiveness and sustained webinar watch duration, which positively influence predicted email engagement."
HCP1771,35.71,62.75,57.34,Medium,0.585,0.8637,0.4811,0.4833,Website,"Website is recommended with 86.4% predicted likelihood because the HCP has shown consistent website content browsing and active downloading of clinical PDF resources, which positively influence predicted website engagement."
HCP1772,39.87,52.49,49.96,Low,0.6368,0.3724,0.4913,0.6192,Email,"Email is recommended with 63.7% predicted likelihood because the HCP has shown active engagement with email links and high email open responsiveness, which positively influence predicted email engagement."
HCP1773,36.12,60.52,55.64,Medium,0.6243,0.8592,0.1333,0.667,Website,"Website is recommended with 85.9% predicted likelihood because the HCP has shown consistent website content browsing and high overall cross-channel activity, which positively influence predicted website engagement."
HCP1774,45.53,57.99,55.49,Medium,0.4642,0.7647,0.5697,0.4862,Website,"Website is recommended with 76.5% predicted likelihood because the HCP has shown recent email engagement and full views of educational video content, which positively influence predicted website engagement."
HCP1775,66.55,69.16,68.64,High,0.8592,0.8632,0.1773,0.6972,Website,"Website is recommended with 86.3% predicted likelihood because the HCP has shown consistent website content browsing and strong historical email responsiveness, which positively influence predicted website engagement."
HCP1776,27.6,47.64,43.63,Low,0.3835,0.6458,0.1453,0.6929,Veeva,"Veeva is recommended with 69.3% predicted likelihood because the HCP has shown high visit completion rate and completed field representative visits, which positively influence predicted veeva engagement."
HCP1777,52.19,68.91,65.56,High,0.7236,0.7691,0.518,0.6883,Website,"Website is recommended with 76.9% predicted likelihood because the HCP has shown consistent website content browsing and high overall cross-channel activity, which positively influence predicted website engagement."
HCP1778,48.21,54.25,53.04,Medium,0.5846,0.7187,0.4094,0.3481,Website,"Website is recommended with 71.9% predicted likelihood because the HCP has shown high overall cross-channel activity and active downloading of clinical PDF resources, which positively influence predicted website engagement."
HCP1779,40.11,62.56,58.07,Medium,0.4549,0.8251,0.5171,0.6909,Website,"Website is recommended with 82.5% predicted likelihood because the HCP has shown consistent website content browsing and high overall cross-channel activity, which positively influence predicted website engagement."
HCP1780,19.02,39.44,35.36,Low,0.2037,0.5619,0.4145,0.4091,Website,"Website is recommended with 56.2% predicted likelihood because the HCP has shown high overall cross-channel activity and active downloading of clinical PDF resources, which positively influence predicted website engagement."
HCP1781,75.23,73.0,73.45,High,0.9039,0.8975,0.235,0.7128,Email,"Email is recommended with 90.4% predicted likelihood because the HCP has shown recent email engagement and strong historical email responsiveness, which positively influence predicted email engagement."
HCP1782,67.45,61.73,62.87,High,0.8964,0.708,0.3324,0.3474,Email,"Email is recommended with 89.6% predicted likelihood because the HCP has shown recent email engagement and strong historical email responsiveness, which positively influence predicted email engagement."
HCP1783,42.35,64.55,60.11,Medium,0.7919,0.8372,0.2388,0.545,Website,"Website is recommended with 83.7% predicted likelihood because the HCP has shown strong historical email responsiveness and recent medical conference attendance, which positively influence predicted website engagement."
HCP1784,25.51,59.16,52.43,Medium,0.5745,0.6781,0.5066,0.5727,Website,"Website is recommended with 67.8% predicted likelihood because the HCP has shown active downloading of clinical PDF resources and high overall cross-channel activity, which positively influence predicted website engagement."
HCP1785,44.85,63.81,60.02,Medium,0.8613,0.7258,0.2309,0.5792,Email,"Email is recommended with 86.1% predicted likelihood because the HCP has shown recent email engagement and strong historical email responsiveness, which positively influence predicted email engagement."
HCP1786,17.65,40.03,35.56,Low,0.6935,0.0862,0.1323,0.6998,Veeva,"Veeva is recommended with 70.0% predicted likelihood because the HCP has shown high visit completion rate and completed field representative visits, which positively influence predicted veeva engagement."
HCP1787,45.87,63.99,60.36,Medium,0.72,0.8602,0.1737,0.6554,Website,"Website is recommended with 86.0% predicted likelihood because the HCP has shown consistent website content browsing and strong historical email responsiveness, which positively influence predicted website engagement."
HCP1788,78.03,70.64,72.12,High,0.8643,0.8133,0.4228,0.5927,Email,"Email is recommended with 86.4% predicted likelihood because the HCP has shown strong historical email responsiveness and active downloading of clinical PDF resources, which positively influence predicted email engagement."
HCP1789,26.34,40.63,37.77,Low,0.3991,0.1612,0.5011,0.6897,Veeva,"Veeva is recommended with 69.0% predicted likelihood because the HCP has shown frequent representative touchpoints and completed field representative visits, which positively influence predicted veeva engagement."
HCP1790,51.82,66.44,63.51,High,0.747,0.871,0.5327,0.3621,Website,"Website is recommended with 87.1% predicted likelihood because the HCP has shown consistent website content browsing and recent medical conference attendance, which positively influence predicted website engagement."
HCP1791,36.1,32.91,33.55,Low,0.1769,0.5141,0.1789,0.4301,Website,"Website is recommended with 51.4% predicted likelihood because the HCP has shown high overall cross-channel activity and frequent clinical article views, which positively influence predicted website engagement."
HCP1792,24.42,53.29,47.52,Low,0.7726,0.206,0.5228,0.674,Email,"Email is recommended with 77.3% predicted likelihood because the HCP has shown recent email engagement and high email open responsiveness, which positively influence predicted email engagement."
HCP1793,49.2,68.69,64.79,High,0.8584,0.805,0.2372,0.7023,Email,"Email is recommended with 85.8% predicted likelihood because the HCP has shown strong historical email responsiveness and sustained webinar watch duration, which positively influence predicted email engagement."
HCP1794,67.91,70.22,69.76,High,0.9008,0.8465,0.3377,0.5525,Email,"Email is recommended with 90.1% predicted likelihood because the HCP has shown recent email engagement and strong historical email responsiveness, which positively influence predicted email engagement."
HCP1795,44.71,41.75,42.34,Low,0.6693,0.1889,0.2314,0.5689,Email,"Email is recommended with 66.9% predicted likelihood because the HCP has shown high email open responsiveness and active engagement with email links, which positively influence predicted email engagement."
HCP1796,26.4,59.77,53.09,Medium,0.7522,0.7136,0.129,0.6606,Email,"Email is recommended with 75.2% predicted likelihood because the HCP has shown high email open responsiveness and recent representative interaction, which positively influence predicted email engagement."
HCP1797,32.87,53.23,49.15,Low,0.396,0.6062,0.4995,0.6584,Veeva,"Veeva is recommended with 65.8% predicted likelihood because the HCP has shown frequent representative touchpoints and completed field representative visits, which positively influence predicted veeva engagement."
HCP1798,48.14,53.65,52.54,Medium,0.6309,0.7842,0.1323,0.4272,Website,"Website is recommended with 78.4% predicted likelihood because the HCP has shown consistent website content browsing and frequent clinical article views, which positively influence predicted website engagement."
HCP1799,40.72,73.63,67.04,High,0.8298,0.6995,0.6335,0.7541,Email,"Email is recommended with 83.0% predicted likelihood because the HCP has shown strong historical email responsiveness and recent medical conference attendance, which positively influence predicted email engagement."
HCP1800,46.9,60.99,58.17,Medium,0.7899,0.7693,0.129,0.5821,Email,"Email is recommended with 79.0% predicted likelihood because the HCP has shown strong historical email responsiveness and active engagement with email links, which positively influence predicted email engagement."
HCP1801,53.23,56.28,55.67,Medium,0.8245,0.6337,0.1336,0.4933,Email,"Email is recommended with 82.5% predicted likelihood because the HCP has shown strong historical email responsiveness and high email open responsiveness, which positively influence predicted email engagement."
HCP1802,64.93,76.03,73.81,High,0.8764,0.8883,0.4584,0.6959,Website,"Website is recommended with 88.8% predicted likelihood because the HCP has shown consistent website content browsing and strong historical email responsiveness, which positively influence predicted website engagement."
HCP1803,38.61,70.72,64.3,High,0.7152,0.8312,0.4914,0.7249,Website,"Website is recommended with 83.1% predicted likelihood because the HCP has shown consistent website content browsing and high overall cross-channel activity, which positively influence predicted website engagement."
HCP1804,45.08,56.73,54.4,Medium,0.7398,0.6375,0.1468,0.6239,Email,"Email is recommended with 74.0% predicted likelihood because the HCP has shown recent representative interaction and frequent representative touchpoints, which positively influence predicted email engagement."
HCP1805,63.8,62.41,62.69,High,0.773,0.7396,0.174,0.6774,Email,"Email is recommended with 77.3% predicted likelihood because the HCP has shown strong historical email responsiveness and consistent email open activity, which positively influence predicted email engagement."
HCP1806,69.74,72.26,71.75,High,0.8007,0.8938,0.6156,0.4555,Website,"Website is recommended with 89.4% predicted likelihood because the HCP has shown consistent website content browsing and recent medical conference attendance, which positively influence predicted website engagement."
HCP1807,36.73,45.34,43.62,Low,0.7695,0.4533,0.1332,0.2998,Email,"Email is recommended with 77.0% predicted likelihood because the HCP has shown active engagement with email links and high email open responsiveness, which positively influence predicted email engagement."
HCP1808,38.92,38.56,38.63,Low,0.3557,0.4765,0.2575,0.4221,Website,"Website is recommended with 47.7% predicted likelihood because the HCP has shown high overall cross-channel activity and recent medical conference attendance, which positively influence predicted website engagement."
HCP1809,32.34,63.39,57.18,Medium,0.4938,0.879,0.5033,0.6071,Website,"Website is recommended with 87.9% predicted likelihood because the HCP has shown consistent website content browsing and active downloading of clinical PDF resources, which positively influence predicted website engagement."
HCP1810,49.49,46.96,47.47,Low,0.2872,0.7408,0.1321,0.6741,Website,"Website is recommended with 74.1% predicted likelihood because the HCP has shown recent medical conference attendance and completed field representative visits, which positively influence predicted website engagement."
HCP1811,13.38,37.13,32.38,Low,0.1073,0.4762,0.4632,0.518,Veeva,"Veeva is recommended with 51.8% predicted likelihood because the HCP has shown high visit completion rate and recent email engagement, which positively influence predicted veeva engagement."
HCP1812,43.16,54.89,52.54,Medium,0.7051,0.609,0.174,0.5992,Email,"Email is recommended with 70.5% predicted likelihood because the HCP has shown active engagement with email links and active downloading of clinical PDF resources, which positively influence predicted email engagement."
HCP1813,47.0,73.61,68.28,High,0.8344,0.7959,0.5117,0.7233,Email,"Email is recommended with 83.4% predicted likelihood because the HCP has shown strong historical email responsiveness and active downloading of clinical PDF resources, which positively influence predicted email engagement."
HCP1814,36.86,60.14,55.49,Medium,0.679,0.5925,0.4478,0.652,Email,"Email is recommended with 67.9% predicted likelihood because the HCP has shown strong historical email responsiveness and active engagement with email links, which positively influence predicted email engagement."
HCP1815,74.27,65.8,67.5,High,0.8203,0.9029,0.1323,0.573,Website,"Website is recommended with 90.3% predicted likelihood because the HCP has shown consistent website content browsing and recent medical conference attendance, which positively influence predicted website engagement."
HCP1816,41.06,73.26,66.82,High,0.8253,0.8692,0.4069,0.7142,Website,"Website is recommended with 86.9% predicted likelihood because the HCP has shown consistent website content browsing and recent medical conference attendance, which positively influence predicted website engagement."
HCP1817,45.71,46.98,46.72,Low,0.7857,0.2316,0.4432,0.3798,Email,"Email is recommended with 78.6% predicted likelihood because the HCP has shown strong historical email responsiveness and consistent email open activity, which positively influence predicted email engagement."
HCP1818,55.71,71.76,68.55,High,0.87,0.8435,0.401,0.617,Email,"Email is recommended with 87.0% predicted likelihood because the HCP has shown strong historical email responsiveness and active downloading of clinical PDF resources, which positively influence predicted email engagement."
HCP1819,24.61,64.98,56.91,Medium,0.765,0.6459,0.637,0.4958,Email,"Email is recommended with 76.5% predicted likelihood because the HCP has shown recent email engagement and high overall cross-channel activity, which positively influence predicted email engagement."
HCP1820,62.63,61.64,61.84,Medium,0.8497,0.6628,0.2069,0.6063,Email,"Email is recommended with 85.0% predicted likelihood because the HCP has shown recent email engagement and strong historical email responsiveness, which positively influence predicted email engagement."
HCP1821,72.27,68.68,69.4,High,0.8827,0.8077,0.2182,0.6803,Email,"Email is recommended with 88.3% predicted likelihood because the HCP has shown strong historical email responsiveness and consistent website content browsing, which positively influence predicted email engagement."
HCP1822,44.42,56.66,54.21,Medium,0.8183,0.5482,0.2088,0.5746,Email,"Email is recommended with 81.8% predicted likelihood because the HCP has shown high email open responsiveness and frequent representative touchpoints, which positively influence predicted email engagement."
HCP1823,35.72,32.63,33.25,Low,0.3752,0.3836,0.1758,0.3175,Website,"Website is recommended with 38.4% predicted likelihood because the HCP has shown high overall cross-channel activity and active downloading of clinical PDF resources, which positively influence predicted website engagement."
HCP1824,15.11,37.04,32.66,Low,0.1909,0.392,0.4058,0.5721,Veeva,"Veeva is recommended with 57.2% predicted likelihood because the HCP has shown frequent representative touchpoints and completed field representative visits, which positively influence predicted veeva engagement."
HCP1825,24.33,70.98,61.65,Medium,0.7834,0.7344,0.5725,0.6996,Email,"Email is recommended with 78.3% predicted likelihood because the HCP has shown strong historical email responsiveness and high email open responsiveness, which positively influence predicted email engagement."
HCP1826,50.97,71.2,67.15,High,0.783,0.8314,0.507,0.6311,Website,"Website is recommended with 83.1% predicted likelihood because the HCP has shown consistent website content browsing and recent portal navigation, which positively influence predicted website engagement."
HCP1827,58.01,67.28,65.43,High,0.6052,0.8563,0.5214,0.6505,Website,"Website is recommended with 85.6% predicted likelihood because the HCP has shown consistent website content browsing and sustained webinar watch duration, which positively influence predicted website engagement."
HCP1828,63.04,70.0,68.61,High,0.852,0.8495,0.2639,0.6837,Email,"Email is recommended with 85.2% predicted likelihood because the HCP has shown recent email engagement and strong historical email responsiveness, which positively influence predicted email engagement."
HCP1829,44.96,65.12,61.09,Medium,0.8455,0.7154,0.2176,0.6974,Email,"Email is recommended with 84.5% predicted likelihood because the HCP has shown recent email engagement and strong historical email responsiveness, which positively influence predicted email engagement."
HCP1830,42.02,58.9,55.52,Medium,0.8587,0.6258,0.2378,0.4802,Email,"Email is recommended with 85.9% predicted likelihood because the HCP has shown recent email engagement and strong historical email responsiveness, which positively influence predicted email engagement."
HCP1831,46.11,61.32,58.28,Medium,0.8944,0.6326,0.1772,0.5984,Email,"Email is recommended with 89.4% predicted likelihood because the HCP has shown recent email engagement and strong historical email responsiveness, which positively influence predicted email engagement."
HCP1832,45.35,46.82,46.53,Low,0.3232,0.614,0.481,0.4544,Website,"Website is recommended with 61.4% predicted likelihood because the HCP has shown recent medical conference attendance and recent representative interaction, which positively influence predicted website engagement."
HCP1833,41.69,59.41,55.87,Medium,0.6418,0.5085,0.5243,0.7209,Veeva,"Veeva is recommended with 72.1% predicted likelihood because the HCP has shown frequent representative touchpoints and high visit completion rate, which positively influence predicted veeva engagement."
HCP1834,33.86,67.24,60.57,Medium,0.783,0.7239,0.4238,0.6781,Email,"Email is recommended with 78.3% predicted likelihood because the HCP has shown active engagement with email links and recent portal navigation, which positively influence predicted email engagement."
HCP1835,69.04,76.06,74.66,High,0.8668,0.8191,0.5469,0.7274,Email,"Email is recommended with 86.7% predicted likelihood because the HCP has shown strong historical email responsiveness and active downloading of clinical PDF resources, which positively influence predicted email engagement."
HCP1836,25.78,54.05,48.39,Low,0.5511,0.7162,0.129,0.6725,Website,"Website is recommended with 71.6% predicted likelihood because the HCP has shown active downloading of clinical PDF resources and high overall cross-channel activity, which positively influence predicted website engagement."
HCP1837,46.35,70.82,65.92,High,0.8844,0.708,0.5355,0.617,Email,"Email is recommended with 88.4% predicted likelihood because the HCP has shown recent email engagement and strong historical email responsiveness, which positively influence predicted email engagement."
HCP1838,36.54,38.95,38.47,Low,0.1214,0.8289,0.1491,0.3731,Website,"Website is recommended with 82.9% predicted likelihood because the HCP has shown recent email engagement and recent medical conference attendance, which positively influence predicted website engagement."
HCP1839,38.71,52.03,49.37,Low,0.5359,0.7693,0.133,0.511,Website,"Website is recommended with 76.9% predicted likelihood because the HCP has shown consistent website content browsing and high overall cross-channel activity, which positively influence predicted website engagement."
HCP1840,69.12,66.23,66.81,High,0.8053,0.845,0.194,0.6418,Website,"Website is recommended with 84.5% predicted likelihood because the HCP has shown consistent website content browsing and sustained webinar watch duration, which positively influence predicted website engagement."
HCP1841,30.49,65.97,58.87,Medium,0.6292,0.8546,0.3587,0.7139,Website,"Website is recommended with 85.5% predicted likelihood because the HCP has shown consistent website content browsing and active downloading of clinical PDF resources, which positively influence predicted website engagement."
HCP1842,63.72,55.97,57.52,Medium,0.7514,0.7737,0.2025,0.3083,Website,"Website is recommended with 77.4% predicted likelihood because the HCP has shown consistent website content browsing and sustained webinar watch duration, which positively influence predicted website engagement."
HCP1843,43.96,54.52,52.41,Medium,0.5565,0.7375,0.1319,0.6531,Website,"Website is recommended with 73.8% predicted likelihood because the HCP has shown consistent website content browsing and high overall cross-channel activity, which positively influence predicted website engagement."
HCP1844,76.01,68.7,70.16,High,0.9053,0.7792,0.4093,0.4988,Email,"Email is recommended with 90.5% predicted likelihood because the HCP has shown recent email engagement and strong historical email responsiveness, which positively influence predicted email engagement."
HCP1845,29.29,48.84,44.93,Low,0.8179,0.2972,0.4211,0.3483,Email,"Email is recommended with 81.8% predicted likelihood because the HCP has shown recent email engagement and active engagement with email links, which positively influence predicted email engagement."
HCP1846,47.06,69.37,64.91,High,0.8434,0.8394,0.4866,0.4579,Email,"Email is recommended with 84.3% predicted likelihood because the HCP has shown strong historical email responsiveness and recent email engagement, which positively influence predicted email engagement."
HCP1847,31.62,60.97,55.1,Medium,0.8432,0.6745,0.2558,0.5164,Email,"Email is recommended with 84.3% predicted likelihood because the HCP has shown strong historical email responsiveness and recent representative interaction, which positively influence predicted email engagement."
HCP1848,60.28,60.7,60.61,Medium,0.7718,0.8691,0.2191,0.3545,Website,"Website is recommended with 86.9% predicted likelihood because the HCP has shown consistent website content browsing and recent portal navigation, which positively influence predicted website engagement."
HCP1849,38.6,60.43,56.06,Medium,0.6722,0.5428,0.5478,0.6511,Email,"Email is recommended with 67.2% predicted likelihood because the HCP has shown strong historical email responsiveness and consistent email open activity, which positively influence predicted email engagement."
HCP1850,39.77,64.78,59.78,Medium,0.7334,0.859,0.1865,0.6639,Website,"Website is recommended with 85.9% predicted likelihood because the HCP has shown consistent website content browsing and high overall cross-channel activity, which positively influence predicted website engagement."
HCP1851,52.32,54.81,54.31,Medium,0.6639,0.635,0.1765,0.6158,Email,"Email is recommended with 66.4% predicted likelihood because the HCP has shown active engagement with email links and high overall cross-channel activity, which positively influence predicted email engagement."
HCP1852,47.7,78.02,71.96,High,0.8938,0.8884,0.5909,0.6368,Email,"Email is recommended with 89.4% predicted likelihood because the HCP has shown recent email engagement and strong historical email responsiveness, which positively influence predicted email engagement."
HCP1853,65.16,56.13,57.94,Medium,0.5605,0.8652,0.2373,0.4306,Website,"Website is recommended with 86.5% predicted likelihood because the HCP has shown consistent website content browsing and recent medical conference attendance, which positively influence predicted website engagement."
HCP1854,36.24,31.16,32.17,Low,0.3114,0.3384,0.2372,0.3461,Veeva,"Veeva is recommended with 34.6% predicted likelihood because the HCP has shown completed field representative visits and high visit completion rate, which positively influence predicted veeva engagement."
HCP1855,74.09,71.08,71.68,High,0.7561,0.9014,0.3628,0.7051,Website,"Website is recommended with 90.1% predicted likelihood because the HCP has shown consistent website content browsing and strong historical email responsiveness, which positively influence predicted website engagement."
HCP1856,61.91,65.52,64.79,High,0.7127,0.8817,0.2339,0.6504,Website,"Website is recommended with 88.2% predicted likelihood because the HCP has shown consistent website content browsing and strong historical email responsiveness, which positively influence predicted website engagement."
HCP1857,49.08,61.35,58.9,Medium,0.8114,0.7054,0.2365,0.556,Email,"Email is recommended with 81.1% predicted likelihood because the HCP has shown strong historical email responsiveness and recent medical conference attendance, which positively influence predicted email engagement."
HCP1858,49.71,66.85,63.42,High,0.8756,0.8435,0.4124,0.3513,Email,"Email is recommended with 87.6% predicted likelihood because the HCP has shown strong historical email responsiveness and consistent website content browsing, which positively influence predicted email engagement."
HCP1859,47.96,61.8,59.03,Medium,0.7177,0.8367,0.1746,0.584,Website,"Website is recommended with 83.7% predicted likelihood because the HCP has shown consistent website content browsing and high overall cross-channel activity, which positively influence predicted website engagement."
HCP1860,58.09,61.14,60.53,Medium,0.7775,0.8249,0.2286,0.4247,Website,"Website is recommended with 82.5% predicted likelihood because the HCP has shown consistent website content browsing and sustained webinar watch duration, which positively influence predicted website engagement."
HCP1861,46.63,70.4,65.64,High,0.873,0.8689,0.4224,0.4847,Email,"Email is recommended with 87.3% predicted likelihood because the HCP has shown recent email engagement and strong historical email responsiveness, which positively influence predicted email engagement."
HCP1862,22.27,47.25,42.26,Low,0.7999,0.199,0.3162,0.548,Email,"Email is recommended with 80.0% predicted likelihood because the HCP has shown strong historical email responsiveness and consistent email open activity, which positively influence predicted email engagement."
HCP1863,31.02,34.2,33.56,Low,0.5406,0.1402,0.339,0.3497,Email,"Email is recommended with 54.1% predicted likelihood because the HCP has shown active engagement with email links and high email open responsiveness, which positively influence predicted email engagement."
HCP1864,43.15,57.52,54.65,Medium,0.4116,0.8398,0.2619,0.7369,Website,"Website is recommended with 84.0% predicted likelihood because the HCP has shown consistent website content browsing and recent medical conference attendance, which positively influence predicted website engagement."
HCP1865,39.88,41.47,41.15,Low,0.2047,0.5871,0.2352,0.6506,Veeva,"Veeva is recommended with 65.1% predicted likelihood because the HCP has shown frequent representative touchpoints and high email open responsiveness, which positively influence predicted veeva engagement."
HCP1866,61.07,62.95,62.57,High,0.6193,0.8506,0.3316,0.611,Website,"Website is recommended with 85.1% predicted likelihood because the HCP has shown consistent website content browsing and recent email engagement, which positively influence predicted website engagement."
HCP1867,39.08,45.63,44.32,Low,0.4589,0.5841,0.1299,0.5869,Veeva,"Veeva is recommended with 58.7% predicted likelihood because the HCP has shown frequent representative touchpoints and high webinar participation consistency, which positively influence predicted veeva engagement."
HCP1868,46.85,62.14,59.08,Medium,0.8375,0.8651,0.2067,0.3466,Website,"Website is recommended with 86.5% predicted likelihood because the HCP has shown active downloading of clinical PDF resources and consistent website content browsing, which positively influence predicted website engagement."
HCP1869,49.76,52.63,52.06,Medium,0.6241,0.5723,0.216,0.621,Email,"Email is recommended with 62.4% predicted likelihood because the HCP has shown active engagement with email links and recent medical conference attendance, which positively influence predicted email engagement."
HCP1870,43.82,64.27,60.18,Medium,0.6362,0.8261,0.2451,0.7748,Website,"Website is recommended with 82.6% predicted likelihood because the HCP has shown consistent website content browsing and active downloading of clinical PDF resources, which positively influence predicted website engagement."
HCP1871,52.22,55.86,55.13,Medium,0.4747,0.8007,0.2007,0.6795,Website,"Website is recommended with 80.1% predicted likelihood because the HCP has shown consistent website content browsing and recent representative interaction, which positively influence predicted website engagement."
HCP1872,36.0,62.08,56.87,Medium,0.8214,0.5066,0.4131,0.6991,Email,"Email is recommended with 82.1% predicted likelihood because the HCP has shown recent email engagement and strong historical email responsiveness, which positively influence predicted email engagement."
HCP1873,46.9,59.37,56.87,Medium,0.6723,0.8681,0.3523,0.3056,Website,"Website is recommended with 86.8% predicted likelihood because the HCP has shown consistent website content browsing and frequent clinical article views, which positively influence predicted website engagement."
HCP1874,68.08,74.65,73.34,High,0.8367,0.8564,0.6109,0.582,Website,"Website is recommended with 85.6% predicted likelihood because the HCP has shown consistent website content browsing and sustained webinar watch duration, which positively influence predicted website engagement."
HCP1875,23.07,41.67,37.95,Low,0.2252,0.446,0.4145,0.6622,Veeva,"Veeva is recommended with 66.2% predicted likelihood because the HCP has shown frequent representative touchpoints and completed field representative visits, which positively influence predicted veeva engagement."
HCP1876,49.3,65.4,62.18,Medium,0.7991,0.8516,0.3141,0.4799,Website,"Website is recommended with 85.2% predicted likelihood because the HCP has shown consistent website content browsing and active downloading of clinical PDF resources, which positively influence predicted website engagement."
HCP1877,43.01,57.63,54.7,Medium,0.8855,0.6177,0.18,0.4467,Email,"Email is recommended with 88.5% predicted likelihood because the HCP has shown recent email engagement and strong historical email responsiveness, which positively influence predicted email engagement."
HCP1878,50.06,32.74,36.2,Low,0.1616,0.4034,0.1815,0.608,Veeva,"Veeva is recommended with 60.8% predicted likelihood because the HCP has shown frequent representative touchpoints and recent email engagement, which positively influence predicted veeva engagement."
HCP1879,51.65,70.01,66.34,High,0.7305,0.847,0.4222,0.7121,Website,"Website is recommended with 84.7% predicted likelihood because the HCP has shown consistent website content browsing and active downloading of clinical PDF resources, which positively influence predicted website engagement."
HCP1880,37.03,62.88,57.71,Medium,0.7715,0.5389,0.5065,0.6718,Email,"Email is recommended with 77.2% predicted likelihood because the HCP has shown recent email engagement and active engagement with email links, which positively influence predicted email engagement."
HCP1881,31.78,39.16,37.69,Low,0.4235,0.3205,0.1753,0.667,Veeva,"Veeva is recommended with 66.7% predicted likelihood because the HCP has shown frequent representative touchpoints and completed field representative visits, which positively influence predicted veeva engagement."
HCP1882,35.06,45.82,43.67,Low,0.508,0.5824,0.129,0.5266,Website,"Website is recommended with 58.2% predicted likelihood because the HCP has shown active downloading of clinical PDF resources and high overall cross-channel activity, which positively influence predicted website engagement."
HCP1883,42.3,36.91,37.99,Low,0.4355,0.3848,0.1324,0.4825,Veeva,"Veeva is recommended with 48.2% predicted likelihood because the HCP has shown frequent representative touchpoints and consistent website content browsing, which positively influence predicted veeva engagement."
HCP1884,74.92,73.23,73.56,High,0.8358,0.9078,0.5439,0.5021,Website,"Website is recommended with 90.8% predicted likelihood because the HCP has shown consistent website content browsing and strong historical email responsiveness, which positively influence predicted website engagement."
HCP1885,70.08,74.89,73.93,High,0.7801,0.8806,0.5858,0.6678,Website,"Website is recommended with 88.1% predicted likelihood because the HCP has shown consistent website content browsing and recent medical conference attendance, which positively influence predicted website engagement."
HCP1886,63.64,58.76,59.73,Medium,0.7786,0.6829,0.1729,0.5727,Email,"Email is recommended with 77.9% predicted likelihood because the HCP has shown active downloading of clinical PDF resources and sustained webinar watch duration, which positively influence predicted email engagement."
HCP1887,33.68,47.2,44.5,Low,0.5726,0.4215,0.1322,0.7368,Veeva,"Veeva is recommended with 73.7% predicted likelihood because the HCP has shown frequent representative touchpoints and high visit completion rate, which positively influence predicted veeva engagement."
HCP1888,46.47,50.76,49.9,Low,0.7065,0.5733,0.1744,0.4439,Email,"Email is recommended with 70.6% predicted likelihood because the HCP has shown recent email engagement and strong historical email responsiveness, which positively influence predicted email engagement."
HCP1889,16.47,54.45,46.85,Low,0.8186,0.7303,0.1318,0.2672,Email,"Email is recommended with 81.9% predicted likelihood because the HCP has shown strong historical email responsiveness and high overall cross-channel activity, which positively influence predicted email engagement."
HCP1890,66.4,74.53,72.9,High,0.8172,0.872,0.4987,0.6939,Website,"Website is recommended with 87.2% predicted likelihood because the HCP has shown consistent website content browsing and strong historical email responsiveness, which positively influence predicted website engagement."
HCP1891,33.09,61.06,55.46,Medium,0.8249,0.5926,0.4124,0.5142,Email,"Email is recommended with 82.5% predicted likelihood because the HCP has shown strong historical email responsiveness and high email open responsiveness, which positively influence predicted email engagement."
HCP1892,48.06,70.59,66.09,High,0.9005,0.8459,0.2465,0.6635,Email,"Email is recommended with 90.0% predicted likelihood because the HCP has shown recent email engagement and strong historical email responsiveness, which positively influence predicted email engagement."
HCP1893,58.73,67.81,66.0,High,0.8584,0.6648,0.3354,0.7704,Email,"Email is recommended with 85.8% predicted likelihood because the HCP has shown recent email engagement and strong historical email responsiveness, which positively influence predicted email engagement."
HCP1894,36.55,42.29,41.14,Low,0.2167,0.435,0.5687,0.5684,Webinar,"Webinar is recommended with 56.9% predicted likelihood because the HCP has shown strong historical webinar presence and high webinar participation consistency, which positively influence predicted webinar engagement."
HCP1895,46.89,48.55,48.22,Low,0.7157,0.4112,0.1702,0.5669,Email,"Email is recommended with 71.6% predicted likelihood because the HCP has shown strong historical email responsiveness and active engagement with email links, which positively influence predicted email engagement."
HCP1896,28.88,56.57,51.03,Low,0.6716,0.4566,0.5156,0.6207,Email,"Email is recommended with 67.2% predicted likelihood because the HCP has shown strong historical email responsiveness and high email open responsiveness, which positively influence predicted email engagement."
HCP1897,35.04,19.34,22.48,Low,0.1076,0.1226,0.1949,0.4267,Veeva,"Veeva is recommended with 42.7% predicted likelihood because the HCP has shown recent representative interaction and high email open responsiveness, which positively influence predicted veeva engagement."
HCP1898,33.1,50.27,46.83,Low,0.7466,0.1755,0.4932,0.6372,Email,"Email is recommended with 74.7% predicted likelihood because the HCP has shown high email open responsiveness and consistent email open activity, which positively influence predicted email engagement."
HCP1899,61.0,73.65,71.12,High,0.8099,0.8557,0.5241,0.6597,Website,"Website is recommended with 85.6% predicted likelihood because the HCP has shown consistent website content browsing and recent medical conference attendance, which positively influence predicted website engagement."
HCP1900,47.96,64.6,61.27,Medium,0.7928,0.5268,0.5596,0.6911,Email,"Email is recommended with 79.3% predicted likelihood because the HCP has shown high email open responsiveness and active engagement with email links, which positively influence predicted email engagement."
HCP1901,31.44,69.94,62.24,Medium,0.8583,0.8155,0.2313,0.7552,Email,"Email is recommended with 85.8% predicted likelihood because the HCP has shown recent email engagement and strong historical email responsiveness, which positively influence predicted email engagement."
HCP1902,36.87,61.56,56.62,Medium,0.7965,0.6226,0.4536,0.4956,Email,"Email is recommended with 79.7% predicted likelihood because the HCP has shown strong historical email responsiveness and high email open responsiveness, which positively influence predicted email engagement."
HCP1903,38.35,50.05,47.71,Low,0.7735,0.3649,0.1313,0.6634,Email,"Email is recommended with 77.3% predicted likelihood because the HCP has shown strong historical email responsiveness and frequent representative touchpoints, which positively influence predicted email engagement."
HCP1904,55.75,66.82,64.6,High,0.8547,0.7887,0.4451,0.4305,Email,"Email is recommended with 85.5% predicted likelihood because the HCP has shown strong historical email responsiveness and active downloading of clinical PDF resources, which positively influence predicted email engagement."
HCP1905,53.01,62.49,60.59,Medium,0.8948,0.6554,0.3197,0.4794,Email,"Email is recommended with 89.5% predicted likelihood because the HCP has shown recent email engagement and strong historical email responsiveness, which positively influence predicted email engagement."
HCP1906,56.58,61.08,60.18,Medium,0.5306,0.8264,0.5406,0.4777,Website,"Website is recommended with 82.6% predicted likelihood because the HCP has shown consistent website content browsing and recent medical conference attendance, which positively influence predicted website engagement."
HCP1907,46.16,63.53,60.06,Medium,0.8415,0.5981,0.3581,0.6591,Email,"Email is recommended with 84.2% predicted likelihood because the HCP has shown strong historical email responsiveness and active downloading of clinical PDF resources, which positively influence predicted email engagement."
HCP1908,47.17,52.49,51.43,Medium,0.7563,0.698,0.1354,0.3078,Email,"Email is recommended with 75.6% predicted likelihood because the HCP has shown frequent clinical article views and recent medical conference attendance, which positively influence predicted email engagement."
HCP1909,37.05,35.1,35.49,Low,0.2283,0.5026,0.1771,0.4814,Website,"Website is recommended with 50.3% predicted likelihood because the HCP has shown recent email engagement and frequent clinical article views, which positively influence predicted website engagement."
HCP1910,34.12,58.38,53.52,Medium,0.8063,0.5504,0.2604,0.6233,Email,"Email is recommended with 80.6% predicted likelihood because the HCP has shown strong historical email responsiveness and active downloading of clinical PDF resources, which positively influence predicted email engagement."
HCP1911,65.27,77.71,75.23,High,0.8669,0.9013,0.6289,0.6044,Website,"Website is recommended with 90.1% predicted likelihood because the HCP has shown consistent website content browsing and strong historical email responsiveness, which positively influence predicted website engagement."
HCP1912,34.61,37.14,36.63,Low,0.3221,0.5341,0.129,0.4436,Website,"Website is recommended with 53.4% predicted likelihood because the HCP has shown consistent website content browsing and recent email engagement, which positively influence predicted website engagement."
HCP1913,28.1,41.75,39.02,Low,0.2458,0.5199,0.2147,0.7244,Veeva,"Veeva is recommended with 72.4% predicted likelihood because the HCP has shown high visit completion rate and completed field representative visits, which positively influence predicted veeva engagement."
HCP1914,58.89,73.09,70.25,High,0.8965,0.7088,0.4955,0.751,Email,"Email is recommended with 89.7% predicted likelihood because the HCP has shown recent email engagement and strong historical email responsiveness, which positively influence predicted email engagement."
HCP1915,44.91,61.66,58.31,Medium,0.5957,0.8469,0.253,0.6665,Website,"Website is recommended with 84.7% predicted likelihood because the HCP has shown consistent website content browsing and high overall cross-channel activity, which positively influence predicted website engagement."
HCP1916,46.88,66.74,62.77,High,0.6324,0.8222,0.5065,0.6485,Website,"Website is recommended with 82.2% predicted likelihood because the HCP has shown recent medical conference attendance and recent representative interaction, which positively influence predicted website engagement."
HCP1917,68.08,73.29,72.25,High,0.8726,0.8802,0.3433,0.692,Website,"Website is recommended with 88.0% predicted likelihood because the HCP has shown consistent website content browsing and strong historical email responsiveness, which positively influence predicted website engagement."
HCP1918,38.37,42.68,41.82,Low,0.3554,0.5524,0.1753,0.5971,Veeva,"Veeva is recommended with 59.7% predicted likelihood because the HCP has shown frequent representative touchpoints and strong historical email responsiveness, which positively influence predicted veeva engagement."
HCP1919,51.93,54.49,53.98,Medium,0.4379,0.8209,0.351,0.485,Website,"Website is recommended with 82.1% predicted likelihood because the HCP has shown consistent website content browsing and strong historical email responsiveness, which positively influence predicted website engagement."
HCP1920,59.66,68.61,66.82,High,0.867,0.8434,0.174,0.6908,Email,"Email is recommended with 86.7% predicted likelihood because the HCP has shown strong historical email responsiveness and recent email engagement, which positively influence predicted email engagement."
HCP1921,50.08,65.98,62.8,High,0.8775,0.5093,0.524,0.6949,Email,"Email is recommended with 87.7% predicted likelihood because the HCP has shown strong historical email responsiveness and recent medical conference attendance, which positively influence predicted email engagement."
HCP1922,31.79,39.74,38.15,Low,0.2154,0.6927,0.1291,0.4959,Website,"Website is recommended with 69.3% predicted likelihood because the HCP has shown high overall cross-channel activity and consistent website content browsing, which positively influence predicted website engagement."
HCP1923,43.54,46.37,45.81,Low,0.3814,0.5887,0.253,0.6105,Veeva,"Veeva is recommended with 61.1% predicted likelihood because the HCP has shown high visit completion rate and completed field representative visits, which positively influence predicted veeva engagement."
HCP1924,37.4,45.3,43.72,Low,0.7097,0.2757,0.1947,0.5922,Email,"Email is recommended with 71.0% predicted likelihood because the HCP has shown active engagement with email links and recent representative interaction, which positively influence predicted email engagement."
HCP1925,25.41,52.75,47.28,Low,0.3746,0.8045,0.1726,0.696,Website,"Website is recommended with 80.5% predicted likelihood because the HCP has shown active downloading of clinical PDF resources and high overall cross-channel activity, which positively influence predicted website engagement."
HCP1926,35.48,68.12,61.59,Medium,0.7393,0.8325,0.4037,0.6445,Website,"Website is recommended with 83.3% predicted likelihood because the HCP has shown high overall cross-channel activity and strong historical email responsiveness, which positively influence predicted website engagement."
HCP1927,52.22,76.13,71.35,High,0.8786,0.8639,0.4811,0.7116,Email,"Email is recommended with 87.9% predicted likelihood because the HCP has shown strong historical email responsiveness and consistent website content browsing, which positively influence predicted email engagement."
HCP1928,38.2,51.23,48.62,Low,0.4768,0.6353,0.1455,0.7477,Veeva,"Veeva is recommended with 74.8% predicted likelihood because the HCP has shown frequent representative touchpoints and high visit completion rate, which positively influence predicted veeva engagement."
HCP1929,68.4,63.34,64.35,High,0.6771,0.8297,0.2668,0.64,Website,"Website is recommended with 83.0% predicted likelihood because the HCP has shown consistent website content browsing and recent medical conference attendance, which positively influence predicted website engagement."
HCP1930,45.95,43.79,44.22,Low,0.8063,0.1984,0.2142,0.4682,Email,"Email is recommended with 80.6% predicted likelihood because the HCP has shown strong historical email responsiveness and high email open responsiveness, which positively influence predicted email engagement."
HCP1931,76.89,64.26,66.79,High,0.8514,0.8496,0.3106,0.3511,Email,"Email is recommended with 85.1% predicted likelihood because the HCP has shown strong historical email responsiveness and active downloading of clinical PDF resources, which positively influence predicted email engagement."
HCP1932,48.41,59.91,57.61,Medium,0.6842,0.7758,0.1458,0.6595,Website,"Website is recommended with 77.6% predicted likelihood because the HCP has shown consistent website content browsing and active downloading of clinical PDF resources, which positively influence predicted website engagement."
HCP1933,61.17,76.3,73.28,High,0.8346,0.8789,0.4999,0.7449,Website,"Website is recommended with 87.9% predicted likelihood because the HCP has shown consistent website content browsing and strong historical email responsiveness, which positively influence predicted website engagement."
HCP1934,67.11,69.44,68.97,High,0.883,0.8773,0.3718,0.4596,Email,"Email is recommended with 88.3% predicted likelihood because the HCP has shown strong historical email responsiveness and active downloading of clinical PDF resources, which positively influence predicted email engagement."
HCP1935,66.34,72.88,71.57,High,0.8393,0.8494,0.3737,0.7371,Website,"Website is recommended with 84.9% predicted likelihood because the HCP has shown consistent website content browsing and full views of educational video content, which positively influence predicted website engagement."
HCP1936,23.59,51.6,46.0,Low,0.6456,0.5163,0.1439,0.6935,Veeva,"Veeva is recommended with 69.4% predicted likelihood because the HCP has shown completed field representative visits and high visit completion rate, which positively influence predicted veeva engagement."
HCP1937,29.58,45.42,42.26,Low,0.2795,0.6912,0.509,0.3061,Website,"Website is recommended with 69.1% predicted likelihood because the HCP has shown high overall cross-channel activity and active downloading of clinical PDF resources, which positively influence predicted website engagement."
HCP1938,65.67,30.94,37.89,Low,0.1659,0.4281,0.22,0.436,Veeva,"Veeva is recommended with 43.6% predicted likelihood because the HCP has shown frequent representative touchpoints and strong historical email responsiveness, which positively influence predicted veeva engagement."
HCP1939,41.34,53.83,51.33,Medium,0.757,0.5855,0.129,0.5488,Email,"Email is recommended with 75.7% predicted likelihood because the HCP has shown strong historical email responsiveness and high email open responsiveness, which positively influence predicted email engagement."
HCP1940,51.93,66.53,63.61,High,0.8555,0.8626,0.2372,0.5124,Website,"Website is recommended with 86.3% predicted likelihood because the HCP has shown consistent website content browsing and strong historical email responsiveness, which positively influence predicted website engagement."
HCP1941,60.08,70.49,68.4,High,0.8285,0.8054,0.6078,0.4658,Email,"Email is recommended with 82.8% predicted likelihood because the HCP has shown strong historical email responsiveness and frequent clinical article views, which positively influence predicted email engagement."
HCP1942,43.83,43.59,43.64,Low,0.6819,0.3468,0.1736,0.4627,Email,"Email is recommended with 68.2% predicted likelihood because the HCP has shown recent email engagement and high email open responsiveness, which positively influence predicted email engagement."
HCP1943,32.29,61.81,55.9,Medium,0.7877,0.8571,0.1434,0.4799,Website,"Website is recommended with 85.7% predicted likelihood because the HCP has shown consistent website content browsing and strong historical email responsiveness, which positively influence predicted website engagement."
HCP1944,37.43,67.57,61.55,Medium,0.7742,0.8123,0.3433,0.6557,Website,"Website is recommended with 81.2% predicted likelihood because the HCP has shown consistent website content browsing and active downloading of clinical PDF resources, which positively influence predicted website engagement."
HCP1945,44.6,58.31,55.57,Medium,0.7774,0.7486,0.1321,0.4943,Email,"Email is recommended with 77.7% predicted likelihood because the HCP has shown active downloading of clinical PDF resources and active engagement with email links, which positively influence predicted email engagement."
HCP1946,35.91,69.54,62.82,High,0.8086,0.7834,0.4436,0.6456,Email,"Email is recommended with 80.9% predicted likelihood because the HCP has shown strong historical email responsiveness and sustained webinar watch duration, which positively influence predicted email engagement."
HCP1947,26.14,55.48,49.61,Low,0.7596,0.412,0.424,0.5927,Email,"Email is recommended with 76.0% predicted likelihood because the HCP has shown high email open responsiveness and high overall cross-channel activity, which positively influence predicted email engagement."
HCP1948,58.16,66.88,65.13,High,0.834,0.6078,0.4905,0.6907,Email,"Email is recommended with 83.4% predicted likelihood because the HCP has shown strong historical email responsiveness and frequent clinical article views, which positively influence predicted email engagement."
HCP1949,68.06,67.64,67.72,High,0.8649,0.8904,0.1323,0.6166,Website,"Website is recommended with 89.0% predicted likelihood because the HCP has shown consistent website content browsing and strong historical email responsiveness, which positively influence predicted website engagement."
HCP1950,51.97,70.76,67.0,High,0.7668,0.7987,0.6591,0.5304,Website,"Website is recommended with 79.9% predicted likelihood because the HCP has shown active downloading of clinical PDF resources and active engagement with email links, which positively influence predicted website engagement."
HCP1951,55.54,65.27,63.33,High,0.8607,0.8482,0.1979,0.5024,Email,"Email is recommended with 86.1% predicted likelihood because the HCP has shown recent email engagement and strong historical email responsiveness, which positively influence predicted email engagement."
HCP1952,10.23,34.43,29.59,Low,0.3393,0.2329,0.1322,0.731,Veeva,"Veeva is recommended with 73.1% predicted likelihood because the HCP has shown high visit completion rate and completed field representative visits, which positively influence predicted veeva engagement."
HCP1953,42.45,66.79,61.92,Medium,0.7837,0.7768,0.4844,0.5142,Email,"Email is recommended with 78.4% predicted likelihood because the HCP has shown strong historical email responsiveness and active downloading of clinical PDF resources, which positively influence predicted email engagement."
HCP1954,20.71,56.21,49.11,Low,0.6953,0.5828,0.1752,0.7182,Veeva,"Veeva is recommended with 71.8% predicted likelihood because the HCP has shown frequent representative touchpoints and completed field representative visits, which positively influence predicted veeva engagement."
HCP1955,61.65,69.55,67.97,High,0.8295,0.7908,0.4871,0.5597,Email,"Email is recommended with 83.0% predicted likelihood because the HCP has shown strong historical email responsiveness and high email open responsiveness, which positively influence predicted email engagement."
HCP1956,64.67,64.08,64.2,High,0.8064,0.9132,0.1731,0.4514,Website,"Website is recommended with 91.3% predicted likelihood because the HCP has shown consistent website content browsing and sustained webinar watch duration, which positively influence predicted website engagement."
HCP1957,41.66,50.43,48.68,Low,0.6585,0.4553,0.1324,0.7187,Veeva,"Veeva is recommended with 71.9% predicted likelihood because the HCP has shown frequent representative touchpoints and completed field representative visits, which positively influence predicted veeva engagement."
HCP1958,28.18,55.28,49.86,Low,0.6272,0.6815,0.1414,0.6598,Website,"Website is recommended with 68.1% predicted likelihood because the HCP has shown high overall cross-channel activity and recent medical conference attendance, which positively influence predicted website engagement."
HCP1959,31.36,34.85,34.15,Low,0.1275,0.5527,0.3541,0.3679,Website,"Website is recommended with 55.3% predicted likelihood because the HCP has shown recent representative interaction and recent email engagement, which positively influence predicted website engagement."
HCP1960,51.57,60.71,58.88,Medium,0.7113,0.8776,0.129,0.5229,Website,"Website is recommended with 87.8% predicted likelihood because the HCP has shown consistent website content browsing and recent portal navigation, which positively influence predicted website engagement."
HCP1961,28.32,70.43,62.01,Medium,0.808,0.8312,0.4178,0.645,Website,"Website is recommended with 83.1% predicted likelihood because the HCP has shown active downloading of clinical PDF resources and high overall cross-channel activity, which positively influence predicted website engagement."
HCP1962,18.87,20.82,20.43,Low,0.0981,0.1747,0.129,0.5027,Veeva,"Veeva is recommended with 50.3% predicted likelihood because the HCP has shown completed field representative visits and active engagement with email links, which positively influence predicted veeva engagement."
HCP1963,67.68,68.62,68.43,High,0.8841,0.8856,0.2157,0.5608,Website,"Website is recommended with 88.6% predicted likelihood because the HCP has shown consistent website content browsing and active engagement with email links, which positively influence predicted website engagement."
HCP1964,49.37,74.74,69.67,High,0.8599,0.9145,0.5258,0.5495,Website,"Website is recommended with 91.5% predicted likelihood because the HCP has shown consistent website content browsing and strong historical email responsiveness, which positively influence predicted website engagement."
HCP1965,66.7,78.72,76.32,High,0.864,0.8925,0.6611,0.6401,Website,"Website is recommended with 89.3% predicted likelihood because the HCP has shown consistent website content browsing and strong historical email responsiveness, which positively influence predicted website engagement."
HCP1966,37.28,60.35,55.73,Medium,0.6624,0.8668,0.132,0.5914,Website,"Website is recommended with 86.7% predicted likelihood because the HCP has shown consistent website content browsing and active downloading of clinical PDF resources, which positively influence predicted website engagement."
HCP1967,65.86,68.75,68.17,High,0.8805,0.8628,0.1323,0.6902,Email,"Email is recommended with 88.0% predicted likelihood because the HCP has shown strong historical email responsiveness and active downloading of clinical PDF resources, which positively influence predicted email engagement."
HCP1968,45.07,57.37,54.91,Medium,0.8073,0.4951,0.2834,0.6314,Email,"Email is recommended with 80.7% predicted likelihood because the HCP has shown active engagement with email links and sustained webinar watch duration, which positively influence predicted email engagement."
HCP1969,40.01,32.14,33.71,Low,0.3545,0.2792,0.1721,0.4842,Veeva,"Veeva is recommended with 48.4% predicted likelihood because the HCP has shown completed field representative visits and high visit completion rate, which positively influence predicted veeva engagement."
HCP1970,22.74,36.4,33.66,Low,0.1152,0.6161,0.1318,0.591,Website,"Website is recommended with 61.6% predicted likelihood because the HCP has shown high overall cross-channel activity and frequent clinical article views, which positively influence predicted website engagement."
HCP1971,51.25,62.37,60.15,Medium,0.8376,0.6009,0.241,0.7197,Email,"Email is recommended with 83.8% predicted likelihood because the HCP has shown strong historical email responsiveness and active engagement with email links, which positively influence predicted email engagement."
HCP1972,45.68,54.3,52.57,Medium,0.5961,0.734,0.1444,0.5752,Website,"Website is recommended with 73.4% predicted likelihood because the HCP has shown consistent website content browsing and active downloading of clinical PDF resources, which positively influence predicted website engagement."
HCP1973,41.27,65.35,60.53,Medium,0.6874,0.8531,0.2312,0.7256,Website,"Website is recommended with 85.3% predicted likelihood because the HCP has shown consistent website content browsing and active downloading of clinical PDF resources, which positively influence predicted website engagement."
HCP1974,66.48,67.35,67.17,High,0.7351,0.8713,0.4853,0.4724,Website,"Website is recommended with 87.1% predicted likelihood because the HCP has shown consistent website content browsing and full views of educational video content, which positively influence predicted website engagement."
HCP1975,62.98,63.96,63.77,High,0.7491,0.8911,0.1925,0.5455,Website,"Website is recommended with 89.1% predicted likelihood because the HCP has shown consistent website content browsing and sustained webinar watch duration, which positively influence predicted website engagement."
HCP1976,37.02,56.41,52.53,Medium,0.5801,0.5228,0.5237,0.6423,Veeva,"Veeva is recommended with 64.2% predicted likelihood because the HCP has shown frequent representative touchpoints and high webinar participation consistency, which positively influence predicted veeva engagement."
HCP1977,63.09,72.96,70.99,High,0.7809,0.8561,0.4245,0.7681,Website,"Website is recommended with 85.6% predicted likelihood because the HCP has shown consistent website content browsing and strong historical email responsiveness, which positively influence predicted website engagement."
HCP1978,25.68,55.62,49.63,Low,0.4758,0.8401,0.3577,0.4493,Website,"Website is recommended with 84.0% predicted likelihood because the HCP has shown consistent website content browsing and active downloading of clinical PDF resources, which positively influence predicted website engagement."
HCP1979,47.29,31.81,34.9,Low,0.4333,0.1699,0.2313,0.4541,Veeva,"Veeva is recommended with 45.4% predicted likelihood because the HCP has shown completed field representative visits and recent email engagement, which positively influence predicted veeva engagement."
HCP1980,42.72,54.12,51.84,Medium,0.687,0.6116,0.1777,0.5804,Email,"Email is recommended with 68.7% predicted likelihood because the HCP has shown active engagement with email links and recent representative interaction, which positively influence predicted email engagement."
HCP1981,66.81,64.88,65.26,High,0.8291,0.802,0.1322,0.6649,Email,"Email is recommended with 82.9% predicted likelihood because the HCP has shown strong historical email responsiveness and active engagement with email links, which positively influence predicted email engagement."
HCP1982,56.3,47.33,49.12,Low,0.3529,0.6989,0.1329,0.656,Website,"Website is recommended with 69.9% predicted likelihood because the HCP has shown consistent website content browsing and active downloading of clinical PDF resources, which positively influence predicted website engagement."
HCP1983,34.05,52.37,48.71,Low,0.3163,0.8271,0.1289,0.7746,Website,"Website is recommended with 82.7% predicted likelihood because the HCP has shown consistent website content browsing and frequent clinical article views, which positively influence predicted website engagement."
HCP1984,61.38,76.89,73.79,High,0.8253,0.8321,0.661,0.6974,Website,"Website is recommended with 83.2% predicted likelihood because the HCP has shown strong historical email responsiveness and recent medical conference attendance, which positively influence predicted website engagement."
HCP1985,45.31,42.07,42.72,Low,0.6974,0.3178,0.1758,0.405,Email,"Email is recommended with 69.7% predicted likelihood because the HCP has shown active engagement with email links and recent representative interaction, which positively influence predicted email engagement."
HCP1986,27.77,34.48,33.14,Low,0.1641,0.5318,0.4151,0.2652,Website,"Website is recommended with 53.2% predicted likelihood because the HCP has shown active downloading of clinical PDF resources and recent portal navigation, which positively influence predicted website engagement."
HCP1987,46.94,64.05,60.63,Medium,0.7722,0.5288,0.5673,0.6836,Email,"Email is recommended with 77.2% predicted likelihood because the HCP has shown strong historical email responsiveness and active engagement with email links, which positively influence predicted email engagement."
HCP1988,63.4,68.24,67.27,High,0.7403,0.8444,0.403,0.6318,Website,"Website is recommended with 84.4% predicted likelihood because the HCP has shown consistent website content browsing and active downloading of clinical PDF resources, which positively influence predicted website engagement."
HCP1989,26.97,21.74,22.79,Low,0.2064,0.1607,0.1694,0.3671,Veeva,"Veeva is recommended with 36.7% predicted likelihood because the HCP has shown completed field representative visits and recent portal navigation, which positively influence predicted veeva engagement."
HCP1990,50.29,56.64,55.37,Medium,0.8629,0.5859,0.2694,0.3894,Email,"Email is recommended with 86.3% predicted likelihood because the HCP has shown strong historical email responsiveness and sustained webinar watch duration, which positively influence predicted email engagement."
HCP1991,62.68,67.62,66.63,High,0.8548,0.8781,0.1505,0.6314,Website,"Website is recommended with 87.8% predicted likelihood because the HCP has shown consistent website content browsing and strong historical email responsiveness, which positively influence predicted website engagement."
HCP1992,30.71,37.75,36.35,Low,0.4946,0.3051,0.1323,0.5559,Veeva,"Veeva is recommended with 55.6% predicted likelihood because the HCP has shown frequent representative touchpoints and high webinar participation consistency, which positively influence predicted veeva engagement."
HCP1993,34.02,41.62,40.1,Low,0.4331,0.267,0.5091,0.5218,Veeva,"Veeva is recommended with 52.2% predicted likelihood because the HCP has shown frequent representative touchpoints and high visit completion rate, which positively influence predicted veeva engagement."
HCP1994,52.62,69.22,65.9,High,0.9,0.8538,0.45,0.3803,Email,"Email is recommended with 90.0% predicted likelihood because the HCP has shown recent email engagement and strong historical email responsiveness, which positively influence predicted email engagement."
HCP1995,53.97,42.16,44.52,Low,0.3957,0.6445,0.1932,0.3546,Website,"Website is recommended with 64.5% predicted likelihood because the HCP has shown consistent website content browsing and active engagement with email links, which positively influence predicted website engagement."
HCP1996,42.33,65.04,60.5,Medium,0.7149,0.7983,0.3746,0.6077,Website,"Website is recommended with 79.8% predicted likelihood because the HCP has shown consistent website content browsing and high overall cross-channel activity, which positively influence predicted website engagement."
HCP1997,32.68,51.38,47.64,Low,0.7175,0.3375,0.4932,0.4933,Email,"Email is recommended with 71.8% predicted likelihood because the HCP has shown high email open responsiveness, which positively influences predicted email engagement."
HCP1998,22.27,31.67,29.79,Low,0.5849,0.1652,0.129,0.3292,Email,"Email is recommended with 58.5% predicted likelihood because the HCP has shown active engagement with email links and recent representative interaction, which positively influence predicted email engagement."
HCP1999,44.58,50.61,49.41,Low,0.7631,0.3908,0.2321,0.5676,Email,"Email is recommended with 76.3% predicted likelihood because the HCP has shown strong historical email responsiveness and sustained webinar watch duration, which positively influence predicted email engagement."
HCP2000,50.09,43.4,44.74,Low,0.2093,0.825,0.2684,0.3501,Website,"Website is recommended with 82.5% predicted likelihood because the HCP has shown consistent website content browsing and recent portal navigation, which positively influence predicted website engagement."
