HCP_ID,Historical_Engagement_Score,Predicted_Engagement_Score,Hybrid_Engagement_Score,Engagement_Level,Email_Probability,Website_Probability,Webinar_Probability,Sales_Rep_Probability,Next_Best_Channel,Recommended_Reason
HCP0001,45.13,57.22,54.8,Medium,0.9705,0.8914,0.138,0.6386,Sales Rep,We recommend reaching out via Sales Rep (63.9% likelihood). The model selected this channel primarily due to the HCP's completed rep visits and email open rate.
HCP0002,30.01,54.43,49.55,Low,0.9508,0.7427,0.4939,0.3814,Webinar,"To build momentum with this lower-engagement HCP, Webinar is the safest bet (49.4% likelihood), which strongly aligns with their event attendance history and event attendance recency."
HCP0003,56.52,42.78,45.53,Low,0.9804,0.9612,0.118,0.2553,Website,"To build momentum with this lower-engagement HCP, Website is the safest bet (96.1% likelihood), which strongly aligns with their web content viewing frequency and video completion rate."
HCP0004,50.28,46.44,47.21,Low,0.9797,0.9053,0.1213,0.3724,Email,"To build momentum with this lower-engagement HCP, Email is the safest bet (98.0% likelihood), which strongly aligns with their historical email volume and email open rate."
HCP0005,14.93,54.0,46.19,Low,0.9712,0.6504,0.0938,0.7117,Sales Rep,"To build momentum with this lower-engagement HCP, Sales Rep is the safest bet (71.2% likelihood), which strongly aligns with their sales rep interaction recency and completed rep visit recency."
HCP0006,43.62,53.43,51.46,Low,0.9332,0.9391,0.0945,0.5619,Website,"To build momentum with this lower-engagement HCP, Website is the safest bet (93.9% likelihood), which strongly aligns with their web content viewing frequency and video completion rate."
HCP0007,33.52,60.96,55.47,Medium,0.9747,0.8228,0.3261,0.6244,Sales Rep,We recommend reaching out via Sales Rep (62.4% likelihood). The model selected this channel primarily due to the HCP's sales rep interaction recency and completed rep visit recency.
HCP0008,44.07,56.4,53.93,Medium,0.9628,0.9711,0.3913,0.3902,Webinar,We recommend reaching out via Webinar (39.1% likelihood). The model selected this channel primarily due to the HCP's event attendance history and event attendance rate.
HCP0009,22.45,74.56,64.14,High,0.8689,0.8261,0.6109,0.7755,Webinar,"Since this HCP is highly engaged overall, Webinar is the ideal next step (61.1% likelihood), driven largely by their event registration recency and event attendance recency."
HCP0010,36.49,48.83,46.36,Low,0.9019,0.9708,0.0953,0.4384,Website,"To build momentum with this lower-engagement HCP, Website is the safest bet (97.1% likelihood), which strongly aligns with their web content viewing frequency and web content viewing frequency."
HCP0011,57.25,78.27,74.07,High,0.9829,0.9702,0.557,0.8083,Webinar,"Since this HCP is highly engaged overall, Webinar is the ideal next step (55.7% likelihood), driven largely by their event attendance history and event registration recency."
HCP0012,20.39,47.24,41.87,Low,0.9277,0.7661,0.0946,0.4949,Email,"To build momentum with this lower-engagement HCP, Email is the safest bet (92.8% likelihood), which strongly aligns with their historical email volume and completed rep visits."
HCP0013,37.89,55.4,51.9,Low,0.7718,0.9568,0.1332,0.6138,Sales Rep,"To build momentum with this lower-engagement HCP, Sales Rep is the safest bet (61.4% likelihood), which strongly aligns with their sales rep interaction recency and completed rep visit recency."
HCP0014,23.81,55.73,49.34,Low,0.9816,0.8014,0.0945,0.6762,Sales Rep,"To build momentum with this lower-engagement HCP, Sales Rep is the safest bet (67.6% likelihood), which strongly aligns with their completed rep visits and website recency."
HCP0015,48.68,78.06,72.19,High,0.966,0.97,0.6545,0.7343,Webinar,"Since this HCP is highly engaged overall, Webinar is the ideal next step (65.4% likelihood), driven largely by their event registration recency and event attendance recency."
HCP0016,27.09,52.85,47.7,Low,0.9851,0.8402,0.2764,0.4475,Email,"To build momentum with this lower-engagement HCP, Email is the safest bet (98.5% likelihood), which strongly aligns with their historical email volume and email open rate."
HCP0017,50.56,73.24,68.7,High,0.9856,0.9556,0.4499,0.7693,Sales Rep,"Since this HCP is highly engaged overall, Sales Rep is the ideal next step (76.9% likelihood), driven largely by their sales rep interaction recency and completed rep visits."
HCP0018,32.25,62.23,56.23,Medium,0.961,0.9078,0.2622,0.665,Sales Rep,We recommend reaching out via Sales Rep (66.5% likelihood). The model selected this channel primarily due to the HCP's completed rep visits and total time spent with reps.
HCP0019,53.97,44.55,46.44,Low,0.9839,0.9752,0.0948,0.3091,Website,"To build momentum with this lower-engagement HCP, Website is the safest bet (97.5% likelihood), which strongly aligns with their web content viewing frequency and video completion rate."
HCP0020,44.15,70.26,65.03,High,0.9771,0.8706,0.4664,0.727,Webinar,"Since this HCP is highly engaged overall, Webinar is the ideal next step (46.6% likelihood), driven largely by their event registration recency and event attendance history."
HCP0021,40.14,50.04,48.06,Low,0.8807,0.8453,0.133,0.5084,Website,"To build momentum with this lower-engagement HCP, Website is the safest bet (84.5% likelihood), which strongly aligns with their web content viewing frequency and total website duration."
HCP0022,55.68,63.17,61.67,High,0.9717,0.95,0.0944,0.7905,Sales Rep,"Since this HCP is highly engaged overall, Sales Rep is the ideal next step (79.1% likelihood), driven largely by their completed rep visits and average website session duration."
HCP0023,66.14,43.03,47.65,Low,0.9349,0.9818,0.1068,0.271,Website,"To build momentum with this lower-engagement HCP, Website is the safest bet (98.2% likelihood), which strongly aligns with their web content viewing frequency and event registration recency."
HCP0024,69.13,58.82,60.88,High,0.9799,0.9465,0.2462,0.5675,Website,"Since this HCP is highly engaged overall, Website is the ideal next step (94.7% likelihood), driven largely by their web content viewing frequency and video completion rate."
HCP0025,67.06,63.44,64.16,High,0.9631,0.9448,0.1321,0.7737,Sales Rep,"Since this HCP is highly engaged overall, Sales Rep is the ideal next step (77.4% likelihood), driven largely by their completed rep visits and average website session duration."
HCP0026,26.64,54.25,48.73,Low,0.8304,0.9373,0.0955,0.6083,Sales Rep,"To build momentum with this lower-engagement HCP, Sales Rep is the safest bet (60.8% likelihood), which strongly aligns with their completed rep visits and completed rep visits."
HCP0027,30.77,38.38,36.86,Low,0.7928,0.5841,0.0946,0.3984,Email,"To build momentum with this lower-engagement HCP, Email is the safest bet (79.3% likelihood), which strongly aligns with their email open rate and email recency."
HCP0028,69.36,63.54,64.7,High,0.9745,0.9827,0.2821,0.642,Sales Rep,"Since this HCP is highly engaged overall, Sales Rep is the ideal next step (64.2% likelihood), driven largely by their completed rep visits and total time spent with reps."
HCP0029,55.98,61.5,60.39,Medium,0.9605,0.8967,0.1727,0.7195,Sales Rep,We recommend reaching out via Sales Rep (72.0% likelihood). The model selected this channel primarily due to the HCP's completed rep visits and total time spent with reps.
HCP0030,57.79,44.99,47.55,Low,0.9478,0.972,0.1275,0.306,Website,"To build momentum with this lower-engagement HCP, Website is the safest bet (97.2% likelihood), which strongly aligns with their web content viewing frequency and event registration recency."
HCP0031,26.8,35.0,33.36,Low,0.8182,0.6614,0.0943,0.2689,Email,"To build momentum with this lower-engagement HCP, Email is the safest bet (81.8% likelihood), which strongly aligns with their email open rate and email open frequency."
HCP0032,35.93,64.55,58.83,Medium,0.9859,0.9304,0.4453,0.5682,Webinar,We recommend reaching out via Webinar (44.5% likelihood). The model selected this channel primarily due to the HCP's event attendance history and event attendance recency.
HCP0033,40.69,70.21,64.31,High,0.9774,0.7489,0.632,0.6625,Webinar,"Since this HCP is highly engaged overall, Webinar is the ideal next step (63.2% likelihood), driven largely by their event registration recency and event attendance recency."
HCP0034,33.7,49.88,46.65,Low,0.9139,0.7183,0.554,0.2439,Webinar,"To build momentum with this lower-engagement HCP, Webinar is the safest bet (55.4% likelihood), which strongly aligns with their event registration recency and event attendance recency."
HCP0035,45.22,55.43,53.39,Medium,0.9742,0.9712,0.0964,0.5844,Website,We recommend reaching out via Website (97.1% likelihood). The model selected this channel primarily due to the HCP's web content viewing frequency and web content viewing frequency.
HCP0036,8.04,70.06,57.66,Medium,0.8093,0.8426,0.593,0.6832,Webinar,We recommend reaching out via Webinar (59.3% likelihood). The model selected this channel primarily due to the HCP's event registration recency and event attendance recency.
HCP0037,25.4,49.52,44.7,Low,0.9345,0.7302,0.2358,0.4625,Email,"To build momentum with this lower-engagement HCP, Email is the safest bet (93.5% likelihood), which strongly aligns with their historical email volume and email click rate."
HCP0038,57.45,67.75,65.69,High,0.9851,0.9668,0.2778,0.7558,Sales Rep,"Since this HCP is highly engaged overall, Sales Rep is the ideal next step (75.6% likelihood), driven largely by their completed rep visits and average website session duration."
HCP0039,36.64,41.39,40.44,Low,0.8681,0.9782,0.1176,0.2405,Website,"To build momentum with this lower-engagement HCP, Website is the safest bet (97.8% likelihood), which strongly aligns with their web content viewing frequency and web download rate."
HCP0040,45.02,52.22,50.78,Low,0.9765,0.9506,0.1194,0.4966,Website,"To build momentum with this lower-engagement HCP, Website is the safest bet (95.1% likelihood), which strongly aligns with their web content viewing frequency and video completion rate."
HCP0041,48.91,51.65,51.1,Low,0.9813,0.8278,0.4719,0.2782,Webinar,"To build momentum with this lower-engagement HCP, Webinar is the safest bet (47.2% likelihood), which strongly aligns with their event registration recency and event attendance history."
HCP0042,50.72,53.11,52.63,Medium,0.9819,0.9764,0.1325,0.4947,Website,We recommend reaching out via Website (97.6% likelihood). The model selected this channel primarily due to the HCP's web content viewing frequency and video completion rate.
HCP0043,42.14,70.53,64.85,High,0.9675,0.9293,0.4463,0.7219,Webinar,"Since this HCP is highly engaged overall, Webinar is the ideal next step (44.6% likelihood), driven largely by their event registration recency and event registration recency."
HCP0044,27.42,41.34,38.55,Low,0.8721,0.6681,0.0947,0.4104,Email,"To build momentum with this lower-engagement HCP, Email is the safest bet (87.2% likelihood), which strongly aligns with their historical email volume and average website session duration."
HCP0045,55.52,55.27,55.32,Medium,0.9356,0.9624,0.2109,0.5084,Website,We recommend reaching out via Website (96.2% likelihood). The model selected this channel primarily due to the HCP's web content viewing frequency and event registration recency.
HCP0046,39.54,58.16,54.44,Medium,0.9804,0.9458,0.1541,0.6205,Sales Rep,We recommend reaching out via Sales Rep (62.1% likelihood). The model selected this channel primarily due to the HCP's sales rep interaction recency and completed rep visit recency.
HCP0047,60.5,62.68,62.24,High,0.9809,0.9789,0.6064,0.3775,Webinar,"Since this HCP is highly engaged overall, Webinar is the ideal next step (60.6% likelihood), driven largely by their event attendance history and event attendance recency."
HCP0048,39.31,50.02,47.88,Low,0.8917,0.7299,0.1252,0.5687,Sales Rep,"To build momentum with this lower-engagement HCP, Sales Rep is the safest bet (56.9% likelihood), which strongly aligns with their completed rep visits and total time spent with reps."
HCP0049,15.99,44.44,38.75,Low,0.8042,0.658,0.0947,0.5099,Sales Rep,"To build momentum with this lower-engagement HCP, Sales Rep is the safest bet (51.0% likelihood), which strongly aligns with their sales rep interaction recency and completed rep visit recency."
HCP0050,23.82,42.78,38.99,Low,0.8363,0.7346,0.0951,0.4219,Email,"To build momentum with this lower-engagement HCP, Email is the safest bet (83.6% likelihood), which strongly aligns with their historical email volume and longest website session."
HCP0051,31.61,51.48,47.51,Low,0.7407,0.7802,0.5553,0.2954,Webinar,"To build momentum with this lower-engagement HCP, Webinar is the safest bet (55.5% likelihood), which strongly aligns with their event registration recency and event attendance history."
HCP0052,24.09,66.4,57.93,Medium,0.9769,0.6375,0.4751,0.7406,Webinar,We recommend reaching out via Webinar (47.5% likelihood). The model selected this channel primarily due to the HCP's event attendance history and event attendance recency.
HCP0053,48.69,43.9,44.86,Low,0.8237,0.9254,0.1649,0.3053,Website,"To build momentum with this lower-engagement HCP, Website is the safest bet (92.5% likelihood), which strongly aligns with their web content viewing frequency and total website duration."
HCP0054,36.04,46.29,44.24,Low,0.9785,0.8122,0.1494,0.3944,Email,"To build momentum with this lower-engagement HCP, Email is the safest bet (97.8% likelihood), which strongly aligns with their email open rate and email recency."
HCP0055,42.92,68.51,63.39,High,0.7993,0.7832,0.4825,0.7595,Webinar,"Since this HCP is highly engaged overall, Webinar is the ideal next step (48.2% likelihood), driven largely by their event attendance history and event attendance rate."
HCP0056,40.78,64.35,59.64,Medium,0.8119,0.9503,0.2301,0.758,Sales Rep,We recommend reaching out via Sales Rep (75.8% likelihood). The model selected this channel primarily due to the HCP's sales rep interaction recency and completed rep visit recency.
HCP0057,38.07,62.03,57.23,Medium,0.9805,0.9287,0.1775,0.708,Sales Rep,We recommend reaching out via Sales Rep (70.8% likelihood). The model selected this channel primarily due to the HCP's sales rep interaction recency and completed rep visit recency.
HCP0058,31.86,66.74,59.77,Medium,0.8165,0.9579,0.386,0.696,Sales Rep,We recommend reaching out via Sales Rep (69.6% likelihood). The model selected this channel primarily due to the HCP's completed rep visits and sales rep interaction recency.
HCP0059,37.81,45.96,44.33,Low,0.9153,0.619,0.3807,0.3253,Webinar,"To build momentum with this lower-engagement HCP, Webinar is the safest bet (38.1% likelihood), which strongly aligns with their event attendance history and event attendance recency."
HCP0060,43.95,35.45,37.15,Low,0.9659,0.6695,0.0946,0.2391,Email,"To build momentum with this lower-engagement HCP, Email is the safest bet (96.6% likelihood), which strongly aligns with their email open rate and historical email volume."
HCP0061,77.68,58.83,62.6,High,0.9764,0.9795,0.1176,0.6488,Sales Rep,"Since this HCP is highly engaged overall, Sales Rep is the ideal next step (64.9% likelihood), driven largely by their completed rep visits and rep visit completion rate."
HCP0062,55.07,56.74,56.41,Medium,0.964,0.9675,0.1068,0.6137,Sales Rep,We recommend reaching out via Sales Rep (61.4% likelihood). The model selected this channel primarily due to the HCP's completed rep visits and rep visit completion rate.
HCP0063,47.56,54.36,53.0,Medium,0.9323,0.8505,0.2503,0.5129,Email,We recommend reaching out via Email (93.2% likelihood). The model selected this channel primarily due to the HCP's historical email volume and email open rate.
HCP0064,31.91,41.99,39.97,Low,0.8177,0.7334,0.2269,0.3084,Email,"To build momentum with this lower-engagement HCP, Email is the safest bet (81.8% likelihood), which strongly aligns with their email recency and email open frequency."
HCP0065,15.54,66.08,55.97,Medium,0.8893,0.6195,0.6073,0.6644,Webinar,We recommend reaching out via Webinar (60.7% likelihood). The model selected this channel primarily due to the HCP's event registration recency and event attendance recency.
HCP0066,17.29,70.34,59.73,Medium,0.9777,0.9475,0.3908,0.7473,Sales Rep,We recommend reaching out via Sales Rep (74.7% likelihood). The model selected this channel primarily due to the HCP's completed rep visits and website recency.
HCP0067,29.52,61.65,55.23,Medium,0.9603,0.7094,0.4046,0.6431,Webinar,We recommend reaching out via Webinar (40.5% likelihood). The model selected this channel primarily due to the HCP's event attendance history and event attendance recency.
HCP0068,42.47,48.88,47.6,Low,0.9827,0.9385,0.2995,0.2824,Website,"To build momentum with this lower-engagement HCP, Website is the safest bet (93.9% likelihood), which strongly aligns with their web content viewing frequency and web content viewing frequency."
HCP0069,32.12,56.03,51.25,Low,0.9868,0.6311,0.5564,0.4212,Webinar,"To build momentum with this lower-engagement HCP, Webinar is the safest bet (55.6% likelihood), which strongly aligns with their event registration recency and event attendance history."
HCP0070,10.37,66.85,55.55,Medium,0.9346,0.5645,0.5036,0.7777,Webinar,We recommend reaching out via Webinar (50.4% likelihood). The model selected this channel primarily due to the HCP's event registration recency and event attendance history.
HCP0071,37.51,63.01,57.91,Medium,0.9702,0.8958,0.2215,0.7186,Sales Rep,We recommend reaching out via Sales Rep (71.9% likelihood). The model selected this channel primarily due to the HCP's completed rep visits and total time spent with reps.
HCP0072,51.93,63.34,61.06,High,0.9471,0.8395,0.2679,0.7261,Sales Rep,"Since this HCP is highly engaged overall, Sales Rep is the ideal next step (72.6% likelihood), driven largely by their completed rep visits and average website session duration."
HCP0073,41.66,44.52,43.95,Low,0.8655,0.8892,0.1278,0.3563,Website,"To build momentum with this lower-engagement HCP, Website is the safest bet (88.9% likelihood), which strongly aligns with their web content viewing frequency and website activity volume."
HCP0074,60.16,60.81,60.68,Medium,0.9841,0.9733,0.6564,0.2953,Webinar,We recommend reaching out via Webinar (65.6% likelihood). The model selected this channel primarily due to the HCP's event registration recency and event attendance history.
HCP0075,52.41,71.56,67.73,High,0.982,0.9812,0.4983,0.6792,Webinar,"Since this HCP is highly engaged overall, Webinar is the ideal next step (49.8% likelihood), driven largely by their event attendance history and event poll participation."
HCP0076,52.54,57.18,56.25,Medium,0.9745,0.8425,0.6225,0.2977,Webinar,We recommend reaching out via Webinar (62.2% likelihood). The model selected this channel primarily due to the HCP's event registration recency and event attendance recency.
HCP0077,36.57,54.64,51.03,Low,0.9501,0.6383,0.6311,0.336,Webinar,"To build momentum with this lower-engagement HCP, Webinar is the safest bet (63.1% likelihood), which strongly aligns with their event registration recency and event attendance recency."
HCP0078,53.0,69.67,66.34,High,0.9856,0.9328,0.5639,0.606,Webinar,"Since this HCP is highly engaged overall, Webinar is the ideal next step (56.4% likelihood), driven largely by their event attendance history and event attendance rate."
HCP0079,60.82,45.25,48.36,Low,0.978,0.93,0.1256,0.3275,Email,"To build momentum with this lower-engagement HCP, Email is the safest bet (97.8% likelihood), which strongly aligns with their email open rate and total time spent with reps."
HCP0080,46.26,53.45,52.01,Low,0.983,0.9667,0.123,0.515,Website,"To build momentum with this lower-engagement HCP, Website is the safest bet (96.7% likelihood), which strongly aligns with their web content viewing frequency and website activity volume."
HCP0081,35.42,59.65,54.81,Medium,0.9835,0.8924,0.0942,0.7286,Sales Rep,We recommend reaching out via Sales Rep (72.9% likelihood). The model selected this channel primarily due to the HCP's sales rep interaction recency and completed rep visit recency.
HCP0082,54.25,54.16,54.18,Medium,0.9698,0.9802,0.1039,0.5436,Website,We recommend reaching out via Website (98.0% likelihood). The model selected this channel primarily due to the HCP's web content viewing frequency and website activity volume.
HCP0083,44.85,47.69,47.12,Low,0.9764,0.6857,0.0963,0.5329,Email,"To build momentum with this lower-engagement HCP, Email is the safest bet (97.6% likelihood), which strongly aligns with their email recency and email open rate."
HCP0084,32.71,52.15,48.26,Low,0.9356,0.9741,0.1303,0.4852,Website,"To build momentum with this lower-engagement HCP, Website is the safest bet (97.4% likelihood), which strongly aligns with their web content viewing frequency and website recency."
HCP0085,69.92,55.32,58.24,Medium,0.9735,0.9696,0.0947,0.5838,Website,We recommend reaching out via Website (97.0% likelihood). The model selected this channel primarily due to the HCP's web content viewing frequency and event attendance recency.
HCP0086,34.63,58.96,54.1,Medium,0.9701,0.9321,0.5208,0.3749,Webinar,We recommend reaching out via Webinar (52.1% likelihood). The model selected this channel primarily due to the HCP's event attendance history and event attendance rate.
HCP0087,18.68,45.29,39.97,Low,0.8645,0.9741,0.1334,0.3291,Website,"To build momentum with this lower-engagement HCP, Website is the safest bet (97.4% likelihood), which strongly aligns with their web content viewing frequency and website recency."
HCP0088,42.44,59.75,56.29,Medium,0.9613,0.5918,0.7043,0.4294,Webinar,We recommend reaching out via Webinar (70.4% likelihood). The model selected this channel primarily due to the HCP's event registration recency and event attendance history.
HCP0089,26.86,57.66,51.5,Low,0.9012,0.8923,0.0943,0.6994,Sales Rep,"To build momentum with this lower-engagement HCP, Sales Rep is the safest bet (69.9% likelihood), which strongly aligns with their sales rep interaction recency and completed rep visit recency."
HCP0090,47.65,48.39,48.24,Low,0.9158,0.9103,0.1201,0.4356,Website,"To build momentum with this lower-engagement HCP, Website is the safest bet (91.0% likelihood), which strongly aligns with their web content viewing frequency and email open rate."
HCP0091,43.12,73.94,67.77,High,0.8684,0.9711,0.4593,0.8013,Sales Rep,"Since this HCP is highly engaged overall, Sales Rep is the ideal next step (80.1% likelihood), driven largely by their completed rep visits and sales rep interaction recency."
HCP0092,34.25,60.9,55.57,Medium,0.7435,0.9348,0.2678,0.6684,Sales Rep,We recommend reaching out via Sales Rep (66.8% likelihood). The model selected this channel primarily due to the HCP's sales rep interaction recency and completed rep visit recency.
HCP0093,50.62,73.72,69.1,High,0.9745,0.9727,0.4968,0.7405,Webinar,"Since this HCP is highly engaged overall, Webinar is the ideal next step (49.7% likelihood), driven largely by their event attendance history and event attendance rate."
HCP0094,67.84,53.83,56.63,Medium,0.9773,0.9759,0.2955,0.3919,Website,We recommend reaching out via Website (97.6% likelihood). The model selected this channel primarily due to the HCP's web content viewing frequency and video completion rate.
HCP0095,37.56,55.45,51.87,Low,0.9854,0.8594,0.0941,0.6396,Sales Rep,"To build momentum with this lower-engagement HCP, Sales Rep is the safest bet (64.0% likelihood), which strongly aligns with their sales rep interaction recency and completed rep visit recency."
HCP0096,75.29,66.76,68.46,High,0.9562,0.9771,0.5559,0.5244,Webinar,"Since this HCP is highly engaged overall, Webinar is the ideal next step (55.6% likelihood), driven largely by their event attendance history and event attendance recency."
HCP0097,41.47,67.65,62.42,High,0.9838,0.8805,0.5144,0.6194,Webinar,"Since this HCP is highly engaged overall, Webinar is the ideal next step (51.4% likelihood), driven largely by their event registration recency and event attendance history."
HCP0098,24.84,59.82,52.82,Medium,0.9707,0.7239,0.6096,0.4337,Webinar,We recommend reaching out via Webinar (61.0% likelihood). The model selected this channel primarily due to the HCP's event registration recency and event attendance recency.
HCP0099,44.63,45.04,44.96,Low,0.9151,0.8859,0.1743,0.3236,Website,"To build momentum with this lower-engagement HCP, Website is the safest bet (88.6% likelihood), which strongly aligns with their total website duration and video completion rate."
HCP0100,48.42,67.57,63.74,High,0.9826,0.8194,0.4111,0.7254,Sales Rep,"Since this HCP is highly engaged overall, Sales Rep is the ideal next step (72.5% likelihood), driven largely by their completed rep visits and total event attendance duration."
HCP0101,56.86,65.3,63.61,High,0.9474,0.8832,0.308,0.7231,Sales Rep,"Since this HCP is highly engaged overall, Sales Rep is the ideal next step (72.3% likelihood), driven largely by their completed rep visits and total event attendance duration."
HCP0102,32.85,56.28,51.6,Low,0.9805,0.8433,0.127,0.645,Sales Rep,"To build momentum with this lower-engagement HCP, Sales Rep is the safest bet (64.5% likelihood), which strongly aligns with their sales rep interaction recency and completed rep visit recency."
HCP0103,17.56,50.41,43.84,Low,0.8046,0.7788,0.095,0.5984,Sales Rep,"To build momentum with this lower-engagement HCP, Sales Rep is the safest bet (59.8% likelihood), which strongly aligns with their completed rep visits and total event attendance duration."
HCP0104,33.67,71.12,63.63,High,0.9597,0.8891,0.5433,0.6862,Webinar,"Since this HCP is highly engaged overall, Webinar is the ideal next step (54.3% likelihood), driven largely by their event registration recency and event attendance recency."
HCP0105,72.62,75.06,74.57,High,0.984,0.9806,0.5875,0.6996,Webinar,"Since this HCP is highly engaged overall, Webinar is the ideal next step (58.7% likelihood), driven largely by their event attendance history and event registration recency."
HCP0106,46.04,54.22,52.58,Medium,0.9562,0.9459,0.551,0.2302,Webinar,We recommend reaching out via Webinar (55.1% likelihood). The model selected this channel primarily due to the HCP's event registration recency and event attendance recency.
HCP0107,40.08,75.38,68.32,High,0.9786,0.9763,0.5981,0.7031,Webinar,"Since this HCP is highly engaged overall, Webinar is the ideal next step (59.8% likelihood), driven largely by their event registration recency and event attendance recency."
HCP0108,40.02,62.36,57.89,Medium,0.9252,0.9256,0.6546,0.3739,Webinar,We recommend reaching out via Webinar (65.5% likelihood). The model selected this channel primarily due to the HCP's event registration recency and event attendance recency.
HCP0109,38.08,50.53,48.04,Low,0.9851,0.8717,0.1258,0.4868,Email,"To build momentum with this lower-engagement HCP, Email is the safest bet (98.5% likelihood), which strongly aligns with their historical email volume and email open rate."
HCP0110,59.16,74.37,71.33,High,0.968,0.8962,0.5566,0.7516,Webinar,"Since this HCP is highly engaged overall, Webinar is the ideal next step (55.7% likelihood), driven largely by their event attendance history and event attendance recency."
HCP0111,30.24,48.23,44.63,Low,0.9563,0.9557,0.1364,0.3865,Website,"To build momentum with this lower-engagement HCP, Website is the safest bet (95.6% likelihood), which strongly aligns with their web content viewing frequency and longest website session."
HCP0112,72.59,46.72,51.89,Low,0.9427,0.9812,0.0943,0.371,Website,"To build momentum with this lower-engagement HCP, Website is the safest bet (98.1% likelihood), which strongly aligns with their web content viewing frequency and website activity volume."
HCP0113,51.94,63.28,61.01,High,0.9825,0.9608,0.587,0.4157,Webinar,"Since this HCP is highly engaged overall, Webinar is the ideal next step (58.7% likelihood), driven largely by their event registration recency and event attendance recency."
HCP0114,25.29,50.74,45.65,Low,0.9694,0.9584,0.094,0.4765,Website,"To build momentum with this lower-engagement HCP, Website is the safest bet (95.8% likelihood), which strongly aligns with their web content viewing frequency and web content viewing frequency."
HCP0115,13.09,59.52,50.24,Low,0.9834,0.9404,0.0945,0.7011,Sales Rep,"To build momentum with this lower-engagement HCP, Sales Rep is the safest bet (70.1% likelihood), which strongly aligns with their completed rep visits and website recency."
HCP0116,78.06,71.07,72.47,High,0.9845,0.9806,0.4595,0.6958,Webinar,"Since this HCP is highly engaged overall, Webinar is the ideal next step (45.9% likelihood), driven largely by their event attendance history and event attendance rate."
HCP0117,47.2,68.31,64.09,High,0.9041,0.9594,0.6277,0.5314,Webinar,"Since this HCP is highly engaged overall, Webinar is the ideal next step (62.8% likelihood), driven largely by their event registration recency and event attendance history."
HCP0118,33.27,63.96,57.82,Medium,0.9803,0.8985,0.1346,0.8037,Sales Rep,We recommend reaching out via Sales Rep (80.4% likelihood). The model selected this channel primarily due to the HCP's sales rep interaction recency and completed rep visit recency.
HCP0119,33.88,55.34,51.05,Low,0.9834,0.7406,0.518,0.3789,Webinar,"To build momentum with this lower-engagement HCP, Webinar is the safest bet (51.8% likelihood), which strongly aligns with their event attendance history and event attendance recency."
HCP0120,42.32,49.18,47.8,Low,0.9796,0.7379,0.0957,0.5438,Email,"To build momentum with this lower-engagement HCP, Email is the safest bet (98.0% likelihood), which strongly aligns with their historical email volume and email open rate."
HCP0121,45.85,56.91,54.7,Medium,0.8853,0.7884,0.3661,0.5325,Webinar,We recommend reaching out via Webinar (36.6% likelihood). The model selected this channel primarily due to the HCP's event attendance history and event attendance rate.
HCP0122,15.93,43.51,37.99,Low,0.8763,0.5809,0.0938,0.5079,Email,"To build momentum with this lower-engagement HCP, Email is the safest bet (87.6% likelihood), which strongly aligns with their historical email volume and email open frequency."
HCP0123,50.13,38.51,40.84,Low,0.8685,0.8212,0.1025,0.2583,Email,"To build momentum with this lower-engagement HCP, Email is the safest bet (86.9% likelihood), which strongly aligns with their email recency and email click rate."
HCP0124,42.61,69.35,64.0,High,0.9815,0.9254,0.3254,0.7816,Sales Rep,"Since this HCP is highly engaged overall, Sales Rep is the ideal next step (78.2% likelihood), driven largely by their completed rep visits and sales rep interaction recency."
HCP0125,16.66,67.03,56.95,Medium,0.7409,0.5539,0.5595,0.7939,Webinar,We recommend reaching out via Webinar (55.9% likelihood). The model selected this channel primarily due to the HCP's event registration recency and event attendance recency.
HCP0126,57.91,65.96,64.35,High,0.9259,0.7415,0.4897,0.6795,Webinar,"Since this HCP is highly engaged overall, Webinar is the ideal next step (49.0% likelihood), driven largely by their event attendance history and event poll participation."
HCP0127,30.45,63.3,56.73,Medium,0.8053,0.7338,0.2941,0.7939,Sales Rep,We recommend reaching out via Sales Rep (79.4% likelihood). The model selected this channel primarily due to the HCP's completed rep visits and sales rep interaction recency.
HCP0128,27.01,62.18,55.15,Medium,0.9664,0.6834,0.5775,0.5381,Webinar,We recommend reaching out via Webinar (57.7% likelihood). The model selected this channel primarily due to the HCP's event registration recency and event attendance recency.
HCP0129,29.93,52.86,48.28,Low,0.9518,0.7519,0.5522,0.2935,Webinar,"To build momentum with this lower-engagement HCP, Webinar is the safest bet (55.2% likelihood), which strongly aligns with their event registration recency and event attendance recency."
HCP0130,49.73,78.42,72.68,High,0.9722,0.981,0.6323,0.7528,Webinar,"Since this HCP is highly engaged overall, Webinar is the ideal next step (63.2% likelihood), driven largely by their event attendance history and event attendance recency."
HCP0131,43.33,65.49,61.06,High,0.985,0.8618,0.2463,0.7755,Sales Rep,"Since this HCP is highly engaged overall, Sales Rep is the ideal next step (77.5% likelihood), driven largely by their completed rep visits and average website session duration."
HCP0132,15.19,71.87,60.54,Medium,0.855,0.7927,0.631,0.7135,Webinar,We recommend reaching out via Webinar (63.1% likelihood). The model selected this channel primarily due to the HCP's event registration recency and event attendance history.
HCP0133,48.13,59.57,57.29,Medium,0.7825,0.9591,0.0957,0.7424,Sales Rep,We recommend reaching out via Sales Rep (74.2% likelihood). The model selected this channel primarily due to the HCP's completed rep visits and website recency.
HCP0134,26.19,70.6,61.72,High,0.978,0.9745,0.4048,0.7297,Sales Rep,"Since this HCP is highly engaged overall, Sales Rep is the ideal next step (73.0% likelihood), driven largely by their sales rep interaction recency and completed rep visit recency."
HCP0135,38.58,76.55,68.96,High,0.9848,0.8007,0.6372,0.7894,Webinar,"Since this HCP is highly engaged overall, Webinar is the ideal next step (63.7% likelihood), driven largely by their event registration recency and event attendance recency."
HCP0136,50.4,71.77,67.5,High,0.9692,0.9753,0.49,0.6968,Webinar,"Since this HCP is highly engaged overall, Webinar is the ideal next step (49.0% likelihood), driven largely by their event attendance history and event attendance recency."
HCP0137,74.06,63.49,65.6,High,0.9735,0.9797,0.5705,0.4261,Webinar,"Since this HCP is highly engaged overall, Webinar is the ideal next step (57.1% likelihood), driven largely by their event registration recency and event attendance history."
HCP0138,44.0,60.91,57.53,Medium,0.9719,0.9444,0.094,0.7371,Sales Rep,We recommend reaching out via Sales Rep (73.7% likelihood). The model selected this channel primarily due to the HCP's completed rep visits and sales rep interaction recency.
HCP0139,44.14,56.04,53.66,Medium,0.9636,0.7721,0.1231,0.6816,Sales Rep,We recommend reaching out via Sales Rep (68.2% likelihood). The model selected this channel primarily due to the HCP's completed rep visits and total event attendance duration.
HCP0140,28.75,59.79,53.58,Medium,0.7497,0.6479,0.5449,0.5748,Webinar,We recommend reaching out via Webinar (54.5% likelihood). The model selected this channel primarily due to the HCP's event registration recency and event attendance recency.
HCP0141,29.68,62.31,55.79,Medium,0.94,0.9712,0.5493,0.4252,Webinar,We recommend reaching out via Webinar (54.9% likelihood). The model selected this channel primarily due to the HCP's event registration recency and event attendance recency.
HCP0142,15.69,59.44,50.69,Low,0.9288,0.7201,0.1015,0.8176,Sales Rep,"To build momentum with this lower-engagement HCP, Sales Rep is the safest bet (81.8% likelihood), which strongly aligns with their sales rep interaction recency and completed rep visits."
HCP0143,45.09,63.9,60.14,Medium,0.9417,0.9651,0.4585,0.5357,Webinar,We recommend reaching out via Webinar (45.9% likelihood). The model selected this channel primarily due to the HCP's event attendance history and event attendance rate.
HCP0144,42.71,58.22,55.11,Medium,0.8762,0.841,0.104,0.7378,Sales Rep,We recommend reaching out via Sales Rep (73.8% likelihood). The model selected this channel primarily due to the HCP's sales rep interaction recency and completed rep visit recency.
HCP0145,10.23,63.41,52.77,Medium,0.8001,0.956,0.2381,0.7286,Sales Rep,We recommend reaching out via Sales Rep (72.9% likelihood). The model selected this channel primarily due to the HCP's sales rep interaction recency and completed rep visits.
HCP0146,32.66,58.4,53.25,Medium,0.9549,0.5942,0.6341,0.4486,Webinar,We recommend reaching out via Webinar (63.4% likelihood). The model selected this channel primarily due to the HCP's event registration recency and event attendance recency.
HCP0147,37.16,49.36,46.92,Low,0.9663,0.8855,0.1221,0.458,Email,"To build momentum with this lower-engagement HCP, Email is the safest bet (96.6% likelihood), which strongly aligns with their historical email volume and email open rate."
HCP0148,47.72,71.25,66.54,High,0.8566,0.9184,0.5747,0.6769,Webinar,"Since this HCP is highly engaged overall, Webinar is the ideal next step (57.5% likelihood), driven largely by their event registration recency and event attendance recency."
HCP0149,46.32,57.95,55.62,Medium,0.9797,0.9417,0.2509,0.5448,Website,We recommend reaching out via Website (94.2% likelihood). The model selected this channel primarily due to the HCP's email open rate and video completion rate.
HCP0150,41.8,49.43,47.91,Low,0.9431,0.9315,0.1822,0.3976,Website,"To build momentum with this lower-engagement HCP, Website is the safest bet (93.1% likelihood), which strongly aligns with their video completion rate and web content viewing frequency."
HCP0151,42.37,52.95,50.83,Low,0.9331,0.9486,0.0993,0.5416,Website,"To build momentum with this lower-engagement HCP, Website is the safest bet (94.9% likelihood), which strongly aligns with their web content viewing frequency and website recency."
HCP0152,33.67,60.8,55.37,Medium,0.9845,0.8036,0.1208,0.7814,Sales Rep,We recommend reaching out via Sales Rep (78.1% likelihood). The model selected this channel primarily due to the HCP's sales rep interaction recency and completed rep visit recency.
HCP0153,30.52,56.2,51.06,Low,0.9757,0.7767,0.6063,0.3179,Webinar,"To build momentum with this lower-engagement HCP, Webinar is the safest bet (60.6% likelihood), which strongly aligns with their event registration recency and event attendance recency."
HCP0154,64.16,58.56,59.68,Medium,0.9126,0.9817,0.0992,0.6704,Sales Rep,We recommend reaching out via Sales Rep (67.0% likelihood). The model selected this channel primarily due to the HCP's completed rep visits and total event attendance duration.
HCP0155,32.08,70.08,62.48,High,0.9043,0.8387,0.4946,0.7355,Webinar,"Since this HCP is highly engaged overall, Webinar is the ideal next step (49.5% likelihood), driven largely by their event registration recency and event attendance recency."
HCP0156,50.43,75.32,70.34,High,0.9742,0.9748,0.5361,0.7498,Webinar,"Since this HCP is highly engaged overall, Webinar is the ideal next step (53.6% likelihood), driven largely by their event registration recency and event attendance recency."
HCP0157,26.83,66.81,58.81,Medium,0.9795,0.747,0.4995,0.6771,Webinar,We recommend reaching out via Webinar (49.9% likelihood). The model selected this channel primarily due to the HCP's event registration recency and event attendance history.
HCP0158,26.34,40.23,37.45,Low,0.9434,0.9214,0.0945,0.2384,Website,"To build momentum with this lower-engagement HCP, Website is the safest bet (92.1% likelihood), which strongly aligns with their web content viewing frequency and video completion rate."
HCP0159,50.5,62.06,59.75,Medium,0.9057,0.9611,0.4517,0.5058,Webinar,We recommend reaching out via Webinar (45.2% likelihood). The model selected this channel primarily due to the HCP's event attendance history and event attendance recency.
HCP0160,25.21,48.03,43.47,Low,0.9347,0.7769,0.2949,0.3574,Email,"To build momentum with this lower-engagement HCP, Email is the safest bet (93.5% likelihood), which strongly aligns with their email recency and email open rate."
HCP0161,26.12,55.31,49.47,Low,0.7548,0.7485,0.1014,0.7438,Sales Rep,"To build momentum with this lower-engagement HCP, Sales Rep is the safest bet (74.4% likelihood), which strongly aligns with their sales rep interaction recency and completed rep visits."
HCP0162,23.48,64.77,56.51,Medium,0.9807,0.6915,0.6142,0.5676,Webinar,We recommend reaching out via Webinar (61.4% likelihood). The model selected this channel primarily due to the HCP's event registration recency and event attendance recency.
HCP0163,25.96,53.98,48.37,Low,0.9715,0.897,0.094,0.5876,Email,"To build momentum with this lower-engagement HCP, Email is the safest bet (97.1% likelihood), which strongly aligns with their email open rate and email recency."
HCP0164,46.8,63.29,59.99,Medium,0.9585,0.933,0.6028,0.424,Webinar,We recommend reaching out via Webinar (60.3% likelihood). The model selected this channel primarily due to the HCP's event registration recency and event attendance recency.
HCP0165,64.96,51.95,54.55,Medium,0.9783,0.9827,0.2255,0.3937,Website,We recommend reaching out via Website (98.3% likelihood). The model selected this channel primarily due to the HCP's web content viewing frequency and video completion rate.
HCP0166,28.06,60.46,53.98,Medium,0.708,0.9105,0.1032,0.8019,Sales Rep,We recommend reaching out via Sales Rep (80.2% likelihood). The model selected this channel primarily due to the HCP's completed rep visits and sales rep interaction recency.
HCP0167,35.66,64.4,58.65,Medium,0.9547,0.9553,0.2811,0.6829,Sales Rep,We recommend reaching out via Sales Rep (68.3% likelihood). The model selected this channel primarily due to the HCP's sales rep interaction recency and completed rep visit recency.
HCP0168,51.35,66.67,63.61,High,0.7718,0.9604,0.2675,0.793,Sales Rep,"Since this HCP is highly engaged overall, Sales Rep is the ideal next step (79.3% likelihood), driven largely by their sales rep interaction recency and completed rep visit recency."
HCP0169,57.07,48.86,50.5,Low,0.9498,0.974,0.1272,0.4016,Website,"To build momentum with this lower-engagement HCP, Website is the safest bet (97.4% likelihood), which strongly aligns with their web content viewing frequency and video completion rate."
HCP0170,37.59,55.6,52.0,Low,0.982,0.9807,0.2735,0.4491,Website,"To build momentum with this lower-engagement HCP, Website is the safest bet (98.1% likelihood), which strongly aligns with their web content viewing frequency and website activity volume."
HCP0171,26.36,57.53,51.3,Low,0.8214,0.7307,0.2462,0.6829,Sales Rep,"To build momentum with this lower-engagement HCP, Sales Rep is the safest bet (68.3% likelihood), which strongly aligns with their completed rep visits and total time spent with reps."
HCP0172,54.85,61.8,60.41,Medium,0.9228,0.9375,0.2258,0.6763,Sales Rep,We recommend reaching out via Sales Rep (67.6% likelihood). The model selected this channel primarily due to the HCP's completed rep visits and rep visit completion rate.
HCP0173,37.71,69.09,62.81,High,0.9774,0.9555,0.5205,0.6146,Webinar,"Since this HCP is highly engaged overall, Webinar is the ideal next step (52.1% likelihood), driven largely by their event attendance history and event attendance recency."
HCP0174,57.76,44.65,47.27,Low,0.9568,0.8613,0.253,0.2567,Email,"To build momentum with this lower-engagement HCP, Email is the safest bet (95.7% likelihood), which strongly aligns with their email open rate and historical email volume."
HCP0175,46.72,67.97,63.72,High,0.9779,0.9647,0.2598,0.7776,Sales Rep,"Since this HCP is highly engaged overall, Sales Rep is the ideal next step (77.8% likelihood), driven largely by their completed rep visits and average website session duration."
HCP0176,36.09,42.35,41.1,Low,0.9722,0.8885,0.0948,0.3004,Email,"To build momentum with this lower-engagement HCP, Email is the safest bet (97.2% likelihood), which strongly aligns with their historical email volume and email recency."
HCP0177,40.17,50.53,48.46,Low,0.9601,0.9626,0.1261,0.4474,Website,"To build momentum with this lower-engagement HCP, Website is the safest bet (96.3% likelihood), which strongly aligns with their web content viewing frequency and web content viewing frequency."
HCP0178,53.73,81.27,75.76,High,0.9713,0.9701,0.6946,0.783,Webinar,"Since this HCP is highly engaged overall, Webinar is the ideal next step (69.5% likelihood), driven largely by their event registration recency and event attendance history."
HCP0179,53.7,53.01,53.15,Medium,0.8788,0.9817,0.1306,0.5168,Website,We recommend reaching out via Website (98.2% likelihood). The model selected this channel primarily due to the HCP's web content viewing frequency and video completion rate.
HCP0180,29.61,62.84,56.19,Medium,0.8835,0.7266,0.345,0.7281,Sales Rep,We recommend reaching out via Sales Rep (72.8% likelihood). The model selected this channel primarily due to the HCP's sales rep interaction recency and completed rep visits.
HCP0181,51.36,62.97,60.65,Medium,0.895,0.9702,0.2307,0.6924,Sales Rep,We recommend reaching out via Sales Rep (69.2% likelihood). The model selected this channel primarily due to the HCP's completed rep visits and total event attendance duration.
HCP0182,46.75,43.84,44.42,Low,0.9643,0.7962,0.1045,0.3785,Email,"To build momentum with this lower-engagement HCP, Email is the safest bet (96.4% likelihood), which strongly aligns with their email open rate and historical email volume."
HCP0183,10.06,37.46,31.98,Low,0.8585,0.7671,0.0942,0.2677,Email,"To build momentum with this lower-engagement HCP, Email is the safest bet (85.9% likelihood), which strongly aligns with their historical email volume and email open frequency."
HCP0184,33.75,56.93,52.29,Medium,0.8303,0.8724,0.2059,0.625,Sales Rep,We recommend reaching out via Sales Rep (62.5% likelihood). The model selected this channel primarily due to the HCP's completed rep visits and total event attendance duration.
HCP0185,30.86,37.12,35.87,Low,0.9767,0.7192,0.106,0.2447,Email,"To build momentum with this lower-engagement HCP, Email is the safest bet (97.7% likelihood), which strongly aligns with their email open rate and historical email volume."
HCP0186,36.8,51.93,48.91,Low,0.9786,0.9332,0.0951,0.5158,Email,"To build momentum with this lower-engagement HCP, Email is the safest bet (97.9% likelihood), which strongly aligns with their email open rate and email click rate."
HCP0187,29.81,55.48,50.35,Low,0.9822,0.7192,0.1241,0.6888,Sales Rep,"To build momentum with this lower-engagement HCP, Sales Rep is the safest bet (68.9% likelihood), which strongly aligns with their completed rep visits and sales rep interaction recency."
HCP0188,65.75,78.06,75.6,High,0.943,0.9767,0.5777,0.7942,Webinar,"Since this HCP is highly engaged overall, Webinar is the ideal next step (57.8% likelihood), driven largely by their event attendance history and event attendance recency."
HCP0189,45.89,66.3,62.22,High,0.9355,0.943,0.5699,0.5246,Webinar,"Since this HCP is highly engaged overall, Webinar is the ideal next step (57.0% likelihood), driven largely by their event registration recency and event attendance recency."
HCP0190,44.42,46.61,46.17,Low,0.8397,0.9666,0.2696,0.2698,Website,"To build momentum with this lower-engagement HCP, Website is the safest bet (96.7% likelihood), which strongly aligns with their web content viewing frequency and website activity volume."
HCP0191,31.83,76.81,67.81,High,0.9634,0.9215,0.5852,0.7797,Webinar,"Since this HCP is highly engaged overall, Webinar is the ideal next step (58.5% likelihood), driven largely by their event registration recency and event attendance recency."
HCP0192,31.72,47.64,44.45,Low,0.8922,0.9459,0.0953,0.4235,Website,"To build momentum with this lower-engagement HCP, Website is the safest bet (94.6% likelihood), which strongly aligns with their web content viewing frequency and longest website session."
HCP0193,64.49,67.34,66.77,High,0.978,0.957,0.2296,0.7882,Sales Rep,"Since this HCP is highly engaged overall, Sales Rep is the ideal next step (78.8% likelihood), driven largely by their sales rep interaction recency and completed rep visit recency."
HCP0194,29.01,62.17,55.54,Medium,0.9762,0.6941,0.3053,0.7341,Sales Rep,We recommend reaching out via Sales Rep (73.4% likelihood). The model selected this channel primarily due to the HCP's completed rep visits and rep visit completion rate.
HCP0195,57.49,76.51,72.71,High,0.9604,0.9716,0.5705,0.7591,Webinar,"Since this HCP is highly engaged overall, Webinar is the ideal next step (57.0% likelihood), driven largely by their event attendance history and event attendance rate."
HCP0196,74.97,69.39,70.51,High,0.953,0.9825,0.3686,0.7288,Sales Rep,"Since this HCP is highly engaged overall, Sales Rep is the ideal next step (72.9% likelihood), driven largely by their completed rep visits and average website session duration."
HCP0197,48.58,64.87,61.61,High,0.921,0.9316,0.2609,0.73,Sales Rep,"Since this HCP is highly engaged overall, Sales Rep is the ideal next step (73.0% likelihood), driven largely by their completed rep visits and sales rep interaction recency."
HCP0198,60.34,58.27,58.68,Medium,0.9728,0.9567,0.4039,0.4321,Webinar,We recommend reaching out via Webinar (40.4% likelihood). The model selected this channel primarily due to the HCP's event registration recency and event attendance history.
HCP0199,29.93,56.2,50.94,Low,0.9697,0.9684,0.0956,0.6066,Website,"To build momentum with this lower-engagement HCP, Website is the safest bet (96.8% likelihood), which strongly aligns with their web content viewing frequency and website recency."
HCP0200,79.59,64.92,67.86,High,0.9703,0.9807,0.1545,0.7743,Sales Rep,"Since this HCP is highly engaged overall, Sales Rep is the ideal next step (77.4% likelihood), driven largely by their completed rep visits and sales rep interaction recency."
HCP0201,28.32,73.71,64.63,High,0.8824,0.8884,0.6282,0.7069,Webinar,"Since this HCP is highly engaged overall, Webinar is the ideal next step (62.8% likelihood), driven largely by their event registration recency and event attendance history."
HCP0202,45.04,39.27,40.43,Low,0.7177,0.6776,0.2059,0.3092,Email,"To build momentum with this lower-engagement HCP, Email is the safest bet (71.8% likelihood), which strongly aligns with their email open frequency and email open rate."
HCP0203,66.89,62.99,63.77,High,0.9614,0.9764,0.4003,0.5459,Webinar,"Since this HCP is highly engaged overall, Webinar is the ideal next step (40.0% likelihood), driven largely by their event attendance history and event attendance rate."
HCP0204,60.33,63.19,62.62,High,0.9738,0.9321,0.0947,0.7992,Sales Rep,"Since this HCP is highly engaged overall, Sales Rep is the ideal next step (79.9% likelihood), driven largely by their sales rep interaction recency and completed rep visit recency."
HCP0205,71.05,62.56,64.26,High,0.9713,0.9829,0.2527,0.6401,Sales Rep,"Since this HCP is highly engaged overall, Sales Rep is the ideal next step (64.0% likelihood), driven largely by their completed rep visits and email open rate."
HCP0206,27.79,76.12,66.45,High,0.9857,0.9468,0.6116,0.7245,Webinar,"Since this HCP is highly engaged overall, Webinar is the ideal next step (61.2% likelihood), driven largely by their event registration recency and event attendance recency."
HCP0207,47.85,67.74,63.76,High,0.9664,0.8921,0.628,0.5349,Webinar,"Since this HCP is highly engaged overall, Webinar is the ideal next step (62.8% likelihood), driven largely by their event registration recency and event attendance recency."
HCP0208,41.73,54.67,52.08,Medium,0.7657,0.9234,0.5566,0.2961,Webinar,We recommend reaching out via Webinar (55.7% likelihood). The model selected this channel primarily due to the HCP's event attendance history and event attendance recency.
HCP0209,64.99,57.16,58.73,Medium,0.965,0.9276,0.2092,0.567,Website,We recommend reaching out via Website (92.8% likelihood). The model selected this channel primarily due to the HCP's web content viewing frequency and longest website session.
HCP0210,19.34,51.59,45.14,Low,0.7638,0.5596,0.5707,0.391,Webinar,"To build momentum with this lower-engagement HCP, Webinar is the safest bet (57.1% likelihood), which strongly aligns with their event registration recency and event attendance history."
HCP0211,40.37,53.66,51.0,Low,0.9259,0.9318,0.1385,0.5403,Website,"To build momentum with this lower-engagement HCP, Website is the safest bet (93.2% likelihood), which strongly aligns with their web content viewing frequency and longest website session."
HCP0212,47.7,73.6,68.42,High,0.9801,0.8905,0.5498,0.7375,Webinar,"Since this HCP is highly engaged overall, Webinar is the ideal next step (55.0% likelihood), driven largely by their event registration recency and event attendance history."
HCP0213,52.11,56.96,55.99,Medium,0.985,0.8758,0.1341,0.6394,Sales Rep,We recommend reaching out via Sales Rep (63.9% likelihood). The model selected this channel primarily due to the HCP's completed rep visits and average website session duration.
HCP0214,60.98,72.2,69.96,High,0.9794,0.9675,0.6055,0.6224,Webinar,"Since this HCP is highly engaged overall, Webinar is the ideal next step (60.5% likelihood), driven largely by their event registration recency and event attendance recency."
HCP0215,28.69,37.54,35.77,Low,0.9786,0.775,0.0951,0.235,Email,"To build momentum with this lower-engagement HCP, Email is the safest bet (97.9% likelihood), which strongly aligns with their historical email volume and email recency."
HCP0216,9.76,53.04,44.39,Low,0.9543,0.6961,0.1202,0.6493,Sales Rep,"To build momentum with this lower-engagement HCP, Sales Rep is the safest bet (64.9% likelihood), which strongly aligns with their sales rep interaction recency and completed rep visit recency."
HCP0217,56.3,77.1,72.94,High,0.9687,0.9816,0.56,0.7746,Webinar,"Since this HCP is highly engaged overall, Webinar is the ideal next step (56.0% likelihood), driven largely by their event registration recency and event attendance history."
HCP0218,40.05,47.49,46.0,Low,0.983,0.9527,0.094,0.3948,Website,"To build momentum with this lower-engagement HCP, Website is the safest bet (95.3% likelihood), which strongly aligns with their web content viewing frequency and web download rate."
HCP0219,59.85,68.18,66.52,High,0.9609,0.9773,0.5095,0.5935,Webinar,"Since this HCP is highly engaged overall, Webinar is the ideal next step (51.0% likelihood), driven largely by their event attendance history and event registration recency."
HCP0220,27.1,60.69,53.97,Medium,0.9686,0.9741,0.0948,0.717,Sales Rep,We recommend reaching out via Sales Rep (71.7% likelihood). The model selected this channel primarily due to the HCP's completed rep visits and total event attendance duration.
HCP0221,59.57,55.31,56.16,Medium,0.9294,0.9694,0.4911,0.2973,Webinar,We recommend reaching out via Webinar (49.1% likelihood). The model selected this channel primarily due to the HCP's event attendance history and event registration recency.
HCP0222,33.5,39.6,38.38,Low,0.9729,0.859,0.1001,0.2422,Email,"To build momentum with this lower-engagement HCP, Email is the safest bet (97.3% likelihood), which strongly aligns with their email open rate and email recency."
HCP0223,27.5,69.56,61.15,High,0.9818,0.8995,0.6467,0.5588,Webinar,"Since this HCP is highly engaged overall, Webinar is the ideal next step (64.7% likelihood), driven largely by their event registration recency and event attendance recency."
HCP0224,62.72,69.13,67.85,High,0.9267,0.9828,0.2524,0.8159,Sales Rep,"Since this HCP is highly engaged overall, Sales Rep is the ideal next step (81.6% likelihood), driven largely by their sales rep interaction recency and completed rep visits."
HCP0225,60.36,57.51,58.08,Medium,0.9727,0.9322,0.6399,0.2484,Webinar,We recommend reaching out via Webinar (64.0% likelihood). The model selected this channel primarily due to the HCP's event registration recency and event attendance recency.
HCP0226,49.23,39.43,41.39,Low,0.7694,0.9616,0.102,0.236,Website,"To build momentum with this lower-engagement HCP, Website is the safest bet (96.2% likelihood), which strongly aligns with their web content viewing frequency and web content viewing frequency."
HCP0227,72.65,66.05,67.37,High,0.9112,0.8862,0.3093,0.7483,Sales Rep,"Since this HCP is highly engaged overall, Sales Rep is the ideal next step (74.8% likelihood), driven largely by their completed rep visits and email open rate."
HCP0228,18.93,64.0,54.98,Medium,0.916,0.8247,0.2622,0.7619,Sales Rep,We recommend reaching out via Sales Rep (76.2% likelihood). The model selected this channel primarily due to the HCP's sales rep interaction recency and completed rep visit recency.
HCP0229,23.41,52.34,46.55,Low,0.9757,0.9631,0.0961,0.5109,Website,"To build momentum with this lower-engagement HCP, Website is the safest bet (96.3% likelihood), which strongly aligns with their web content viewing frequency and web content viewing frequency."
HCP0230,56.14,80.5,75.63,High,0.9519,0.9746,0.6659,0.7879,Webinar,"Since this HCP is highly engaged overall, Webinar is the ideal next step (66.6% likelihood), driven largely by their event registration recency and event attendance recency."
HCP0231,30.01,73.45,64.77,High,0.8608,0.9586,0.5337,0.7416,Webinar,"Since this HCP is highly engaged overall, Webinar is the ideal next step (53.4% likelihood), driven largely by their event registration recency and event attendance history."
HCP0232,45.28,62.54,59.09,Medium,0.9787,0.9548,0.2807,0.6309,Sales Rep,We recommend reaching out via Sales Rep (63.1% likelihood). The model selected this channel primarily due to the HCP's completed rep visits and completed rep visits.
HCP0233,41.54,69.75,64.11,High,0.9419,0.967,0.5187,0.6357,Webinar,"Since this HCP is highly engaged overall, Webinar is the ideal next step (51.9% likelihood), driven largely by their event attendance history and event attendance recency."
HCP0234,25.77,69.88,61.06,High,0.9821,0.7803,0.5661,0.6868,Webinar,"Since this HCP is highly engaged overall, Webinar is the ideal next step (56.6% likelihood), driven largely by their event attendance history and event attendance recency."
HCP0235,34.62,64.11,58.21,Medium,0.914,0.9467,0.681,0.3901,Webinar,We recommend reaching out via Webinar (68.1% likelihood). The model selected this channel primarily due to the HCP's event registration recency and event registration recency.
HCP0236,34.2,43.0,41.24,Low,0.8485,0.7985,0.0972,0.3907,Email,"To build momentum with this lower-engagement HCP, Email is the safest bet (84.8% likelihood), which strongly aligns with their email open rate and email open frequency."
HCP0237,61.94,62.23,62.17,High,0.9807,0.9152,0.266,0.6534,Sales Rep,"Since this HCP is highly engaged overall, Sales Rep is the ideal next step (65.3% likelihood), driven largely by their completed rep visits and total event attendance duration."
HCP0238,55.57,59.15,58.44,Medium,0.9815,0.8033,0.4418,0.5004,Webinar,We recommend reaching out via Webinar (44.2% likelihood). The model selected this channel primarily due to the HCP's event attendance history and event registration recency.
HCP0239,56.4,68.66,66.21,High,0.8593,0.9753,0.4406,0.6835,Webinar,"Since this HCP is highly engaged overall, Webinar is the ideal next step (44.1% likelihood), driven largely by their event attendance history and event attendance rate."
HCP0240,42.2,42.07,42.1,Low,0.9558,0.9323,0.1294,0.2497,Website,"To build momentum with this lower-engagement HCP, Website is the safest bet (93.2% likelihood), which strongly aligns with their web content viewing frequency and total website duration."
HCP0241,64.52,67.27,66.72,High,0.9845,0.9459,0.6253,0.4938,Webinar,"Since this HCP is highly engaged overall, Webinar is the ideal next step (62.5% likelihood), driven largely by their event registration recency and event attendance history."
HCP0242,87.79,57.42,63.49,High,0.8708,0.9827,0.4278,0.4055,Webinar,"Since this HCP is highly engaged overall, Webinar is the ideal next step (42.8% likelihood), driven largely by their event attendance history and event registration recency."
HCP0243,32.62,69.52,62.14,High,0.7447,0.9543,0.4361,0.7476,Sales Rep,"Since this HCP is highly engaged overall, Sales Rep is the ideal next step (74.8% likelihood), driven largely by their sales rep interaction recency and completed rep visit recency."
HCP0244,59.35,63.62,62.77,High,0.9627,0.9638,0.2795,0.6584,Sales Rep,"Since this HCP is highly engaged overall, Sales Rep is the ideal next step (65.8% likelihood), driven largely by their completed rep visits and completed rep visits."
HCP0245,19.42,62.37,53.78,Medium,0.9813,0.9742,0.0939,0.7564,Sales Rep,We recommend reaching out via Sales Rep (75.6% likelihood). The model selected this channel primarily due to the HCP's sales rep interaction recency and completed rep visit recency.
HCP0246,55.98,59.01,58.4,Medium,0.7782,0.815,0.5639,0.4502,Webinar,We recommend reaching out via Webinar (56.4% likelihood). The model selected this channel primarily due to the HCP's event attendance history and event attendance recency.
HCP0247,21.64,53.43,47.07,Low,0.7916,0.6498,0.0951,0.7415,Sales Rep,"To build momentum with this lower-engagement HCP, Sales Rep is the safest bet (74.1% likelihood), which strongly aligns with their completed rep visits and sales rep interaction recency."
HCP0248,51.53,56.52,55.52,Medium,0.8471,0.9725,0.2283,0.5438,Website,We recommend reaching out via Website (97.2% likelihood). The model selected this channel primarily due to the HCP's web content viewing frequency and website activity volume.
HCP0249,40.75,43.83,43.21,Low,0.9815,0.9735,0.1048,0.2849,Website,"To build momentum with this lower-engagement HCP, Website is the safest bet (97.4% likelihood), which strongly aligns with their web content viewing frequency and video completion rate."
HCP0250,30.91,57.28,52.0,Low,0.9793,0.9619,0.4669,0.356,Webinar,"To build momentum with this lower-engagement HCP, Webinar is the safest bet (46.7% likelihood), which strongly aligns with their event attendance history and event attendance recency."
HCP0251,26.66,75.64,65.85,High,0.9534,0.9547,0.5451,0.7665,Webinar,"Since this HCP is highly engaged overall, Webinar is the ideal next step (54.5% likelihood), driven largely by their event registration recency and event attendance recency."
HCP0252,65.94,64.01,64.39,High,0.9618,0.983,0.2342,0.6925,Sales Rep,"Since this HCP is highly engaged overall, Sales Rep is the ideal next step (69.3% likelihood), driven largely by their completed rep visits and total time spent with reps."
HCP0253,41.31,71.97,65.84,High,0.9382,0.9781,0.7055,0.5465,Webinar,"Since this HCP is highly engaged overall, Webinar is the ideal next step (70.6% likelihood), driven largely by their event attendance history and event registration recency."
HCP0254,28.87,60.81,54.42,Medium,0.9844,0.8277,0.6705,0.3573,Webinar,We recommend reaching out via Webinar (67.0% likelihood). The model selected this channel primarily due to the HCP's event registration recency and event attendance history.
HCP0255,30.75,45.5,42.55,Low,0.8077,0.5869,0.1371,0.5393,Sales Rep,"To build momentum with this lower-engagement HCP, Sales Rep is the safest bet (53.9% likelihood), which strongly aligns with their completed rep visits and unique email campaigns."
HCP0256,52.26,75.17,70.59,High,0.9786,0.8971,0.499,0.8119,Webinar,"Since this HCP is highly engaged overall, Webinar is the ideal next step (49.9% likelihood), driven largely by their event registration recency and event attendance recency."
HCP0257,56.32,56.98,56.85,Medium,0.9401,0.9687,0.4465,0.3703,Webinar,We recommend reaching out via Webinar (44.6% likelihood). The model selected this channel primarily due to the HCP's event attendance history and event attendance rate.
HCP0258,44.71,51.6,50.22,Low,0.9538,0.9704,0.1571,0.4484,Website,"To build momentum with this lower-engagement HCP, Website is the safest bet (97.0% likelihood), which strongly aligns with their web content viewing frequency and sales rep interaction recency."
HCP0259,43.83,60.3,57.01,Medium,0.9699,0.9781,0.0945,0.7051,Sales Rep,We recommend reaching out via Sales Rep (70.5% likelihood). The model selected this channel primarily due to the HCP's completed rep visits and sales rep interaction recency.
HCP0260,42.4,63.25,59.08,Medium,0.9657,0.8895,0.2788,0.6859,Sales Rep,We recommend reaching out via Sales Rep (68.6% likelihood). The model selected this channel primarily due to the HCP's completed rep visits and total time spent with reps.
HCP0261,39.33,54.46,51.44,Low,0.9829,0.8315,0.5021,0.3235,Webinar,"To build momentum with this lower-engagement HCP, Webinar is the safest bet (50.2% likelihood), which strongly aligns with their event registration recency and event attendance history."
HCP0262,14.92,54.68,46.73,Low,0.9614,0.8559,0.629,0.227,Webinar,"To build momentum with this lower-engagement HCP, Webinar is the safest bet (62.9% likelihood), which strongly aligns with their event registration recency and event attendance recency."
HCP0263,37.59,69.28,62.94,High,0.773,0.9771,0.6391,0.5708,Webinar,"Since this HCP is highly engaged overall, Webinar is the ideal next step (63.9% likelihood), driven largely by their event registration recency and event attendance history."
HCP0264,40.01,76.14,68.91,High,0.9103,0.9695,0.5674,0.7655,Webinar,"Since this HCP is highly engaged overall, Webinar is the ideal next step (56.7% likelihood), driven largely by their event attendance history and event attendance rate."
HCP0265,42.83,50.3,48.81,Low,0.9775,0.8082,0.1506,0.4962,Email,"To build momentum with this lower-engagement HCP, Email is the safest bet (97.8% likelihood), which strongly aligns with their email open rate and historical email volume."
HCP0266,31.53,56.45,51.46,Low,0.8851,0.7605,0.0941,0.7391,Sales Rep,"To build momentum with this lower-engagement HCP, Sales Rep is the safest bet (73.9% likelihood), which strongly aligns with their sales rep interaction recency and completed rep visit recency."
HCP0267,32.13,39.17,37.76,Low,0.809,0.5305,0.0966,0.4393,Email,"To build momentum with this lower-engagement HCP, Email is the safest bet (80.9% likelihood), which strongly aligns with their longest website session and total website duration."
HCP0268,21.55,62.85,54.59,Medium,0.6805,0.6537,0.48,0.7141,Webinar,We recommend reaching out via Webinar (48.0% likelihood). The model selected this channel primarily due to the HCP's event registration recency and event attendance recency.
HCP0269,62.94,73.09,71.06,High,0.9738,0.9444,0.4822,0.75,Webinar,"Since this HCP is highly engaged overall, Webinar is the ideal next step (48.2% likelihood), driven largely by their event attendance history and event attendance rate."
HCP0270,21.95,65.12,56.48,Medium,0.9808,0.9286,0.5976,0.4702,Webinar,We recommend reaching out via Webinar (59.8% likelihood). The model selected this channel primarily due to the HCP's event registration recency and event attendance recency.
HCP0271,46.09,44.93,45.16,Low,0.9658,0.8335,0.0946,0.3941,Email,"To build momentum with this lower-engagement HCP, Email is the safest bet (96.6% likelihood), which strongly aligns with their historical email volume and email recency."
HCP0272,22.59,52.74,46.71,Low,0.9437,0.9392,0.2138,0.4526,Website,"To build momentum with this lower-engagement HCP, Website is the safest bet (93.9% likelihood), which strongly aligns with their web content viewing frequency and preference for email."
HCP0273,54.14,80.82,75.48,High,0.8836,0.9759,0.7123,0.7774,Webinar,"Since this HCP is highly engaged overall, Webinar is the ideal next step (71.2% likelihood), driven largely by their event registration recency and event attendance history."
HCP0274,64.79,52.58,55.03,Medium,0.8716,0.9783,0.2104,0.4498,Website,We recommend reaching out via Website (97.8% likelihood). The model selected this channel primarily due to the HCP's web content viewing frequency and video completion rate.
HCP0275,31.48,71.29,63.33,High,0.9485,0.9596,0.5438,0.6574,Webinar,"Since this HCP is highly engaged overall, Webinar is the ideal next step (54.4% likelihood), driven largely by their event registration recency and event attendance history."
HCP0276,29.32,41.65,39.18,Low,0.8213,0.9428,0.0954,0.293,Website,"To build momentum with this lower-engagement HCP, Website is the safest bet (94.3% likelihood), which strongly aligns with their web content viewing frequency and website recency."
HCP0277,32.64,50.93,47.27,Low,0.9641,0.8856,0.3459,0.3299,Email,"To build momentum with this lower-engagement HCP, Email is the safest bet (96.4% likelihood), which strongly aligns with their historical email volume and email open rate."
HCP0278,26.11,58.05,51.66,Low,0.9442,0.6275,0.6128,0.4417,Webinar,"To build momentum with this lower-engagement HCP, Webinar is the safest bet (61.3% likelihood), which strongly aligns with their event registration recency and event attendance recency."
HCP0279,64.09,65.67,65.35,High,0.9851,0.9476,0.4022,0.6199,Webinar,"Since this HCP is highly engaged overall, Webinar is the ideal next step (40.2% likelihood), driven largely by their event attendance history and event attendance rate."
HCP0280,42.98,59.99,56.59,Medium,0.9605,0.8956,0.2077,0.6562,Sales Rep,We recommend reaching out via Sales Rep (65.6% likelihood). The model selected this channel primarily due to the HCP's completed rep visits and total time spent with reps.
HCP0281,33.81,51.43,47.91,Low,0.9015,0.9583,0.2802,0.3712,Website,"To build momentum with this lower-engagement HCP, Website is the safest bet (95.8% likelihood), which strongly aligns with their web content viewing frequency and total website duration."
HCP0282,47.16,55.49,53.83,Medium,0.9732,0.9624,0.1041,0.5848,Website,We recommend reaching out via Website (96.2% likelihood). The model selected this channel primarily due to the HCP's web content viewing frequency and video completion rate.
HCP0283,49.21,46.38,46.94,Low,0.8908,0.9745,0.0951,0.3782,Website,"To build momentum with this lower-engagement HCP, Website is the safest bet (97.4% likelihood), which strongly aligns with their web content viewing frequency and event registration recency."
HCP0284,33.89,58.22,53.35,Medium,0.8451,0.9614,0.0946,0.6925,Sales Rep,We recommend reaching out via Sales Rep (69.2% likelihood). The model selected this channel primarily due to the HCP's completed rep visits and website recency.
HCP0285,26.55,65.56,57.75,Medium,0.9672,0.962,0.2649,0.7174,Sales Rep,We recommend reaching out via Sales Rep (71.7% likelihood). The model selected this channel primarily due to the HCP's sales rep interaction recency and completed rep visit recency.
HCP0286,56.16,65.11,63.32,High,0.984,0.8405,0.3878,0.6706,Sales Rep,"Since this HCP is highly engaged overall, Sales Rep is the ideal next step (67.1% likelihood), driven largely by their completed rep visits and completed rep visits."
HCP0287,47.76,61.69,58.91,Medium,0.9766,0.9626,0.094,0.7464,Sales Rep,We recommend reaching out via Sales Rep (74.6% likelihood). The model selected this channel primarily due to the HCP's completed rep visits and total event attendance duration.
HCP0288,33.53,69.05,61.95,High,0.9601,0.9628,0.3077,0.7741,Sales Rep,"Since this HCP is highly engaged overall, Sales Rep is the ideal next step (77.4% likelihood), driven largely by their completed rep visits and website recency."
HCP0289,28.1,37.82,35.87,Low,0.8989,0.7005,0.0939,0.3,Email,"To build momentum with this lower-engagement HCP, Email is the safest bet (89.9% likelihood), which strongly aligns with their historical email volume and email click rate."
HCP0290,74.1,60.61,63.31,High,0.977,0.9794,0.1382,0.6776,Sales Rep,"Since this HCP is highly engaged overall, Sales Rep is the ideal next step (67.8% likelihood), driven largely by their completed rep visits and total time spent with reps."
HCP0291,37.95,50.96,48.36,Low,0.981,0.9712,0.1103,0.4604,Website,"To build momentum with this lower-engagement HCP, Website is the safest bet (97.1% likelihood), which strongly aligns with their web content viewing frequency and video completion rate."
HCP0292,67.18,58.22,60.01,Medium,0.9825,0.8928,0.4707,0.4104,Webinar,We recommend reaching out via Webinar (47.1% likelihood). The model selected this channel primarily due to the HCP's event attendance history and event attendance rate.
HCP0293,28.82,58.16,52.29,Medium,0.8815,0.918,0.0938,0.7043,Sales Rep,We recommend reaching out via Sales Rep (70.4% likelihood). The model selected this channel primarily due to the HCP's sales rep interaction recency and completed rep visit recency.
HCP0294,44.29,62.5,58.86,Medium,0.9666,0.889,0.519,0.4872,Webinar,We recommend reaching out via Webinar (51.9% likelihood). The model selected this channel primarily due to the HCP's event attendance history and event attendance recency.
HCP0295,40.71,51.48,49.32,Low,0.9769,0.748,0.0946,0.5978,Sales Rep,"To build momentum with this lower-engagement HCP, Sales Rep is the safest bet (59.8% likelihood), which strongly aligns with their completed rep visits and completed rep visits."
HCP0296,49.57,61.62,59.21,Medium,0.87,0.9266,0.2974,0.6367,Sales Rep,We recommend reaching out via Sales Rep (63.7% likelihood). The model selected this channel primarily due to the HCP's completed rep visits and total time spent with reps.
HCP0297,46.23,77.17,70.98,High,0.9834,0.9195,0.6469,0.7386,Webinar,"Since this HCP is highly engaged overall, Webinar is the ideal next step (64.7% likelihood), driven largely by their event registration recency and event attendance history."
HCP0298,48.59,78.02,72.14,High,0.986,0.9681,0.5733,0.7901,Webinar,"Since this HCP is highly engaged overall, Webinar is the ideal next step (57.3% likelihood), driven largely by their event registration recency and event attendance recency."
HCP0299,38.47,47.35,45.58,Low,0.9026,0.966,0.3279,0.2293,Website,"To build momentum with this lower-engagement HCP, Website is the safest bet (96.6% likelihood), which strongly aligns with their web content viewing frequency and video completion rate."
HCP0300,67.24,75.32,73.71,High,0.9745,0.9384,0.4991,0.7959,Webinar,"Since this HCP is highly engaged overall, Webinar is the ideal next step (49.9% likelihood), driven largely by their event attendance history and event attendance rate."
HCP0301,74.22,62.39,64.76,High,0.9755,0.9762,0.2267,0.6579,Sales Rep,"Since this HCP is highly engaged overall, Sales Rep is the ideal next step (65.8% likelihood), driven largely by their completed rep visits and average website session duration."
HCP0302,44.98,62.72,59.18,Medium,0.8431,0.8989,0.1979,0.7594,Sales Rep,We recommend reaching out via Sales Rep (75.9% likelihood). The model selected this channel primarily due to the HCP's sales rep interaction recency and completed rep visit recency.
HCP0303,29.09,40.15,37.94,Low,0.8409,0.9622,0.0939,0.242,Website,"To build momentum with this lower-engagement HCP, Website is the safest bet (96.2% likelihood), which strongly aligns with their web content viewing frequency and longest website session."
HCP0304,46.77,60.97,58.13,Medium,0.9832,0.979,0.2267,0.6188,Website,We recommend reaching out via Website (97.9% likelihood). The model selected this channel primarily due to the HCP's web content viewing frequency and video completion rate.
HCP0305,68.52,75.47,74.08,High,0.9645,0.9826,0.5091,0.7726,Webinar,"Since this HCP is highly engaged overall, Webinar is the ideal next step (50.9% likelihood), driven largely by their event attendance history and event attendance recency."
HCP0306,43.77,57.74,54.94,Medium,0.9485,0.9626,0.4489,0.3883,Webinar,We recommend reaching out via Webinar (44.9% likelihood). The model selected this channel primarily due to the HCP's event attendance history and event attendance recency.
HCP0307,30.62,58.52,52.94,Medium,0.9824,0.9129,0.4963,0.3886,Webinar,We recommend reaching out via Webinar (49.6% likelihood). The model selected this channel primarily due to the HCP's event registration recency and event attendance history.
HCP0308,24.62,66.3,57.96,Medium,0.8692,0.9067,0.518,0.5982,Webinar,We recommend reaching out via Webinar (51.8% likelihood). The model selected this channel primarily due to the HCP's event attendance history and event attendance rate.
HCP0309,62.83,41.3,45.61,Low,0.862,0.6496,0.1099,0.4099,Email,"To build momentum with this lower-engagement HCP, Email is the safest bet (86.2% likelihood), which strongly aligns with their historical email volume and email open rate."
HCP0310,30.26,75.25,66.25,High,0.9674,0.9209,0.7058,0.6497,Webinar,"Since this HCP is highly engaged overall, Webinar is the ideal next step (70.6% likelihood), driven largely by their event registration recency and event attendance history."
HCP0311,34.45,51.09,47.76,Low,0.9043,0.802,0.4792,0.2907,Webinar,"To build momentum with this lower-engagement HCP, Webinar is the safest bet (47.9% likelihood), which strongly aligns with their event registration recency and event attendance history."
HCP0312,39.01,68.35,62.48,High,0.9574,0.9208,0.556,0.5919,Webinar,"Since this HCP is highly engaged overall, Webinar is the ideal next step (55.6% likelihood), driven largely by their event registration recency and event attendance recency."
HCP0313,36.83,61.8,56.8,Medium,0.6425,0.9619,0.0945,0.8324,Sales Rep,We recommend reaching out via Sales Rep (83.2% likelihood). The model selected this channel primarily due to the HCP's sales rep interaction recency and completed rep visits.
HCP0314,46.81,52.1,51.04,Low,0.8073,0.962,0.2543,0.4289,Website,"To build momentum with this lower-engagement HCP, Website is the safest bet (96.2% likelihood), which strongly aligns with their web content viewing frequency and website activity volume."
HCP0315,17.58,48.97,42.69,Low,0.9223,0.6401,0.0941,0.603,Sales Rep,"To build momentum with this lower-engagement HCP, Sales Rep is the safest bet (60.3% likelihood), which strongly aligns with their completed rep visits and sales rep interaction recency."
HCP0316,16.27,39.59,34.93,Low,0.9255,0.7603,0.0939,0.3078,Email,"To build momentum with this lower-engagement HCP, Email is the safest bet (92.6% likelihood), which strongly aligns with their email open rate and email recency."
HCP0317,40.96,53.41,50.92,Low,0.9591,0.8693,0.2517,0.4721,Email,"To build momentum with this lower-engagement HCP, Email is the safest bet (95.9% likelihood), which strongly aligns with their historical email volume and email open rate."
HCP0318,69.28,76.89,75.37,High,0.9846,0.9775,0.6569,0.6947,Webinar,"Since this HCP is highly engaged overall, Webinar is the ideal next step (65.7% likelihood), driven largely by their event attendance history and event attendance recency."
HCP0319,73.36,67.81,68.92,High,0.9594,0.9828,0.446,0.6295,Webinar,"Since this HCP is highly engaged overall, Webinar is the ideal next step (44.6% likelihood), driven largely by their event attendance history and event attendance rate."
HCP0320,45.9,53.0,51.58,Low,0.9506,0.933,0.2548,0.4298,Website,"To build momentum with this lower-engagement HCP, Website is the safest bet (93.3% likelihood), which strongly aligns with their web content viewing frequency and video completion rate."
HCP0321,23.41,59.39,52.2,Medium,0.8825,0.9267,0.0943,0.7301,Sales Rep,We recommend reaching out via Sales Rep (73.0% likelihood). The model selected this channel primarily due to the HCP's sales rep interaction recency and completed rep visit recency.
HCP0322,50.93,56.97,55.76,Medium,0.9859,0.965,0.0942,0.6247,Sales Rep,We recommend reaching out via Sales Rep (62.5% likelihood). The model selected this channel primarily due to the HCP's completed rep visits and total time spent with reps.
HCP0323,62.57,58.62,59.41,Medium,0.9752,0.9776,0.2055,0.5789,Website,We recommend reaching out via Website (97.8% likelihood). The model selected this channel primarily due to the HCP's web content viewing frequency and video completion rate.
HCP0324,58.26,57.78,57.88,Medium,0.9622,0.9472,0.4606,0.385,Webinar,We recommend reaching out via Webinar (46.1% likelihood). The model selected this channel primarily due to the HCP's event attendance history and event registration recency.
HCP0325,27.38,61.83,54.94,Medium,0.9769,0.77,0.5672,0.4911,Webinar,We recommend reaching out via Webinar (56.7% likelihood). The model selected this channel primarily due to the HCP's event registration recency and event attendance history.
HCP0326,52.39,43.72,45.45,Low,0.9493,0.7524,0.0949,0.4083,Email,"To build momentum with this lower-engagement HCP, Email is the safest bet (94.9% likelihood), which strongly aligns with their email open rate and historical email volume."
HCP0327,46.67,72.85,67.62,High,0.9701,0.9479,0.473,0.7501,Webinar,"Since this HCP is highly engaged overall, Webinar is the ideal next step (47.3% likelihood), driven largely by their event attendance history and event poll participation."
HCP0328,60.94,64.39,63.7,High,0.9839,0.9564,0.3803,0.6004,Webinar,"Since this HCP is highly engaged overall, Webinar is the ideal next step (38.0% likelihood), driven largely by their event attendance history and event attendance recency."
HCP0329,55.07,50.17,51.15,Low,0.9803,0.9661,0.289,0.3095,Website,"To build momentum with this lower-engagement HCP, Website is the safest bet (96.6% likelihood), which strongly aligns with their web content viewing frequency and website activity volume."
HCP0330,35.95,44.53,42.81,Low,0.8387,0.7571,0.1283,0.4287,Email,"To build momentum with this lower-engagement HCP, Email is the safest bet (83.9% likelihood), which strongly aligns with their email open rate and email click rate."
HCP0331,60.3,47.05,49.7,Low,0.9813,0.9756,0.27,0.2406,Website,"To build momentum with this lower-engagement HCP, Website is the safest bet (97.6% likelihood), which strongly aligns with their web content viewing frequency and video completion rate."
HCP0332,54.87,57.8,57.21,Medium,0.9647,0.9767,0.152,0.6014,Website,We recommend reaching out via Website (97.7% likelihood). The model selected this channel primarily due to the HCP's web content viewing frequency and web content viewing frequency.
HCP0333,45.87,70.9,65.9,High,0.9563,0.843,0.6256,0.6428,Webinar,"Since this HCP is highly engaged overall, Webinar is the ideal next step (62.6% likelihood), driven largely by their event registration recency and event attendance recency."
HCP0334,44.65,49.91,48.86,Low,0.8,0.7567,0.2371,0.4917,Sales Rep,"To build momentum with this lower-engagement HCP, Sales Rep is the safest bet (49.2% likelihood), which strongly aligns with their completed rep visits and rep visit completion rate."
HCP0335,48.29,52.25,51.46,Low,0.6628,0.9295,0.4233,0.3584,Webinar,"To build momentum with this lower-engagement HCP, Webinar is the safest bet (42.3% likelihood), which strongly aligns with their event attendance history and event attendance rate."
HCP0336,33.45,61.34,55.76,Medium,0.8907,0.8871,0.1038,0.7893,Sales Rep,We recommend reaching out via Sales Rep (78.9% likelihood). The model selected this channel primarily due to the HCP's completed rep visits and sales rep interaction recency.
HCP0337,55.78,64.24,62.55,High,0.9794,0.876,0.3555,0.6566,Sales Rep,"Since this HCP is highly engaged overall, Sales Rep is the ideal next step (65.7% likelihood), driven largely by their completed rep visits and rep visit completion rate."
HCP0338,47.02,53.54,52.24,Medium,0.9737,0.8547,0.1329,0.5681,Email,We recommend reaching out via Email (97.4% likelihood). The model selected this channel primarily due to the HCP's email open rate and historical email volume.
HCP0339,75.86,63.94,66.33,High,0.9821,0.982,0.5797,0.4273,Webinar,"Since this HCP is highly engaged overall, Webinar is the ideal next step (58.0% likelihood), driven largely by their event attendance history and event attendance rate."
HCP0340,66.95,76.43,74.54,High,0.979,0.9758,0.5441,0.7701,Webinar,"Since this HCP is highly engaged overall, Webinar is the ideal next step (54.4% likelihood), driven largely by their event registration recency and event attendance history."
HCP0341,44.84,75.21,69.13,High,0.9114,0.9695,0.5325,0.7682,Webinar,"Since this HCP is highly engaged overall, Webinar is the ideal next step (53.3% likelihood), driven largely by their event attendance history and event attendance rate."
HCP0342,48.11,66.06,62.47,High,0.9811,0.9744,0.3009,0.6934,Sales Rep,"Since this HCP is highly engaged overall, Sales Rep is the ideal next step (69.3% likelihood), driven largely by their completed rep visits and sales rep interaction recency."
HCP0343,28.11,54.96,49.59,Low,0.7969,0.5792,0.2393,0.7057,Sales Rep,"To build momentum with this lower-engagement HCP, Sales Rep is the safest bet (70.6% likelihood), which strongly aligns with their completed rep visits and sales rep interaction recency."
HCP0344,45.7,55.84,53.81,Medium,0.9165,0.8415,0.0957,0.6744,Sales Rep,We recommend reaching out via Sales Rep (67.4% likelihood). The model selected this channel primarily due to the HCP's completed rep visits and total time spent with reps.
HCP0345,47.93,75.39,69.89,High,0.9776,0.8653,0.5989,0.7585,Webinar,"Since this HCP is highly engaged overall, Webinar is the ideal next step (59.9% likelihood), driven largely by their event attendance history and event attendance recency."
HCP0346,47.34,42.52,43.48,Low,0.9505,0.7664,0.2036,0.2894,Email,"To build momentum with this lower-engagement HCP, Email is the safest bet (95.0% likelihood), which strongly aligns with their email open rate and email open rate."
HCP0347,70.36,70.86,70.76,High,0.9757,0.981,0.3959,0.74,Sales Rep,"Since this HCP is highly engaged overall, Sales Rep is the ideal next step (74.0% likelihood), driven largely by their completed rep visits and preference for sales reps."
HCP0348,47.73,42.49,43.54,Low,0.9359,0.9391,0.0948,0.2877,Website,"To build momentum with this lower-engagement HCP, Website is the safest bet (93.9% likelihood), which strongly aligns with their web content viewing frequency and event registration recency."
HCP0349,36.49,66.99,60.89,High,0.8115,0.8689,0.5209,0.6466,Webinar,"Since this HCP is highly engaged overall, Webinar is the ideal next step (52.1% likelihood), driven largely by their event attendance history and event poll participation."
HCP0350,21.26,48.79,43.28,Low,0.7366,0.6438,0.0943,0.6429,Sales Rep,"To build momentum with this lower-engagement HCP, Sales Rep is the safest bet (64.3% likelihood), which strongly aligns with their completed rep visits and unique email campaigns."
HCP0351,52.23,56.06,55.29,Medium,0.8996,0.9817,0.1234,0.5932,Website,We recommend reaching out via Website (98.2% likelihood). The model selected this channel primarily due to the HCP's web content viewing frequency and video completion rate.
HCP0352,33.18,55.94,51.39,Low,0.7336,0.9712,0.0944,0.6588,Sales Rep,"To build momentum with this lower-engagement HCP, Sales Rep is the safest bet (65.9% likelihood), which strongly aligns with their sales rep interaction recency and completed rep visit recency."
HCP0353,46.5,60.5,57.7,Medium,0.8428,0.9411,0.0942,0.7604,Sales Rep,We recommend reaching out via Sales Rep (76.0% likelihood). The model selected this channel primarily due to the HCP's completed rep visits and preference for sales reps.
HCP0354,39.93,63.54,58.82,Medium,0.9856,0.9714,0.1086,0.7749,Sales Rep,We recommend reaching out via Sales Rep (77.5% likelihood). The model selected this channel primarily due to the HCP's completed rep visits and email open rate.
HCP0355,55.24,64.3,62.49,High,0.9778,0.9787,0.2775,0.6656,Sales Rep,"Since this HCP is highly engaged overall, Sales Rep is the ideal next step (66.6% likelihood), driven largely by their sales rep interaction recency and completed rep visit recency."
HCP0356,67.37,72.25,71.27,High,0.916,0.9774,0.4666,0.7385,Webinar,"Since this HCP is highly engaged overall, Webinar is the ideal next step (46.7% likelihood), driven largely by their event attendance history and event registration recency."
HCP0357,31.94,61.1,55.27,Medium,0.9279,0.705,0.5843,0.5049,Webinar,We recommend reaching out via Webinar (58.4% likelihood). The model selected this channel primarily due to the HCP's event registration recency and event attendance recency.
HCP0358,72.11,53.9,57.54,Medium,0.9487,0.9225,0.1869,0.5088,Website,We recommend reaching out via Website (92.2% likelihood). The model selected this channel primarily due to the HCP's web content viewing frequency and video completion rate.
HCP0359,59.95,61.27,61.0,High,0.9836,0.9532,0.5928,0.3646,Webinar,"Since this HCP is highly engaged overall, Webinar is the ideal next step (59.3% likelihood), driven largely by their event attendance history and event attendance rate."
HCP0360,44.33,58.14,55.38,Medium,0.9779,0.8099,0.0944,0.7331,Sales Rep,We recommend reaching out via Sales Rep (73.3% likelihood). The model selected this channel primarily due to the HCP's sales rep interaction recency and completed rep visit recency.
HCP0361,73.86,54.51,58.38,Medium,0.9744,0.9774,0.0942,0.5597,Website,We recommend reaching out via Website (97.7% likelihood). The model selected this channel primarily due to the HCP's web content viewing frequency and email open rate.
HCP0362,54.51,64.35,62.38,High,0.9834,0.9618,0.1339,0.7817,Sales Rep,"Since this HCP is highly engaged overall, Sales Rep is the ideal next step (78.2% likelihood), driven largely by their completed rep visits and average website session duration."
HCP0363,35.48,73.83,66.16,High,0.9387,0.9028,0.4693,0.8077,Sales Rep,"Since this HCP is highly engaged overall, Sales Rep is the ideal next step (80.8% likelihood), driven largely by their sales rep interaction recency and completed rep visit recency."
HCP0364,48.97,55.97,54.57,Medium,0.9739,0.9798,0.1487,0.5543,Website,We recommend reaching out via Website (98.0% likelihood). The model selected this channel primarily due to the HCP's web content viewing frequency and video completion rate.
HCP0365,29.7,60.5,54.34,Medium,0.7144,0.6261,0.4783,0.6622,Webinar,We recommend reaching out via Webinar (47.8% likelihood). The model selected this channel primarily due to the HCP's event attendance history and event attendance rate.
HCP0366,46.24,56.7,54.61,Medium,0.9263,0.929,0.2325,0.5471,Website,We recommend reaching out via Website (92.9% likelihood). The model selected this channel primarily due to the HCP's web content viewing frequency and longest website session.
HCP0367,58.32,74.03,70.89,High,0.9575,0.9724,0.6676,0.6245,Webinar,"Since this HCP is highly engaged overall, Webinar is the ideal next step (66.8% likelihood), driven largely by their event registration recency and event attendance recency."
HCP0368,51.0,58.67,57.14,Medium,0.9808,0.9819,0.1413,0.6246,Sales Rep,We recommend reaching out via Sales Rep (62.5% likelihood). The model selected this channel primarily due to the HCP's completed rep visits and completed rep visits.
HCP0369,40.18,57.13,53.74,Medium,0.9765,0.9665,0.0955,0.6294,Sales Rep,We recommend reaching out via Sales Rep (62.9% likelihood). The model selected this channel primarily due to the HCP's sales rep interaction recency and completed rep visit recency.
HCP0370,16.79,52.65,45.48,Low,0.8708,0.5504,0.0939,0.7529,Sales Rep,"To build momentum with this lower-engagement HCP, Sales Rep is the safest bet (75.3% likelihood), which strongly aligns with their sales rep interaction recency and completed rep visit recency."
HCP0371,32.24,60.81,55.1,Medium,0.8159,0.6319,0.6417,0.5192,Webinar,We recommend reaching out via Webinar (64.2% likelihood). The model selected this channel primarily due to the HCP's event registration recency and event attendance recency.
HCP0372,26.37,40.74,37.87,Low,0.9031,0.6086,0.0946,0.4175,Email,"To build momentum with this lower-engagement HCP, Email is the safest bet (90.3% likelihood), which strongly aligns with their historical email volume and average website session duration."
HCP0373,32.37,64.5,58.08,Medium,0.9747,0.8698,0.2925,0.7147,Sales Rep,We recommend reaching out via Sales Rep (71.5% likelihood). The model selected this channel primarily due to the HCP's completed rep visits and website recency.
HCP0374,40.86,50.41,48.5,Low,0.8929,0.9768,0.3199,0.3086,Website,"To build momentum with this lower-engagement HCP, Website is the safest bet (97.7% likelihood), which strongly aligns with their web content viewing frequency and web content viewing frequency."
HCP0375,55.58,67.53,65.14,High,0.979,0.8545,0.6824,0.5044,Webinar,"Since this HCP is highly engaged overall, Webinar is the ideal next step (68.2% likelihood), driven largely by their event registration recency and event attendance history."
HCP0376,56.8,66.09,64.23,High,0.9761,0.977,0.6766,0.4123,Webinar,"Since this HCP is highly engaged overall, Webinar is the ideal next step (67.7% likelihood), driven largely by their event attendance history and event attendance recency."
HCP0377,18.38,64.84,55.55,Medium,0.9668,0.917,0.2957,0.699,Sales Rep,We recommend reaching out via Sales Rep (69.9% likelihood). The model selected this channel primarily due to the HCP's sales rep interaction recency and completed rep visit recency.
HCP0378,18.51,52.14,45.41,Low,0.9641,0.7915,0.2604,0.4714,Email,"To build momentum with this lower-engagement HCP, Email is the safest bet (96.4% likelihood), which strongly aligns with their email open rate and email recency."
HCP0379,16.58,54.74,47.11,Low,0.9631,0.8578,0.0939,0.6284,Sales Rep,"To build momentum with this lower-engagement HCP, Sales Rep is the safest bet (62.8% likelihood), which strongly aligns with their sales rep interaction recency and completed rep visit recency."
HCP0380,45.16,56.34,54.1,Medium,0.9384,0.7221,0.1343,0.7121,Sales Rep,We recommend reaching out via Sales Rep (71.2% likelihood). The model selected this channel primarily due to the HCP's completed rep visits and total time spent with reps.
HCP0381,41.81,48.27,46.98,Low,0.7538,0.8487,0.0944,0.5231,Website,"To build momentum with this lower-engagement HCP, Website is the safest bet (84.9% likelihood), which strongly aligns with their web content viewing frequency and event registration recency."
HCP0382,27.83,57.42,51.5,Low,0.8685,0.8517,0.0948,0.7214,Sales Rep,"To build momentum with this lower-engagement HCP, Sales Rep is the safest bet (72.1% likelihood), which strongly aligns with their sales rep interaction recency and completed rep visit recency."
HCP0383,38.59,53.56,50.56,Low,0.8535,0.9755,0.2239,0.4699,Website,"To build momentum with this lower-engagement HCP, Website is the safest bet (97.6% likelihood), which strongly aligns with their web content viewing frequency and video completion rate."
HCP0384,51.44,71.63,67.59,High,0.9805,0.9398,0.54,0.6706,Webinar,"Since this HCP is highly engaged overall, Webinar is the ideal next step (54.0% likelihood), driven largely by their event attendance history and event attendance rate."
HCP0385,22.13,48.96,43.59,Low,0.7799,0.6449,0.0943,0.6358,Sales Rep,"To build momentum with this lower-engagement HCP, Sales Rep is the safest bet (63.6% likelihood), which strongly aligns with their completed rep visits and sales rep interaction recency."
HCP0386,48.77,58.07,56.21,Medium,0.9206,0.8838,0.0947,0.7087,Sales Rep,We recommend reaching out via Sales Rep (70.9% likelihood). The model selected this channel primarily due to the HCP's completed rep visits and rep visit completion rate.
HCP0387,42.5,58.49,55.29,Medium,0.9122,0.8805,0.4747,0.438,Webinar,We recommend reaching out via Webinar (47.5% likelihood). The model selected this channel primarily due to the HCP's event attendance history and event attendance recency.
HCP0388,70.11,62.98,64.41,High,0.9667,0.9651,0.5533,0.4353,Webinar,"Since this HCP is highly engaged overall, Webinar is the ideal next step (55.3% likelihood), driven largely by their event registration recency and event attendance history."
HCP0389,32.2,53.62,49.33,Low,0.9692,0.6036,0.0954,0.7248,Sales Rep,"To build momentum with this lower-engagement HCP, Sales Rep is the safest bet (72.5% likelihood), which strongly aligns with their completed rep visits and email click rate."
HCP0390,34.54,54.56,50.56,Low,0.8957,0.8073,0.5118,0.3526,Webinar,"To build momentum with this lower-engagement HCP, Webinar is the safest bet (51.2% likelihood), which strongly aligns with their event attendance history and event registration recency."
HCP0391,46.0,73.16,67.72,High,0.9826,0.9142,0.7319,0.5772,Webinar,"Since this HCP is highly engaged overall, Webinar is the ideal next step (73.2% likelihood), driven largely by their event registration recency and event registration recency."
HCP0392,60.77,52.95,54.51,Medium,0.9674,0.9653,0.0987,0.5251,Website,We recommend reaching out via Website (96.5% likelihood). The model selected this channel primarily due to the HCP's web content viewing frequency and event attendance recency.
HCP0393,76.92,54.86,59.27,Medium,0.9847,0.9788,0.504,0.258,Webinar,We recommend reaching out via Webinar (50.4% likelihood). The model selected this channel primarily due to the HCP's event attendance history and event registration recency.
HCP0394,62.59,63.78,63.54,High,0.9792,0.9457,0.6313,0.4034,Webinar,"Since this HCP is highly engaged overall, Webinar is the ideal next step (63.1% likelihood), driven largely by their event registration recency and event attendance recency."
HCP0395,40.05,69.9,63.93,High,0.9781,0.9553,0.4645,0.677,Webinar,"Since this HCP is highly engaged overall, Webinar is the ideal next step (46.5% likelihood), driven largely by their event attendance history and event registration recency."
HCP0396,32.69,57.32,52.39,Medium,0.932,0.6406,0.4744,0.5238,Webinar,We recommend reaching out via Webinar (47.4% likelihood). The model selected this channel primarily due to the HCP's event attendance history and event attendance recency.
HCP0397,53.21,72.48,68.63,High,0.9776,0.9005,0.5826,0.6805,Webinar,"Since this HCP is highly engaged overall, Webinar is the ideal next step (58.3% likelihood), driven largely by their event attendance history and event attendance rate."
HCP0398,40.09,69.0,63.22,High,0.9777,0.954,0.5262,0.609,Webinar,"Since this HCP is highly engaged overall, Webinar is the ideal next step (52.6% likelihood), driven largely by their event registration recency and event attendance history."
HCP0399,85.33,65.24,69.26,High,0.9821,0.9802,0.4168,0.5827,Webinar,"Since this HCP is highly engaged overall, Webinar is the ideal next step (41.7% likelihood), driven largely by their event attendance history and event attendance recency."
HCP0400,47.46,49.16,48.82,Low,0.9717,0.8372,0.128,0.4716,Email,"To build momentum with this lower-engagement HCP, Email is the safest bet (97.2% likelihood), which strongly aligns with their historical email volume and email open rate."
HCP0401,29.59,56.24,50.91,Low,0.9608,0.9068,0.1928,0.5679,Email,"To build momentum with this lower-engagement HCP, Email is the safest bet (96.1% likelihood), which strongly aligns with their historical email volume and email open rate."
HCP0402,30.26,68.27,60.67,Medium,0.9829,0.9154,0.4534,0.6633,Webinar,We recommend reaching out via Webinar (45.3% likelihood). The model selected this channel primarily due to the HCP's event attendance history and event attendance recency.
HCP0403,50.59,63.37,60.81,High,0.9552,0.887,0.2444,0.7186,Sales Rep,"Since this HCP is highly engaged overall, Sales Rep is the ideal next step (71.9% likelihood), driven largely by their completed rep visits and average website session duration."
HCP0404,27.0,63.84,56.47,Medium,0.9841,0.7029,0.418,0.6851,Webinar,We recommend reaching out via Webinar (41.8% likelihood). The model selected this channel primarily due to the HCP's event registration recency and event attendance history.
HCP0405,25.14,66.29,58.06,Medium,0.9737,0.7406,0.6502,0.5558,Webinar,We recommend reaching out via Webinar (65.0% likelihood). The model selected this channel primarily due to the HCP's event registration recency and event attendance recency.
HCP0406,33.33,49.49,46.26,Low,0.9744,0.7634,0.0944,0.5411,Email,"To build momentum with this lower-engagement HCP, Email is the safest bet (97.4% likelihood), which strongly aligns with their email open rate and email recency."
HCP0407,38.89,41.06,40.63,Low,0.7105,0.9263,0.1179,0.2974,Website,"To build momentum with this lower-engagement HCP, Website is the safest bet (92.6% likelihood), which strongly aligns with their web content viewing frequency and longest website session."
HCP0408,63.05,65.19,64.77,High,0.891,0.9818,0.2891,0.6993,Sales Rep,"Since this HCP is highly engaged overall, Sales Rep is the ideal next step (69.9% likelihood), driven largely by their completed rep visits and completed rep visits."
HCP0409,43.08,67.49,62.61,High,0.926,0.9303,0.6714,0.487,Webinar,"Since this HCP is highly engaged overall, Webinar is the ideal next step (67.1% likelihood), driven largely by their event registration recency and event attendance recency."
HCP0410,16.34,57.26,49.07,Low,0.8817,0.9169,0.0943,0.6818,Sales Rep,"To build momentum with this lower-engagement HCP, Sales Rep is the safest bet (68.2% likelihood), which strongly aligns with their completed rep visits and website recency."
HCP0411,69.63,71.18,70.87,High,0.9577,0.9511,0.4324,0.7403,Sales Rep,"Since this HCP is highly engaged overall, Sales Rep is the ideal next step (74.0% likelihood), driven largely by their completed rep visits and sales rep interaction recency."
HCP0412,35.86,66.15,60.09,Medium,0.974,0.9622,0.3043,0.7009,Sales Rep,We recommend reaching out via Sales Rep (70.1% likelihood). The model selected this channel primarily due to the HCP's sales rep interaction recency and completed rep visit recency.
HCP0413,61.02,63.88,63.31,High,0.9801,0.9715,0.337,0.6134,Website,"Since this HCP is highly engaged overall, Website is the ideal next step (97.2% likelihood), driven largely by their web content viewing frequency and video completion rate."
HCP0414,40.78,65.39,60.47,Medium,0.9725,0.9704,0.1979,0.7581,Sales Rep,We recommend reaching out via Sales Rep (75.8% likelihood). The model selected this channel primarily due to the HCP's completed rep visits and sales rep interaction recency.
HCP0415,63.01,56.94,58.15,Medium,0.9626,0.9555,0.1246,0.6115,Sales Rep,We recommend reaching out via Sales Rep (61.2% likelihood). The model selected this channel primarily due to the HCP's completed rep visits and email open rate.
HCP0416,0.0,42.07,33.65,Low,0.8706,0.7193,0.0946,0.4034,Email,"To build momentum with this lower-engagement HCP, Email is the safest bet (87.1% likelihood), which strongly aligns with their historical email volume and email open frequency."
HCP0417,23.21,62.89,54.95,Medium,0.9587,0.7684,0.2791,0.7389,Sales Rep,We recommend reaching out via Sales Rep (73.9% likelihood). The model selected this channel primarily due to the HCP's sales rep interaction recency and completed rep visit recency.
HCP0418,34.82,51.64,48.27,Low,0.8595,0.9034,0.4171,0.3115,Webinar,"To build momentum with this lower-engagement HCP, Webinar is the safest bet (41.7% likelihood), which strongly aligns with their event attendance history and event attendance rate."
HCP0419,64.39,61.21,61.85,High,0.9815,0.98,0.2328,0.6203,Website,"Since this HCP is highly engaged overall, Website is the ideal next step (98.0% likelihood), driven largely by their web content viewing frequency and event registration recency."
HCP0420,56.9,67.2,65.14,High,0.9846,0.974,0.3239,0.7041,Sales Rep,"Since this HCP is highly engaged overall, Sales Rep is the ideal next step (70.4% likelihood), driven largely by their completed rep visits and email open rate."
HCP0421,56.59,66.31,64.37,High,0.9812,0.9807,0.1308,0.8241,Sales Rep,"Since this HCP is highly engaged overall, Sales Rep is the ideal next step (82.4% likelihood), driven largely by their sales rep interaction recency and completed rep visits."
HCP0422,63.2,70.36,68.93,High,0.974,0.9821,0.4357,0.6976,Webinar,"Since this HCP is highly engaged overall, Webinar is the ideal next step (43.6% likelihood), driven largely by their event attendance history and event attendance rate."
HCP0423,35.25,43.57,41.91,Low,0.9576,0.9122,0.1455,0.2846,Email,"To build momentum with this lower-engagement HCP, Email is the safest bet (95.8% likelihood), which strongly aligns with their historical email volume and email click rate."
HCP0424,35.01,65.24,59.19,Medium,0.9807,0.8118,0.505,0.6011,Webinar,We recommend reaching out via Webinar (50.5% likelihood). The model selected this channel primarily due to the HCP's event registration recency and event attendance recency.
HCP0425,52.73,62.08,60.21,Medium,0.9546,0.9691,0.3298,0.5815,Website,We recommend reaching out via Website (96.9% likelihood). The model selected this channel primarily due to the HCP's web content viewing frequency and email open rate.
HCP0426,43.23,67.44,62.6,High,0.9854,0.8954,0.6336,0.5168,Webinar,"Since this HCP is highly engaged overall, Webinar is the ideal next step (63.4% likelihood), driven largely by their event registration recency and event attendance recency."
HCP0427,40.23,47.51,46.06,Low,0.9644,0.743,0.1054,0.4962,Email,"To build momentum with this lower-engagement HCP, Email is the safest bet (96.4% likelihood), which strongly aligns with their email open rate and historical email volume."
HCP0428,30.83,49.22,45.54,Low,0.971,0.6707,0.0944,0.5817,Email,"To build momentum with this lower-engagement HCP, Email is the safest bet (97.1% likelihood), which strongly aligns with their email open rate and historical email volume."
HCP0429,50.01,47.05,47.64,Low,0.9361,0.8882,0.3135,0.2629,Email,"To build momentum with this lower-engagement HCP, Email is the safest bet (93.6% likelihood), which strongly aligns with their email recency and email open rate."
HCP0430,44.69,57.98,55.32,Medium,0.9497,0.9684,0.4544,0.387,Webinar,We recommend reaching out via Webinar (45.4% likelihood). The model selected this channel primarily due to the HCP's event attendance history and event attendance recency.
HCP0431,47.58,66.09,62.39,High,0.8407,0.9242,0.6517,0.4913,Webinar,"Since this HCP is highly engaged overall, Webinar is the ideal next step (65.2% likelihood), driven largely by their event attendance history and event registration recency."
HCP0432,47.17,61.21,58.4,Medium,0.9201,0.9731,0.2248,0.645,Sales Rep,We recommend reaching out via Sales Rep (64.5% likelihood). The model selected this channel primarily due to the HCP's completed rep visits and average website session duration.
HCP0433,40.67,50.36,48.42,Low,0.9683,0.9343,0.0944,0.4789,Website,"To build momentum with this lower-engagement HCP, Website is the safest bet (93.4% likelihood), which strongly aligns with their web content viewing frequency and email open rate."
HCP0434,44.27,62.54,58.89,Medium,0.911,0.9076,0.3783,0.5983,Webinar,We recommend reaching out via Webinar (37.8% likelihood). The model selected this channel primarily due to the HCP's event attendance history and event registration recency.
HCP0435,40.36,72.5,66.07,High,0.8148,0.8574,0.694,0.6596,Webinar,"Since this HCP is highly engaged overall, Webinar is the ideal next step (69.4% likelihood), driven largely by their event registration recency and event attendance history."
HCP0436,50.44,55.23,54.27,Medium,0.9685,0.9075,0.1042,0.6068,Sales Rep,We recommend reaching out via Sales Rep (60.7% likelihood). The model selected this channel primarily due to the HCP's completed rep visits and days meeting with reps.
HCP0437,30.73,57.59,52.22,Medium,0.9209,0.9173,0.1567,0.6333,Sales Rep,We recommend reaching out via Sales Rep (63.3% likelihood). The model selected this channel primarily due to the HCP's completed rep visits and completed rep visits.
HCP0438,30.15,36.42,35.16,Low,0.9818,0.7188,0.0949,0.2344,Email,"To build momentum with this lower-engagement HCP, Email is the safest bet (98.2% likelihood), which strongly aligns with their historical email volume and email open rate."
HCP0439,36.31,55.17,51.4,Low,0.6911,0.9439,0.5776,0.3014,Webinar,"To build momentum with this lower-engagement HCP, Webinar is the safest bet (57.8% likelihood), which strongly aligns with their event registration recency and event attendance recency."
HCP0440,33.57,79.4,70.23,High,0.8705,0.9681,0.6727,0.7788,Webinar,"Since this HCP is highly engaged overall, Webinar is the ideal next step (67.3% likelihood), driven largely by their event attendance history and event registration recency."
HCP0441,63.43,66.7,66.05,High,0.97,0.8417,0.3129,0.7695,Sales Rep,"Since this HCP is highly engaged overall, Sales Rep is the ideal next step (77.0% likelihood), driven largely by their completed rep visits and email open rate."
HCP0442,55.62,50.33,51.39,Low,0.9728,0.9792,0.1017,0.4492,Website,"To build momentum with this lower-engagement HCP, Website is the safest bet (97.9% likelihood), which strongly aligns with their web content viewing frequency and email open rate."
HCP0443,44.52,69.19,64.25,High,0.8774,0.9526,0.319,0.7948,Sales Rep,"Since this HCP is highly engaged overall, Sales Rep is the ideal next step (79.5% likelihood), driven largely by their sales rep interaction recency and completed rep visit recency."
HCP0444,51.9,59.63,58.08,Medium,0.9838,0.8433,0.1903,0.6803,Sales Rep,We recommend reaching out via Sales Rep (68.0% likelihood). The model selected this channel primarily due to the HCP's completed rep visits and total event attendance duration.
HCP0445,44.57,62.89,59.22,Medium,0.9815,0.9364,0.4305,0.5357,Webinar,We recommend reaching out via Webinar (43.1% likelihood). The model selected this channel primarily due to the HCP's event attendance history and event attendance recency.
HCP0446,54.98,62.92,61.33,High,0.855,0.9727,0.2258,0.7034,Sales Rep,"Since this HCP is highly engaged overall, Sales Rep is the ideal next step (70.3% likelihood), driven largely by their completed rep visits and sales rep interaction recency."
HCP0447,62.76,76.96,74.12,High,0.984,0.9778,0.6225,0.7223,Webinar,"Since this HCP is highly engaged overall, Webinar is the ideal next step (62.2% likelihood), driven largely by their event registration recency and event attendance recency."
HCP0448,48.77,44.33,45.22,Low,0.9773,0.9526,0.121,0.2969,Website,"To build momentum with this lower-engagement HCP, Website is the safest bet (95.3% likelihood), which strongly aligns with their web content viewing frequency and total website duration."
HCP0449,55.66,48.71,50.1,Low,0.7504,0.8089,0.4546,0.2847,Webinar,"To build momentum with this lower-engagement HCP, Webinar is the safest bet (45.5% likelihood), which strongly aligns with their event attendance history and event registration recency."
HCP0450,43.98,53.34,51.47,Low,0.8596,0.878,0.2766,0.4721,Website,"To build momentum with this lower-engagement HCP, Website is the safest bet (87.8% likelihood), which strongly aligns with their email open rate and email click rate."
HCP0451,16.13,60.39,51.54,Low,0.7819,0.7163,0.6052,0.5022,Webinar,"To build momentum with this lower-engagement HCP, Webinar is the safest bet (60.5% likelihood), which strongly aligns with their event registration recency and event attendance recency."
HCP0452,27.69,60.0,53.54,Medium,0.8357,0.949,0.3174,0.5786,Website,We recommend reaching out via Website (94.9% likelihood). The model selected this channel primarily due to the HCP's web content viewing frequency and website recency.
HCP0453,42.13,56.93,53.97,Medium,0.9651,0.9256,0.5497,0.307,Webinar,We recommend reaching out via Webinar (55.0% likelihood). The model selected this channel primarily due to the HCP's event registration recency and event attendance history.
HCP0454,50.27,65.97,62.83,High,0.9143,0.9731,0.2735,0.729,Sales Rep,"Since this HCP is highly engaged overall, Sales Rep is the ideal next step (72.9% likelihood), driven largely by their completed rep visits and preference for events."
HCP0455,16.51,32.66,29.43,Low,0.8706,0.5388,0.0944,0.2588,Email,"To build momentum with this lower-engagement HCP, Email is the safest bet (87.1% likelihood), which strongly aligns with their historical email volume and email open frequency."
HCP0456,62.36,61.05,61.31,High,0.9668,0.9808,0.0949,0.7229,Sales Rep,"Since this HCP is highly engaged overall, Sales Rep is the ideal next step (72.3% likelihood), driven largely by their completed rep visits and total event attendance duration."
HCP0457,38.03,38.03,38.03,Low,0.9442,0.6027,0.1192,0.324,Email,"To build momentum with this lower-engagement HCP, Email is the safest bet (94.4% likelihood), which strongly aligns with their email open rate and email recency."
HCP0458,19.93,59.67,51.72,Low,0.7796,0.5898,0.5556,0.5852,Webinar,"To build momentum with this lower-engagement HCP, Webinar is the safest bet (55.6% likelihood), which strongly aligns with their event registration recency and event attendance recency."
HCP0459,50.73,42.19,43.9,Low,0.9671,0.9757,0.1042,0.2471,Website,"To build momentum with this lower-engagement HCP, Website is the safest bet (97.6% likelihood), which strongly aligns with their web content viewing frequency and video completion rate."
HCP0460,34.42,41.7,40.24,Low,0.8076,0.7305,0.1214,0.3843,Email,"To build momentum with this lower-engagement HCP, Email is the safest bet (80.8% likelihood), which strongly aligns with their historical email volume and email open rate."
HCP0461,30.69,52.15,47.86,Low,0.7363,0.8426,0.6137,0.238,Webinar,"To build momentum with this lower-engagement HCP, Webinar is the safest bet (61.4% likelihood), which strongly aligns with their event registration recency and event attendance recency."
HCP0462,59.92,63.17,62.52,High,0.9478,0.9791,0.1057,0.7736,Sales Rep,"Since this HCP is highly engaged overall, Sales Rep is the ideal next step (77.4% likelihood), driven largely by their completed rep visits and average website session duration."
HCP0463,36.51,56.32,52.36,Medium,0.9815,0.9708,0.2681,0.4762,Website,We recommend reaching out via Website (97.1% likelihood). The model selected this channel primarily due to the HCP's web content viewing frequency and video completion rate.
HCP0464,42.0,71.29,65.44,High,0.9751,0.8259,0.6925,0.6062,Webinar,"Since this HCP is highly engaged overall, Webinar is the ideal next step (69.3% likelihood), driven largely by their event registration recency and event attendance history."
HCP0465,36.5,51.61,48.59,Low,0.9675,0.9251,0.2498,0.3985,Website,"To build momentum with this lower-engagement HCP, Website is the safest bet (92.5% likelihood), which strongly aligns with their web content viewing frequency and video completion rate."
HCP0466,51.49,50.18,50.44,Low,0.9174,0.9554,0.3219,0.306,Website,"To build momentum with this lower-engagement HCP, Website is the safest bet (95.5% likelihood), which strongly aligns with their web content viewing frequency and event registration recency."
HCP0467,46.22,61.28,58.27,Medium,0.9831,0.9736,0.12,0.7095,Sales Rep,We recommend reaching out via Sales Rep (70.9% likelihood). The model selected this channel primarily due to the HCP's completed rep visits and total time spent with reps.
HCP0468,42.27,45.72,45.03,Low,0.968,0.8749,0.2605,0.2681,Email,"To build momentum with this lower-engagement HCP, Email is the safest bet (96.8% likelihood), which strongly aligns with their email open rate and email recency."
HCP0469,38.67,42.42,41.67,Low,0.8566,0.6246,0.2807,0.3237,Email,"To build momentum with this lower-engagement HCP, Email is the safest bet (85.7% likelihood), which strongly aligns with their email recency and email open rate."
HCP0470,14.54,71.76,60.32,Medium,0.9565,0.8262,0.6173,0.6788,Webinar,We recommend reaching out via Webinar (61.7% likelihood). The model selected this channel primarily due to the HCP's event registration recency and event attendance recency.
HCP0471,26.43,44.93,41.23,Low,0.9154,0.6029,0.2604,0.3977,Email,"To build momentum with this lower-engagement HCP, Email is the safest bet (91.5% likelihood), which strongly aligns with their email click rate and email open frequency."
HCP0472,3.43,50.91,41.42,Low,0.9474,0.6558,0.0944,0.6372,Sales Rep,"To build momentum with this lower-engagement HCP, Sales Rep is the safest bet (63.7% likelihood), which strongly aligns with their website recency and completed rep visits."
HCP0473,33.01,65.96,59.37,Medium,0.8854,0.874,0.5595,0.5711,Webinar,We recommend reaching out via Webinar (55.9% likelihood). The model selected this channel primarily due to the HCP's event registration recency and event attendance recency.
HCP0474,62.87,49.96,52.54,Medium,0.9814,0.9726,0.0958,0.4455,Website,We recommend reaching out via Website (97.3% likelihood). The model selected this channel primarily due to the HCP's web content viewing frequency and email open rate.
HCP0475,33.61,39.86,38.61,Low,0.7473,0.881,0.1276,0.2735,Website,"To build momentum with this lower-engagement HCP, Website is the safest bet (88.1% likelihood), which strongly aligns with their total website duration and longest website session."
HCP0476,42.85,56.01,53.37,Medium,0.9155,0.73,0.0962,0.7342,Sales Rep,We recommend reaching out via Sales Rep (73.4% likelihood). The model selected this channel primarily due to the HCP's completed rep visits and completed rep visits.
HCP0477,29.18,55.13,49.94,Low,0.9654,0.8946,0.094,0.619,Sales Rep,"To build momentum with this lower-engagement HCP, Sales Rep is the safest bet (61.9% likelihood), which strongly aligns with their completed rep visits and days meeting with reps."
HCP0478,23.16,59.31,52.08,Medium,0.9622,0.5796,0.4156,0.6408,Webinar,We recommend reaching out via Webinar (41.6% likelihood). The model selected this channel primarily due to the HCP's event registration recency and event attendance history.
HCP0479,56.46,54.87,55.19,Medium,0.9529,0.93,0.2958,0.4468,Website,We recommend reaching out via Website (93.0% likelihood). The model selected this channel primarily due to the HCP's web content viewing frequency and event registration recency.
HCP0480,25.2,60.98,53.82,Medium,0.863,0.8767,0.0939,0.7999,Sales Rep,We recommend reaching out via Sales Rep (80.0% likelihood). The model selected this channel primarily due to the HCP's sales rep interaction recency and rep visit completion rate.
HCP0481,45.13,60.51,57.43,Medium,0.9819,0.7237,0.6358,0.4285,Webinar,We recommend reaching out via Webinar (63.6% likelihood). The model selected this channel primarily due to the HCP's event registration recency and event attendance recency.
HCP0482,21.89,73.99,63.57,High,0.888,0.9082,0.5652,0.7497,Webinar,"Since this HCP is highly engaged overall, Webinar is the ideal next step (56.5% likelihood), driven largely by their event registration recency and event attendance history."
HCP0483,77.75,69.98,71.53,High,0.9851,0.9821,0.2938,0.7917,Sales Rep,"Since this HCP is highly engaged overall, Sales Rep is the ideal next step (79.2% likelihood), driven largely by their sales rep interaction recency and completed rep visit recency."
HCP0484,36.46,50.28,47.52,Low,0.9138,0.8959,0.0949,0.5094,Website,"To build momentum with this lower-engagement HCP, Website is the safest bet (89.6% likelihood), which strongly aligns with their web content viewing frequency and preference for email."
HCP0485,44.17,53.11,51.32,Low,0.9614,0.8798,0.1065,0.5675,Email,"To build momentum with this lower-engagement HCP, Email is the safest bet (96.1% likelihood), which strongly aligns with their email open rate and total time spent with reps."
HCP0486,57.77,70.97,68.33,High,0.983,0.8928,0.571,0.6538,Webinar,"Since this HCP is highly engaged overall, Webinar is the ideal next step (57.1% likelihood), driven largely by their event attendance history and event registration recency."
HCP0487,28.4,54.3,49.12,Low,0.9584,0.7331,0.3016,0.5252,Email,"To build momentum with this lower-engagement HCP, Email is the safest bet (95.8% likelihood), which strongly aligns with their email open rate and email open rate."
HCP0488,59.96,50.09,52.07,Low,0.9827,0.9747,0.3362,0.2672,Website,"To build momentum with this lower-engagement HCP, Website is the safest bet (97.5% likelihood), which strongly aligns with their web content viewing frequency and event registration recency."
HCP0489,37.04,41.8,40.85,Low,0.8209,0.9351,0.0937,0.302,Website,"To build momentum with this lower-engagement HCP, Website is the safest bet (93.5% likelihood), which strongly aligns with their web content viewing frequency and event registration recency."
HCP0490,45.72,66.38,62.25,High,0.983,0.9635,0.2769,0.7244,Sales Rep,"Since this HCP is highly engaged overall, Sales Rep is the ideal next step (72.4% likelihood), driven largely by their sales rep interaction recency and completed rep visit recency."
HCP0491,56.57,54.97,55.29,Medium,0.972,0.9739,0.0947,0.5733,Website,We recommend reaching out via Website (97.4% likelihood). The model selected this channel primarily due to the HCP's web content viewing frequency and video completion rate.
HCP0492,29.83,63.85,57.04,Medium,0.9379,0.9805,0.0951,0.8,Sales Rep,We recommend reaching out via Sales Rep (80.0% likelihood). The model selected this channel primarily due to the HCP's sales rep interaction recency and completed rep visit recency.
HCP0493,23.34,49.77,44.48,Low,0.9781,0.6903,0.458,0.3111,Webinar,"To build momentum with this lower-engagement HCP, Webinar is the safest bet (45.8% likelihood), which strongly aligns with their event attendance history and event registration recency."
HCP0494,37.86,75.87,68.27,High,0.9718,0.9542,0.723,0.6345,Webinar,"Since this HCP is highly engaged overall, Webinar is the ideal next step (72.3% likelihood), driven largely by their event registration recency and event attendance history."
HCP0495,35.11,57.33,52.89,Medium,0.9196,0.5774,0.2912,0.6963,Sales Rep,We recommend reaching out via Sales Rep (69.6% likelihood). The model selected this channel primarily due to the HCP's completed rep visits and total time spent with reps.
HCP0496,40.38,64.66,59.8,Medium,0.9779,0.9764,0.2807,0.6732,Sales Rep,We recommend reaching out via Sales Rep (67.3% likelihood). The model selected this channel primarily due to the HCP's completed rep visits and total time spent with reps.
HCP0497,34.06,61.74,56.21,Medium,0.9558,0.9289,0.0946,0.7692,Sales Rep,We recommend reaching out via Sales Rep (76.9% likelihood). The model selected this channel primarily due to the HCP's sales rep interaction recency and completed rep visits.
HCP0498,45.43,63.48,59.87,Medium,0.9153,0.9669,0.4129,0.5649,Webinar,We recommend reaching out via Webinar (41.3% likelihood). The model selected this channel primarily due to the HCP's event attendance history and event attendance rate.
HCP0499,48.07,61.32,58.67,Medium,0.933,0.9419,0.1289,0.732,Sales Rep,We recommend reaching out via Sales Rep (73.2% likelihood). The model selected this channel primarily due to the HCP's sales rep interaction recency and completed rep visit recency.
HCP0500,57.29,59.97,59.44,Medium,0.9619,0.9625,0.1184,0.6888,Sales Rep,We recommend reaching out via Sales Rep (68.9% likelihood). The model selected this channel primarily due to the HCP's completed rep visits and average website session duration.
HCP0501,32.71,74.15,65.86,High,0.874,0.9646,0.5223,0.7613,Webinar,"Since this HCP is highly engaged overall, Webinar is the ideal next step (52.2% likelihood), driven largely by their event registration recency and event attendance history."
HCP0502,64.41,61.46,62.05,High,0.9785,0.9079,0.1333,0.738,Sales Rep,"Since this HCP is highly engaged overall, Sales Rep is the ideal next step (73.8% likelihood), driven largely by their completed rep visits and average website session duration."
HCP0503,26.87,48.24,43.97,Low,0.9612,0.6715,0.2223,0.4633,Email,"To build momentum with this lower-engagement HCP, Email is the safest bet (96.1% likelihood), which strongly aligns with their historical email volume and email recency."
HCP0504,59.94,50.98,52.77,Medium,0.9804,0.8924,0.3508,0.3201,Email,We recommend reaching out via Email (98.0% likelihood). The model selected this channel primarily due to the HCP's historical email volume and email open rate.
HCP0505,45.85,70.34,65.44,High,0.9312,0.8395,0.6251,0.637,Webinar,"Since this HCP is highly engaged overall, Webinar is the ideal next step (62.5% likelihood), driven largely by their event registration recency and event attendance recency."
HCP0506,41.06,73.42,66.95,High,0.9696,0.8156,0.6141,0.7248,Webinar,"Since this HCP is highly engaged overall, Webinar is the ideal next step (61.4% likelihood), driven largely by their event registration recency and event attendance recency."
HCP0507,32.23,41.26,39.45,Low,0.9458,0.6818,0.1289,0.3574,Email,"To build momentum with this lower-engagement HCP, Email is the safest bet (94.6% likelihood), which strongly aligns with their email open rate and historical email volume."
HCP0508,39.78,64.0,59.15,Medium,0.8918,0.9784,0.394,0.5922,Webinar,We recommend reaching out via Webinar (39.4% likelihood). The model selected this channel primarily due to the HCP's event attendance history and event attendance recency.
HCP0509,39.48,75.33,68.16,High,0.9739,0.9786,0.5653,0.7266,Webinar,"Since this HCP is highly engaged overall, Webinar is the ideal next step (56.5% likelihood), driven largely by their event registration recency and event attendance recency."
HCP0510,27.61,76.62,66.82,High,0.8432,0.9621,0.5674,0.798,Webinar,"Since this HCP is highly engaged overall, Webinar is the ideal next step (56.7% likelihood), driven largely by their event registration recency and event attendance recency."
HCP0511,26.62,55.64,49.83,Low,0.7842,0.974,0.0943,0.6372,Sales Rep,"To build momentum with this lower-engagement HCP, Sales Rep is the safest bet (63.7% likelihood), which strongly aligns with their completed rep visits and total time spent with reps."
HCP0512,35.94,48.48,45.97,Low,0.761,0.9296,0.1279,0.4609,Website,"To build momentum with this lower-engagement HCP, Website is the safest bet (93.0% likelihood), which strongly aligns with their web content viewing frequency and total website duration."
HCP0513,31.32,57.49,52.26,Medium,0.9791,0.7605,0.2402,0.6322,Sales Rep,We recommend reaching out via Sales Rep (63.2% likelihood). The model selected this channel primarily due to the HCP's completed rep visits and total time spent with reps.
HCP0514,34.08,37.44,36.77,Low,0.8139,0.6567,0.208,0.2481,Email,"To build momentum with this lower-engagement HCP, Email is the safest bet (81.4% likelihood), which strongly aligns with their historical email volume and sales rep interaction recency."
HCP0515,38.46,69.88,63.6,High,0.9412,0.9155,0.6704,0.5511,Webinar,"Since this HCP is highly engaged overall, Webinar is the ideal next step (67.0% likelihood), driven largely by their event registration recency and event attendance recency."
HCP0516,41.93,77.57,70.44,High,0.9081,0.7961,0.7075,0.7835,Webinar,"Since this HCP is highly engaged overall, Webinar is the ideal next step (70.7% likelihood), driven largely by their event registration recency and event attendance history."
HCP0517,42.15,53.89,51.54,Low,0.9724,0.9758,0.4752,0.2598,Webinar,"To build momentum with this lower-engagement HCP, Webinar is the safest bet (47.5% likelihood), which strongly aligns with their event registration recency and event attendance history."
HCP0518,40.48,48.09,46.57,Low,0.6397,0.9645,0.1229,0.4679,Website,"To build momentum with this lower-engagement HCP, Website is the safest bet (96.4% likelihood), which strongly aligns with their web content viewing frequency and event registration recency."
HCP0519,32.48,38.54,37.33,Low,0.8936,0.6968,0.0959,0.3198,Email,"To build momentum with this lower-engagement HCP, Email is the safest bet (89.4% likelihood), which strongly aligns with their historical email volume and email click rate."
HCP0520,53.24,67.63,64.76,High,0.8592,0.8741,0.5359,0.6371,Webinar,"Since this HCP is highly engaged overall, Webinar is the ideal next step (53.6% likelihood), driven largely by their event registration recency and event attendance recency."
HCP0521,62.66,68.63,67.44,High,0.902,0.9779,0.5022,0.6247,Webinar,"Since this HCP is highly engaged overall, Webinar is the ideal next step (50.2% likelihood), driven largely by their event attendance history and event attendance rate."
HCP0522,26.41,47.3,43.12,Low,0.8454,0.7601,0.1366,0.4887,Email,"To build momentum with this lower-engagement HCP, Email is the safest bet (84.5% likelihood), which strongly aligns with their email open rate and email open frequency."
HCP0523,50.16,57.38,55.94,Medium,0.9842,0.8454,0.0957,0.694,Sales Rep,We recommend reaching out via Sales Rep (69.4% likelihood). The model selected this channel primarily due to the HCP's completed rep visits and email open rate.
HCP0524,74.93,53.98,58.17,Medium,0.9792,0.9826,0.1142,0.5278,Website,We recommend reaching out via Website (98.3% likelihood). The model selected this channel primarily due to the HCP's web content viewing frequency and video completion rate.
HCP0525,57.73,52.2,53.31,Medium,0.9793,0.9819,0.1896,0.4271,Website,We recommend reaching out via Website (98.2% likelihood). The model selected this channel primarily due to the HCP's web content viewing frequency and event registration recency.
HCP0526,59.01,71.91,69.33,High,0.9799,0.9793,0.6143,0.6025,Webinar,"Since this HCP is highly engaged overall, Webinar is the ideal next step (61.4% likelihood), driven largely by their event registration recency and event attendance recency."
HCP0527,22.14,73.37,63.13,High,0.8151,0.8665,0.6926,0.6779,Webinar,"Since this HCP is highly engaged overall, Webinar is the ideal next step (69.3% likelihood), driven largely by their event attendance history and event registration recency."
HCP0528,25.27,45.68,41.6,Low,0.9081,0.6197,0.2976,0.382,Email,"To build momentum with this lower-engagement HCP, Email is the safest bet (90.8% likelihood), which strongly aligns with their email click rate and email open frequency."
HCP0529,42.73,66.0,61.35,High,0.9681,0.8993,0.183,0.8211,Sales Rep,"Since this HCP is highly engaged overall, Sales Rep is the ideal next step (82.1% likelihood), driven largely by their sales rep interaction recency and completed rep visits."
HCP0530,50.87,60.58,58.64,Medium,0.9792,0.9347,0.5204,0.412,Webinar,We recommend reaching out via Webinar (52.0% likelihood). The model selected this channel primarily due to the HCP's event attendance history and event registration recency.
HCP0531,51.01,55.6,54.68,Medium,0.8981,0.9716,0.5342,0.279,Webinar,We recommend reaching out via Webinar (53.4% likelihood). The model selected this channel primarily due to the HCP's event attendance history and event registration recency.
HCP0532,56.9,66.27,64.4,High,0.9857,0.9658,0.1864,0.7877,Sales Rep,"Since this HCP is highly engaged overall, Sales Rep is the ideal next step (78.8% likelihood), driven largely by their completed rep visits and sales rep interaction recency."
HCP0533,32.42,58.33,53.15,Medium,0.9461,0.7305,0.2403,0.6763,Sales Rep,We recommend reaching out via Sales Rep (67.6% likelihood). The model selected this channel primarily due to the HCP's sales rep interaction recency and completed rep visit recency.
HCP0534,49.81,62.65,60.08,Medium,0.9841,0.867,0.5734,0.4566,Webinar,We recommend reaching out via Webinar (57.3% likelihood). The model selected this channel primarily due to the HCP's event attendance history and event registration recency.
HCP0535,61.66,70.38,68.64,High,0.982,0.95,0.3064,0.8092,Sales Rep,"Since this HCP is highly engaged overall, Sales Rep is the ideal next step (80.9% likelihood), driven largely by their completed rep visits and email open rate."
HCP0536,57.52,71.0,68.31,High,0.9497,0.9515,0.6157,0.6001,Webinar,"Since this HCP is highly engaged overall, Webinar is the ideal next step (61.6% likelihood), driven largely by their event registration recency and event attendance recency."
HCP0537,56.26,74.86,71.14,High,0.8872,0.958,0.5481,0.7597,Webinar,"Since this HCP is highly engaged overall, Webinar is the ideal next step (54.8% likelihood), driven largely by their event attendance history and event attendance recency."
HCP0538,24.58,47.47,42.9,Low,0.7987,0.6374,0.1349,0.5673,Sales Rep,"To build momentum with this lower-engagement HCP, Sales Rep is the safest bet (56.7% likelihood), which strongly aligns with their completed rep visits and days meeting with reps."
HCP0539,47.52,48.94,48.65,Low,0.9753,0.9705,0.3288,0.2477,Website,"To build momentum with this lower-engagement HCP, Website is the safest bet (97.1% likelihood), which strongly aligns with their web content viewing frequency and video completion rate."
HCP0540,55.21,52.23,52.83,Medium,0.975,0.9745,0.4166,0.2624,Webinar,We recommend reaching out via Webinar (41.7% likelihood). The model selected this channel primarily due to the HCP's event attendance history and event attendance rate.
HCP0541,36.65,65.7,59.89,Medium,0.906,0.973,0.3135,0.6945,Sales Rep,We recommend reaching out via Sales Rep (69.4% likelihood). The model selected this channel primarily due to the HCP's completed rep visits and total time spent with reps.
HCP0542,40.14,62.89,58.34,Medium,0.8815,0.9694,0.0942,0.7967,Sales Rep,We recommend reaching out via Sales Rep (79.7% likelihood). The model selected this channel primarily due to the HCP's sales rep interaction recency and completed rep visit recency.
HCP0543,74.87,57.37,60.87,High,0.8808,0.9828,0.4639,0.3746,Webinar,"Since this HCP is highly engaged overall, Webinar is the ideal next step (46.4% likelihood), driven largely by their event attendance history and event attendance rate."
HCP0544,83.09,71.38,73.72,High,0.9798,0.9511,0.3948,0.768,Sales Rep,"Since this HCP is highly engaged overall, Sales Rep is the ideal next step (76.8% likelihood), driven largely by their completed rep visits and average website session duration."
HCP0545,47.47,61.84,58.97,Medium,0.9548,0.9644,0.6669,0.3249,Webinar,We recommend reaching out via Webinar (66.7% likelihood). The model selected this channel primarily due to the HCP's event registration recency and event attendance recency.
HCP0546,62.19,64.5,64.04,High,0.9491,0.9769,0.4071,0.5815,Webinar,"Since this HCP is highly engaged overall, Webinar is the ideal next step (40.7% likelihood), driven largely by their event attendance history and event registration recency."
HCP0547,37.66,42.24,41.32,Low,0.9593,0.8599,0.1639,0.2632,Email,"To build momentum with this lower-engagement HCP, Email is the safest bet (95.9% likelihood), which strongly aligns with their email open rate and historical email volume."
HCP0548,52.43,45.41,46.81,Low,0.9667,0.9672,0.1242,0.3168,Website,"To build momentum with this lower-engagement HCP, Website is the safest bet (96.7% likelihood), which strongly aligns with their web content viewing frequency and website activity volume."
HCP0549,67.03,56.35,58.49,Medium,0.9841,0.979,0.3855,0.384,Webinar,We recommend reaching out via Webinar (38.6% likelihood). The model selected this channel primarily due to the HCP's event attendance history and event registration recency.
HCP0550,44.15,56.75,54.23,Medium,0.9796,0.9131,0.344,0.4594,Email,We recommend reaching out via Email (98.0% likelihood). The model selected this channel primarily due to the HCP's email open rate and email recency.
HCP0551,60.44,46.28,49.11,Low,0.8635,0.975,0.0942,0.3831,Website,"To build momentum with this lower-engagement HCP, Website is the safest bet (97.5% likelihood), which strongly aligns with their web content viewing frequency and video completion rate."
HCP0552,46.15,71.79,66.66,High,0.955,0.9628,0.4493,0.7376,Webinar,"Since this HCP is highly engaged overall, Webinar is the ideal next step (44.9% likelihood), driven largely by their event registration recency and event attendance history."
HCP0553,50.07,70.37,66.31,High,0.9839,0.9013,0.3544,0.7968,Sales Rep,"Since this HCP is highly engaged overall, Sales Rep is the ideal next step (79.7% likelihood), driven largely by their sales rep interaction recency and completed rep visits."
HCP0554,25.71,49.38,44.64,Low,0.9779,0.9025,0.094,0.4683,Email,"To build momentum with this lower-engagement HCP, Email is the safest bet (97.8% likelihood), which strongly aligns with their historical email volume and email open rate."
HCP0555,39.23,71.77,65.27,High,0.9505,0.8625,0.5142,0.7399,Webinar,"Since this HCP is highly engaged overall, Webinar is the ideal next step (51.4% likelihood), driven largely by their event attendance history and event registration recency."
HCP0556,32.68,70.98,63.32,High,0.9559,0.9118,0.4486,0.7433,Sales Rep,"Since this HCP is highly engaged overall, Sales Rep is the ideal next step (74.3% likelihood), driven largely by their completed rep visits and sales rep interaction recency."
HCP0557,35.12,64.18,58.37,Medium,0.8048,0.7426,0.5721,0.6029,Webinar,We recommend reaching out via Webinar (57.2% likelihood). The model selected this channel primarily due to the HCP's event registration recency and event attendance recency.
HCP0558,51.28,47.34,48.13,Low,0.8155,0.8828,0.1033,0.4608,Website,"To build momentum with this lower-engagement HCP, Website is the safest bet (88.3% likelihood), which strongly aligns with their video completion rate and longest website session."
HCP0559,69.34,50.95,54.62,Medium,0.9719,0.9819,0.168,0.4137,Website,We recommend reaching out via Website (98.2% likelihood). The model selected this channel primarily due to the HCP's web content viewing frequency and video completion rate.
HCP0560,50.51,52.61,52.19,Medium,0.8084,0.9666,0.2197,0.465,Website,We recommend reaching out via Website (96.7% likelihood). The model selected this channel primarily due to the HCP's web content viewing frequency and email open rate.
HCP0561,26.59,48.66,44.25,Low,0.9621,0.9151,0.0954,0.447,Email,"To build momentum with this lower-engagement HCP, Email is the safest bet (96.2% likelihood), which strongly aligns with their email recency and email open rate."
HCP0562,73.87,53.09,57.25,Medium,0.9198,0.9787,0.4085,0.3016,Webinar,We recommend reaching out via Webinar (40.8% likelihood). The model selected this channel primarily due to the HCP's event attendance history and event attendance rate.
HCP0563,46.95,38.06,39.84,Low,0.7429,0.7153,0.1471,0.2978,Website,"To build momentum with this lower-engagement HCP, Website is the safest bet (71.5% likelihood), which strongly aligns with their website activity volume and web download rate."
HCP0564,34.22,59.84,54.72,Medium,0.9183,0.8261,0.0951,0.7821,Sales Rep,We recommend reaching out via Sales Rep (78.2% likelihood). The model selected this channel primarily due to the HCP's sales rep interaction recency and completed rep visit recency.
HCP0565,29.53,73.51,64.71,High,0.8892,0.8437,0.588,0.7525,Webinar,"Since this HCP is highly engaged overall, Webinar is the ideal next step (58.8% likelihood), driven largely by their event registration recency and event attendance recency."
HCP0566,41.32,51.8,49.71,Low,0.9201,0.9731,0.2574,0.3855,Website,"To build momentum with this lower-engagement HCP, Website is the safest bet (97.3% likelihood), which strongly aligns with their web content viewing frequency and video completion rate."
HCP0567,21.52,50.39,44.61,Low,0.9795,0.9178,0.0943,0.4852,Email,"To build momentum with this lower-engagement HCP, Email is the safest bet (97.9% likelihood), which strongly aligns with their historical email volume and email open rate."
HCP0568,65.59,60.21,61.29,High,0.9559,0.983,0.327,0.5296,Website,"Since this HCP is highly engaged overall, Website is the ideal next step (98.3% likelihood), driven largely by their web content viewing frequency and video completion rate."
HCP0569,73.78,66.87,68.25,High,0.9695,0.9796,0.2776,0.7313,Sales Rep,"Since this HCP is highly engaged overall, Sales Rep is the ideal next step (73.1% likelihood), driven largely by their completed rep visits and average website session duration."
HCP0570,68.19,75.99,74.43,High,0.9592,0.9828,0.5607,0.7481,Webinar,"Since this HCP is highly engaged overall, Webinar is the ideal next step (56.1% likelihood), driven largely by their event attendance history and event registration recency."
HCP0571,35.52,67.95,61.46,High,0.9829,0.9336,0.2912,0.7677,Sales Rep,"Since this HCP is highly engaged overall, Sales Rep is the ideal next step (76.8% likelihood), driven largely by their completed rep visits and rep visit completion rate."
HCP0572,53.6,56.96,56.29,Medium,0.9527,0.969,0.3178,0.463,Website,We recommend reaching out via Website (96.9% likelihood). The model selected this channel primarily due to the HCP's web content viewing frequency and email open rate.
HCP0573,25.36,68.05,59.51,Medium,0.9804,0.8346,0.6471,0.5534,Webinar,We recommend reaching out via Webinar (64.7% likelihood). The model selected this channel primarily due to the HCP's event registration recency and event attendance recency.
HCP0574,91.13,70.39,74.54,High,0.8948,0.9829,0.4583,0.7008,Webinar,"Since this HCP is highly engaged overall, Webinar is the ideal next step (45.8% likelihood), driven largely by their event attendance history and event poll participation."
HCP0575,29.51,64.62,57.6,Medium,0.9732,0.7446,0.5518,0.586,Webinar,We recommend reaching out via Webinar (55.2% likelihood). The model selected this channel primarily due to the HCP's event registration recency and event attendance history.
HCP0576,40.82,57.15,53.88,Medium,0.9421,0.8795,0.0955,0.6818,Sales Rep,We recommend reaching out via Sales Rep (68.2% likelihood). The model selected this channel primarily due to the HCP's completed rep visits and total time spent with reps.
HCP0577,39.23,59.38,55.35,Medium,0.9078,0.8092,0.0939,0.7826,Sales Rep,We recommend reaching out via Sales Rep (78.3% likelihood). The model selected this channel primarily due to the HCP's completed rep visits and total event attendance duration.
HCP0578,76.48,73.16,73.83,High,0.9276,0.9796,0.536,0.7054,Webinar,"Since this HCP is highly engaged overall, Webinar is the ideal next step (53.6% likelihood), driven largely by their event attendance history and event attendance recency."
HCP0579,42.32,48.72,47.44,Low,0.9621,0.7282,0.118,0.525,Email,"To build momentum with this lower-engagement HCP, Email is the safest bet (96.2% likelihood), which strongly aligns with their historical email volume and completed rep visits."
HCP0580,50.42,51.7,51.45,Low,0.9748,0.8564,0.4181,0.3071,Webinar,"To build momentum with this lower-engagement HCP, Webinar is the safest bet (41.8% likelihood), which strongly aligns with their event registration recency and event attendance history."
HCP0581,35.74,45.23,43.33,Low,0.9821,0.8763,0.123,0.3549,Email,"To build momentum with this lower-engagement HCP, Email is the safest bet (98.2% likelihood), which strongly aligns with their historical email volume and email open rate."
HCP0582,23.78,60.38,53.06,Medium,0.9406,0.9207,0.0945,0.7433,Sales Rep,We recommend reaching out via Sales Rep (74.3% likelihood). The model selected this channel primarily due to the HCP's sales rep interaction recency and completed rep visit recency.
HCP0583,53.1,60.4,58.94,Medium,0.9275,0.931,0.1763,0.6803,Sales Rep,We recommend reaching out via Sales Rep (68.0% likelihood). The model selected this channel primarily due to the HCP's completed rep visits and total time spent with reps.
HCP0584,27.42,56.39,50.59,Low,0.9357,0.92,0.2485,0.5294,Website,"To build momentum with this lower-engagement HCP, Website is the safest bet (92.0% likelihood), which strongly aligns with their web content viewing frequency and preference for email."
HCP0585,35.34,51.65,48.39,Low,0.9802,0.7421,0.1114,0.5916,Email,"To build momentum with this lower-engagement HCP, Email is the safest bet (98.0% likelihood), which strongly aligns with their historical email volume and email open rate."
HCP0586,60.46,65.24,64.28,High,0.8886,0.7846,0.5151,0.6301,Webinar,"Since this HCP is highly engaged overall, Webinar is the ideal next step (51.5% likelihood), driven largely by their event attendance history and event registration recency."
HCP0587,39.57,63.72,58.89,Medium,0.982,0.9514,0.2908,0.6538,Sales Rep,We recommend reaching out via Sales Rep (65.4% likelihood). The model selected this channel primarily due to the HCP's completed rep visits and average website session duration.
HCP0588,74.36,69.1,70.15,High,0.9825,0.982,0.2559,0.799,Sales Rep,"Since this HCP is highly engaged overall, Sales Rep is the ideal next step (79.9% likelihood), driven largely by their sales rep interaction recency and completed rep visit recency."
HCP0589,58.08,52.75,53.81,Medium,0.967,0.9708,0.3965,0.2941,Webinar,We recommend reaching out via Webinar (39.7% likelihood). The model selected this channel primarily due to the HCP's event attendance history and event registration recency.
HCP0590,43.14,63.5,59.43,Medium,0.8813,0.9223,0.2718,0.7022,Sales Rep,We recommend reaching out via Sales Rep (70.2% likelihood). The model selected this channel primarily due to the HCP's completed rep visits and total time spent with reps.
HCP0591,75.14,50.63,55.54,Medium,0.985,0.9819,0.1342,0.428,Website,We recommend reaching out via Website (98.2% likelihood). The model selected this channel primarily due to the HCP's web content viewing frequency and video completion rate.
HCP0592,30.78,54.24,49.55,Low,0.804,0.7871,0.1394,0.657,Sales Rep,"To build momentum with this lower-engagement HCP, Sales Rep is the safest bet (65.7% likelihood), which strongly aligns with their sales rep interaction recency and completed rep visit recency."
HCP0593,30.27,54.45,49.61,Low,0.8109,0.8445,0.2409,0.5555,Sales Rep,"To build momentum with this lower-engagement HCP, Sales Rep is the safest bet (55.5% likelihood), which strongly aligns with their completed rep visits and completed rep visits."
HCP0594,40.03,53.97,51.18,Low,0.9766,0.8867,0.5533,0.2467,Webinar,"To build momentum with this lower-engagement HCP, Webinar is the safest bet (55.3% likelihood), which strongly aligns with their event attendance history and event attendance recency."
HCP0595,30.21,60.06,54.09,Medium,0.9783,0.9295,0.0945,0.7213,Sales Rep,We recommend reaching out via Sales Rep (72.1% likelihood). The model selected this channel primarily due to the HCP's sales rep interaction recency and completed rep visit recency.
HCP0596,21.2,62.09,53.91,Medium,0.9509,0.7523,0.5228,0.5462,Webinar,We recommend reaching out via Webinar (52.3% likelihood). The model selected this channel primarily due to the HCP's event registration recency and event attendance history.
HCP0597,27.96,70.92,62.33,High,0.9508,0.7282,0.7086,0.6396,Webinar,"Since this HCP is highly engaged overall, Webinar is the ideal next step (70.9% likelihood), driven largely by their event registration recency and event registration recency."
HCP0598,55.46,57.08,56.75,Medium,0.9645,0.91,0.133,0.6311,Sales Rep,We recommend reaching out via Sales Rep (63.1% likelihood). The model selected this channel primarily due to the HCP's completed rep visits and average website session duration.
HCP0599,51.38,56.4,55.4,Medium,0.9315,0.9812,0.1946,0.5406,Website,We recommend reaching out via Website (98.1% likelihood). The model selected this channel primarily due to the HCP's web content viewing frequency and video completion rate.
HCP0600,52.98,71.8,68.03,High,0.9164,0.9574,0.4988,0.713,Webinar,"Since this HCP is highly engaged overall, Webinar is the ideal next step (49.9% likelihood), driven largely by their event attendance history and event registration recency."
HCP0601,57.68,66.57,64.79,High,0.9429,0.8437,0.3383,0.753,Sales Rep,"Since this HCP is highly engaged overall, Sales Rep is the ideal next step (75.3% likelihood), driven largely by their completed rep visits and rep visit completion rate."
HCP0602,38.35,67.31,61.52,High,0.9499,0.9519,0.2287,0.7978,Sales Rep,"Since this HCP is highly engaged overall, Sales Rep is the ideal next step (79.8% likelihood), driven largely by their completed rep visits and sales rep interaction recency."
HCP0603,76.6,62.9,65.64,High,0.9666,0.983,0.4905,0.4716,Webinar,"Since this HCP is highly engaged overall, Webinar is the ideal next step (49.0% likelihood), driven largely by their event attendance history and event attendance rate."
HCP0604,46.01,73.51,68.01,High,0.9836,0.9666,0.5014,0.7324,Webinar,"Since this HCP is highly engaged overall, Webinar is the ideal next step (50.1% likelihood), driven largely by their event registration recency and event attendance rate."
HCP0605,37.9,52.18,49.32,Low,0.8985,0.7582,0.1528,0.5862,Sales Rep,"To build momentum with this lower-engagement HCP, Sales Rep is the safest bet (58.6% likelihood), which strongly aligns with their sales rep interaction recency and completed rep visit recency."
HCP0606,37.88,57.36,53.46,Medium,0.9802,0.9746,0.2418,0.5202,Website,We recommend reaching out via Website (97.5% likelihood). The model selected this channel primarily due to the HCP's web content viewing frequency and web content viewing frequency.
HCP0607,51.21,73.76,69.25,High,0.9333,0.9525,0.6762,0.6273,Webinar,"Since this HCP is highly engaged overall, Webinar is the ideal next step (67.6% likelihood), driven largely by their event registration recency and event attendance recency."
HCP0608,34.46,44.19,42.24,Low,0.946,0.8417,0.2612,0.2515,Email,"To build momentum with this lower-engagement HCP, Email is the safest bet (94.6% likelihood), which strongly aligns with their email recency and historical email volume."
HCP0609,62.51,67.29,66.33,High,0.9855,0.9813,0.4439,0.6123,Webinar,"Since this HCP is highly engaged overall, Webinar is the ideal next step (44.4% likelihood), driven largely by their event attendance history and event attendance rate."
HCP0610,56.17,73.51,70.04,High,0.9726,0.9762,0.4025,0.8046,Sales Rep,"Since this HCP is highly engaged overall, Sales Rep is the ideal next step (80.5% likelihood), driven largely by their sales rep interaction recency and completed rep visits."
HCP0611,63.65,69.64,68.44,High,0.9639,0.983,0.2927,0.789,Sales Rep,"Since this HCP is highly engaged overall, Sales Rep is the ideal next step (78.9% likelihood), driven largely by their completed rep visits and sales rep interaction recency."
HCP0612,39.7,76.74,69.33,High,0.9027,0.9679,0.6368,0.7312,Webinar,"Since this HCP is highly engaged overall, Webinar is the ideal next step (63.7% likelihood), driven largely by their event registration recency and event attendance recency."
HCP0613,50.6,60.47,58.49,Medium,0.9429,0.9083,0.11,0.7393,Sales Rep,We recommend reaching out via Sales Rep (73.9% likelihood). The model selected this channel primarily due to the HCP's completed rep visits and total time spent with reps.
HCP0614,42.61,58.33,55.18,Medium,0.9826,0.804,0.1205,0.7202,Sales Rep,We recommend reaching out via Sales Rep (72.0% likelihood). The model selected this channel primarily due to the HCP's completed rep visits and average website session duration.
HCP0615,37.83,65.61,60.05,Medium,0.9799,0.9548,0.431,0.5946,Webinar,We recommend reaching out via Webinar (43.1% likelihood). The model selected this channel primarily due to the HCP's event attendance history and event registration recency.
HCP0616,33.14,44.19,41.98,Low,0.9543,0.8251,0.0944,0.3829,Email,"To build momentum with this lower-engagement HCP, Email is the safest bet (95.4% likelihood), which strongly aligns with their email recency and email open rate."
HCP0617,32.73,72.74,64.74,High,0.8784,0.9761,0.5648,0.6873,Webinar,"Since this HCP is highly engaged overall, Webinar is the ideal next step (56.5% likelihood), driven largely by their event registration recency and event attendance recency."
HCP0618,20.57,62.9,54.43,Medium,0.7951,0.6625,0.5117,0.6586,Webinar,We recommend reaching out via Webinar (51.2% likelihood). The model selected this channel primarily due to the HCP's event attendance history and event attendance recency.
HCP0619,46.55,75.77,69.93,High,0.8864,0.9686,0.632,0.7144,Webinar,"Since this HCP is highly engaged overall, Webinar is the ideal next step (63.2% likelihood), driven largely by their event registration recency and event attendance recency."
HCP0620,57.29,71.16,68.39,High,0.968,0.8755,0.634,0.6239,Webinar,"Since this HCP is highly engaged overall, Webinar is the ideal next step (63.4% likelihood), driven largely by their event registration recency and event attendance recency."
HCP0621,26.11,46.16,42.15,Low,0.6717,0.9103,0.0939,0.4606,Website,"To build momentum with this lower-engagement HCP, Website is the safest bet (91.0% likelihood), which strongly aligns with their web content viewing frequency and website activity volume."
HCP0622,22.3,52.64,46.58,Low,0.7855,0.6842,0.0947,0.7066,Sales Rep,"To build momentum with this lower-engagement HCP, Sales Rep is the safest bet (70.7% likelihood), which strongly aligns with their completed rep visits and sales rep interaction recency."
HCP0623,56.58,62.03,60.94,High,0.9761,0.9803,0.2428,0.6346,Sales Rep,"Since this HCP is highly engaged overall, Sales Rep is the ideal next step (63.5% likelihood), driven largely by their completed rep visits and completed rep visits."
HCP0624,8.53,58.88,48.81,Low,0.8186,0.6148,0.3757,0.6782,Sales Rep,"To build momentum with this lower-engagement HCP, Sales Rep is the safest bet (67.8% likelihood), which strongly aligns with their sales rep interaction recency and completed rep visit recency."
HCP0625,20.04,54.91,47.94,Low,0.9726,0.8628,0.1012,0.6223,Sales Rep,"To build momentum with this lower-engagement HCP, Sales Rep is the safest bet (62.2% likelihood), which strongly aligns with their completed rep visits and total event attendance duration."
HCP0626,49.94,66.05,62.83,High,0.9429,0.9676,0.2786,0.7227,Sales Rep,"Since this HCP is highly engaged overall, Sales Rep is the ideal next step (72.3% likelihood), driven largely by their completed rep visits and total time spent with reps."
HCP0627,36.98,60.57,55.85,Medium,0.9822,0.7089,0.2666,0.7144,Sales Rep,We recommend reaching out via Sales Rep (71.4% likelihood). The model selected this channel primarily due to the HCP's completed rep visits and sales rep interaction recency.
HCP0628,49.48,58.81,56.94,Medium,0.9844,0.8818,0.0944,0.7124,Sales Rep,We recommend reaching out via Sales Rep (71.2% likelihood). The model selected this channel primarily due to the HCP's sales rep interaction recency and completed rep visit recency.
HCP0629,30.38,54.41,49.61,Low,0.9742,0.9729,0.4354,0.3037,Webinar,"To build momentum with this lower-engagement HCP, Webinar is the safest bet (43.5% likelihood), which strongly aligns with their event attendance history and event attendance recency."
HCP0630,32.41,58.73,53.46,Medium,0.9545,0.9389,0.5694,0.333,Webinar,We recommend reaching out via Webinar (56.9% likelihood). The model selected this channel primarily due to the HCP's event registration recency and event attendance history.
HCP0631,47.31,56.83,54.93,Medium,0.9747,0.9613,0.3052,0.4676,Website,We recommend reaching out via Website (96.1% likelihood). The model selected this channel primarily due to the HCP's web content viewing frequency and web content viewing frequency.
HCP0632,37.47,59.12,54.79,Medium,0.9653,0.7341,0.346,0.6102,Sales Rep,We recommend reaching out via Sales Rep (61.0% likelihood). The model selected this channel primarily due to the HCP's completed rep visits and average website session duration.
HCP0633,74.58,64.67,66.65,High,0.9813,0.9764,0.2005,0.7328,Sales Rep,"Since this HCP is highly engaged overall, Sales Rep is the ideal next step (73.3% likelihood), driven largely by their completed rep visits and email open rate."
HCP0634,37.27,57.99,53.84,Medium,0.9425,0.9684,0.0949,0.6587,Sales Rep,We recommend reaching out via Sales Rep (65.9% likelihood). The model selected this channel primarily due to the HCP's sales rep interaction recency and completed rep visit recency.
HCP0635,64.02,61.32,61.86,High,0.9528,0.9753,0.2561,0.6151,Website,"Since this HCP is highly engaged overall, Website is the ideal next step (97.5% likelihood), driven largely by their web content viewing frequency and video completion rate."
HCP0636,40.13,74.33,67.49,High,0.9856,0.8035,0.6676,0.7095,Webinar,"Since this HCP is highly engaged overall, Webinar is the ideal next step (66.8% likelihood), driven largely by their event attendance history and event registration recency."
HCP0637,49.07,54.2,53.18,Medium,0.8671,0.9604,0.0945,0.5873,Website,We recommend reaching out via Website (96.0% likelihood). The model selected this channel primarily due to the HCP's web content viewing frequency and website activity volume.
HCP0638,47.86,47.99,47.96,Low,0.9765,0.9124,0.22,0.3343,Email,"To build momentum with this lower-engagement HCP, Email is the safest bet (97.6% likelihood), which strongly aligns with their historical email volume and email open rate."
HCP0639,33.9,59.64,54.49,Medium,0.9749,0.8026,0.2842,0.6328,Sales Rep,We recommend reaching out via Sales Rep (63.3% likelihood). The model selected this channel primarily due to the HCP's completed rep visits and email open rate.
HCP0640,61.7,56.72,57.71,Medium,0.9817,0.9712,0.094,0.6164,Sales Rep,We recommend reaching out via Sales Rep (61.6% likelihood). The model selected this channel primarily due to the HCP's completed rep visits and total event attendance duration.
HCP0641,52.13,58.47,57.2,Medium,0.9684,0.9227,0.101,0.6826,Sales Rep,We recommend reaching out via Sales Rep (68.3% likelihood). The model selected this channel primarily due to the HCP's sales rep interaction recency and completed rep visit recency.
HCP0642,37.23,62.73,57.63,Medium,0.96,0.9299,0.5966,0.4158,Webinar,We recommend reaching out via Webinar (59.7% likelihood). The model selected this channel primarily due to the HCP's event registration recency and event attendance history.
HCP0643,30.11,59.18,53.37,Medium,0.7299,0.9571,0.5675,0.3929,Webinar,We recommend reaching out via Webinar (56.7% likelihood). The model selected this channel primarily due to the HCP's event registration recency and event attendance history.
HCP0644,52.51,65.81,63.15,High,0.9841,0.9069,0.4612,0.6,Webinar,"Since this HCP is highly engaged overall, Webinar is the ideal next step (46.1% likelihood), driven largely by their event attendance history and event poll participation."
HCP0645,22.92,60.73,53.17,Medium,0.9643,0.9717,0.0949,0.7202,Sales Rep,We recommend reaching out via Sales Rep (72.0% likelihood). The model selected this channel primarily due to the HCP's sales rep interaction recency and completed rep visit recency.
HCP0646,21.22,61.32,53.3,Medium,0.9746,0.6483,0.5698,0.5377,Webinar,We recommend reaching out via Webinar (57.0% likelihood). The model selected this channel primarily due to the HCP's event registration recency and event attendance history.
HCP0647,39.67,55.71,52.5,Medium,0.9046,0.9629,0.0956,0.6135,Sales Rep,We recommend reaching out via Sales Rep (61.4% likelihood). The model selected this channel primarily due to the HCP's completed rep visits and rep visit completion rate.
HCP0648,33.23,57.12,52.34,Medium,0.8835,0.7526,0.3116,0.5971,Sales Rep,We recommend reaching out via Sales Rep (59.7% likelihood). The model selected this channel primarily due to the HCP's completed rep visits and completed rep visits.
HCP0649,15.8,35.71,31.73,Low,0.7145,0.7593,0.0943,0.2637,Website,"To build momentum with this lower-engagement HCP, Website is the safest bet (75.9% likelihood), which strongly aligns with their web content viewing frequency and video completion rate."
HCP0650,67.81,60.95,62.32,High,0.9845,0.9814,0.1029,0.7098,Sales Rep,"Since this HCP is highly engaged overall, Sales Rep is the ideal next step (71.0% likelihood), driven largely by their completed rep visits and total time spent with reps."
HCP0651,62.24,55.87,57.14,Medium,0.9827,0.9809,0.1372,0.5577,Website,We recommend reaching out via Website (98.1% likelihood). The model selected this channel primarily due to the HCP's web content viewing frequency and video completion rate.
HCP0652,29.4,53.56,48.73,Low,0.9133,0.7779,0.0958,0.65,Sales Rep,"To build momentum with this lower-engagement HCP, Sales Rep is the safest bet (65.0% likelihood), which strongly aligns with their completed rep visits and rep visit completion rate."
HCP0653,79.18,47.99,54.23,Medium,0.9612,0.9783,0.1397,0.3655,Website,We recommend reaching out via Website (97.8% likelihood). The model selected this channel primarily due to the HCP's web content viewing frequency and video completion rate.
HCP0654,66.2,48.87,52.33,Medium,0.9852,0.9547,0.2268,0.3279,Website,We recommend reaching out via Website (95.5% likelihood). The model selected this channel primarily due to the HCP's web content viewing frequency and event attendance recency.
HCP0655,47.85,56.55,54.81,Medium,0.9785,0.9788,0.563,0.2574,Webinar,We recommend reaching out via Webinar (56.3% likelihood). The model selected this channel primarily due to the HCP's event registration recency and event attendance recency.
HCP0656,17.6,37.9,33.84,Low,0.7812,0.7425,0.1403,0.2757,Email,"To build momentum with this lower-engagement HCP, Email is the safest bet (78.1% likelihood), which strongly aligns with their email open rate and email open frequency."
HCP0657,31.29,55.42,50.59,Low,0.9722,0.8057,0.0947,0.6685,Sales Rep,"To build momentum with this lower-engagement HCP, Sales Rep is the safest bet (66.9% likelihood), which strongly aligns with their completed rep visits and total event attendance duration."
HCP0658,33.23,49.64,46.36,Low,0.9728,0.6994,0.5292,0.2513,Webinar,"To build momentum with this lower-engagement HCP, Webinar is the safest bet (52.9% likelihood), which strongly aligns with their event registration recency and event attendance recency."
HCP0659,54.67,65.05,62.97,High,0.9574,0.9718,0.1747,0.7699,Sales Rep,"Since this HCP is highly engaged overall, Sales Rep is the ideal next step (77.0% likelihood), driven largely by their completed rep visits and total event attendance duration."
HCP0660,26.93,45.12,41.48,Low,0.9215,0.5283,0.1111,0.55,Email,"To build momentum with this lower-engagement HCP, Email is the safest bet (92.1% likelihood), which strongly aligns with their email open frequency and email click rate."
HCP0661,32.92,60.62,55.08,Medium,0.8733,0.9521,0.0939,0.7507,Sales Rep,We recommend reaching out via Sales Rep (75.1% likelihood). The model selected this channel primarily due to the HCP's completed rep visits and total event attendance duration.
HCP0662,50.6,69.5,65.72,High,0.9867,0.9428,0.3704,0.7417,Sales Rep,"Since this HCP is highly engaged overall, Sales Rep is the ideal next step (74.2% likelihood), driven largely by their completed rep visits and email open rate."
HCP0663,38.56,69.66,63.44,High,0.9154,0.9531,0.5419,0.6296,Webinar,"Since this HCP is highly engaged overall, Webinar is the ideal next step (54.2% likelihood), driven largely by their event registration recency and event attendance history."
HCP0664,31.38,68.25,60.88,High,0.9771,0.8477,0.2852,0.8242,Sales Rep,"Since this HCP is highly engaged overall, Sales Rep is the ideal next step (82.4% likelihood), driven largely by their sales rep interaction recency and completed rep visits."
HCP0665,39.14,75.34,68.1,High,0.9861,0.9585,0.5944,0.7119,Webinar,"Since this HCP is highly engaged overall, Webinar is the ideal next step (59.4% likelihood), driven largely by their event registration recency and event attendance recency."
HCP0666,36.37,62.35,57.15,Medium,0.984,0.8418,0.3095,0.6597,Sales Rep,We recommend reaching out via Sales Rep (66.0% likelihood). The model selected this channel primarily due to the HCP's completed rep visits and average website session duration.
HCP0667,29.67,56.87,51.43,Low,0.9677,0.9692,0.5405,0.2899,Webinar,"To build momentum with this lower-engagement HCP, Webinar is the safest bet (54.0% likelihood), which strongly aligns with their event attendance history and event attendance rate."
HCP0668,17.34,62.22,53.25,Medium,0.9532,0.9685,0.0937,0.7628,Sales Rep,We recommend reaching out via Sales Rep (76.3% likelihood). The model selected this channel primarily due to the HCP's sales rep interaction recency and completed rep visit recency.
HCP0669,35.54,51.16,48.04,Low,0.9409,0.6895,0.1453,0.5901,Sales Rep,"To build momentum with this lower-engagement HCP, Sales Rep is the safest bet (59.0% likelihood), which strongly aligns with their completed rep visits and average website session duration."
HCP0670,45.99,63.76,60.21,Medium,0.9795,0.8126,0.4274,0.6224,Webinar,We recommend reaching out via Webinar (42.7% likelihood). The model selected this channel primarily due to the HCP's event attendance history and event attendance rate.
HCP0671,51.83,56.62,55.66,Medium,0.9835,0.8507,0.0948,0.6731,Sales Rep,We recommend reaching out via Sales Rep (67.3% likelihood). The model selected this channel primarily due to the HCP's completed rep visits and average website session duration.
HCP0672,39.63,68.3,62.56,High,0.9846,0.9672,0.6582,0.4841,Webinar,"Since this HCP is highly engaged overall, Webinar is the ideal next step (65.8% likelihood), driven largely by their event registration recency and event attendance recency."
HCP0673,31.95,60.73,54.98,Medium,0.9276,0.9716,0.5368,0.398,Webinar,We recommend reaching out via Webinar (53.7% likelihood). The model selected this channel primarily due to the HCP's event registration recency and event attendance history.
HCP0674,28.84,51.4,46.89,Low,0.9762,0.7367,0.0942,0.602,Sales Rep,"To build momentum with this lower-engagement HCP, Sales Rep is the safest bet (60.2% likelihood), which strongly aligns with their sales rep interaction recency and completed rep visit recency."
HCP0675,38.92,49.3,47.22,Low,0.9811,0.8497,0.1787,0.4284,Email,"To build momentum with this lower-engagement HCP, Email is the safest bet (98.1% likelihood), which strongly aligns with their historical email volume and email open rate."
HCP0676,55.57,70.24,67.31,High,0.9834,0.98,0.5994,0.5706,Webinar,"Since this HCP is highly engaged overall, Webinar is the ideal next step (59.9% likelihood), driven largely by their event attendance history and event attendance recency."
HCP0677,30.49,40.65,38.62,Low,0.9499,0.879,0.1096,0.2572,Email,"To build momentum with this lower-engagement HCP, Email is the safest bet (95.0% likelihood), which strongly aligns with their email open rate and historical email volume."
HCP0678,81.75,50.63,56.85,Medium,0.9836,0.9763,0.3262,0.287,Website,We recommend reaching out via Website (97.6% likelihood). The model selected this channel primarily due to the HCP's web content viewing frequency and event registration recency.
HCP0679,50.95,48.75,49.19,Low,0.9135,0.9669,0.1008,0.4313,Website,"To build momentum with this lower-engagement HCP, Website is the safest bet (96.7% likelihood), which strongly aligns with their web content viewing frequency and video completion rate."
HCP0680,54.41,60.37,59.17,Medium,0.9707,0.9669,0.2056,0.6288,Sales Rep,We recommend reaching out via Sales Rep (62.9% likelihood). The model selected this channel primarily due to the HCP's completed rep visits and rep visit completion rate.
HCP0681,40.78,57.57,54.22,Medium,0.9784,0.9627,0.2731,0.5086,Website,We recommend reaching out via Website (96.3% likelihood). The model selected this channel primarily due to the HCP's web content viewing frequency and website activity volume.
HCP0682,16.75,54.76,47.15,Low,0.8755,0.8484,0.1246,0.6324,Sales Rep,"To build momentum with this lower-engagement HCP, Sales Rep is the safest bet (63.2% likelihood), which strongly aligns with their sales rep interaction recency and completed rep visit recency."
HCP0683,65.34,72.25,70.87,High,0.9686,0.9824,0.3983,0.774,Sales Rep,"Since this HCP is highly engaged overall, Sales Rep is the ideal next step (77.4% likelihood), driven largely by their completed rep visits and total event attendance duration."
HCP0684,18.04,39.85,35.49,Low,0.8996,0.6701,0.0943,0.3656,Email,"To build momentum with this lower-engagement HCP, Email is the safest bet (90.0% likelihood), which strongly aligns with their historical email volume and website recency."
HCP0685,9.42,55.52,46.3,Low,0.8475,0.6288,0.4736,0.5066,Webinar,"To build momentum with this lower-engagement HCP, Webinar is the safest bet (47.4% likelihood), which strongly aligns with their event registration recency and event attendance history."
HCP0686,15.49,73.94,62.25,High,0.9681,0.7408,0.6613,0.7401,Webinar,"Since this HCP is highly engaged overall, Webinar is the ideal next step (66.1% likelihood), driven largely by their event registration recency and event attendance history."
HCP0687,64.26,71.03,69.68,High,0.981,0.9734,0.3512,0.7804,Sales Rep,"Since this HCP is highly engaged overall, Sales Rep is the ideal next step (78.0% likelihood), driven largely by their sales rep interaction recency and completed rep visit recency."
HCP0688,36.7,59.63,55.05,Medium,0.9828,0.9768,0.6004,0.3064,Webinar,We recommend reaching out via Webinar (60.0% likelihood). The model selected this channel primarily due to the HCP's event registration recency and event attendance history.
HCP0689,52.28,62.77,60.67,Medium,0.9785,0.9732,0.0945,0.767,Sales Rep,We recommend reaching out via Sales Rep (76.7% likelihood). The model selected this channel primarily due to the HCP's completed rep visits and email open rate.
HCP0690,24.42,44.98,40.86,Low,0.7769,0.6875,0.0942,0.5158,Sales Rep,"To build momentum with this lower-engagement HCP, Sales Rep is the safest bet (51.6% likelihood), which strongly aligns with their completed rep visits and days meeting with reps."
HCP0691,40.06,63.26,58.62,Medium,0.9841,0.6764,0.391,0.704,Sales Rep,We recommend reaching out via Sales Rep (70.4% likelihood). The model selected this channel primarily due to the HCP's completed rep visits and average website session duration.
HCP0692,56.04,51.51,52.42,Medium,0.7698,0.9769,0.4232,0.2895,Webinar,We recommend reaching out via Webinar (42.3% likelihood). The model selected this channel primarily due to the HCP's event attendance history and event attendance rate.
HCP0693,46.03,54.5,52.81,Medium,0.9725,0.9244,0.5651,0.2334,Webinar,We recommend reaching out via Webinar (56.5% likelihood). The model selected this channel primarily due to the HCP's event attendance history and event registration recency.
HCP0694,37.48,58.34,54.17,Medium,0.9562,0.9747,0.0943,0.6614,Sales Rep,We recommend reaching out via Sales Rep (66.1% likelihood). The model selected this channel primarily due to the HCP's completed rep visits and average website session duration.
HCP0695,47.75,62.39,59.46,Medium,0.9863,0.9804,0.1438,0.715,Sales Rep,We recommend reaching out via Sales Rep (71.5% likelihood). The model selected this channel primarily due to the HCP's sales rep interaction recency and completed rep visit recency.
HCP0696,44.43,72.14,66.6,High,0.8687,0.9737,0.7129,0.5648,Webinar,"Since this HCP is highly engaged overall, Webinar is the ideal next step (71.3% likelihood), driven largely by their event attendance history and event registration recency."
HCP0697,16.68,53.3,45.98,Low,0.9407,0.7187,0.0936,0.6677,Sales Rep,"To build momentum with this lower-engagement HCP, Sales Rep is the safest bet (66.8% likelihood), which strongly aligns with their sales rep interaction recency and completed rep visit recency."
HCP0698,22.52,52.53,46.53,Low,0.968,0.8458,0.0963,0.5761,Email,"To build momentum with this lower-engagement HCP, Email is the safest bet (96.8% likelihood), which strongly aligns with their historical email volume and email recency."
HCP0699,52.67,63.48,61.32,High,0.8363,0.974,0.2383,0.7123,Sales Rep,"Since this HCP is highly engaged overall, Sales Rep is the ideal next step (71.2% likelihood), driven largely by their completed rep visits and sales rep interaction recency."
HCP0700,32.25,47.33,44.31,Low,0.9738,0.7602,0.3683,0.2834,Webinar,"To build momentum with this lower-engagement HCP, Webinar is the safest bet (36.8% likelihood), which strongly aligns with their event registration recency and event attendance history."
HCP0701,32.48,56.98,52.08,Medium,0.9536,0.6955,0.5159,0.4514,Webinar,We recommend reaching out via Webinar (51.6% likelihood). The model selected this channel primarily due to the HCP's event registration recency and event attendance history.
HCP0702,66.71,69.75,69.14,High,0.9157,0.978,0.3444,0.7674,Sales Rep,"Since this HCP is highly engaged overall, Sales Rep is the ideal next step (76.7% likelihood), driven largely by their completed rep visits and average website session duration."
HCP0703,44.2,56.38,53.94,Medium,0.7184,0.8975,0.2063,0.6263,Sales Rep,We recommend reaching out via Sales Rep (62.6% likelihood). The model selected this channel primarily due to the HCP's completed rep visits and average website session duration.
HCP0704,51.01,59.66,57.93,Medium,0.9845,0.8669,0.5574,0.3939,Webinar,We recommend reaching out via Webinar (55.7% likelihood). The model selected this channel primarily due to the HCP's event attendance history and event poll participation.
HCP0705,56.17,55.95,55.99,Medium,0.9849,0.7632,0.4011,0.47,Webinar,We recommend reaching out via Webinar (40.1% likelihood). The model selected this channel primarily due to the HCP's event attendance history and event attendance rate.
HCP0706,35.71,43.92,42.28,Low,0.7998,0.7529,0.1349,0.4204,Email,"To build momentum with this lower-engagement HCP, Email is the safest bet (80.0% likelihood), which strongly aligns with their email recency and email open frequency."
HCP0707,55.85,66.59,64.44,High,0.8785,0.979,0.3051,0.7268,Sales Rep,"Since this HCP is highly engaged overall, Sales Rep is the ideal next step (72.7% likelihood), driven largely by their completed rep visits and completed rep visits."
HCP0708,50.16,46.66,47.36,Low,0.9788,0.7827,0.2797,0.3207,Email,"To build momentum with this lower-engagement HCP, Email is the safest bet (97.9% likelihood), which strongly aligns with their historical email volume and email open rate."
HCP0709,21.19,65.75,56.84,Medium,0.9306,0.9207,0.263,0.7535,Sales Rep,We recommend reaching out via Sales Rep (75.4% likelihood). The model selected this channel primarily due to the HCP's sales rep interaction recency and completed rep visit recency.
HCP0710,40.25,60.07,56.1,Medium,0.9766,0.8384,0.4617,0.4921,Webinar,We recommend reaching out via Webinar (46.2% likelihood). The model selected this channel primarily due to the HCP's event attendance history and event attendance recency.
HCP0711,38.43,61.66,57.01,Medium,0.9457,0.779,0.3188,0.6764,Sales Rep,We recommend reaching out via Sales Rep (67.6% likelihood). The model selected this channel primarily due to the HCP's completed rep visits and total time spent with reps.
HCP0712,14.92,41.4,36.1,Low,0.9799,0.9425,0.0938,0.2483,Website,"To build momentum with this lower-engagement HCP, Website is the safest bet (94.3% likelihood), which strongly aligns with their web content viewing frequency and web content viewing frequency."
HCP0713,49.89,59.69,57.73,Medium,0.9496,0.873,0.1269,0.7231,Sales Rep,We recommend reaching out via Sales Rep (72.3% likelihood). The model selected this channel primarily due to the HCP's completed rep visits and rep visit completion rate.
HCP0714,18.94,53.91,46.92,Low,0.7719,0.7975,0.0941,0.6854,Sales Rep,"To build momentum with this lower-engagement HCP, Sales Rep is the safest bet (68.5% likelihood), which strongly aligns with their completed rep visits and sales rep interaction recency."
HCP0715,28.81,71.02,62.58,High,0.9439,0.7663,0.6233,0.6889,Webinar,"Since this HCP is highly engaged overall, Webinar is the ideal next step (62.3% likelihood), driven largely by their event registration recency and event attendance history."
HCP0716,25.65,68.67,60.06,Medium,0.9719,0.9466,0.6288,0.5288,Webinar,We recommend reaching out via Webinar (62.9% likelihood). The model selected this channel primarily due to the HCP's event registration recency and event attendance history.
HCP0717,47.93,61.34,58.66,Medium,0.9768,0.9355,0.3976,0.5233,Webinar,We recommend reaching out via Webinar (39.8% likelihood). The model selected this channel primarily due to the HCP's event attendance history and event registration recency.
HCP0718,34.34,74.63,66.58,High,0.8935,0.9402,0.612,0.7134,Webinar,"Since this HCP is highly engaged overall, Webinar is the ideal next step (61.2% likelihood), driven largely by their event registration recency and event attendance history."
HCP0719,24.0,70.31,61.05,High,0.7514,0.6562,0.6176,0.7788,Webinar,"Since this HCP is highly engaged overall, Webinar is the ideal next step (61.8% likelihood), driven largely by their event registration recency and event attendance recency."
HCP0720,62.6,56.53,57.75,Medium,0.9808,0.9401,0.11,0.6156,Sales Rep,We recommend reaching out via Sales Rep (61.6% likelihood). The model selected this channel primarily due to the HCP's completed rep visits and total time spent with reps.
HCP0721,46.78,49.78,49.18,Low,0.9017,0.8106,0.2267,0.4437,Email,"To build momentum with this lower-engagement HCP, Email is the safest bet (90.2% likelihood), which strongly aligns with their email open rate and web resource download activity."
HCP0722,31.71,49.37,45.84,Low,0.9765,0.6873,0.0943,0.5756,Email,"To build momentum with this lower-engagement HCP, Email is the safest bet (97.7% likelihood), which strongly aligns with their historical email volume and email open rate."
HCP0723,66.17,77.11,74.92,High,0.9557,0.8401,0.7212,0.7279,Webinar,"Since this HCP is highly engaged overall, Webinar is the ideal next step (72.1% likelihood), driven largely by their event attendance history and event registration recency."
HCP0724,36.76,52.76,49.56,Low,0.9464,0.742,0.1069,0.6312,Sales Rep,"To build momentum with this lower-engagement HCP, Sales Rep is the safest bet (63.1% likelihood), which strongly aligns with their completed rep visits and average website session duration."
HCP0725,41.62,70.85,65.0,High,0.8561,0.978,0.4602,0.7231,Webinar,"Since this HCP is highly engaged overall, Webinar is the ideal next step (46.0% likelihood), driven largely by their event registration recency and event attendance history."
HCP0726,68.14,65.5,66.03,High,0.9787,0.9734,0.425,0.5872,Webinar,"Since this HCP is highly engaged overall, Webinar is the ideal next step (42.5% likelihood), driven largely by their event attendance history and event poll participation."
HCP0727,35.83,38.9,38.28,Low,0.7812,0.9157,0.1072,0.2389,Website,"To build momentum with this lower-engagement HCP, Website is the safest bet (91.6% likelihood), which strongly aligns with their web content viewing frequency and video completion rate."
HCP0728,59.96,62.22,61.77,High,0.9766,0.951,0.4108,0.5278,Webinar,"Since this HCP is highly engaged overall, Webinar is the ideal next step (41.1% likelihood), driven largely by their event attendance history and event registration recency."
HCP0729,15.04,49.24,42.4,Low,0.8693,0.7882,0.5013,0.2437,Webinar,"To build momentum with this lower-engagement HCP, Webinar is the safest bet (50.1% likelihood), which strongly aligns with their event registration recency and event attendance history."
HCP0730,62.88,49.07,51.83,Low,0.9823,0.9705,0.2301,0.3234,Website,"To build momentum with this lower-engagement HCP, Website is the safest bet (97.1% likelihood), which strongly aligns with their web content viewing frequency and event registration recency."
HCP0731,42.85,65.57,61.03,High,0.9607,0.687,0.5188,0.6666,Webinar,"Since this HCP is highly engaged overall, Webinar is the ideal next step (51.9% likelihood), driven largely by their event attendance history and event registration recency."
HCP0732,23.78,49.27,44.17,Low,0.946,0.8521,0.1054,0.49,Email,"To build momentum with this lower-engagement HCP, Email is the safest bet (94.6% likelihood), which strongly aligns with their email open rate and email click rate."
HCP0733,72.64,54.85,58.41,Medium,0.9632,0.9823,0.1108,0.5563,Website,We recommend reaching out via Website (98.2% likelihood). The model selected this channel primarily due to the HCP's web content viewing frequency and event registration recency.
HCP0734,34.07,59.72,54.59,Medium,0.7167,0.9803,0.5864,0.3838,Webinar,We recommend reaching out via Webinar (58.6% likelihood). The model selected this channel primarily due to the HCP's event registration recency and event attendance recency.
HCP0735,35.23,73.75,66.05,High,0.9769,0.9014,0.5477,0.7381,Webinar,"Since this HCP is highly engaged overall, Webinar is the ideal next step (54.8% likelihood), driven largely by their event registration recency and event attendance recency."
HCP0736,24.38,42.59,38.95,Low,0.7944,0.9409,0.0943,0.3251,Website,"To build momentum with this lower-engagement HCP, Website is the safest bet (94.1% likelihood), which strongly aligns with their web content viewing frequency and web content viewing frequency."
HCP0737,48.04,52.68,51.75,Low,0.9691,0.8007,0.3115,0.4408,Email,"To build momentum with this lower-engagement HCP, Email is the safest bet (96.9% likelihood), which strongly aligns with their email open rate and historical email volume."
HCP0738,15.53,62.98,53.49,Medium,0.9747,0.9335,0.0951,0.7927,Sales Rep,We recommend reaching out via Sales Rep (79.3% likelihood). The model selected this channel primarily due to the HCP's completed rep visits and sales rep interaction recency.
HCP0739,43.97,55.35,53.07,Medium,0.9789,0.6085,0.2343,0.6589,Sales Rep,We recommend reaching out via Sales Rep (65.9% likelihood). The model selected this channel primarily due to the HCP's completed rep visits and average website session duration.
HCP0740,56.47,50.39,51.6,Low,0.9795,0.9799,0.1149,0.4387,Website,"To build momentum with this lower-engagement HCP, Website is the safest bet (98.0% likelihood), which strongly aligns with their web content viewing frequency and website activity volume."
HCP0741,46.83,73.16,67.89,High,0.985,0.9585,0.572,0.6744,Webinar,"Since this HCP is highly engaged overall, Webinar is the ideal next step (57.2% likelihood), driven largely by their event registration recency and event attendance history."
HCP0742,52.5,71.34,67.57,High,0.9494,0.9799,0.4021,0.7546,Sales Rep,"Since this HCP is highly engaged overall, Sales Rep is the ideal next step (75.5% likelihood), driven largely by their completed rep visits and sales rep interaction recency."
HCP0743,23.36,41.54,37.91,Low,0.9465,0.6621,0.0956,0.3992,Email,"To build momentum with this lower-engagement HCP, Email is the safest bet (94.6% likelihood), which strongly aligns with their email recency and historical email volume."
HCP0744,26.85,55.94,50.12,Low,0.8298,0.6958,0.5798,0.4082,Webinar,"To build momentum with this lower-engagement HCP, Webinar is the safest bet (58.0% likelihood), which strongly aligns with their event registration recency and event attendance recency."
HCP0745,16.04,55.56,47.65,Low,0.8198,0.6442,0.5197,0.472,Webinar,"To build momentum with this lower-engagement HCP, Webinar is the safest bet (52.0% likelihood), which strongly aligns with their event registration recency and event attendance history."
HCP0746,49.2,72.74,68.03,High,0.9648,0.9797,0.6529,0.5977,Webinar,"Since this HCP is highly engaged overall, Webinar is the ideal next step (65.3% likelihood), driven largely by their event registration recency and event attendance history."
HCP0747,51.41,40.02,42.3,Low,0.9675,0.7977,0.096,0.2879,Email,"To build momentum with this lower-engagement HCP, Email is the safest bet (96.8% likelihood), which strongly aligns with their historical email volume and email recency."
HCP0748,62.4,77.87,74.78,High,0.9703,0.9811,0.6024,0.7619,Webinar,"Since this HCP is highly engaged overall, Webinar is the ideal next step (60.2% likelihood), driven largely by their event attendance history and event attendance recency."
HCP0749,38.51,65.02,59.72,Medium,0.9828,0.9597,0.6298,0.4276,Webinar,We recommend reaching out via Webinar (63.0% likelihood). The model selected this channel primarily due to the HCP's event registration recency and event attendance recency.
HCP0750,58.96,62.34,61.66,High,0.9823,0.9527,0.2162,0.6744,Sales Rep,"Since this HCP is highly engaged overall, Sales Rep is the ideal next step (67.4% likelihood), driven largely by their sales rep interaction recency and completed rep visit recency."
HCP0751,82.98,66.74,69.99,High,0.9808,0.9756,0.4677,0.5847,Webinar,"Since this HCP is highly engaged overall, Webinar is the ideal next step (46.8% likelihood), driven largely by their event attendance history and event registration recency."
HCP0752,36.5,47.95,45.66,Low,0.9595,0.6032,0.4766,0.2997,Webinar,"To build momentum with this lower-engagement HCP, Webinar is the safest bet (47.7% likelihood), which strongly aligns with their event registration recency and event attendance history."
HCP0753,47.88,56.37,54.67,Medium,0.8613,0.9662,0.1099,0.6284,Sales Rep,We recommend reaching out via Sales Rep (62.8% likelihood). The model selected this channel primarily due to the HCP's sales rep interaction recency and completed rep visit recency.
HCP0754,43.5,55.43,53.04,Medium,0.9712,0.9714,0.1147,0.5713,Website,We recommend reaching out via Website (97.1% likelihood). The model selected this channel primarily due to the HCP's web content viewing frequency and video completion rate.
HCP0755,42.02,40.58,40.86,Low,0.8589,0.7399,0.138,0.3262,Email,"To build momentum with this lower-engagement HCP, Email is the safest bet (85.9% likelihood), which strongly aligns with their email recency and email open frequency."
HCP0756,43.81,62.41,58.69,Medium,0.9121,0.8439,0.2752,0.7039,Sales Rep,We recommend reaching out via Sales Rep (70.4% likelihood). The model selected this channel primarily due to the HCP's sales rep interaction recency and completed rep visit recency.
HCP0757,58.27,59.46,59.22,Medium,0.9778,0.9654,0.0943,0.6886,Sales Rep,We recommend reaching out via Sales Rep (68.9% likelihood). The model selected this channel primarily due to the HCP's completed rep visits and average website session duration.
HCP0758,57.85,51.78,52.99,Medium,0.8635,0.7923,0.2619,0.486,Email,We recommend reaching out via Email (86.4% likelihood). The model selected this channel primarily due to the HCP's historical email volume and event poll participation.
HCP0759,36.08,39.3,38.66,Low,0.9425,0.6782,0.12,0.3178,Email,"To build momentum with this lower-engagement HCP, Email is the safest bet (94.3% likelihood), which strongly aligns with their email open rate and email recency."
HCP0760,43.43,51.25,49.69,Low,0.8391,0.9371,0.0949,0.5319,Website,"To build momentum with this lower-engagement HCP, Website is the safest bet (93.7% likelihood), which strongly aligns with their web content viewing frequency and video completion rate."
HCP0761,56.01,72.74,69.39,High,0.9688,0.9463,0.4807,0.7426,Webinar,"Since this HCP is highly engaged overall, Webinar is the ideal next step (48.1% likelihood), driven largely by their event attendance history and event attendance recency."
HCP0762,29.15,53.7,48.79,Low,0.9477,0.932,0.2252,0.4707,Website,"To build momentum with this lower-engagement HCP, Website is the safest bet (93.2% likelihood), which strongly aligns with their website recency and web content viewing frequency."
HCP0763,28.62,80.01,69.73,High,0.9821,0.9648,0.6826,0.7603,Webinar,"Since this HCP is highly engaged overall, Webinar is the ideal next step (68.3% likelihood), driven largely by their event registration recency and event attendance recency."
HCP0764,56.04,69.21,66.57,High,0.9543,0.816,0.4601,0.7386,Webinar,"Since this HCP is highly engaged overall, Webinar is the ideal next step (46.0% likelihood), driven largely by their event attendance history and event registration recency."
HCP0765,45.47,52.28,50.92,Low,0.9841,0.9567,0.449,0.2459,Webinar,"To build momentum with this lower-engagement HCP, Webinar is the safest bet (44.9% likelihood), which strongly aligns with their event registration recency and event attendance history."
HCP0766,44.3,63.77,59.88,Medium,0.9645,0.967,0.6395,0.3901,Webinar,We recommend reaching out via Webinar (63.9% likelihood). The model selected this channel primarily due to the HCP's event attendance history and event attendance recency.
HCP0767,55.69,56.58,56.4,Medium,0.9859,0.9629,0.3311,0.4381,Website,We recommend reaching out via Website (96.3% likelihood). The model selected this channel primarily due to the HCP's web content viewing frequency and video completion rate.
HCP0768,54.19,58.5,57.64,Medium,0.9464,0.978,0.1213,0.6459,Sales Rep,We recommend reaching out via Sales Rep (64.6% likelihood). The model selected this channel primarily due to the HCP's completed rep visits and average website session duration.
HCP0769,48.03,73.08,68.07,High,0.9694,0.9804,0.6188,0.6303,Webinar,"Since this HCP is highly engaged overall, Webinar is the ideal next step (61.9% likelihood), driven largely by their event registration recency and event attendance recency."
HCP0770,39.62,50.74,48.52,Low,0.9623,0.6982,0.1254,0.5848,Sales Rep,"To build momentum with this lower-engagement HCP, Sales Rep is the safest bet (58.5% likelihood), which strongly aligns with their completed rep visits and days meeting with reps."
HCP0771,62.82,53.94,55.71,Medium,0.7782,0.941,0.4253,0.3644,Webinar,We recommend reaching out via Webinar (42.5% likelihood). The model selected this channel primarily due to the HCP's event attendance history and event registration recency.
HCP0772,54.86,63.87,62.07,High,0.9856,0.9406,0.6557,0.3883,Webinar,"Since this HCP is highly engaged overall, Webinar is the ideal next step (65.6% likelihood), driven largely by their event registration recency and event attendance recency."
HCP0773,31.59,50.56,46.77,Low,0.8945,0.5934,0.2755,0.5371,Email,"To build momentum with this lower-engagement HCP, Email is the safest bet (89.4% likelihood), which strongly aligns with their historical email volume and email click rate."
HCP0774,31.96,42.55,40.43,Low,0.9808,0.6455,0.3138,0.2604,Email,"To build momentum with this lower-engagement HCP, Email is the safest bet (98.1% likelihood), which strongly aligns with their historical email volume and email open rate."
HCP0775,9.01,47.04,39.43,Low,0.7802,0.8962,0.3985,0.2339,Webinar,"To build momentum with this lower-engagement HCP, Webinar is the safest bet (39.9% likelihood), which strongly aligns with their event registration recency and event attendance history."
HCP0776,30.95,63.62,57.09,Medium,0.8945,0.9505,0.2639,0.6937,Sales Rep,We recommend reaching out via Sales Rep (69.4% likelihood). The model selected this channel primarily due to the HCP's completed rep visits and total time spent with reps.
HCP0777,33.88,50.38,47.08,Low,0.8092,0.6662,0.293,0.5044,Sales Rep,"To build momentum with this lower-engagement HCP, Sales Rep is the safest bet (50.4% likelihood), which strongly aligns with their completed rep visits and average website session duration."
HCP0778,70.43,48.77,53.1,Medium,0.973,0.9809,0.2156,0.3238,Website,We recommend reaching out via Website (98.1% likelihood). The model selected this channel primarily due to the HCP's web content viewing frequency and video completion rate.
HCP0779,30.08,45.19,42.17,Low,0.9246,0.6223,0.1178,0.4991,Email,"To build momentum with this lower-engagement HCP, Email is the safest bet (92.5% likelihood), which strongly aligns with their email click rate and email open frequency."
HCP0780,37.62,55.54,51.96,Low,0.9745,0.8923,0.3248,0.4551,Email,"To build momentum with this lower-engagement HCP, Email is the safest bet (97.5% likelihood), which strongly aligns with their historical email volume and email click rate."
HCP0781,53.84,66.49,63.96,High,0.9793,0.9813,0.3513,0.6634,Sales Rep,"Since this HCP is highly engaged overall, Sales Rep is the ideal next step (66.3% likelihood), driven largely by their completed rep visits and total time spent with reps."
HCP0782,30.15,46.63,43.33,Low,0.754,0.8485,0.0954,0.4814,Website,"To build momentum with this lower-engagement HCP, Website is the safest bet (84.8% likelihood), which strongly aligns with their web content viewing frequency and total website duration."
HCP0783,44.51,57.35,54.78,Medium,0.8518,0.9667,0.1064,0.6576,Sales Rep,We recommend reaching out via Sales Rep (65.8% likelihood). The model selected this channel primarily due to the HCP's completed rep visits and total event attendance duration.
HCP0784,12.13,54.91,46.36,Low,0.8528,0.875,0.0952,0.6507,Sales Rep,"To build momentum with this lower-engagement HCP, Sales Rep is the safest bet (65.1% likelihood), which strongly aligns with their sales rep interaction recency and completed rep visit recency."
HCP0785,55.88,68.27,65.79,High,0.9722,0.979,0.2503,0.7865,Sales Rep,"Since this HCP is highly engaged overall, Sales Rep is the ideal next step (78.7% likelihood), driven largely by their completed rep visits and email open rate."
HCP0786,22.34,55.85,49.15,Low,0.7811,0.6367,0.094,0.8122,Sales Rep,"To build momentum with this lower-engagement HCP, Sales Rep is the safest bet (81.2% likelihood), which strongly aligns with their sales rep interaction recency and completed rep visits."
HCP0787,35.43,55.32,51.34,Low,0.9844,0.9774,0.0947,0.5771,Website,"To build momentum with this lower-engagement HCP, Website is the safest bet (97.7% likelihood), which strongly aligns with their web content viewing frequency and web content viewing frequency."
HCP0788,75.49,64.91,67.03,High,0.9737,0.8606,0.3506,0.6862,Sales Rep,"Since this HCP is highly engaged overall, Sales Rep is the ideal next step (68.6% likelihood), driven largely by their completed rep visits and historical email volume."
HCP0789,55.03,50.51,51.42,Low,0.9804,0.9711,0.1036,0.4545,Website,"To build momentum with this lower-engagement HCP, Website is the safest bet (97.1% likelihood), which strongly aligns with their web content viewing frequency and email open rate."
HCP0790,38.43,54.76,51.49,Low,0.6742,0.9646,0.0958,0.6462,Sales Rep,"To build momentum with this lower-engagement HCP, Sales Rep is the safest bet (64.6% likelihood), which strongly aligns with their completed rep visits and rep visit completion rate."
HCP0791,36.07,56.83,52.68,Medium,0.7216,0.893,0.1053,0.7149,Sales Rep,We recommend reaching out via Sales Rep (71.5% likelihood). The model selected this channel primarily due to the HCP's completed rep visits and rep visit completion rate.
HCP0792,20.56,76.39,65.22,High,0.942,0.813,0.6246,0.7992,Webinar,"Since this HCP is highly engaged overall, Webinar is the ideal next step (62.5% likelihood), driven largely by their event registration recency and event attendance recency."
HCP0793,47.92,53.35,52.27,Medium,0.9753,0.902,0.2668,0.4388,Email,We recommend reaching out via Email (97.5% likelihood). The model selected this channel primarily due to the HCP's email open rate and email click rate.
HCP0794,29.53,62.82,56.16,Medium,0.9822,0.88,0.1038,0.8071,Sales Rep,We recommend reaching out via Sales Rep (80.7% likelihood). The model selected this channel primarily due to the HCP's sales rep interaction recency and completed rep visit recency.
HCP0795,32.32,60.74,55.05,Medium,0.8701,0.8748,0.1189,0.7743,Sales Rep,We recommend reaching out via Sales Rep (77.4% likelihood). The model selected this channel primarily due to the HCP's completed rep visits and sales rep interaction recency.
HCP0796,6.87,32.76,27.58,Low,0.6962,0.698,0.0939,0.2256,Website,"To build momentum with this lower-engagement HCP, Website is the safest bet (69.8% likelihood), which strongly aligns with their preference for email and total website duration."
HCP0797,55.62,75.2,71.29,High,0.9864,0.9515,0.5269,0.7626,Webinar,"Since this HCP is highly engaged overall, Webinar is the ideal next step (52.7% likelihood), driven largely by their event registration recency and event attendance recency."
HCP0798,33.49,57.34,52.57,Medium,0.9027,0.8946,0.441,0.4297,Webinar,We recommend reaching out via Webinar (44.1% likelihood). The model selected this channel primarily due to the HCP's event registration recency and event attendance history.
HCP0799,44.16,62.03,58.46,Medium,0.9632,0.9625,0.0943,0.7581,Sales Rep,We recommend reaching out via Sales Rep (75.8% likelihood). The model selected this channel primarily due to the HCP's completed rep visits and days meeting with reps.
HCP0800,42.26,42.38,42.36,Low,0.9847,0.8997,0.0955,0.2919,Email,"To build momentum with this lower-engagement HCP, Email is the safest bet (98.5% likelihood), which strongly aligns with their historical email volume and email open rate."
HCP0801,32.42,54.47,50.06,Low,0.9096,0.8067,0.5116,0.3473,Webinar,"To build momentum with this lower-engagement HCP, Webinar is the safest bet (51.2% likelihood), which strongly aligns with their event registration recency and event attendance history."
HCP0802,24.92,54.78,48.81,Low,0.8315,0.8423,0.1256,0.6462,Sales Rep,"To build momentum with this lower-engagement HCP, Sales Rep is the safest bet (64.6% likelihood), which strongly aligns with their completed rep visits and average website session duration."
HCP0803,65.87,64.11,64.46,High,0.9448,0.9773,0.6131,0.4181,Webinar,"Since this HCP is highly engaged overall, Webinar is the ideal next step (61.3% likelihood), driven largely by their event attendance history and event attendance recency."
HCP0804,42.53,74.23,67.89,High,0.9719,0.9645,0.4002,0.8304,Sales Rep,"Since this HCP is highly engaged overall, Sales Rep is the ideal next step (83.0% likelihood), driven largely by their sales rep interaction recency and completed rep visits."
HCP0805,36.24,56.87,52.74,Medium,0.9699,0.8715,0.1178,0.6551,Sales Rep,We recommend reaching out via Sales Rep (65.5% likelihood). The model selected this channel primarily due to the HCP's sales rep interaction recency and completed rep visit recency.
HCP0806,53.63,60.31,58.97,Medium,0.8766,0.9733,0.1034,0.7243,Sales Rep,We recommend reaching out via Sales Rep (72.4% likelihood). The model selected this channel primarily due to the HCP's completed rep visits and sales rep interaction recency.
HCP0807,40.88,51.69,49.52,Low,0.8802,0.933,0.2878,0.3897,Website,"To build momentum with this lower-engagement HCP, Website is the safest bet (93.3% likelihood), which strongly aligns with their web content viewing frequency and web content viewing frequency."
HCP0808,43.57,64.28,60.14,Medium,0.9671,0.9756,0.5132,0.4926,Webinar,We recommend reaching out via Webinar (51.3% likelihood). The model selected this channel primarily due to the HCP's event attendance history and event attendance rate.
HCP0809,52.7,59.2,57.9,Medium,0.975,0.8225,0.1357,0.7233,Sales Rep,We recommend reaching out via Sales Rep (72.3% likelihood). The model selected this channel primarily due to the HCP's completed rep visits and average website session duration.
HCP0810,29.78,64.03,57.18,Medium,0.7247,0.7767,0.6104,0.5733,Webinar,We recommend reaching out via Webinar (61.0% likelihood). The model selected this channel primarily due to the HCP's event registration recency and event attendance recency.
HCP0811,37.79,67.74,61.75,High,0.9844,0.879,0.2759,0.801,Sales Rep,"Since this HCP is highly engaged overall, Sales Rep is the ideal next step (80.1% likelihood), driven largely by their sales rep interaction recency and completed rep visit recency."
HCP0812,29.82,58.06,52.41,Medium,0.8441,0.8469,0.1087,0.7355,Sales Rep,We recommend reaching out via Sales Rep (73.5% likelihood). The model selected this channel primarily due to the HCP's sales rep interaction recency and rep visit completion rate.
HCP0813,55.79,71.53,68.38,High,0.9827,0.857,0.6716,0.6105,Webinar,"Since this HCP is highly engaged overall, Webinar is the ideal next step (67.2% likelihood), driven largely by their event registration recency and event attendance history."
HCP0814,44.87,64.66,60.7,Medium,0.9797,0.781,0.4089,0.6745,Webinar,We recommend reaching out via Webinar (40.9% likelihood). The model selected this channel primarily due to the HCP's event attendance history and event attendance recency.
HCP0815,58.09,57.66,57.74,Medium,0.927,0.7519,0.1223,0.742,Sales Rep,We recommend reaching out via Sales Rep (74.2% likelihood). The model selected this channel primarily due to the HCP's completed rep visits and total time spent with reps.
HCP0816,43.22,72.99,67.04,High,0.9714,0.8963,0.4749,0.7776,Webinar,"Since this HCP is highly engaged overall, Webinar is the ideal next step (47.5% likelihood), driven largely by their event attendance history and event attendance rate."
HCP0817,11.01,70.47,58.58,Medium,0.8028,0.9024,0.5618,0.6886,Webinar,We recommend reaching out via Webinar (56.2% likelihood). The model selected this channel primarily due to the HCP's event registration recency and event attendance history.
HCP0818,38.97,62.04,57.43,Medium,0.9702,0.9572,0.4715,0.4764,Webinar,We recommend reaching out via Webinar (47.1% likelihood). The model selected this channel primarily due to the HCP's event attendance history and event attendance rate.
HCP0819,59.67,59.14,59.25,Medium,0.9209,0.9612,0.0948,0.6967,Sales Rep,We recommend reaching out via Sales Rep (69.7% likelihood). The model selected this channel primarily due to the HCP's completed rep visits and total time spent with reps.
HCP0820,42.58,61.32,57.57,Medium,0.9723,0.841,0.2123,0.7103,Sales Rep,We recommend reaching out via Sales Rep (71.0% likelihood). The model selected this channel primarily due to the HCP's sales rep interaction recency and completed rep visit recency.
HCP0821,54.42,61.36,59.97,Medium,0.9644,0.9695,0.0953,0.7367,Sales Rep,We recommend reaching out via Sales Rep (73.7% likelihood). The model selected this channel primarily due to the HCP's sales rep interaction recency and completed rep visits.
HCP0822,39.16,60.27,56.05,Medium,0.8741,0.9777,0.1015,0.7233,Sales Rep,We recommend reaching out via Sales Rep (72.3% likelihood). The model selected this channel primarily due to the HCP's sales rep interaction recency and completed rep visit recency.
HCP0823,35.92,56.48,52.36,Medium,0.9841,0.9272,0.5625,0.2804,Webinar,We recommend reaching out via Webinar (56.3% likelihood). The model selected this channel primarily due to the HCP's event attendance history and event attendance recency.
HCP0824,40.04,38.13,38.51,Low,0.7734,0.6323,0.1984,0.2949,Email,"To build momentum with this lower-engagement HCP, Email is the safest bet (77.3% likelihood), which strongly aligns with their historical email volume and rep visit completion rate."
HCP0825,58.65,59.8,59.57,Medium,0.9506,0.9546,0.2696,0.578,Website,We recommend reaching out via Website (95.5% likelihood). The model selected this channel primarily due to the HCP's web content viewing frequency and video completion rate.
HCP0826,43.9,52.96,51.15,Low,0.8473,0.8254,0.4325,0.3752,Webinar,"To build momentum with this lower-engagement HCP, Webinar is the safest bet (43.2% likelihood), which strongly aligns with their event attendance history and event attendance rate."
HCP0827,25.41,38.0,35.48,Low,0.9452,0.7049,0.0943,0.2906,Email,"To build momentum with this lower-engagement HCP, Email is the safest bet (94.5% likelihood), which strongly aligns with their email recency and email open rate."
HCP0828,51.54,69.31,65.76,High,0.9821,0.7991,0.4507,0.7496,Sales Rep,"Since this HCP is highly engaged overall, Sales Rep is the ideal next step (75.0% likelihood), driven largely by their completed rep visits and average website session duration."
HCP0829,50.15,50.63,50.54,Low,0.9701,0.7555,0.5337,0.2452,Webinar,"To build momentum with this lower-engagement HCP, Webinar is the safest bet (53.4% likelihood), which strongly aligns with their event attendance history and event registration recency."
HCP0830,65.34,54.95,57.03,Medium,0.966,0.9122,0.2872,0.4609,Email,We recommend reaching out via Email (96.6% likelihood). The model selected this channel primarily due to the HCP's historical email volume and email recency.
HCP0831,38.54,67.69,61.86,High,0.9819,0.9741,0.6652,0.4608,Webinar,"Since this HCP is highly engaged overall, Webinar is the ideal next step (66.5% likelihood), driven largely by their event attendance history and event attendance recency."
HCP0832,48.14,70.14,65.74,High,0.961,0.9458,0.5558,0.6235,Webinar,"Since this HCP is highly engaged overall, Webinar is the ideal next step (55.6% likelihood), driven largely by their event registration recency and event attendance history."
HCP0833,40.22,40.18,40.19,Low,0.83,0.6676,0.1434,0.3556,Email,"To build momentum with this lower-engagement HCP, Email is the safest bet (83.0% likelihood), which strongly aligns with their historical email volume and event poll participation."
HCP0834,46.29,61.18,58.21,Medium,0.9614,0.977,0.5841,0.3627,Webinar,We recommend reaching out via Webinar (58.4% likelihood). The model selected this channel primarily due to the HCP's event attendance history and event attendance recency.
HCP0835,74.99,61.64,64.31,High,0.9629,0.974,0.0946,0.7425,Sales Rep,"Since this HCP is highly engaged overall, Sales Rep is the ideal next step (74.2% likelihood), driven largely by their completed rep visits and average website session duration."
HCP0836,26.93,61.07,54.24,Medium,0.936,0.5478,0.4826,0.6568,Webinar,We recommend reaching out via Webinar (48.3% likelihood). The model selected this channel primarily due to the HCP's event registration recency and event attendance history.
HCP0837,42.33,61.72,57.84,Medium,0.9105,0.8781,0.2423,0.6946,Sales Rep,We recommend reaching out via Sales Rep (69.5% likelihood). The model selected this channel primarily due to the HCP's sales rep interaction recency and completed rep visit recency.
HCP0838,51.87,57.41,56.31,Medium,0.9796,0.7395,0.7007,0.2952,Webinar,We recommend reaching out via Webinar (70.1% likelihood). The model selected this channel primarily due to the HCP's event attendance history and event registration recency.
HCP0839,38.81,66.5,60.96,High,0.9814,0.9641,0.51,0.5526,Webinar,"Since this HCP is highly engaged overall, Webinar is the ideal next step (51.0% likelihood), driven largely by their event attendance history and event attendance rate."
HCP0840,52.36,73.69,69.43,High,0.9765,0.9764,0.5093,0.7281,Webinar,"Since this HCP is highly engaged overall, Webinar is the ideal next step (50.9% likelihood), driven largely by their event attendance history and event poll participation."
HCP0841,41.43,54.33,51.75,Low,0.9436,0.6807,0.2133,0.6221,Sales Rep,"To build momentum with this lower-engagement HCP, Sales Rep is the safest bet (62.2% likelihood), which strongly aligns with their completed rep visits and average website session duration."
HCP0842,60.63,66.02,64.95,High,0.9818,0.9768,0.4468,0.5816,Webinar,"Since this HCP is highly engaged overall, Webinar is the ideal next step (44.7% likelihood), driven largely by their event attendance history and event registration recency."
HCP0843,38.22,64.04,58.87,Medium,0.7424,0.9709,0.2466,0.745,Sales Rep,We recommend reaching out via Sales Rep (74.5% likelihood). The model selected this channel primarily due to the HCP's sales rep interaction recency and completed rep visit recency.
HCP0844,71.36,55.35,58.55,Medium,0.9848,0.9532,0.4051,0.3571,Webinar,We recommend reaching out via Webinar (40.5% likelihood). The model selected this channel primarily due to the HCP's event attendance history and event poll participation.
HCP0845,15.2,52.23,44.82,Low,0.823,0.7519,0.5349,0.3228,Webinar,"To build momentum with this lower-engagement HCP, Webinar is the safest bet (53.5% likelihood), which strongly aligns with their event attendance history and event attendance recency."
HCP0846,41.07,65.73,60.8,High,0.9416,0.9442,0.5675,0.5101,Webinar,"Since this HCP is highly engaged overall, Webinar is the ideal next step (56.7% likelihood), driven largely by their event attendance history and event attendance rate."
HCP0847,23.05,46.5,41.81,Low,0.7647,0.5064,0.094,0.6477,Sales Rep,"To build momentum with this lower-engagement HCP, Sales Rep is the safest bet (64.8% likelihood), which strongly aligns with their completed rep visits and total time spent with reps."
HCP0848,16.91,54.52,47.0,Low,0.9501,0.8446,0.5099,0.3208,Webinar,"To build momentum with this lower-engagement HCP, Webinar is the safest bet (51.0% likelihood), which strongly aligns with their event registration recency and event attendance history."
HCP0849,45.78,56.86,54.64,Medium,0.9768,0.7277,0.6035,0.3609,Webinar,We recommend reaching out via Webinar (60.3% likelihood). The model selected this channel primarily due to the HCP's event attendance history and event attendance rate.
HCP0850,51.4,73.37,68.97,High,0.9855,0.9472,0.667,0.6139,Webinar,"Since this HCP is highly engaged overall, Webinar is the ideal next step (66.7% likelihood), driven largely by their event registration recency and event attendance history."
HCP0851,85.08,64.37,68.51,High,0.9745,0.9425,0.4444,0.561,Webinar,"Since this HCP is highly engaged overall, Webinar is the ideal next step (44.4% likelihood), driven largely by their event attendance history and event attendance rate."
HCP0852,61.72,63.66,63.27,High,0.9033,0.9823,0.3527,0.6099,Website,"Since this HCP is highly engaged overall, Website is the ideal next step (98.2% likelihood), driven largely by their web content viewing frequency and email open rate."
HCP0853,45.36,58.44,55.83,Medium,0.9349,0.6646,0.6609,0.3994,Webinar,We recommend reaching out via Webinar (66.1% likelihood). The model selected this channel primarily due to the HCP's event registration recency and event attendance recency.
HCP0854,74.68,80.77,79.56,High,0.9766,0.9786,0.655,0.7946,Webinar,"Since this HCP is highly engaged overall, Webinar is the ideal next step (65.5% likelihood), driven largely by their event registration recency and event attendance history."
HCP0855,49.27,49.71,49.62,Low,0.9806,0.912,0.0944,0.4707,Email,"To build momentum with this lower-engagement HCP, Email is the safest bet (98.1% likelihood), which strongly aligns with their email open rate and historical email volume."
HCP0856,38.94,69.24,63.18,High,0.8094,0.7064,0.6302,0.7029,Webinar,"Since this HCP is highly engaged overall, Webinar is the ideal next step (63.0% likelihood), driven largely by their event registration recency and event attendance recency."
HCP0857,59.97,60.62,60.49,Medium,0.8935,0.9545,0.1169,0.7272,Sales Rep,We recommend reaching out via Sales Rep (72.7% likelihood). The model selected this channel primarily due to the HCP's completed rep visits and total event attendance duration.
HCP0858,48.15,54.08,52.89,Medium,0.8321,0.9715,0.0943,0.5875,Website,We recommend reaching out via Website (97.1% likelihood). The model selected this channel primarily due to the HCP's web content viewing frequency and video completion rate.
HCP0859,61.95,68.8,67.43,High,0.8707,0.9443,0.3921,0.7362,Sales Rep,"Since this HCP is highly engaged overall, Sales Rep is the ideal next step (73.6% likelihood), driven largely by their completed rep visits and preference for sales reps."
HCP0860,57.12,69.58,67.09,High,0.8696,0.9792,0.3364,0.7802,Sales Rep,"Since this HCP is highly engaged overall, Sales Rep is the ideal next step (78.0% likelihood), driven largely by their sales rep interaction recency and completed rep visit recency."
HCP0861,29.15,65.6,58.31,Medium,0.9803,0.7792,0.2923,0.7861,Sales Rep,We recommend reaching out via Sales Rep (78.6% likelihood). The model selected this channel primarily due to the HCP's sales rep interaction recency and completed rep visits.
HCP0862,57.16,40.49,43.82,Low,0.9464,0.9393,0.0938,0.2356,Website,"To build momentum with this lower-engagement HCP, Website is the safest bet (93.9% likelihood), which strongly aligns with their web content viewing frequency and video completion rate."
HCP0863,51.69,61.4,59.46,Medium,0.9601,0.9707,0.431,0.4864,Webinar,We recommend reaching out via Webinar (43.1% likelihood). The model selected this channel primarily due to the HCP's event registration recency and event attendance recency.
HCP0864,21.37,73.54,63.1,High,0.9811,0.9138,0.6227,0.6692,Webinar,"Since this HCP is highly engaged overall, Webinar is the ideal next step (62.3% likelihood), driven largely by their event registration recency and event attendance recency."
HCP0865,37.31,73.89,66.57,High,0.9868,0.9543,0.6294,0.6513,Webinar,"Since this HCP is highly engaged overall, Webinar is the ideal next step (62.9% likelihood), driven largely by their event registration recency and event attendance recency."
HCP0866,54.8,61.12,59.85,Medium,0.9842,0.9423,0.5278,0.4149,Webinar,We recommend reaching out via Webinar (52.8% likelihood). The model selected this channel primarily due to the HCP's event attendance history and event attendance recency.
HCP0867,42.11,58.57,55.28,Medium,0.9718,0.9385,0.1134,0.6669,Sales Rep,We recommend reaching out via Sales Rep (66.7% likelihood). The model selected this channel primarily due to the HCP's completed rep visits and sales rep interaction recency.
HCP0868,43.25,65.83,61.31,High,0.9425,0.954,0.3459,0.6735,Sales Rep,"Since this HCP is highly engaged overall, Sales Rep is the ideal next step (67.4% likelihood), driven largely by their completed rep visits and total time spent with reps."
HCP0869,63.56,52.64,54.83,Medium,0.9657,0.9746,0.1064,0.5076,Website,We recommend reaching out via Website (97.5% likelihood). The model selected this channel primarily due to the HCP's web content viewing frequency and video completion rate.
HCP0870,45.08,59.41,56.54,Medium,0.9843,0.9479,0.2679,0.5643,Website,We recommend reaching out via Website (94.8% likelihood). The model selected this channel primarily due to the HCP's web content viewing frequency and event registration recency.
HCP0871,40.84,75.56,68.62,High,0.7376,0.961,0.644,0.7411,Webinar,"Since this HCP is highly engaged overall, Webinar is the ideal next step (64.4% likelihood), driven largely by their event registration recency and event attendance recency."
HCP0872,44.32,48.4,47.58,Low,0.8004,0.9203,0.2492,0.3628,Website,"To build momentum with this lower-engagement HCP, Website is the safest bet (92.0% likelihood), which strongly aligns with their web content viewing frequency and total website duration."
HCP0873,61.05,66.93,65.75,High,0.913,0.978,0.3259,0.7116,Sales Rep,"Since this HCP is highly engaged overall, Sales Rep is the ideal next step (71.2% likelihood), driven largely by their completed rep visits and total event attendance duration."
HCP0874,29.57,58.6,52.8,Medium,0.87,0.9565,0.5982,0.3207,Webinar,We recommend reaching out via Webinar (59.8% likelihood). The model selected this channel primarily due to the HCP's event registration recency and event attendance recency.
HCP0875,52.68,69.41,66.06,High,0.9832,0.9772,0.2466,0.8158,Sales Rep,"Since this HCP is highly engaged overall, Sales Rep is the ideal next step (81.6% likelihood), driven largely by their sales rep interaction recency and completed rep visit recency."
HCP0876,22.7,55.87,49.24,Low,0.81,0.6185,0.5642,0.4619,Webinar,"To build momentum with this lower-engagement HCP, Webinar is the safest bet (56.4% likelihood), which strongly aligns with their event registration recency and event attendance recency."
HCP0877,79.98,68.36,70.68,High,0.9771,0.9719,0.3116,0.7451,Sales Rep,"Since this HCP is highly engaged overall, Sales Rep is the ideal next step (74.5% likelihood), driven largely by their completed rep visits and preference for sales reps."
HCP0878,38.85,60.47,56.15,Medium,0.9758,0.9484,0.6043,0.3404,Webinar,We recommend reaching out via Webinar (60.4% likelihood). The model selected this channel primarily due to the HCP's event registration recency and event attendance recency.
HCP0879,63.54,53.29,55.34,Medium,0.9855,0.9806,0.2564,0.4033,Website,We recommend reaching out via Website (98.1% likelihood). The model selected this channel primarily due to the HCP's web content viewing frequency and video completion rate.
HCP0880,52.06,55.94,55.17,Medium,0.9657,0.9161,0.233,0.5244,Email,We recommend reaching out via Email (96.6% likelihood). The model selected this channel primarily due to the HCP's email open rate and historical email volume.
HCP0881,52.8,51.74,51.95,Low,0.984,0.9718,0.0951,0.4903,Website,"To build momentum with this lower-engagement HCP, Website is the safest bet (97.2% likelihood), which strongly aligns with their web content viewing frequency and video completion rate."
HCP0882,33.11,50.41,46.95,Low,0.8707,0.6783,0.5182,0.3148,Webinar,"To build momentum with this lower-engagement HCP, Webinar is the safest bet (51.8% likelihood), which strongly aligns with their event attendance history and event attendance recency."
HCP0883,63.01,62.15,62.32,High,0.979,0.9816,0.1498,0.7058,Sales Rep,"Since this HCP is highly engaged overall, Sales Rep is the ideal next step (70.6% likelihood), driven largely by their completed rep visits and total time spent with reps."
HCP0884,12.08,70.26,58.62,Medium,0.9741,0.8286,0.6091,0.6418,Webinar,We recommend reaching out via Webinar (60.9% likelihood). The model selected this channel primarily due to the HCP's event registration recency and event attendance recency.
HCP0885,47.71,67.31,63.39,High,0.9788,0.9252,0.3006,0.75,Sales Rep,"Since this HCP is highly engaged overall, Sales Rep is the ideal next step (75.0% likelihood), driven largely by their completed rep visits and average website session duration."
HCP0886,51.21,63.21,60.81,High,0.9793,0.8647,0.2285,0.7318,Sales Rep,"Since this HCP is highly engaged overall, Sales Rep is the ideal next step (73.2% likelihood), driven largely by their sales rep interaction recency and completed rep visit recency."
HCP0887,16.22,69.62,58.94,Medium,0.9668,0.7246,0.46,0.7916,Sales Rep,We recommend reaching out via Sales Rep (79.2% likelihood). The model selected this channel primarily due to the HCP's sales rep interaction recency and completed rep visit recency.
HCP0888,46.04,80.04,73.24,High,0.9811,0.9755,0.6194,0.8036,Webinar,"Since this HCP is highly engaged overall, Webinar is the ideal next step (61.9% likelihood), driven largely by their event attendance history and event attendance recency."
HCP0889,35.01,52.86,49.29,Low,0.8896,0.6855,0.1202,0.6663,Sales Rep,"To build momentum with this lower-engagement HCP, Sales Rep is the safest bet (66.6% likelihood), which strongly aligns with their sales rep interaction recency and completed rep visit recency."
HCP0890,49.77,66.17,62.89,High,0.9537,0.9623,0.4523,0.5953,Webinar,"Since this HCP is highly engaged overall, Webinar is the ideal next step (45.2% likelihood), driven largely by their event attendance history and event poll participation."
HCP0891,53.43,41.25,43.68,Low,0.9259,0.9696,0.0944,0.2441,Website,"To build momentum with this lower-engagement HCP, Website is the safest bet (97.0% likelihood), which strongly aligns with their web content viewing frequency and video completion rate."
HCP0892,36.4,52.41,49.21,Low,0.8553,0.9411,0.4342,0.3003,Webinar,"To build momentum with this lower-engagement HCP, Webinar is the safest bet (43.4% likelihood), which strongly aligns with their event attendance history and event registration recency."
HCP0893,41.98,70.99,65.19,High,0.8924,0.9108,0.4866,0.7313,Webinar,"Since this HCP is highly engaged overall, Webinar is the ideal next step (48.7% likelihood), driven largely by their event attendance history and event attendance rate."
HCP0894,20.1,61.01,52.83,Medium,0.7446,0.5719,0.6249,0.5845,Webinar,We recommend reaching out via Webinar (62.5% likelihood). The model selected this channel primarily due to the HCP's event registration recency and event attendance history.
HCP0895,34.79,65.14,59.07,Medium,0.9643,0.8261,0.537,0.5715,Webinar,We recommend reaching out via Webinar (53.7% likelihood). The model selected this channel primarily due to the HCP's event registration recency and event attendance history.
HCP0896,40.27,59.23,55.44,Medium,0.6849,0.9629,0.114,0.7427,Sales Rep,We recommend reaching out via Sales Rep (74.3% likelihood). The model selected this channel primarily due to the HCP's sales rep interaction recency and completed rep visit recency.
HCP0897,30.34,60.77,54.68,Medium,0.981,0.6102,0.3252,0.7249,Sales Rep,We recommend reaching out via Sales Rep (72.5% likelihood). The model selected this channel primarily due to the HCP's completed rep visits and completed rep visits.
HCP0898,56.67,69.05,66.57,High,0.9835,0.9797,0.2673,0.7901,Sales Rep,"Since this HCP is highly engaged overall, Sales Rep is the ideal next step (79.0% likelihood), driven largely by their sales rep interaction recency and completed rep visit recency."
HCP0899,52.31,73.84,69.53,High,0.9254,0.8622,0.5777,0.7503,Webinar,"Since this HCP is highly engaged overall, Webinar is the ideal next step (57.8% likelihood), driven largely by their event attendance history and event attendance recency."
HCP0900,55.25,61.44,60.2,Medium,0.9847,0.9502,0.132,0.7158,Sales Rep,We recommend reaching out via Sales Rep (71.6% likelihood). The model selected this channel primarily due to the HCP's completed rep visits and total time spent with reps.
HCP0901,67.94,59.06,60.83,High,0.9828,0.9775,0.1903,0.5993,Website,"Since this HCP is highly engaged overall, Website is the ideal next step (97.7% likelihood), driven largely by their web content viewing frequency and email open rate."
HCP0902,55.54,73.27,69.72,High,0.9322,0.98,0.4928,0.7391,Webinar,"Since this HCP is highly engaged overall, Webinar is the ideal next step (49.3% likelihood), driven largely by their event attendance history and event attendance rate."
HCP0903,67.94,63.06,64.04,High,0.8129,0.9746,0.5289,0.4893,Webinar,"Since this HCP is highly engaged overall, Webinar is the ideal next step (52.9% likelihood), driven largely by their event attendance history and event attendance rate."
HCP0904,30.56,57.25,51.91,Low,0.873,0.9664,0.1284,0.6336,Sales Rep,"To build momentum with this lower-engagement HCP, Sales Rep is the safest bet (63.4% likelihood), which strongly aligns with their sales rep interaction recency and completed rep visit recency."
HCP0905,55.45,76.23,72.08,High,0.983,0.9769,0.4946,0.8007,Webinar,"Since this HCP is highly engaged overall, Webinar is the ideal next step (49.5% likelihood), driven largely by their event attendance history and event registration recency."
HCP0906,36.9,58.96,54.55,Medium,0.905,0.9659,0.0946,0.6939,Sales Rep,We recommend reaching out via Sales Rep (69.4% likelihood). The model selected this channel primarily due to the HCP's completed rep visits and total time spent with reps.
HCP0907,14.99,52.14,44.71,Low,0.8948,0.5631,0.6352,0.3217,Webinar,"To build momentum with this lower-engagement HCP, Webinar is the safest bet (63.5% likelihood), which strongly aligns with their event registration recency and event attendance recency."
HCP0908,13.86,74.28,62.19,High,0.8347,0.9574,0.4952,0.7981,Webinar,"Since this HCP is highly engaged overall, Webinar is the ideal next step (49.5% likelihood), driven largely by their event registration recency and event attendance recency."
HCP0909,42.47,61.7,57.85,Medium,0.9828,0.8859,0.0957,0.782,Sales Rep,We recommend reaching out via Sales Rep (78.2% likelihood). The model selected this channel primarily due to the HCP's sales rep interaction recency and completed rep visit recency.
HCP0910,26.05,46.21,42.18,Low,0.967,0.9717,0.095,0.3565,Website,"To build momentum with this lower-engagement HCP, Website is the safest bet (97.2% likelihood), which strongly aligns with their website recency and web content viewing frequency."
HCP0911,62.31,55.72,57.04,Medium,0.9726,0.9808,0.3445,0.4012,Website,We recommend reaching out via Website (98.1% likelihood). The model selected this channel primarily due to the HCP's web content viewing frequency and video completion rate.
HCP0912,67.36,61.25,62.47,High,0.9716,0.9817,0.1464,0.6877,Sales Rep,"Since this HCP is highly engaged overall, Sales Rep is the ideal next step (68.8% likelihood), driven largely by their completed rep visits and preference for sales reps."
HCP0913,56.38,54.32,54.73,Medium,0.9842,0.7706,0.0995,0.652,Sales Rep,We recommend reaching out via Sales Rep (65.2% likelihood). The model selected this channel primarily due to the HCP's completed rep visits and total event attendance duration.
HCP0914,22.81,51.6,45.84,Low,0.9701,0.7195,0.0943,0.6171,Sales Rep,"To build momentum with this lower-engagement HCP, Sales Rep is the safest bet (61.7% likelihood), which strongly aligns with their completed rep visits and total time spent with reps."
HCP0915,77.94,69.03,70.81,High,0.9815,0.9816,0.3712,0.7111,Sales Rep,"Since this HCP is highly engaged overall, Sales Rep is the ideal next step (71.1% likelihood), driven largely by their sales rep interaction recency and completed rep visit recency."
HCP0916,46.46,59.53,56.92,Medium,0.9701,0.9474,0.2906,0.5541,Website,We recommend reaching out via Website (94.7% likelihood). The model selected this channel primarily due to the HCP's web content viewing frequency and video completion rate.
HCP0917,49.87,69.02,65.19,High,0.9364,0.9707,0.6585,0.5122,Webinar,"Since this HCP is highly engaged overall, Webinar is the ideal next step (65.8% likelihood), driven largely by their event attendance history and event attendance recency."
HCP0918,38.54,58.51,54.51,Medium,0.9721,0.9106,0.1168,0.6767,Sales Rep,We recommend reaching out via Sales Rep (67.7% likelihood). The model selected this channel primarily due to the HCP's completed rep visits and total event attendance duration.
HCP0919,42.91,58.26,55.19,Medium,0.9698,0.9628,0.2405,0.5524,Website,We recommend reaching out via Website (96.3% likelihood). The model selected this channel primarily due to the HCP's web content viewing frequency and web content viewing frequency.
HCP0920,58.42,56.99,57.28,Medium,0.9844,0.9641,0.2962,0.4744,Website,We recommend reaching out via Website (96.4% likelihood). The model selected this channel primarily due to the HCP's web content viewing frequency and email open rate.
HCP0921,44.67,64.42,60.47,Medium,0.7189,0.971,0.4387,0.6163,Webinar,We recommend reaching out via Webinar (43.9% likelihood). The model selected this channel primarily due to the HCP's event registration recency and event attendance history.
HCP0922,28.57,60.79,54.35,Medium,0.972,0.9516,0.4504,0.4631,Webinar,We recommend reaching out via Webinar (45.0% likelihood). The model selected this channel primarily due to the HCP's event registration recency and event attendance history.
HCP0923,32.16,73.72,65.41,High,0.9806,0.8632,0.6301,0.6936,Webinar,"Since this HCP is highly engaged overall, Webinar is the ideal next step (63.0% likelihood), driven largely by their event registration recency and event attendance recency."
HCP0924,40.9,62.44,58.13,Medium,0.9782,0.9097,0.2682,0.6603,Sales Rep,We recommend reaching out via Sales Rep (66.0% likelihood). The model selected this channel primarily due to the HCP's completed rep visits and average website session duration.
HCP0925,35.12,64.6,58.71,Medium,0.9347,0.9013,0.6638,0.4329,Webinar,We recommend reaching out via Webinar (66.4% likelihood). The model selected this channel primarily due to the HCP's event registration recency and event attendance recency.
HCP0926,49.43,53.25,52.48,Medium,0.9836,0.9056,0.4374,0.3044,Webinar,We recommend reaching out via Webinar (43.7% likelihood). The model selected this channel primarily due to the HCP's event attendance history and event attendance recency.
HCP0927,25.88,53.35,47.85,Low,0.9108,0.924,0.0952,0.5726,Website,"To build momentum with this lower-engagement HCP, Website is the safest bet (92.4% likelihood), which strongly aligns with their web content viewing frequency and preference for email."
HCP0928,29.8,54.89,49.87,Low,0.9264,0.7687,0.0942,0.6857,Sales Rep,"To build momentum with this lower-engagement HCP, Sales Rep is the safest bet (68.6% likelihood), which strongly aligns with their completed rep visits and total time spent with reps."
HCP0929,36.32,47.14,44.98,Low,0.9673,0.8689,0.1388,0.3982,Email,"To build momentum with this lower-engagement HCP, Email is the safest bet (96.7% likelihood), which strongly aligns with their historical email volume and email open rate."
HCP0930,26.6,75.88,66.02,High,0.7505,0.915,0.6999,0.7269,Webinar,"Since this HCP is highly engaged overall, Webinar is the ideal next step (70.0% likelihood), driven largely by their event registration recency and event attendance history."
HCP0931,40.22,62.48,58.03,Medium,0.9675,0.7737,0.3608,0.6626,Sales Rep,We recommend reaching out via Sales Rep (66.3% likelihood). The model selected this channel primarily due to the HCP's completed rep visits and total time spent with reps.
HCP0932,28.1,43.52,40.44,Low,0.9089,0.8281,0.1078,0.366,Email,"To build momentum with this lower-engagement HCP, Email is the safest bet (90.9% likelihood), which strongly aligns with their email open rate and email recency."
HCP0933,42.1,48.26,47.02,Low,0.8242,0.9625,0.2979,0.2957,Website,"To build momentum with this lower-engagement HCP, Website is the safest bet (96.3% likelihood), which strongly aligns with their web content viewing frequency and video completion rate."
HCP0934,38.32,67.06,61.31,High,0.862,0.8919,0.5754,0.5836,Webinar,"Since this HCP is highly engaged overall, Webinar is the ideal next step (57.5% likelihood), driven largely by their event registration recency and event attendance recency."
HCP0935,17.72,51.72,44.92,Low,0.9631,0.7975,0.0943,0.5827,Email,"To build momentum with this lower-engagement HCP, Email is the safest bet (96.3% likelihood), which strongly aligns with their historical email volume and email click rate."
HCP0936,30.84,79.81,70.02,High,0.9818,0.9239,0.7219,0.7465,Webinar,"Since this HCP is highly engaged overall, Webinar is the ideal next step (72.2% likelihood), driven largely by their event registration recency and event registration recency."
HCP0937,64.07,59.02,60.03,Medium,0.8843,0.9809,0.2406,0.5836,Website,We recommend reaching out via Website (98.1% likelihood). The model selected this channel primarily due to the HCP's web content viewing frequency and video completion rate.
HCP0938,35.74,48.62,46.05,Low,0.9512,0.9683,0.3212,0.2526,Website,"To build momentum with this lower-engagement HCP, Website is the safest bet (96.8% likelihood), which strongly aligns with their web content viewing frequency and video completion rate."
HCP0939,27.35,39.24,36.86,Low,0.7296,0.5586,0.0955,0.4476,Sales Rep,"To build momentum with this lower-engagement HCP, Sales Rep is the safest bet (44.8% likelihood), which strongly aligns with their completed rep visits and rep visit completion rate."
HCP0940,25.44,67.89,59.4,Medium,0.9415,0.6886,0.6642,0.6193,Webinar,We recommend reaching out via Webinar (66.4% likelihood). The model selected this channel primarily due to the HCP's event registration recency and event attendance recency.
HCP0941,33.68,68.34,61.41,High,0.9794,0.827,0.5199,0.6602,Webinar,"Since this HCP is highly engaged overall, Webinar is the ideal next step (52.0% likelihood), driven largely by their event attendance history and event attendance recency."
HCP0942,66.52,72.21,71.07,High,0.9613,0.9531,0.54,0.6833,Webinar,"Since this HCP is highly engaged overall, Webinar is the ideal next step (54.0% likelihood), driven largely by their event attendance history and event attendance rate."
HCP0943,33.0,63.99,57.79,Medium,0.7673,0.6935,0.6597,0.5664,Webinar,We recommend reaching out via Webinar (66.0% likelihood). The model selected this channel primarily due to the HCP's event registration recency and event attendance history.
HCP0944,28.84,62.87,56.06,Medium,0.948,0.7163,0.5096,0.5943,Webinar,We recommend reaching out via Webinar (51.0% likelihood). The model selected this channel primarily due to the HCP's event registration recency and event attendance history.
HCP0945,24.02,58.44,51.55,Low,0.9195,0.9495,0.6707,0.2533,Webinar,"To build momentum with this lower-engagement HCP, Webinar is the safest bet (67.1% likelihood), which strongly aligns with their event registration recency and event attendance recency."
HCP0946,66.62,67.67,67.46,High,0.8919,0.9808,0.4271,0.6581,Webinar,"Since this HCP is highly engaged overall, Webinar is the ideal next step (42.7% likelihood), driven largely by their event attendance history and event attendance rate."
HCP0947,32.96,59.27,54.0,Medium,0.8809,0.8087,0.2468,0.672,Sales Rep,We recommend reaching out via Sales Rep (67.2% likelihood). The model selected this channel primarily due to the HCP's completed rep visits and total time spent with reps.
HCP0948,47.79,53.12,52.06,Low,0.9819,0.9494,0.4067,0.3029,Webinar,"To build momentum with this lower-engagement HCP, Webinar is the safest bet (40.7% likelihood), which strongly aligns with their event attendance history and event attendance rate."
HCP0949,22.92,50.43,44.93,Low,0.8258,0.7355,0.0943,0.6158,Sales Rep,"To build momentum with this lower-engagement HCP, Sales Rep is the safest bet (61.6% likelihood), which strongly aligns with their sales rep interaction recency and completed rep visit recency."
HCP0950,36.42,55.66,51.81,Low,0.9672,0.6601,0.0942,0.749,Sales Rep,"To build momentum with this lower-engagement HCP, Sales Rep is the safest bet (74.9% likelihood), which strongly aligns with their completed rep visits and total time spent with reps."
HCP0951,60.85,58.95,59.33,Medium,0.9814,0.9243,0.2087,0.6097,Sales Rep,We recommend reaching out via Sales Rep (61.0% likelihood). The model selected this channel primarily due to the HCP's completed rep visits and days meeting with reps.
HCP0952,74.1,62.2,64.58,High,0.9773,0.9805,0.1624,0.6986,Sales Rep,"Since this HCP is highly engaged overall, Sales Rep is the ideal next step (69.9% likelihood), driven largely by their completed rep visits and email open rate."
HCP0953,33.5,67.73,60.89,High,0.9779,0.8073,0.4381,0.7166,Webinar,"Since this HCP is highly engaged overall, Webinar is the ideal next step (43.8% likelihood), driven largely by their event attendance history and event attendance recency."
HCP0954,40.85,57.1,53.85,Medium,0.9671,0.8181,0.263,0.5794,Email,We recommend reaching out via Email (96.7% likelihood). The model selected this channel primarily due to the HCP's email open rate and email click rate.
HCP0955,45.78,56.17,54.09,Medium,0.9464,0.6942,0.1635,0.6979,Sales Rep,We recommend reaching out via Sales Rep (69.8% likelihood). The model selected this channel primarily due to the HCP's completed rep visits and total event attendance duration.
HCP0956,54.34,49.05,50.11,Low,0.985,0.7743,0.0947,0.5219,Email,"To build momentum with this lower-engagement HCP, Email is the safest bet (98.5% likelihood), which strongly aligns with their email open rate and historical email volume."
HCP0957,52.38,39.5,42.08,Low,0.8467,0.858,0.1567,0.2293,Website,"To build momentum with this lower-engagement HCP, Website is the safest bet (85.8% likelihood), which strongly aligns with their web content viewing frequency and video completion rate."
HCP0958,49.89,46.29,47.01,Low,0.9188,0.8454,0.1223,0.4132,Email,"To build momentum with this lower-engagement HCP, Email is the safest bet (91.9% likelihood), which strongly aligns with their email recency and total time spent with reps."
HCP0959,45.92,67.93,63.53,High,0.8617,0.9738,0.469,0.6441,Webinar,"Since this HCP is highly engaged overall, Webinar is the ideal next step (46.9% likelihood), driven largely by their event attendance history and event attendance recency."
HCP0960,46.12,51.45,50.38,Low,0.7867,0.9243,0.1421,0.5208,Website,"To build momentum with this lower-engagement HCP, Website is the safest bet (92.4% likelihood), which strongly aligns with their web content viewing frequency and web content viewing frequency."
HCP0961,27.98,48.99,44.78,Low,0.9787,0.9751,0.2801,0.2823,Website,"To build momentum with this lower-engagement HCP, Website is the safest bet (97.5% likelihood), which strongly aligns with their web content viewing frequency and web content viewing frequency."
HCP0962,27.88,57.97,51.95,Low,0.8853,0.7027,0.2369,0.6989,Sales Rep,"To build momentum with this lower-engagement HCP, Sales Rep is the safest bet (69.9% likelihood), which strongly aligns with their sales rep interaction recency and completed rep visit recency."
HCP0963,18.79,59.43,51.3,Low,0.9575,0.8792,0.0936,0.7367,Sales Rep,"To build momentum with this lower-engagement HCP, Sales Rep is the safest bet (73.7% likelihood), which strongly aligns with their completed rep visits and sales rep interaction recency."
HCP0964,24.78,60.46,53.33,Medium,0.9547,0.8587,0.0962,0.7713,Sales Rep,We recommend reaching out via Sales Rep (77.1% likelihood). The model selected this channel primarily due to the HCP's completed rep visits and average website session duration.
HCP0965,70.63,54.54,57.75,Medium,0.973,0.9752,0.178,0.499,Website,We recommend reaching out via Website (97.5% likelihood). The model selected this channel primarily due to the HCP's web content viewing frequency and video completion rate.
HCP0966,77.93,67.8,69.83,High,0.9803,0.9782,0.3533,0.6959,Sales Rep,"Since this HCP is highly engaged overall, Sales Rep is the ideal next step (69.6% likelihood), driven largely by their completed rep visits and total time spent with reps."
HCP0967,65.29,70.24,69.25,High,0.9341,0.9753,0.5806,0.5995,Webinar,"Since this HCP is highly engaged overall, Webinar is the ideal next step (58.1% likelihood), driven largely by their event registration recency and event attendance history."
HCP0968,49.63,79.25,73.32,High,0.9832,0.9665,0.7053,0.7231,Webinar,"Since this HCP is highly engaged overall, Webinar is the ideal next step (70.5% likelihood), driven largely by their event registration recency and event attendance history."
HCP0969,39.15,68.35,62.51,High,0.8279,0.9225,0.6373,0.5626,Webinar,"Since this HCP is highly engaged overall, Webinar is the ideal next step (63.7% likelihood), driven largely by their event registration recency and event attendance recency."
HCP0970,48.82,73.97,68.94,High,0.8409,0.9164,0.537,0.7779,Webinar,"Since this HCP is highly engaged overall, Webinar is the ideal next step (53.7% likelihood), driven largely by their event attendance history and event registration recency."
HCP0971,56.07,69.13,66.52,High,0.94,0.9448,0.3538,0.7555,Sales Rep,"Since this HCP is highly engaged overall, Sales Rep is the ideal next step (75.6% likelihood), driven largely by their completed rep visits and email open rate."
HCP0972,46.23,63.37,59.94,Medium,0.9843,0.8808,0.5225,0.5058,Webinar,We recommend reaching out via Webinar (52.2% likelihood). The model selected this channel primarily due to the HCP's event attendance history and event attendance recency.
HCP0973,63.88,49.56,52.43,Medium,0.9759,0.9815,0.3015,0.2783,Website,We recommend reaching out via Website (98.1% likelihood). The model selected this channel primarily due to the HCP's web content viewing frequency and event registration recency.
HCP0974,36.39,70.63,63.78,High,0.8635,0.9729,0.6516,0.5746,Webinar,"Since this HCP is highly engaged overall, Webinar is the ideal next step (65.2% likelihood), driven largely by their event registration recency and event attendance recency."
HCP0975,33.35,54.26,50.08,Low,0.9518,0.6117,0.5024,0.436,Webinar,"To build momentum with this lower-engagement HCP, Webinar is the safest bet (50.2% likelihood), which strongly aligns with their event attendance history and event attendance rate."
HCP0976,63.07,65.04,64.65,High,0.9727,0.9582,0.2478,0.7179,Sales Rep,"Since this HCP is highly engaged overall, Sales Rep is the ideal next step (71.8% likelihood), driven largely by their completed rep visits and email open rate."
HCP0977,22.41,55.34,48.75,Low,0.9011,0.962,0.0948,0.6061,Website,"To build momentum with this lower-engagement HCP, Website is the safest bet (96.2% likelihood), which strongly aligns with their web content viewing frequency and website recency."
HCP0978,40.68,56.97,53.71,Medium,0.7765,0.9754,0.2684,0.5412,Website,We recommend reaching out via Website (97.5% likelihood). The model selected this channel primarily due to the HCP's web content viewing frequency and video completion rate.
HCP0979,33.06,57.78,52.84,Medium,0.9608,0.6646,0.4976,0.4988,Webinar,We recommend reaching out via Webinar (49.8% likelihood). The model selected this channel primarily due to the HCP's event attendance history and event attendance rate.
HCP0980,58.83,62.27,61.58,High,0.9768,0.9804,0.1212,0.7315,Sales Rep,"Since this HCP is highly engaged overall, Sales Rep is the ideal next step (73.2% likelihood), driven largely by their completed rep visits and average website session duration."
HCP0981,15.38,53.02,45.49,Low,0.8433,0.7891,0.095,0.6488,Sales Rep,"To build momentum with this lower-engagement HCP, Sales Rep is the safest bet (64.9% likelihood), which strongly aligns with their sales rep interaction recency and completed rep visit recency."
HCP0982,50.16,59.33,57.49,Medium,0.9405,0.9616,0.1029,0.6901,Sales Rep,We recommend reaching out via Sales Rep (69.0% likelihood). The model selected this channel primarily due to the HCP's completed rep visits and total time spent with reps.
HCP0983,57.15,42.61,45.52,Low,0.9587,0.8766,0.1178,0.299,Email,"To build momentum with this lower-engagement HCP, Email is the safest bet (95.9% likelihood), which strongly aligns with their email open rate and historical email volume."
HCP0984,47.58,46.08,46.38,Low,0.96,0.8346,0.1138,0.4095,Email,"To build momentum with this lower-engagement HCP, Email is the safest bet (96.0% likelihood), which strongly aligns with their historical email volume and email click rate."
HCP0985,40.41,73.86,67.17,High,0.9568,0.9679,0.4303,0.8007,Sales Rep,"Since this HCP is highly engaged overall, Sales Rep is the ideal next step (80.1% likelihood), driven largely by their sales rep interaction recency and completed rep visits."
HCP0986,28.53,53.04,48.14,Low,0.9722,0.9643,0.0943,0.5301,Website,"To build momentum with this lower-engagement HCP, Website is the safest bet (96.4% likelihood), which strongly aligns with their web content viewing frequency and longest website session."
HCP0987,52.53,49.5,50.11,Low,0.9832,0.9791,0.2021,0.3506,Website,"To build momentum with this lower-engagement HCP, Website is the safest bet (97.9% likelihood), which strongly aligns with their web content viewing frequency and web resource download activity."
HCP0988,53.64,66.84,64.2,High,0.9053,0.969,0.6601,0.465,Webinar,"Since this HCP is highly engaged overall, Webinar is the ideal next step (66.0% likelihood), driven largely by their event attendance history and event registration recency."
HCP0989,21.84,54.9,48.29,Low,0.7676,0.6395,0.1221,0.7693,Sales Rep,"To build momentum with this lower-engagement HCP, Sales Rep is the safest bet (76.9% likelihood), which strongly aligns with their sales rep interaction recency and completed rep visits."
HCP0990,66.2,70.45,69.6,High,0.9747,0.9825,0.2732,0.8213,Sales Rep,"Since this HCP is highly engaged overall, Sales Rep is the ideal next step (82.1% likelihood), driven largely by their sales rep interaction recency and completed rep visit recency."
HCP0991,27.08,60.62,53.91,Medium,0.9788,0.6609,0.1944,0.7945,Sales Rep,We recommend reaching out via Sales Rep (79.5% likelihood). The model selected this channel primarily due to the HCP's sales rep interaction recency and completed rep visit recency.
HCP0992,31.96,69.23,61.77,High,0.9419,0.8325,0.5149,0.6928,Webinar,"Since this HCP is highly engaged overall, Webinar is the ideal next step (51.5% likelihood), driven largely by their event registration recency and event attendance rate."
HCP0993,40.76,59.61,55.84,Medium,0.9591,0.894,0.0952,0.732,Sales Rep,We recommend reaching out via Sales Rep (73.2% likelihood). The model selected this channel primarily due to the HCP's completed rep visits and average website session duration.
HCP0994,44.3,49.8,48.7,Low,0.9263,0.7428,0.1359,0.54,Email,"To build momentum with this lower-engagement HCP, Email is the safest bet (92.6% likelihood), which strongly aligns with their email open rate and email open frequency."
HCP0995,47.25,65.74,62.04,High,0.9825,0.9708,0.2242,0.7443,Sales Rep,"Since this HCP is highly engaged overall, Sales Rep is the ideal next step (74.4% likelihood), driven largely by their sales rep interaction recency and completed rep visit recency."
HCP0996,66.91,70.65,69.9,High,0.9731,0.931,0.4688,0.7058,Webinar,"Since this HCP is highly engaged overall, Webinar is the ideal next step (46.9% likelihood), driven largely by their event attendance history and event attendance recency."
HCP0997,30.87,51.69,47.53,Low,0.8677,0.7408,0.0947,0.634,Sales Rep,"To build momentum with this lower-engagement HCP, Sales Rep is the safest bet (63.4% likelihood), which strongly aligns with their completed rep visits and sales rep interaction recency."
HCP0998,35.18,60.13,55.14,Medium,0.9778,0.972,0.094,0.7023,Sales Rep,We recommend reaching out via Sales Rep (70.2% likelihood). The model selected this channel primarily due to the HCP's sales rep interaction recency and completed rep visits.
HCP0999,69.53,66.99,67.5,High,0.9577,0.9522,0.4112,0.6509,Webinar,"Since this HCP is highly engaged overall, Webinar is the ideal next step (41.1% likelihood), driven largely by their event attendance history and event questions asked."
HCP1000,36.38,55.95,52.04,Low,0.9573,0.9751,0.1275,0.5764,Website,"To build momentum with this lower-engagement HCP, Website is the safest bet (97.5% likelihood), which strongly aligns with their web content viewing frequency and web content viewing frequency."
HCP1001,30.97,56.93,51.74,Low,0.9796,0.9216,0.5733,0.2875,Webinar,"To build momentum with this lower-engagement HCP, Webinar is the safest bet (57.3% likelihood), which strongly aligns with their event registration recency and event attendance recency."
HCP1002,58.73,60.77,60.36,Medium,0.8541,0.9336,0.1772,0.7061,Sales Rep,We recommend reaching out via Sales Rep (70.6% likelihood). The model selected this channel primarily due to the HCP's completed rep visits and average website session duration.
HCP1003,37.65,73.19,66.08,High,0.9044,0.9358,0.5605,0.7154,Webinar,"Since this HCP is highly engaged overall, Webinar is the ideal next step (56.1% likelihood), driven largely by their event registration recency and event attendance recency."
HCP1004,42.7,60.79,57.17,Medium,0.9731,0.8962,0.1305,0.7305,Sales Rep,We recommend reaching out via Sales Rep (73.1% likelihood). The model selected this channel primarily due to the HCP's sales rep interaction recency and completed rep visits.
HCP1005,52.99,60.8,59.24,Medium,0.853,0.8948,0.1677,0.7335,Sales Rep,We recommend reaching out via Sales Rep (73.4% likelihood). The model selected this channel primarily due to the HCP's sales rep interaction recency and completed rep visit recency.
HCP1006,66.71,68.3,67.98,High,0.9789,0.9793,0.6036,0.5205,Webinar,"Since this HCP is highly engaged overall, Webinar is the ideal next step (60.4% likelihood), driven largely by their event attendance history and event attendance recency."
HCP1007,35.69,40.24,39.33,Low,0.8254,0.9444,0.0943,0.2566,Website,"To build momentum with this lower-engagement HCP, Website is the safest bet (94.4% likelihood), which strongly aligns with their web content viewing frequency and total website duration."
HCP1008,49.26,54.99,53.84,Medium,0.9832,0.9522,0.3067,0.4228,Website,We recommend reaching out via Website (95.2% likelihood). The model selected this channel primarily due to the HCP's web content viewing frequency and video completion rate.
HCP1009,45.99,77.23,70.98,High,0.9672,0.9587,0.5737,0.7793,Webinar,"Since this HCP is highly engaged overall, Webinar is the ideal next step (57.4% likelihood), driven largely by their event registration recency and event attendance recency."
HCP1010,27.49,66.64,58.81,Medium,0.9836,0.8055,0.4519,0.6785,Webinar,We recommend reaching out via Webinar (45.2% likelihood). The model selected this channel primarily due to the HCP's event attendance rate and event attendance recency.
HCP1011,47.39,56.05,54.32,Medium,0.9818,0.74,0.0943,0.7152,Sales Rep,We recommend reaching out via Sales Rep (71.5% likelihood). The model selected this channel primarily due to the HCP's sales rep interaction recency and completed rep visit recency.
HCP1012,72.09,45.18,50.56,Low,0.7593,0.9817,0.1909,0.3056,Website,"To build momentum with this lower-engagement HCP, Website is the safest bet (98.2% likelihood), which strongly aligns with their web content viewing frequency and event registration recency."
HCP1013,70.19,62.49,64.03,High,0.9363,0.9806,0.5105,0.455,Webinar,"Since this HCP is highly engaged overall, Webinar is the ideal next step (51.0% likelihood), driven largely by their event attendance history and event attendance rate."
HCP1014,48.31,54.63,53.37,Medium,0.9841,0.7303,0.6714,0.2511,Webinar,We recommend reaching out via Webinar (67.1% likelihood). The model selected this channel primarily due to the HCP's event registration recency and event attendance recency.
HCP1015,50.44,70.99,66.88,High,0.9827,0.9786,0.4305,0.7169,Sales Rep,"Since this HCP is highly engaged overall, Sales Rep is the ideal next step (71.7% likelihood), driven largely by their completed rep visits and preference for sales reps."
HCP1016,21.12,63.67,55.16,Medium,0.8652,0.6884,0.5584,0.6124,Webinar,We recommend reaching out via Webinar (55.8% likelihood). The model selected this channel primarily due to the HCP's event registration recency and event attendance history.
HCP1017,57.36,56.8,56.91,Medium,0.9836,0.9707,0.1048,0.6101,Website,We recommend reaching out via Website (97.1% likelihood). The model selected this channel primarily due to the HCP's web content viewing frequency and event registration recency.
HCP1018,38.41,55.9,52.4,Medium,0.9354,0.9596,0.1207,0.5932,Website,We recommend reaching out via Website (96.0% likelihood). The model selected this channel primarily due to the HCP's web content viewing frequency and video completion rate.
HCP1019,39.71,60.86,56.63,Medium,0.9772,0.9688,0.2951,0.5715,Website,We recommend reaching out via Website (96.9% likelihood). The model selected this channel primarily due to the HCP's web content viewing frequency and email open rate.
HCP1020,28.89,60.24,53.97,Medium,0.9356,0.5856,0.6657,0.48,Webinar,We recommend reaching out via Webinar (66.6% likelihood). The model selected this channel primarily due to the HCP's event registration recency and event attendance history.
HCP1021,76.29,76.78,76.68,High,0.9547,0.974,0.6417,0.7126,Webinar,"Since this HCP is highly engaged overall, Webinar is the ideal next step (64.2% likelihood), driven largely by their event registration recency and event attendance recency."
HCP1022,28.62,56.5,50.93,Low,0.8227,0.7025,0.0938,0.7853,Sales Rep,"To build momentum with this lower-engagement HCP, Sales Rep is the safest bet (78.5% likelihood), which strongly aligns with their sales rep interaction recency and completed rep visits."
HCP1023,35.62,51.74,48.51,Low,0.8401,0.9746,0.4001,0.296,Webinar,"To build momentum with this lower-engagement HCP, Webinar is the safest bet (40.0% likelihood), which strongly aligns with their event registration recency and event attendance history."
HCP1024,40.15,65.9,60.75,High,0.9696,0.949,0.1777,0.7974,Sales Rep,"Since this HCP is highly engaged overall, Sales Rep is the ideal next step (79.7% likelihood), driven largely by their sales rep interaction recency and completed rep visit recency."
HCP1025,28.93,46.07,42.64,Low,0.9343,0.9113,0.1011,0.3868,Website,"To build momentum with this lower-engagement HCP, Website is the safest bet (91.1% likelihood), which strongly aligns with their web content viewing frequency and longest website session."
HCP1026,23.46,59.55,52.33,Medium,0.9191,0.8603,0.101,0.753,Sales Rep,We recommend reaching out via Sales Rep (75.3% likelihood). The model selected this channel primarily due to the HCP's sales rep interaction recency and completed rep visit recency.
HCP1027,38.24,48.38,46.35,Low,0.8744,0.9521,0.1198,0.4249,Website,"To build momentum with this lower-engagement HCP, Website is the safest bet (95.2% likelihood), which strongly aligns with their web content viewing frequency and total website duration."
HCP1028,36.87,74.32,66.83,High,0.9857,0.9498,0.4687,0.7853,Sales Rep,"Since this HCP is highly engaged overall, Sales Rep is the ideal next step (78.5% likelihood), driven largely by their completed rep visits and sales rep interaction recency."
HCP1029,42.89,45.46,44.95,Low,0.98,0.6953,0.1224,0.4521,Email,"To build momentum with this lower-engagement HCP, Email is the safest bet (98.0% likelihood), which strongly aligns with their historical email volume and email open rate."
HCP1030,14.44,45.32,39.15,Low,0.6282,0.6177,0.2298,0.4949,Sales Rep,"To build momentum with this lower-engagement HCP, Sales Rep is the safest bet (49.5% likelihood), which strongly aligns with their completed rep visits and total event attendance duration."
HCP1031,44.97,73.25,67.59,High,0.9854,0.9131,0.4724,0.774,Webinar,"Since this HCP is highly engaged overall, Webinar is the ideal next step (47.2% likelihood), driven largely by their event attendance rate and event registration recency."
HCP1032,66.6,63.01,63.73,High,0.9711,0.98,0.0981,0.7688,Sales Rep,"Since this HCP is highly engaged overall, Sales Rep is the ideal next step (76.9% likelihood), driven largely by their completed rep visits and average website session duration."
HCP1033,38.36,44.33,43.13,Low,0.9849,0.8803,0.0945,0.351,Email,"To build momentum with this lower-engagement HCP, Email is the safest bet (98.5% likelihood), which strongly aligns with their historical email volume and email open rate."
HCP1034,24.0,56.44,49.95,Low,0.72,0.6628,0.5657,0.4753,Webinar,"To build momentum with this lower-engagement HCP, Webinar is the safest bet (56.6% likelihood), which strongly aligns with their event registration recency and event attendance history."
HCP1035,35.11,73.71,65.99,High,0.9552,0.9245,0.4475,0.806,Sales Rep,"Since this HCP is highly engaged overall, Sales Rep is the ideal next step (80.6% likelihood), driven largely by their sales rep interaction recency and completed rep visits."
HCP1036,33.87,61.56,56.02,Medium,0.9597,0.788,0.2351,0.7288,Sales Rep,We recommend reaching out via Sales Rep (72.9% likelihood). The model selected this channel primarily due to the HCP's sales rep interaction recency and completed rep visit recency.
HCP1037,93.74,67.4,72.67,High,0.9495,0.982,0.3473,0.6962,Sales Rep,"Since this HCP is highly engaged overall, Sales Rep is the ideal next step (69.6% likelihood), driven largely by their completed rep visits and unique field reps met."
HCP1038,17.49,50.89,44.21,Low,0.7506,0.6941,0.3418,0.4812,Webinar,"To build momentum with this lower-engagement HCP, Webinar is the safest bet (34.2% likelihood), which strongly aligns with their event attendance history and event attendance recency."
HCP1039,57.65,50.97,52.3,Medium,0.9662,0.9721,0.0938,0.4762,Website,We recommend reaching out via Website (97.2% likelihood). The model selected this channel primarily due to the HCP's web content viewing frequency and video completion rate.
HCP1040,54.09,53.56,53.67,Medium,0.9837,0.9748,0.214,0.4453,Website,We recommend reaching out via Website (97.5% likelihood). The model selected this channel primarily due to the HCP's web content viewing frequency and website activity volume.
HCP1041,46.52,67.91,63.64,High,0.975,0.9177,0.3701,0.7177,Sales Rep,"Since this HCP is highly engaged overall, Sales Rep is the ideal next step (71.8% likelihood), driven largely by their completed rep visits and average website session duration."
HCP1042,60.35,60.33,60.34,Medium,0.969,0.9491,0.4419,0.4601,Webinar,We recommend reaching out via Webinar (44.2% likelihood). The model selected this channel primarily due to the HCP's event attendance history and event registration recency.
HCP1043,27.03,60.23,53.59,Medium,0.9463,0.8779,0.6171,0.3676,Webinar,We recommend reaching out via Webinar (61.7% likelihood). The model selected this channel primarily due to the HCP's event registration recency and event attendance recency.
HCP1044,56.11,77.83,73.48,High,0.9721,0.9671,0.6247,0.7505,Webinar,"Since this HCP is highly engaged overall, Webinar is the ideal next step (62.5% likelihood), driven largely by their event registration recency and event attendance recency."
HCP1045,41.47,55.16,52.42,Medium,0.8942,0.9683,0.0943,0.6005,Website,We recommend reaching out via Website (96.8% likelihood). The model selected this channel primarily due to the HCP's web content viewing frequency and website activity volume.
HCP1046,37.12,70.61,63.92,High,0.9838,0.9585,0.5968,0.5926,Webinar,"Since this HCP is highly engaged overall, Webinar is the ideal next step (59.7% likelihood), driven largely by their event registration recency and event attendance recency."
HCP1047,37.52,49.17,46.84,Low,0.8951,0.8286,0.2691,0.3893,Email,"To build momentum with this lower-engagement HCP, Email is the safest bet (89.5% likelihood), which strongly aligns with their email open rate and email open frequency."
HCP1048,42.74,75.14,68.66,High,0.9636,0.9625,0.5717,0.7275,Webinar,"Since this HCP is highly engaged overall, Webinar is the ideal next step (57.2% likelihood), driven largely by their event attendance history and event attendance rate."
HCP1049,59.1,51.85,53.3,Medium,0.9856,0.9126,0.4118,0.2847,Webinar,We recommend reaching out via Webinar (41.2% likelihood). The model selected this channel primarily due to the HCP's event attendance history and event poll participation.
HCP1050,77.34,67.33,69.34,High,0.9768,0.9826,0.2587,0.7538,Sales Rep,"Since this HCP is highly engaged overall, Sales Rep is the ideal next step (75.4% likelihood), driven largely by their completed rep visits and total time spent with reps."
HCP1051,39.15,52.23,49.61,Low,0.8269,0.8658,0.2626,0.4692,Website,"To build momentum with this lower-engagement HCP, Website is the safest bet (86.6% likelihood), which strongly aligns with their video completion rate and email open rate."
HCP1052,45.02,44.85,44.88,Low,0.9811,0.9711,0.1356,0.2887,Website,"To build momentum with this lower-engagement HCP, Website is the safest bet (97.1% likelihood), which strongly aligns with their web content viewing frequency and website activity volume."
HCP1053,16.9,45.42,39.71,Low,0.9265,0.8043,0.0939,0.4312,Email,"To build momentum with this lower-engagement HCP, Email is the safest bet (92.7% likelihood), which strongly aligns with their email open rate and email click rate."
HCP1054,39.41,51.02,48.7,Low,0.8375,0.735,0.1058,0.6194,Sales Rep,"To build momentum with this lower-engagement HCP, Sales Rep is the safest bet (61.9% likelihood), which strongly aligns with their completed rep visits and completed rep visits."
HCP1055,71.27,43.05,48.69,Low,0.9798,0.9804,0.1427,0.2339,Website,"To build momentum with this lower-engagement HCP, Website is the safest bet (98.0% likelihood), which strongly aligns with their web content viewing frequency and website activity volume."
HCP1056,28.08,44.57,41.27,Low,0.9587,0.7292,0.1282,0.4136,Email,"To build momentum with this lower-engagement HCP, Email is the safest bet (95.9% likelihood), which strongly aligns with their email open rate and email click rate."
HCP1057,28.79,59.55,53.4,Medium,0.8285,0.7171,0.2235,0.7553,Sales Rep,We recommend reaching out via Sales Rep (75.5% likelihood). The model selected this channel primarily due to the HCP's sales rep interaction recency and completed rep visit recency.
HCP1058,13.96,54.35,46.27,Low,0.8535,0.9662,0.5282,0.266,Webinar,"To build momentum with this lower-engagement HCP, Webinar is the safest bet (52.8% likelihood), which strongly aligns with their event registration recency and event attendance history."
HCP1059,52.03,51.11,51.29,Low,0.9769,0.9499,0.3461,0.299,Website,"To build momentum with this lower-engagement HCP, Website is the safest bet (95.0% likelihood), which strongly aligns with their web content viewing frequency and video completion rate."
HCP1060,48.82,72.98,68.15,High,0.9487,0.9542,0.4464,0.7755,Sales Rep,"Since this HCP is highly engaged overall, Sales Rep is the ideal next step (77.5% likelihood), driven largely by their completed rep visits and sales rep interaction recency."
HCP1061,18.67,55.3,47.97,Low,0.7295,0.7128,0.5914,0.4002,Webinar,"To build momentum with this lower-engagement HCP, Webinar is the safest bet (59.1% likelihood), which strongly aligns with their event registration recency and event attendance recency."
HCP1062,55.19,53.81,54.09,Medium,0.9774,0.7819,0.094,0.6395,Sales Rep,We recommend reaching out via Sales Rep (64.0% likelihood). The model selected this channel primarily due to the HCP's completed rep visits and average website session duration.
HCP1063,36.4,46.38,44.38,Low,0.9704,0.8542,0.1223,0.398,Email,"To build momentum with this lower-engagement HCP, Email is the safest bet (97.0% likelihood), which strongly aligns with their email open rate and historical email volume."
HCP1064,35.4,45.1,43.16,Low,0.9734,0.871,0.0955,0.3771,Email,"To build momentum with this lower-engagement HCP, Email is the safest bet (97.3% likelihood), which strongly aligns with their email open rate and historical email volume."
HCP1065,46.91,63.06,59.83,Medium,0.9642,0.8876,0.6332,0.4167,Webinar,We recommend reaching out via Webinar (63.3% likelihood). The model selected this channel primarily due to the HCP's event registration recency and event attendance history.
HCP1066,19.66,62.0,53.53,Medium,0.9815,0.7033,0.4739,0.5976,Webinar,We recommend reaching out via Webinar (47.4% likelihood). The model selected this channel primarily due to the HCP's event registration recency and event attendance history.
HCP1067,30.77,75.58,66.62,High,0.9824,0.912,0.6916,0.6692,Webinar,"Since this HCP is highly engaged overall, Webinar is the ideal next step (69.2% likelihood), driven largely by their event registration recency and event attendance history."
HCP1068,38.67,72.64,65.84,High,0.9847,0.9257,0.5907,0.6639,Webinar,"Since this HCP is highly engaged overall, Webinar is the ideal next step (59.1% likelihood), driven largely by their event registration recency and event attendance history."
HCP1069,24.64,47.06,42.58,Low,0.8217,0.7935,0.2063,0.4197,Website,"To build momentum with this lower-engagement HCP, Website is the safest bet (79.4% likelihood), which strongly aligns with their web download rate and preference for email."
HCP1070,55.2,62.14,60.75,High,0.9722,0.9821,0.0947,0.7484,Sales Rep,"Since this HCP is highly engaged overall, Sales Rep is the ideal next step (74.8% likelihood), driven largely by their completed rep visits and total time spent with reps."
HCP1071,34.64,48.15,45.45,Low,0.8572,0.9603,0.2365,0.3319,Website,"To build momentum with this lower-engagement HCP, Website is the safest bet (96.0% likelihood), which strongly aligns with their web content viewing frequency and total website duration."
HCP1072,29.18,45.54,42.27,Low,0.9151,0.8198,0.2812,0.289,Email,"To build momentum with this lower-engagement HCP, Email is the safest bet (91.5% likelihood), which strongly aligns with their historical email volume and email open rate."
HCP1073,53.62,71.18,67.67,High,0.7436,0.8816,0.6957,0.6309,Webinar,"Since this HCP is highly engaged overall, Webinar is the ideal next step (69.6% likelihood), driven largely by their event attendance history and event registration recency."
HCP1074,67.76,58.22,60.13,Medium,0.9717,0.9096,0.1359,0.6558,Sales Rep,We recommend reaching out via Sales Rep (65.6% likelihood). The model selected this channel primarily due to the HCP's completed rep visits and digital engagement volume.
HCP1075,53.89,58.62,57.67,Medium,0.9853,0.977,0.2086,0.5742,Website,We recommend reaching out via Website (97.7% likelihood). The model selected this channel primarily due to the HCP's web content viewing frequency and video completion rate.
HCP1076,48.95,63.64,60.71,Medium,0.8057,0.9714,0.5265,0.5091,Webinar,We recommend reaching out via Webinar (52.7% likelihood). The model selected this channel primarily due to the HCP's event registration recency and event attendance history.
HCP1077,75.01,56.39,60.11,Medium,0.9805,0.9782,0.2469,0.4903,Website,We recommend reaching out via Website (97.8% likelihood). The model selected this channel primarily due to the HCP's web content viewing frequency and video completion rate.
HCP1078,40.36,62.96,58.44,Medium,0.9629,0.7474,0.3171,0.7217,Sales Rep,We recommend reaching out via Sales Rep (72.2% likelihood). The model selected this channel primarily due to the HCP's completed rep visits and average website session duration.
HCP1079,39.71,68.38,62.65,High,0.9606,0.9471,0.2179,0.8324,Sales Rep,"Since this HCP is highly engaged overall, Sales Rep is the ideal next step (83.2% likelihood), driven largely by their sales rep interaction recency and completed rep visits."
HCP1080,20.28,70.09,60.13,Medium,0.7286,0.9184,0.5763,0.6788,Webinar,We recommend reaching out via Webinar (57.6% likelihood). The model selected this channel primarily due to the HCP's event registration recency and event attendance history.
HCP1081,41.22,67.89,62.56,High,0.7874,0.9613,0.6531,0.53,Webinar,"Since this HCP is highly engaged overall, Webinar is the ideal next step (65.3% likelihood), driven largely by their event registration recency and event attendance recency."
HCP1082,38.38,62.73,57.86,Medium,0.9818,0.9155,0.6368,0.3875,Webinar,We recommend reaching out via Webinar (63.7% likelihood). The model selected this channel primarily due to the HCP's event registration recency and event attendance recency.
HCP1083,52.18,57.55,56.48,Medium,0.8622,0.9812,0.1402,0.6276,Sales Rep,We recommend reaching out via Sales Rep (62.8% likelihood). The model selected this channel primarily due to the HCP's completed rep visits and rep visit completion rate.
HCP1084,40.95,54.77,52.0,Low,0.9608,0.96,0.094,0.5785,Website,"To build momentum with this lower-engagement HCP, Website is the safest bet (96.0% likelihood), which strongly aligns with their web content viewing frequency and video completion rate."
HCP1085,46.93,69.13,64.69,High,0.9731,0.9797,0.5775,0.5619,Webinar,"Since this HCP is highly engaged overall, Webinar is the ideal next step (57.7% likelihood), driven largely by their event registration recency and event attendance recency."
HCP1086,47.57,59.68,57.25,Medium,0.9813,0.911,0.2862,0.5764,Email,We recommend reaching out via Email (98.1% likelihood). The model selected this channel primarily due to the HCP's historical email volume and email open rate.
HCP1087,71.17,65.38,66.54,High,0.9637,0.9568,0.3389,0.661,Sales Rep,"Since this HCP is highly engaged overall, Sales Rep is the ideal next step (66.1% likelihood), driven largely by their completed rep visits and email open rate."
HCP1088,62.95,67.82,66.85,High,0.9793,0.8256,0.3994,0.7384,Sales Rep,"Since this HCP is highly engaged overall, Sales Rep is the ideal next step (73.8% likelihood), driven largely by their completed rep visits and email open rate."
HCP1089,65.57,64.13,64.41,High,0.9838,0.9826,0.2136,0.7057,Sales Rep,"Since this HCP is highly engaged overall, Sales Rep is the ideal next step (70.6% likelihood), driven largely by their completed rep visits and total time spent with reps."
HCP1090,42.19,68.85,63.52,High,0.9846,0.7336,0.5193,0.7188,Webinar,"Since this HCP is highly engaged overall, Webinar is the ideal next step (51.9% likelihood), driven largely by their event attendance history and event attendance recency."
HCP1091,44.64,61.85,58.41,Medium,0.9426,0.8741,0.263,0.6763,Sales Rep,We recommend reaching out via Sales Rep (67.6% likelihood). The model selected this channel primarily due to the HCP's completed rep visits and total event attendance duration.
HCP1092,24.11,41.54,38.06,Low,0.8105,0.593,0.1286,0.443,Email,"To build momentum with this lower-engagement HCP, Email is the safest bet (81.1% likelihood), which strongly aligns with their historical email volume and preference for events."
HCP1093,30.43,46.58,43.35,Low,0.958,0.7714,0.1533,0.4244,Email,"To build momentum with this lower-engagement HCP, Email is the safest bet (95.8% likelihood), which strongly aligns with their email open rate and email click rate."
HCP1094,36.05,59.6,54.89,Medium,0.8671,0.9736,0.1054,0.7074,Sales Rep,We recommend reaching out via Sales Rep (70.7% likelihood). The model selected this channel primarily due to the HCP's sales rep interaction recency and completed rep visit recency.
HCP1095,34.32,77.01,68.48,High,0.9725,0.9413,0.5662,0.787,Webinar,"Since this HCP is highly engaged overall, Webinar is the ideal next step (56.6% likelihood), driven largely by their event registration recency and event attendance recency."
HCP1096,27.96,54.06,48.84,Low,0.7699,0.5818,0.5271,0.4729,Webinar,"To build momentum with this lower-engagement HCP, Webinar is the safest bet (52.7% likelihood), which strongly aligns with their event attendance history and event attendance rate."
HCP1097,43.05,52.31,50.46,Low,0.9165,0.8989,0.2032,0.4767,Website,"To build momentum with this lower-engagement HCP, Website is the safest bet (89.9% likelihood), which strongly aligns with their web content viewing frequency and total website duration."
HCP1098,67.22,65.11,65.53,High,0.9305,0.9819,0.2613,0.7082,Sales Rep,"Since this HCP is highly engaged overall, Sales Rep is the ideal next step (70.8% likelihood), driven largely by their completed rep visits and average website session duration."
HCP1099,48.85,59.84,57.64,Medium,0.9846,0.9747,0.6086,0.3061,Webinar,We recommend reaching out via Webinar (60.9% likelihood). The model selected this channel primarily due to the HCP's event registration recency and event attendance history.
HCP1100,8.0,70.58,58.06,Medium,0.9787,0.8735,0.3898,0.7907,Sales Rep,We recommend reaching out via Sales Rep (79.1% likelihood). The model selected this channel primarily due to the HCP's sales rep interaction recency and completed rep visit recency.
HCP1101,31.3,49.26,45.66,Low,0.9246,0.7905,0.0961,0.5329,Email,"To build momentum with this lower-engagement HCP, Email is the safest bet (92.5% likelihood), which strongly aligns with their email open rate and email click rate."
HCP1102,40.99,48.73,47.18,Low,0.892,0.9678,0.2068,0.3562,Website,"To build momentum with this lower-engagement HCP, Website is the safest bet (96.8% likelihood), which strongly aligns with their web content viewing frequency and total website duration."
HCP1103,45.8,55.65,53.68,Medium,0.9273,0.884,0.1097,0.6351,Sales Rep,We recommend reaching out via Sales Rep (63.5% likelihood). The model selected this channel primarily due to the HCP's completed rep visits and email click rate.
HCP1104,32.69,77.44,68.49,High,0.9778,0.9121,0.6506,0.7476,Webinar,"Since this HCP is highly engaged overall, Webinar is the ideal next step (65.1% likelihood), driven largely by their event registration recency and event attendance recency."
HCP1105,47.91,72.94,67.93,High,0.9691,0.8804,0.5649,0.7173,Webinar,"Since this HCP is highly engaged overall, Webinar is the ideal next step (56.5% likelihood), driven largely by their event registration recency and event attendance recency."
HCP1106,20.44,54.68,47.83,Low,0.93,0.5158,0.6367,0.3991,Webinar,"To build momentum with this lower-engagement HCP, Webinar is the safest bet (63.7% likelihood), which strongly aligns with their event registration recency and event attendance recency."
HCP1107,45.88,60.8,57.82,Medium,0.9793,0.8909,0.3741,0.5492,Webinar,We recommend reaching out via Webinar (37.4% likelihood). The model selected this channel primarily due to the HCP's event registration recency and event attendance history.
HCP1108,36.36,61.49,56.46,Medium,0.9795,0.9577,0.5826,0.3764,Webinar,We recommend reaching out via Webinar (58.3% likelihood). The model selected this channel primarily due to the HCP's event registration recency and event attendance history.
HCP1109,44.63,48.34,47.6,Low,0.9868,0.9599,0.0965,0.4095,Website,"To build momentum with this lower-engagement HCP, Website is the safest bet (96.0% likelihood), which strongly aligns with their web content viewing frequency and total website duration."
HCP1110,35.48,70.29,63.33,High,0.9766,0.8227,0.5259,0.7073,Webinar,"Since this HCP is highly engaged overall, Webinar is the ideal next step (52.6% likelihood), driven largely by their event registration recency and event attendance rate."
HCP1111,22.81,36.83,34.03,Low,0.852,0.6048,0.1034,0.3279,Email,"To build momentum with this lower-engagement HCP, Email is the safest bet (85.2% likelihood), which strongly aligns with their email open rate and email click rate."
HCP1112,50.08,60.13,58.12,Medium,0.9443,0.947,0.1304,0.6959,Sales Rep,We recommend reaching out via Sales Rep (69.6% likelihood). The model selected this channel primarily due to the HCP's sales rep interaction recency and completed rep visits.
HCP1113,61.93,57.83,58.65,Medium,0.9829,0.9808,0.1051,0.6309,Sales Rep,We recommend reaching out via Sales Rep (63.1% likelihood). The model selected this channel primarily due to the HCP's completed rep visits and total time spent with reps.
HCP1114,37.91,62.08,57.25,Medium,0.9298,0.7895,0.145,0.8162,Sales Rep,We recommend reaching out via Sales Rep (81.6% likelihood). The model selected this channel primarily due to the HCP's completed rep visits and sales rep interaction recency.
HCP1115,43.86,65.07,60.82,High,0.9447,0.9524,0.2605,0.7189,Sales Rep,"Since this HCP is highly engaged overall, Sales Rep is the ideal next step (71.9% likelihood), driven largely by their completed rep visits and completed rep visits."
HCP1116,26.48,46.13,42.2,Low,0.9365,0.8689,0.1034,0.4071,Email,"To build momentum with this lower-engagement HCP, Email is the safest bet (93.7% likelihood), which strongly aligns with their historical email volume and email open rate."
HCP1117,50.4,60.64,58.59,Medium,0.9765,0.9231,0.0959,0.7385,Sales Rep,We recommend reaching out via Sales Rep (73.8% likelihood). The model selected this channel primarily due to the HCP's completed rep visits and sales rep interaction recency.
HCP1118,50.37,55.28,54.3,Medium,0.9803,0.9303,0.2155,0.5102,Email,We recommend reaching out via Email (98.0% likelihood). The model selected this channel primarily due to the HCP's historical email volume and email open rate.
HCP1119,50.17,57.58,56.1,Medium,0.8425,0.9285,0.3762,0.4826,Webinar,We recommend reaching out via Webinar (37.6% likelihood). The model selected this channel primarily due to the HCP's event attendance history and event attendance rate.
HCP1120,28.55,45.3,41.95,Low,0.7898,0.8359,0.0943,0.4464,Website,"To build momentum with this lower-engagement HCP, Website is the safest bet (83.6% likelihood), which strongly aligns with their longest website session and website recency."
HCP1121,59.53,75.44,72.25,High,0.9549,0.9253,0.6411,0.7036,Webinar,"Since this HCP is highly engaged overall, Webinar is the ideal next step (64.1% likelihood), driven largely by their event attendance history and event attendance recency."
HCP1122,28.26,68.66,60.58,Medium,0.8817,0.9116,0.4706,0.6874,Webinar,We recommend reaching out via Webinar (47.1% likelihood). The model selected this channel primarily due to the HCP's event registration recency and event attendance rate.
HCP1123,54.88,77.33,72.84,High,0.9798,0.9761,0.6281,0.7291,Webinar,"Since this HCP is highly engaged overall, Webinar is the ideal next step (62.8% likelihood), driven largely by their event registration recency and event attendance recency."
HCP1124,50.93,49.58,49.85,Low,0.9842,0.6662,0.4497,0.3231,Webinar,"To build momentum with this lower-engagement HCP, Webinar is the safest bet (45.0% likelihood), which strongly aligns with their event attendance history and event registration recency."
HCP1125,39.71,63.79,58.97,Medium,0.9846,0.9138,0.4778,0.5333,Webinar,We recommend reaching out via Webinar (47.8% likelihood). The model selected this channel primarily due to the HCP's event registration recency and event attendance rate.
HCP1126,36.36,60.84,55.94,Medium,0.9242,0.8355,0.5529,0.4575,Webinar,We recommend reaching out via Webinar (55.3% likelihood). The model selected this channel primarily due to the HCP's event registration recency and event attendance recency.
HCP1127,43.1,60.57,57.07,Medium,0.9726,0.9463,0.6481,0.3118,Webinar,We recommend reaching out via Webinar (64.8% likelihood). The model selected this channel primarily due to the HCP's event registration recency and event attendance recency.
HCP1128,63.17,62.09,62.3,High,0.978,0.9821,0.2887,0.6001,Website,"Since this HCP is highly engaged overall, Website is the ideal next step (98.2% likelihood), driven largely by their web content viewing frequency and video completion rate."
HCP1129,38.11,44.69,43.37,Low,0.9821,0.7606,0.0952,0.4199,Email,"To build momentum with this lower-engagement HCP, Email is the safest bet (98.2% likelihood), which strongly aligns with their historical email volume and email open rate."
HCP1130,35.89,62.01,56.79,Medium,0.8089,0.9131,0.203,0.7392,Sales Rep,We recommend reaching out via Sales Rep (73.9% likelihood). The model selected this channel primarily due to the HCP's sales rep interaction recency and completed rep visit recency.
HCP1131,68.28,63.65,64.58,High,0.9837,0.9537,0.0944,0.7977,Sales Rep,"Since this HCP is highly engaged overall, Sales Rep is the ideal next step (79.8% likelihood), driven largely by their completed rep visits and sales rep interaction recency."
HCP1132,45.62,69.8,64.96,High,0.9467,0.9746,0.4433,0.6886,Webinar,"Since this HCP is highly engaged overall, Webinar is the ideal next step (44.3% likelihood), driven largely by their event attendance history and event attendance recency."
HCP1133,37.41,57.04,53.11,Medium,0.9263,0.9665,0.3433,0.4536,Website,We recommend reaching out via Website (96.7% likelihood). The model selected this channel primarily due to the HCP's web content viewing frequency and event registration recency.
HCP1134,19.34,42.18,37.61,Low,0.9419,0.9464,0.1336,0.2456,Website,"To build momentum with this lower-engagement HCP, Website is the safest bet (94.6% likelihood), which strongly aligns with their web content viewing frequency and total website duration."
HCP1135,47.78,53.01,51.97,Low,0.9825,0.9474,0.2495,0.4189,Website,"To build momentum with this lower-engagement HCP, Website is the safest bet (94.7% likelihood), which strongly aligns with their web content viewing frequency and video completion rate."
HCP1136,65.26,44.64,48.76,Low,0.9759,0.9822,0.1261,0.2863,Website,"To build momentum with this lower-engagement HCP, Website is the safest bet (98.2% likelihood), which strongly aligns with their web content viewing frequency and website activity volume."
HCP1137,31.15,51.69,47.58,Low,0.9707,0.9751,0.4534,0.222,Webinar,"To build momentum with this lower-engagement HCP, Webinar is the safest bet (45.3% likelihood), which strongly aligns with their event registration recency and event attendance history."
HCP1138,44.29,40.18,41.0,Low,0.779,0.9758,0.096,0.2497,Website,"To build momentum with this lower-engagement HCP, Website is the safest bet (97.6% likelihood), which strongly aligns with their web content viewing frequency and web content viewing frequency."
HCP1139,26.18,32.81,31.49,Low,0.9745,0.5446,0.095,0.2331,Email,"To build momentum with this lower-engagement HCP, Email is the safest bet (97.5% likelihood), which strongly aligns with their historical email volume and email open rate."
HCP1140,35.35,61.84,56.55,Medium,0.9229,0.9433,0.5025,0.4668,Webinar,We recommend reaching out via Webinar (50.3% likelihood). The model selected this channel primarily due to the HCP's event registration recency and event attendance history.
HCP1141,62.52,63.95,63.66,High,0.9763,0.9792,0.3585,0.5961,Website,"Since this HCP is highly engaged overall, Website is the ideal next step (97.9% likelihood), driven largely by their web content viewing frequency and video completion rate."
HCP1142,51.54,68.75,65.31,High,0.9538,0.9766,0.4325,0.6675,Webinar,"Since this HCP is highly engaged overall, Webinar is the ideal next step (43.3% likelihood), driven largely by their event attendance history and event attendance rate."
HCP1143,27.65,58.87,52.63,Medium,0.7219,0.8744,0.3925,0.5597,Webinar,We recommend reaching out via Webinar (39.2% likelihood). The model selected this channel primarily due to the HCP's event attendance history and event attendance recency.
HCP1144,36.07,68.25,61.82,High,0.9314,0.8758,0.4269,0.7154,Sales Rep,"Since this HCP is highly engaged overall, Sales Rep is the ideal next step (71.5% likelihood), driven largely by their sales rep interaction recency and completed rep visit recency."
HCP1145,39.08,50.36,48.11,Low,0.9484,0.6834,0.0946,0.6093,Sales Rep,"To build momentum with this lower-engagement HCP, Sales Rep is the safest bet (60.9% likelihood), which strongly aligns with their completed rep visits and average website session duration."
HCP1146,47.95,63.42,60.33,Medium,0.9821,0.9768,0.6093,0.3947,Webinar,We recommend reaching out via Webinar (60.9% likelihood). The model selected this channel primarily due to the HCP's event registration recency and event attendance history.
HCP1147,61.56,47.1,49.99,Low,0.9709,0.9726,0.2745,0.2425,Website,"To build momentum with this lower-engagement HCP, Website is the safest bet (97.3% likelihood), which strongly aligns with their web content viewing frequency and video completion rate."
HCP1148,23.76,43.58,39.61,Low,0.9627,0.704,0.2139,0.3363,Email,"To build momentum with this lower-engagement HCP, Email is the safest bet (96.3% likelihood), which strongly aligns with their historical email volume and email open rate."
HCP1149,41.57,43.05,42.76,Low,0.8593,0.877,0.0948,0.3519,Website,"To build momentum with this lower-engagement HCP, Website is the safest bet (87.7% likelihood), which strongly aligns with their web content viewing frequency and website activity volume."
HCP1150,28.88,62.12,55.47,Medium,0.9801,0.875,0.6073,0.4149,Webinar,We recommend reaching out via Webinar (60.7% likelihood). The model selected this channel primarily due to the HCP's event registration recency and event attendance recency.
HCP1151,45.02,66.85,62.49,High,0.9833,0.702,0.4633,0.7271,Webinar,"Since this HCP is highly engaged overall, Webinar is the ideal next step (46.3% likelihood), driven largely by their event attendance history and event attendance rate."
HCP1152,39.13,64.61,59.51,Medium,0.9806,0.9038,0.26,0.7232,Sales Rep,We recommend reaching out via Sales Rep (72.3% likelihood). The model selected this channel primarily due to the HCP's completed rep visits and total time spent with reps.
HCP1153,74.4,58.68,61.82,High,0.9479,0.9782,0.1598,0.6211,Sales Rep,"Since this HCP is highly engaged overall, Sales Rep is the ideal next step (62.1% likelihood), driven largely by their completed rep visits and average website session duration."
HCP1154,46.74,53.39,52.06,Low,0.9662,0.9571,0.4061,0.3101,Webinar,"To build momentum with this lower-engagement HCP, Webinar is the safest bet (40.6% likelihood), which strongly aligns with their event attendance history and event attendance rate."
HCP1155,59.14,47.12,49.53,Low,0.892,0.9699,0.261,0.2744,Website,"To build momentum with this lower-engagement HCP, Website is the safest bet (97.0% likelihood), which strongly aligns with their web content viewing frequency and event registration recency."
HCP1156,44.74,72.79,67.18,High,0.9735,0.8015,0.6056,0.7216,Webinar,"Since this HCP is highly engaged overall, Webinar is the ideal next step (60.6% likelihood), driven largely by their event registration recency and event attendance recency."
HCP1157,58.45,63.21,62.26,High,0.9857,0.9773,0.2343,0.6693,Sales Rep,"Since this HCP is highly engaged overall, Sales Rep is the ideal next step (66.9% likelihood), driven largely by their completed rep visits and sales rep interaction recency."
HCP1158,62.8,57.7,58.72,Medium,0.9374,0.9615,0.2595,0.5328,Website,We recommend reaching out via Website (96.2% likelihood). The model selected this channel primarily due to the HCP's web content viewing frequency and website activity volume.
HCP1159,46.89,42.2,43.14,Low,0.8102,0.9015,0.1495,0.2895,Website,"To build momentum with this lower-engagement HCP, Website is the safest bet (90.1% likelihood), which strongly aligns with their web content viewing frequency and total website duration."
HCP1160,37.2,74.07,66.7,High,0.9437,0.9664,0.5851,0.6939,Webinar,"Since this HCP is highly engaged overall, Webinar is the ideal next step (58.5% likelihood), driven largely by their event registration recency and event attendance recency."
HCP1161,43.0,62.78,58.82,Medium,0.8173,0.9722,0.2004,0.7287,Sales Rep,We recommend reaching out via Sales Rep (72.9% likelihood). The model selected this channel primarily due to the HCP's sales rep interaction recency and completed rep visit recency.
HCP1162,64.68,75.21,73.1,High,0.9494,0.9673,0.5815,0.7231,Webinar,"Since this HCP is highly engaged overall, Webinar is the ideal next step (58.1% likelihood), driven largely by their event attendance history and event attendance rate."
HCP1163,71.36,64.63,65.97,High,0.9691,0.982,0.1187,0.7933,Sales Rep,"Since this HCP is highly engaged overall, Sales Rep is the ideal next step (79.3% likelihood), driven largely by their completed rep visits and total event attendance duration."
HCP1164,53.18,65.47,63.01,High,0.952,0.978,0.3027,0.6827,Sales Rep,"Since this HCP is highly engaged overall, Sales Rep is the ideal next step (68.3% likelihood), driven largely by their completed rep visits and email open rate."
HCP1165,32.56,72.61,64.6,High,0.764,0.8256,0.5117,0.8278,Webinar,"Since this HCP is highly engaged overall, Webinar is the ideal next step (51.2% likelihood), driven largely by their event attendance history and event attendance rate."
HCP1166,53.41,55.53,55.1,Medium,0.9788,0.9729,0.5369,0.2543,Webinar,We recommend reaching out via Webinar (53.7% likelihood). The model selected this channel primarily due to the HCP's event registration recency and event attendance recency.
HCP1167,54.76,62.54,60.99,High,0.9731,0.9803,0.1523,0.7159,Sales Rep,"Since this HCP is highly engaged overall, Sales Rep is the ideal next step (71.6% likelihood), driven largely by their sales rep interaction recency and completed rep visit recency."
HCP1168,48.83,55.46,54.14,Medium,0.9514,0.8479,0.3175,0.4866,Email,We recommend reaching out via Email (95.1% likelihood). The model selected this channel primarily due to the HCP's email recency and email open rate.
HCP1169,84.65,74.81,76.78,High,0.979,0.9826,0.6098,0.6769,Webinar,"Since this HCP is highly engaged overall, Webinar is the ideal next step (61.0% likelihood), driven largely by their event attendance history and event registration recency."
HCP1170,20.54,65.69,56.66,Medium,0.942,0.9612,0.5879,0.4851,Webinar,We recommend reaching out via Webinar (58.8% likelihood). The model selected this channel primarily due to the HCP's event registration recency and event attendance history.
HCP1171,58.15,54.82,55.49,Medium,0.9682,0.7548,0.3743,0.4704,Webinar,We recommend reaching out via Webinar (37.4% likelihood). The model selected this channel primarily due to the HCP's event attendance history and event registration recency.
HCP1172,48.43,64.12,60.98,High,0.9798,0.9355,0.1216,0.799,Sales Rep,"Since this HCP is highly engaged overall, Sales Rep is the ideal next step (79.9% likelihood), driven largely by their sales rep interaction recency and completed rep visit recency."
HCP1173,33.38,70.46,63.05,High,0.9614,0.9306,0.3443,0.7976,Sales Rep,"Since this HCP is highly engaged overall, Sales Rep is the ideal next step (79.8% likelihood), driven largely by their sales rep interaction recency and completed rep visit recency."
HCP1174,49.69,58.58,56.8,Medium,0.9001,0.7843,0.4784,0.4884,Webinar,We recommend reaching out via Webinar (47.8% likelihood). The model selected this channel primarily due to the HCP's event attendance history and event attendance rate.
HCP1175,16.37,53.9,46.39,Low,0.815,0.7073,0.5548,0.374,Webinar,"To build momentum with this lower-engagement HCP, Webinar is the safest bet (55.5% likelihood), which strongly aligns with their event registration recency and event attendance history."
HCP1176,27.84,47.47,43.55,Low,0.9794,0.6349,0.2789,0.4153,Email,"To build momentum with this lower-engagement HCP, Email is the safest bet (97.9% likelihood), which strongly aligns with their historical email volume and email open rate."
HCP1177,32.42,39.47,38.06,Low,0.758,0.8317,0.0944,0.3106,Website,"To build momentum with this lower-engagement HCP, Website is the safest bet (83.2% likelihood), which strongly aligns with their web content viewing frequency and website activity volume."
HCP1178,25.65,76.39,66.24,High,0.8619,0.8498,0.6425,0.7875,Webinar,"Since this HCP is highly engaged overall, Webinar is the ideal next step (64.2% likelihood), driven largely by their event registration recency and event registration recency."
HCP1179,29.76,67.57,60.01,Medium,0.8877,0.9322,0.2269,0.8311,Sales Rep,We recommend reaching out via Sales Rep (83.1% likelihood). The model selected this channel primarily due to the HCP's sales rep interaction recency and completed rep visits.
HCP1180,33.27,66.74,60.04,Medium,0.9193,0.9313,0.5395,0.5683,Webinar,We recommend reaching out via Webinar (54.0% likelihood). The model selected this channel primarily due to the HCP's event registration recency and event attendance recency.
HCP1181,44.27,77.33,70.71,High,0.9673,0.9505,0.6079,0.7601,Webinar,"Since this HCP is highly engaged overall, Webinar is the ideal next step (60.8% likelihood), driven largely by their event registration recency and event attendance recency."
HCP1182,40.77,48.99,47.35,Low,0.8542,0.9618,0.136,0.4283,Website,"To build momentum with this lower-engagement HCP, Website is the safest bet (96.2% likelihood), which strongly aligns with their web content viewing frequency and web content viewing frequency."
HCP1183,29.3,58.38,52.57,Medium,0.9606,0.922,0.5256,0.3643,Webinar,We recommend reaching out via Webinar (52.6% likelihood). The model selected this channel primarily due to the HCP's event registration recency and event attendance recency.
HCP1184,44.82,50.7,49.53,Low,0.7619,0.9048,0.3491,0.3628,Webinar,"To build momentum with this lower-engagement HCP, Webinar is the safest bet (34.9% likelihood), which strongly aligns with their event attendance history and event attendance recency."
HCP1185,45.53,69.56,64.76,High,0.9493,0.661,0.7058,0.6419,Webinar,"Since this HCP is highly engaged overall, Webinar is the ideal next step (70.6% likelihood), driven largely by their event attendance history and event registration recency."
HCP1186,43.33,57.28,54.49,Medium,0.7754,0.7558,0.1352,0.7589,Sales Rep,We recommend reaching out via Sales Rep (75.9% likelihood). The model selected this channel primarily due to the HCP's completed rep visits and rep visit completion rate.
HCP1187,14.95,66.18,55.93,Medium,0.7067,0.974,0.5648,0.5671,Webinar,We recommend reaching out via Webinar (56.5% likelihood). The model selected this channel primarily due to the HCP's event registration recency and event attendance recency.
HCP1188,15.74,52.69,45.3,Low,0.9725,0.7746,0.0938,0.6165,Sales Rep,"To build momentum with this lower-engagement HCP, Sales Rep is the safest bet (61.7% likelihood), which strongly aligns with their completed rep visits and total time spent with reps."
HCP1189,51.57,58.76,57.32,Medium,0.9652,0.9646,0.6574,0.2522,Webinar,We recommend reaching out via Webinar (65.7% likelihood). The model selected this channel primarily due to the HCP's event registration recency and event registration recency.
HCP1190,41.78,59.53,55.98,Medium,0.7895,0.941,0.4754,0.4639,Webinar,We recommend reaching out via Webinar (47.5% likelihood). The model selected this channel primarily due to the HCP's event attendance history and event attendance rate.
HCP1191,50.11,60.55,58.46,Medium,0.9845,0.8697,0.2286,0.6614,Sales Rep,We recommend reaching out via Sales Rep (66.1% likelihood). The model selected this channel primarily due to the HCP's completed rep visits and sales rep interaction recency.
HCP1192,25.97,56.4,50.31,Low,0.814,0.9078,0.0939,0.6822,Sales Rep,"To build momentum with this lower-engagement HCP, Sales Rep is the safest bet (68.2% likelihood), which strongly aligns with their sales rep interaction recency and completed rep visit recency."
HCP1193,9.29,45.85,38.54,Low,0.7059,0.6399,0.4296,0.3277,Webinar,"To build momentum with this lower-engagement HCP, Webinar is the safest bet (43.0% likelihood), which strongly aligns with their event registration recency and event attendance history."
HCP1194,36.74,76.91,68.88,High,0.9628,0.9753,0.5339,0.7941,Webinar,"Since this HCP is highly engaged overall, Webinar is the ideal next step (53.4% likelihood), driven largely by their event registration recency and event attendance recency."
HCP1195,51.37,68.86,65.36,High,0.9523,0.8187,0.4908,0.7059,Webinar,"Since this HCP is highly engaged overall, Webinar is the ideal next step (49.1% likelihood), driven largely by their event attendance history and event attendance recency."
HCP1196,41.83,74.2,67.73,High,0.9714,0.9297,0.5122,0.7631,Webinar,"Since this HCP is highly engaged overall, Webinar is the ideal next step (51.2% likelihood), driven largely by their event registration recency and event attendance recency."
HCP1197,48.4,55.0,53.68,Medium,0.9848,0.9281,0.3217,0.4234,Email,We recommend reaching out via Email (98.5% likelihood). The model selected this channel primarily due to the HCP's historical email volume and email open rate.
HCP1198,55.34,54.39,54.58,Medium,0.9416,0.9688,0.3963,0.3429,Webinar,We recommend reaching out via Webinar (39.6% likelihood). The model selected this channel primarily due to the HCP's event attendance history and event attendance recency.
HCP1199,60.17,66.37,65.13,High,0.8816,0.9796,0.2273,0.7785,Sales Rep,"Since this HCP is highly engaged overall, Sales Rep is the ideal next step (77.8% likelihood), driven largely by their completed rep visits and email open rate."
HCP1200,32.85,73.85,65.65,High,0.985,0.8833,0.481,0.7977,Sales Rep,"Since this HCP is highly engaged overall, Sales Rep is the ideal next step (79.8% likelihood), driven largely by their sales rep interaction recency and completed rep visits."
HCP1201,23.28,65.12,56.75,Medium,0.9622,0.9696,0.0954,0.8311,Sales Rep,We recommend reaching out via Sales Rep (83.1% likelihood). The model selected this channel primarily due to the HCP's sales rep interaction recency and completed rep visits.
HCP1202,54.97,66.4,64.11,High,0.9096,0.9603,0.4413,0.6215,Webinar,"Since this HCP is highly engaged overall, Webinar is the ideal next step (44.1% likelihood), driven largely by their event attendance history and event registration recency."
HCP1203,31.06,75.33,66.48,High,0.9104,0.963,0.5366,0.7718,Webinar,"Since this HCP is highly engaged overall, Webinar is the ideal next step (53.7% likelihood), driven largely by their event registration recency and event attendance recency."
HCP1204,50.47,69.76,65.9,High,0.9808,0.9727,0.3324,0.7632,Sales Rep,"Since this HCP is highly engaged overall, Sales Rep is the ideal next step (76.3% likelihood), driven largely by their completed rep visits and preference for sales reps."
HCP1205,48.7,54.4,53.26,Medium,0.959,0.959,0.0946,0.5698,Website,We recommend reaching out via Website (95.9% likelihood). The model selected this channel primarily due to the HCP's web content viewing frequency and video completion rate.
HCP1206,56.52,68.45,66.07,High,0.9232,0.9821,0.2658,0.7901,Sales Rep,"Since this HCP is highly engaged overall, Sales Rep is the ideal next step (79.0% likelihood), driven largely by their completed rep visits and sales rep interaction recency."
HCP1207,38.35,80.35,71.95,High,0.9108,0.9198,0.721,0.7804,Webinar,"Since this HCP is highly engaged overall, Webinar is the ideal next step (72.1% likelihood), driven largely by their event registration recency and event registration recency."
HCP1208,27.5,77.45,67.46,High,0.8895,0.9647,0.5969,0.7838,Webinar,"Since this HCP is highly engaged overall, Webinar is the ideal next step (59.7% likelihood), driven largely by their event registration recency and event attendance recency."
HCP1209,37.46,38.91,38.62,Low,0.9659,0.8063,0.0949,0.257,Email,"To build momentum with this lower-engagement HCP, Email is the safest bet (96.6% likelihood), which strongly aligns with their historical email volume and email open rate."
HCP1210,52.48,79.27,73.91,High,0.9724,0.9626,0.6976,0.7341,Webinar,"Since this HCP is highly engaged overall, Webinar is the ideal next step (69.8% likelihood), driven largely by their event registration recency and event attendance history."
HCP1211,32.62,40.01,38.53,Low,0.8145,0.9658,0.0943,0.2431,Website,"To build momentum with this lower-engagement HCP, Website is the safest bet (96.6% likelihood), which strongly aligns with their web content viewing frequency and website activity volume."
HCP1212,47.71,57.39,55.46,Medium,0.9849,0.9407,0.0939,0.6479,Sales Rep,We recommend reaching out via Sales Rep (64.8% likelihood). The model selected this channel primarily due to the HCP's completed rep visits and total event attendance duration.
HCP1213,41.1,50.22,48.4,Low,0.9043,0.9694,0.1233,0.4523,Website,"To build momentum with this lower-engagement HCP, Website is the safest bet (96.9% likelihood), which strongly aligns with their web content viewing frequency and video completion rate."
HCP1214,48.15,74.49,69.22,High,0.9599,0.905,0.623,0.7025,Webinar,"Since this HCP is highly engaged overall, Webinar is the ideal next step (62.3% likelihood), driven largely by their event registration recency and event attendance recency."
HCP1215,39.35,80.29,72.1,High,0.9617,0.953,0.6841,0.7772,Webinar,"Since this HCP is highly engaged overall, Webinar is the ideal next step (68.4% likelihood), driven largely by their event registration recency and event attendance history."
HCP1216,66.94,54.66,57.11,Medium,0.9859,0.9824,0.4743,0.273,Webinar,We recommend reaching out via Webinar (47.4% likelihood). The model selected this channel primarily due to the HCP's event attendance history and event attendance rate.
HCP1217,20.11,72.05,61.66,High,0.9588,0.8599,0.6451,0.6477,Webinar,"Since this HCP is highly engaged overall, Webinar is the ideal next step (64.5% likelihood), driven largely by their event registration recency and event attendance recency."
HCP1218,57.84,76.87,73.06,High,0.9814,0.9622,0.6407,0.7148,Webinar,"Since this HCP is highly engaged overall, Webinar is the ideal next step (64.1% likelihood), driven largely by their event registration recency and event attendance recency."
HCP1219,44.61,55.37,53.22,Medium,0.9226,0.8755,0.3354,0.4642,Email,We recommend reaching out via Email (92.3% likelihood). The model selected this channel primarily due to the HCP's email open rate and email recency.
HCP1220,75.16,69.3,70.48,High,0.9838,0.9812,0.3066,0.7661,Sales Rep,"Since this HCP is highly engaged overall, Sales Rep is the ideal next step (76.6% likelihood), driven largely by their completed rep visits and average website session duration."
HCP1221,44.41,70.32,65.14,High,0.9687,0.9542,0.4396,0.7091,Webinar,"Since this HCP is highly engaged overall, Webinar is the ideal next step (44.0% likelihood), driven largely by their event attendance history and event attendance recency."
HCP1222,47.33,68.91,64.59,High,0.8204,0.9229,0.4898,0.6888,Webinar,"Since this HCP is highly engaged overall, Webinar is the ideal next step (49.0% likelihood), driven largely by their event attendance history and event attendance rate."
HCP1223,64.29,59.68,60.6,Medium,0.8854,0.925,0.2419,0.6267,Sales Rep,We recommend reaching out via Sales Rep (62.7% likelihood). The model selected this channel primarily due to the HCP's completed rep visits and days meeting with reps.
HCP1224,68.72,51.82,55.2,Medium,0.9377,0.8612,0.2561,0.4384,Email,We recommend reaching out via Email (93.8% likelihood). The model selected this channel primarily due to the HCP's historical email volume and email open rate.
HCP1225,26.66,61.28,54.35,Medium,0.9592,0.9293,0.6179,0.3641,Webinar,We recommend reaching out via Webinar (61.8% likelihood). The model selected this channel primarily due to the HCP's event registration recency and event attendance recency.
HCP1226,66.69,75.28,73.56,High,0.9014,0.9577,0.5151,0.7914,Webinar,"Since this HCP is highly engaged overall, Webinar is the ideal next step (51.5% likelihood), driven largely by their event attendance history and event attendance rate."
HCP1227,33.37,51.08,47.54,Low,0.9003,0.7931,0.1394,0.5509,Sales Rep,"To build momentum with this lower-engagement HCP, Sales Rep is the safest bet (55.1% likelihood), which strongly aligns with their completed rep visits and completed rep visits."
HCP1228,25.39,54.28,48.5,Low,0.8634,0.8052,0.0951,0.6673,Sales Rep,"To build momentum with this lower-engagement HCP, Sales Rep is the safest bet (66.7% likelihood), which strongly aligns with their sales rep interaction recency and completed rep visit recency."
HCP1229,38.13,52.63,49.73,Low,0.9147,0.6992,0.1127,0.6531,Sales Rep,"To build momentum with this lower-engagement HCP, Sales Rep is the safest bet (65.3% likelihood), which strongly aligns with their completed rep visits and total event attendance duration."
HCP1230,41.33,51.5,49.47,Low,0.8711,0.8279,0.0944,0.5851,Sales Rep,"To build momentum with this lower-engagement HCP, Sales Rep is the safest bet (58.5% likelihood), which strongly aligns with their completed rep visits and total time spent with reps."
HCP1231,19.88,77.06,65.62,High,0.9721,0.7699,0.6949,0.7773,Webinar,"Since this HCP is highly engaged overall, Webinar is the ideal next step (69.5% likelihood), driven largely by their event registration recency and event attendance history."
HCP1232,72.37,51.26,55.48,Medium,0.8384,0.982,0.4005,0.2807,Webinar,We recommend reaching out via Webinar (40.0% likelihood). The model selected this channel primarily due to the HCP's event attendance history and event registration recency.
HCP1233,25.79,63.65,56.08,Medium,0.9172,0.9715,0.0957,0.8044,Sales Rep,We recommend reaching out via Sales Rep (80.4% likelihood). The model selected this channel primarily due to the HCP's sales rep interaction recency and completed rep visit recency.
HCP1234,65.6,52.21,54.89,Medium,0.9772,0.9827,0.4082,0.2635,Webinar,We recommend reaching out via Webinar (40.8% likelihood). The model selected this channel primarily due to the HCP's event attendance history and event attendance rate.
HCP1235,41.83,55.91,53.1,Medium,0.9794,0.8933,0.1112,0.6229,Sales Rep,We recommend reaching out via Sales Rep (62.3% likelihood). The model selected this channel primarily due to the HCP's completed rep visits and average website session duration.
HCP1236,41.24,64.92,60.19,Medium,0.9305,0.7355,0.4472,0.6872,Webinar,We recommend reaching out via Webinar (44.7% likelihood). The model selected this channel primarily due to the HCP's event attendance history and event attendance rate.
HCP1237,29.06,64.87,57.71,Medium,0.9343,0.9754,0.0939,0.83,Sales Rep,We recommend reaching out via Sales Rep (83.0% likelihood). The model selected this channel primarily due to the HCP's completed rep visits and sales rep interaction recency.
HCP1238,50.53,57.71,56.27,Medium,0.9831,0.9769,0.1265,0.6136,Website,We recommend reaching out via Website (97.7% likelihood). The model selected this channel primarily due to the HCP's web content viewing frequency and video completion rate.
HCP1239,33.89,82.04,72.41,High,0.9822,0.9791,0.6876,0.8002,Webinar,"Since this HCP is highly engaged overall, Webinar is the ideal next step (68.8% likelihood), driven largely by their event registration recency and event attendance history."
HCP1240,40.62,65.44,60.48,Medium,0.8666,0.9483,0.5764,0.513,Webinar,We recommend reaching out via Webinar (57.6% likelihood). The model selected this channel primarily due to the HCP's event attendance history and event attendance rate.
HCP1241,40.75,54.64,51.86,Low,0.9707,0.9698,0.0946,0.5675,Website,"To build momentum with this lower-engagement HCP, Website is the safest bet (97.0% likelihood), which strongly aligns with their web content viewing frequency and website activity volume."
HCP1242,38.07,64.28,59.04,Medium,0.9223,0.8981,0.2219,0.7611,Sales Rep,We recommend reaching out via Sales Rep (76.1% likelihood). The model selected this channel primarily due to the HCP's completed rep visits and email open rate.
HCP1243,29.79,39.85,37.84,Low,0.8978,0.8632,0.0949,0.2691,Website,"To build momentum with this lower-engagement HCP, Website is the safest bet (86.3% likelihood), which strongly aligns with their web content viewing frequency and video completion rate."
HCP1244,44.64,41.58,42.19,Low,0.9675,0.8578,0.0953,0.2973,Email,"To build momentum with this lower-engagement HCP, Email is the safest bet (96.8% likelihood), which strongly aligns with their historical email volume and email open rate."
HCP1245,62.41,60.4,60.8,High,0.9503,0.9817,0.299,0.5574,Website,"Since this HCP is highly engaged overall, Website is the ideal next step (98.2% likelihood), driven largely by their web content viewing frequency and website activity volume."
HCP1246,16.23,61.32,52.3,Medium,0.7298,0.7848,0.5623,0.5364,Webinar,We recommend reaching out via Webinar (56.2% likelihood). The model selected this channel primarily due to the HCP's event registration recency and event attendance recency.
HCP1247,38.99,62.31,57.64,Medium,0.9551,0.9726,0.0953,0.7611,Sales Rep,We recommend reaching out via Sales Rep (76.1% likelihood). The model selected this channel primarily due to the HCP's sales rep interaction recency and completed rep visits.
HCP1248,47.37,53.09,51.95,Low,0.9651,0.8357,0.2974,0.4452,Email,"To build momentum with this lower-engagement HCP, Email is the safest bet (96.5% likelihood), which strongly aligns with their historical email volume and email click rate."
HCP1249,46.59,52.97,51.69,Low,0.9808,0.8891,0.4414,0.3034,Webinar,"To build momentum with this lower-engagement HCP, Webinar is the safest bet (44.1% likelihood), which strongly aligns with their event attendance history and event attendance recency."
HCP1250,46.98,53.42,52.13,Medium,0.977,0.8664,0.105,0.5792,Email,We recommend reaching out via Email (97.7% likelihood). The model selected this channel primarily due to the HCP's historical email volume and email open rate.
HCP1251,46.99,57.36,55.29,Medium,0.7561,0.9482,0.5189,0.3817,Webinar,We recommend reaching out via Webinar (51.9% likelihood). The model selected this channel primarily due to the HCP's event attendance history and event attendance recency.
HCP1252,20.81,57.08,49.83,Low,0.9725,0.7288,0.0938,0.7492,Sales Rep,"To build momentum with this lower-engagement HCP, Sales Rep is the safest bet (74.9% likelihood), which strongly aligns with their sales rep interaction recency and completed rep visits."
HCP1253,59.84,70.65,68.49,High,0.984,0.9134,0.3964,0.7663,Sales Rep,"Since this HCP is highly engaged overall, Sales Rep is the ideal next step (76.6% likelihood), driven largely by their completed rep visits and average website session duration."
HCP1254,62.59,49.85,52.4,Medium,0.9759,0.9734,0.3567,0.248,Website,We recommend reaching out via Website (97.3% likelihood). The model selected this channel primarily due to the HCP's web content viewing frequency and email open rate.
HCP1255,33.28,62.89,56.97,Medium,0.8185,0.9493,0.6556,0.4014,Webinar,We recommend reaching out via Webinar (65.6% likelihood). The model selected this channel primarily due to the HCP's event registration recency and event attendance recency.
HCP1256,40.25,49.93,47.99,Low,0.9544,0.96,0.194,0.3842,Website,"To build momentum with this lower-engagement HCP, Website is the safest bet (96.0% likelihood), which strongly aligns with their web content viewing frequency and total website duration."
HCP1257,26.81,60.06,53.41,Medium,0.7602,0.6062,0.6484,0.522,Webinar,We recommend reaching out via Webinar (64.8% likelihood). The model selected this channel primarily due to the HCP's event registration recency and event attendance recency.
HCP1258,60.28,64.03,63.28,High,0.9653,0.9625,0.2536,0.6879,Sales Rep,"Since this HCP is highly engaged overall, Sales Rep is the ideal next step (68.8% likelihood), driven largely by their completed rep visits and average website session duration."
HCP1259,22.16,53.24,47.02,Low,0.9402,0.8241,0.5166,0.2964,Webinar,"To build momentum with this lower-engagement HCP, Webinar is the safest bet (51.7% likelihood), which strongly aligns with their event registration recency and event attendance history."
HCP1260,69.93,72.55,72.03,High,0.9783,0.9746,0.5451,0.673,Webinar,"Since this HCP is highly engaged overall, Webinar is the ideal next step (54.5% likelihood), driven largely by their event attendance history and event registration recency."
HCP1261,24.08,50.11,44.91,Low,0.9361,0.918,0.0944,0.4889,Website,"To build momentum with this lower-engagement HCP, Website is the safest bet (91.8% likelihood), which strongly aligns with their web content viewing frequency and web content viewing frequency."
HCP1262,40.01,68.09,62.47,High,0.8556,0.782,0.5762,0.6651,Webinar,"Since this HCP is highly engaged overall, Webinar is the ideal next step (57.6% likelihood), driven largely by their event registration recency and event attendance history."
HCP1263,52.2,70.02,66.46,High,0.9583,0.967,0.5863,0.5878,Webinar,"Since this HCP is highly engaged overall, Webinar is the ideal next step (58.6% likelihood), driven largely by their event registration recency and event attendance recency."
HCP1264,51.38,59.85,58.15,Medium,0.9822,0.9468,0.3337,0.527,Website,We recommend reaching out via Website (94.7% likelihood). The model selected this channel primarily due to the HCP's web content viewing frequency and total website duration.
HCP1265,26.55,58.08,51.78,Low,0.954,0.7069,0.095,0.789,Sales Rep,"To build momentum with this lower-engagement HCP, Sales Rep is the safest bet (78.9% likelihood), which strongly aligns with their sales rep interaction recency and completed rep visit recency."
HCP1266,16.19,55.96,48.01,Low,0.8105,0.7615,0.0945,0.7448,Sales Rep,"To build momentum with this lower-engagement HCP, Sales Rep is the safest bet (74.5% likelihood), which strongly aligns with their sales rep interaction recency and completed rep visit recency."
HCP1267,38.68,69.67,63.47,High,0.7208,0.9732,0.5584,0.6561,Webinar,"Since this HCP is highly engaged overall, Webinar is the ideal next step (55.8% likelihood), driven largely by their event registration recency and event attendance history."
HCP1268,67.52,73.18,72.05,High,0.9279,0.9629,0.5234,0.7235,Webinar,"Since this HCP is highly engaged overall, Webinar is the ideal next step (52.3% likelihood), driven largely by their event registration recency and event attendance history."
HCP1269,30.8,50.21,46.33,Low,0.9781,0.7333,0.0942,0.5734,Email,"To build momentum with this lower-engagement HCP, Email is the safest bet (97.8% likelihood), which strongly aligns with their historical email volume and email recency."
HCP1270,26.77,77.76,67.56,High,0.9708,0.8607,0.6101,0.8134,Webinar,"Since this HCP is highly engaged overall, Webinar is the ideal next step (61.0% likelihood), driven largely by their event registration recency and event attendance recency."
HCP1271,61.39,64.56,63.92,High,0.9524,0.9691,0.4386,0.5623,Webinar,"Since this HCP is highly engaged overall, Webinar is the ideal next step (43.9% likelihood), driven largely by their event attendance history and event attendance rate."
HCP1272,38.84,73.66,66.7,High,0.9054,0.9622,0.6398,0.6542,Webinar,"Since this HCP is highly engaged overall, Webinar is the ideal next step (64.0% likelihood), driven largely by their event attendance history and event attendance recency."
HCP1273,18.82,40.79,36.39,Low,0.8385,0.9036,0.108,0.2773,Website,"To build momentum with this lower-engagement HCP, Website is the safest bet (90.4% likelihood), which strongly aligns with their web content viewing frequency and web content viewing frequency."
HCP1274,42.86,65.42,60.91,High,0.9853,0.8094,0.5471,0.5741,Webinar,"Since this HCP is highly engaged overall, Webinar is the ideal next step (54.7% likelihood), driven largely by their event attendance history and event attendance rate."
HCP1275,5.78,72.4,59.08,Medium,0.9706,0.866,0.5136,0.7492,Webinar,We recommend reaching out via Webinar (51.4% likelihood). The model selected this channel primarily due to the HCP's event registration recency and event attendance history.
HCP1276,50.5,60.24,58.29,Medium,0.9798,0.9443,0.5219,0.3973,Webinar,We recommend reaching out via Webinar (52.2% likelihood). The model selected this channel primarily due to the HCP's event attendance history and event poll participation.
HCP1277,35.77,73.08,65.62,High,0.9702,0.7064,0.6575,0.7382,Webinar,"Since this HCP is highly engaged overall, Webinar is the ideal next step (65.8% likelihood), driven largely by their event registration recency and event attendance history."
HCP1278,55.44,50.82,51.74,Low,0.9861,0.9511,0.3319,0.2995,Website,"To build momentum with this lower-engagement HCP, Website is the safest bet (95.1% likelihood), which strongly aligns with their web content viewing frequency and website activity volume."
HCP1279,22.61,44.71,40.29,Low,0.9752,0.7143,0.3769,0.2341,Webinar,"To build momentum with this lower-engagement HCP, Webinar is the safest bet (37.7% likelihood), which strongly aligns with their event attendance history and event attendance rate."
HCP1280,59.97,73.26,70.6,High,0.9693,0.9812,0.4766,0.7412,Webinar,"Since this HCP is highly engaged overall, Webinar is the ideal next step (47.7% likelihood), driven largely by their event attendance history and event attendance rate."
HCP1281,45.32,68.12,63.56,High,0.9412,0.7929,0.4729,0.7166,Webinar,"Since this HCP is highly engaged overall, Webinar is the ideal next step (47.3% likelihood), driven largely by their event attendance history and event attendance rate."
HCP1282,51.2,52.62,52.34,Medium,0.9469,0.8237,0.2725,0.4626,Email,We recommend reaching out via Email (94.7% likelihood). The model selected this channel primarily due to the HCP's email open rate and longest website session.
HCP1283,55.47,69.2,66.45,High,0.7674,0.9594,0.4479,0.7225,Webinar,"Since this HCP is highly engaged overall, Webinar is the ideal next step (44.8% likelihood), driven largely by their event attendance history and event registration recency."
HCP1284,67.34,51.01,54.28,Medium,0.9853,0.931,0.121,0.4726,Email,We recommend reaching out via Email (98.5% likelihood). The model selected this channel primarily due to the HCP's email open rate and historical email volume.
HCP1285,51.18,44.97,46.21,Low,0.9818,0.7755,0.1364,0.3888,Email,"To build momentum with this lower-engagement HCP, Email is the safest bet (98.2% likelihood), which strongly aligns with their historical email volume and email open rate."
HCP1286,41.61,54.4,51.85,Low,0.7662,0.7149,0.4735,0.456,Webinar,"To build momentum with this lower-engagement HCP, Webinar is the safest bet (47.3% likelihood), which strongly aligns with their event registration recency and event attendance history."
HCP1287,34.13,70.28,63.05,High,0.9181,0.9649,0.3623,0.7733,Sales Rep,"Since this HCP is highly engaged overall, Sales Rep is the ideal next step (77.3% likelihood), driven largely by their completed rep visits and sales rep interaction recency."
HCP1288,29.87,45.28,42.19,Low,0.9758,0.7676,0.0949,0.433,Email,"To build momentum with this lower-engagement HCP, Email is the safest bet (97.6% likelihood), which strongly aligns with their historical email volume and email open rate."
HCP1289,40.45,65.15,60.21,Medium,0.8805,0.7868,0.5557,0.5984,Webinar,We recommend reaching out via Webinar (55.6% likelihood). The model selected this channel primarily due to the HCP's event registration recency and event attendance history.
HCP1290,34.17,57.56,52.88,Medium,0.849,0.6489,0.6612,0.4063,Webinar,We recommend reaching out via Webinar (66.1% likelihood). The model selected this channel primarily due to the HCP's event registration recency and event attendance recency.
HCP1291,51.83,41.97,43.94,Low,0.9089,0.8057,0.2231,0.2519,Email,"To build momentum with this lower-engagement HCP, Email is the safest bet (90.9% likelihood), which strongly aligns with their email open rate and email click rate."
HCP1292,39.63,55.72,52.5,Medium,0.9052,0.9128,0.3831,0.4231,Webinar,We recommend reaching out via Webinar (38.3% likelihood). The model selected this channel primarily due to the HCP's event attendance history and event registration recency.
HCP1293,60.45,53.9,55.21,Medium,0.9838,0.98,0.0955,0.5399,Website,We recommend reaching out via Website (98.0% likelihood). The model selected this channel primarily due to the HCP's web content viewing frequency and event registration recency.
HCP1294,30.46,41.71,39.46,Low,0.7102,0.9169,0.1346,0.3059,Website,"To build momentum with this lower-engagement HCP, Website is the safest bet (91.7% likelihood), which strongly aligns with their web content viewing frequency and web content viewing frequency."
HCP1295,29.77,58.82,53.01,Medium,0.8985,0.7874,0.1474,0.7416,Sales Rep,We recommend reaching out via Sales Rep (74.2% likelihood). The model selected this channel primarily due to the HCP's sales rep interaction recency and completed rep visit recency.
HCP1296,28.08,58.32,52.27,Medium,0.967,0.9666,0.0979,0.6594,Sales Rep,We recommend reaching out via Sales Rep (65.9% likelihood). The model selected this channel primarily due to the HCP's sales rep interaction recency and completed rep visit recency.
HCP1297,55.42,63.01,61.49,High,0.9849,0.97,0.1585,0.725,Sales Rep,"Since this HCP is highly engaged overall, Sales Rep is the ideal next step (72.5% likelihood), driven largely by their completed rep visits and sales rep interaction recency."
HCP1298,29.65,56.14,50.84,Low,0.9254,0.8955,0.5785,0.2905,Webinar,"To build momentum with this lower-engagement HCP, Webinar is the safest bet (57.8% likelihood), which strongly aligns with their event registration recency and event attendance history."
HCP1299,65.12,64.7,64.78,High,0.9674,0.9109,0.3492,0.6583,Sales Rep,"Since this HCP is highly engaged overall, Sales Rep is the ideal next step (65.8% likelihood), driven largely by their completed rep visits and email open rate."
HCP1300,33.51,56.45,51.86,Low,0.9419,0.8796,0.5761,0.304,Webinar,"To build momentum with this lower-engagement HCP, Webinar is the safest bet (57.6% likelihood), which strongly aligns with their event registration recency and event attendance history."
HCP1301,47.82,60.34,57.84,Medium,0.8689,0.8612,0.2063,0.7061,Sales Rep,We recommend reaching out via Sales Rep (70.6% likelihood). The model selected this channel primarily due to the HCP's sales rep interaction recency and completed rep visit recency.
HCP1302,34.52,61.0,55.71,Medium,0.981,0.9152,0.1262,0.7276,Sales Rep,We recommend reaching out via Sales Rep (72.8% likelihood). The model selected this channel primarily due to the HCP's sales rep interaction recency and completed rep visit recency.
HCP1303,35.11,52.93,49.37,Low,0.9095,0.6904,0.6716,0.247,Webinar,"To build momentum with this lower-engagement HCP, Webinar is the safest bet (67.2% likelihood), which strongly aligns with their event registration recency and event attendance history."
HCP1304,36.4,60.58,55.75,Medium,0.7311,0.9078,0.5507,0.4649,Webinar,We recommend reaching out via Webinar (55.1% likelihood). The model selected this channel primarily due to the HCP's event registration recency and event attendance history.
HCP1305,70.53,44.24,49.5,Low,0.8347,0.9573,0.2362,0.2415,Website,"To build momentum with this lower-engagement HCP, Website is the safest bet (95.7% likelihood), which strongly aligns with their web content viewing frequency and event registration recency."
HCP1306,55.5,73.39,69.82,High,0.9841,0.887,0.4936,0.7751,Webinar,"Since this HCP is highly engaged overall, Webinar is the ideal next step (49.4% likelihood), driven largely by their event attendance history and event attendance recency."
HCP1307,12.43,58.64,49.39,Low,0.7883,0.8703,0.0938,0.7633,Sales Rep,"To build momentum with this lower-engagement HCP, Sales Rep is the safest bet (76.3% likelihood), which strongly aligns with their completed rep visits and sales rep interaction recency."
HCP1308,37.06,60.54,55.85,Medium,0.9575,0.7516,0.6004,0.4481,Webinar,We recommend reaching out via Webinar (60.0% likelihood). The model selected this channel primarily due to the HCP's event registration recency and event attendance recency.
HCP1309,42.99,59.0,55.8,Medium,0.9442,0.8696,0.6372,0.3263,Webinar,We recommend reaching out via Webinar (63.7% likelihood). The model selected this channel primarily due to the HCP's event registration recency and event attendance history.
HCP1310,58.88,62.24,61.57,High,0.926,0.9775,0.1304,0.738,Sales Rep,"Since this HCP is highly engaged overall, Sales Rep is the ideal next step (73.8% likelihood), driven largely by their completed rep visits and total time spent with reps."
HCP1311,8.4,31.46,26.85,Low,0.7782,0.5198,0.094,0.2615,Email,"To build momentum with this lower-engagement HCP, Email is the safest bet (77.8% likelihood), which strongly aligns with their email open frequency and web resource download activity."
HCP1312,44.79,79.57,72.62,High,0.9796,0.9802,0.6369,0.7766,Webinar,"Since this HCP is highly engaged overall, Webinar is the ideal next step (63.7% likelihood), driven largely by their event registration recency and event attendance recency."
HCP1313,29.95,72.83,64.25,High,0.9075,0.8904,0.5454,0.7396,Webinar,"Since this HCP is highly engaged overall, Webinar is the ideal next step (54.5% likelihood), driven largely by their event registration recency and event attendance history."
HCP1314,40.61,58.1,54.6,Medium,0.8989,0.9694,0.0944,0.6724,Sales Rep,We recommend reaching out via Sales Rep (67.2% likelihood). The model selected this channel primarily due to the HCP's completed rep visits and average website session duration.
HCP1315,21.23,62.39,54.16,Medium,0.9532,0.8984,0.1146,0.7862,Sales Rep,We recommend reaching out via Sales Rep (78.6% likelihood). The model selected this channel primarily due to the HCP's sales rep interaction recency and completed rep visit recency.
HCP1316,50.48,60.01,58.1,Medium,0.9738,0.9641,0.0944,0.704,Sales Rep,We recommend reaching out via Sales Rep (70.4% likelihood). The model selected this channel primarily due to the HCP's sales rep interaction recency and completed rep visit recency.
HCP1317,33.18,49.52,46.26,Low,0.9654,0.6454,0.2944,0.4533,Email,"To build momentum with this lower-engagement HCP, Email is the safest bet (96.5% likelihood), which strongly aligns with their email recency and historical email volume."
HCP1318,24.91,44.02,40.2,Low,0.8697,0.7602,0.2946,0.2819,Email,"To build momentum with this lower-engagement HCP, Email is the safest bet (87.0% likelihood), which strongly aligns with their historical email volume and email open rate."
HCP1319,39.5,63.5,58.7,Medium,0.9797,0.8863,0.2374,0.7213,Sales Rep,We recommend reaching out via Sales Rep (72.1% likelihood). The model selected this channel primarily due to the HCP's sales rep interaction recency and completed rep visit recency.
HCP1320,41.99,59.74,56.19,Medium,0.9651,0.84,0.1306,0.7342,Sales Rep,We recommend reaching out via Sales Rep (73.4% likelihood). The model selected this channel primarily due to the HCP's completed rep visits and sales rep interaction recency.
HCP1321,49.44,66.42,63.03,High,0.8811,0.9795,0.6988,0.4265,Webinar,"Since this HCP is highly engaged overall, Webinar is the ideal next step (69.9% likelihood), driven largely by their event attendance history and event registration recency."
HCP1322,57.05,68.28,66.04,High,0.8728,0.7419,0.5168,0.7304,Webinar,"Since this HCP is highly engaged overall, Webinar is the ideal next step (51.7% likelihood), driven largely by their event attendance history and event registration recency."
HCP1323,21.36,60.98,53.06,Medium,0.98,0.9706,0.0963,0.7221,Sales Rep,We recommend reaching out via Sales Rep (72.2% likelihood). The model selected this channel primarily due to the HCP's completed rep visits and website recency.
HCP1324,51.41,62.6,60.36,Medium,0.9432,0.9783,0.5784,0.4063,Webinar,We recommend reaching out via Webinar (57.8% likelihood). The model selected this channel primarily due to the HCP's event registration recency and event attendance recency.
HCP1325,47.12,60.51,57.83,Medium,0.9847,0.9756,0.2357,0.602,Website,We recommend reaching out via Website (97.6% likelihood). The model selected this channel primarily due to the HCP's web content viewing frequency and video completion rate.
HCP1326,25.93,44.28,40.61,Low,0.9209,0.5951,0.3485,0.3178,Webinar,"To build momentum with this lower-engagement HCP, Webinar is the safest bet (34.9% likelihood), which strongly aligns with their event registration recency and event attendance history."
HCP1327,60.49,44.89,48.01,Low,0.7872,0.9575,0.1015,0.3706,Website,"To build momentum with this lower-engagement HCP, Website is the safest bet (95.8% likelihood), which strongly aligns with their web content viewing frequency and event registration recency."
HCP1328,66.25,50.82,53.9,Medium,0.8603,0.9832,0.2497,0.3765,Website,We recommend reaching out via Website (98.3% likelihood). The model selected this channel primarily due to the HCP's web content viewing frequency and video completion rate.
HCP1329,42.74,51.65,49.87,Low,0.9557,0.8525,0.4749,0.2698,Webinar,"To build momentum with this lower-engagement HCP, Webinar is the safest bet (47.5% likelihood), which strongly aligns with their event attendance history and event attendance rate."
HCP1330,31.42,51.75,47.69,Low,0.9827,0.8457,0.0955,0.5537,Email,"To build momentum with this lower-engagement HCP, Email is the safest bet (98.3% likelihood), which strongly aligns with their historical email volume and email open rate."
HCP1331,19.28,44.49,39.45,Low,0.9417,0.9213,0.2206,0.2506,Website,"To build momentum with this lower-engagement HCP, Website is the safest bet (92.1% likelihood), which strongly aligns with their website recency and web content viewing frequency."
HCP1332,41.5,47.03,45.92,Low,0.9843,0.9541,0.0953,0.3811,Website,"To build momentum with this lower-engagement HCP, Website is the safest bet (95.4% likelihood), which strongly aligns with their web content viewing frequency and web content viewing frequency."
HCP1333,47.08,65.26,61.63,High,0.9839,0.9289,0.6225,0.4543,Webinar,"Since this HCP is highly engaged overall, Webinar is the ideal next step (62.3% likelihood), driven largely by their event registration recency and event attendance recency."
HCP1334,63.15,54.8,56.47,Medium,0.913,0.8912,0.2094,0.5392,Website,We recommend reaching out via Website (89.1% likelihood). The model selected this channel primarily due to the HCP's web content viewing frequency and event registration recency.
HCP1335,28.37,45.14,41.79,Low,0.9706,0.6605,0.1209,0.465,Email,"To build momentum with this lower-engagement HCP, Email is the safest bet (97.1% likelihood), which strongly aligns with their historical email volume and email open frequency."
HCP1336,31.04,58.94,53.36,Medium,0.9421,0.9382,0.4446,0.4355,Webinar,We recommend reaching out via Webinar (44.5% likelihood). The model selected this channel primarily due to the HCP's event attendance history and event attendance recency.
HCP1337,25.61,64.99,57.11,Medium,0.9549,0.9538,0.59,0.4666,Webinar,We recommend reaching out via Webinar (59.0% likelihood). The model selected this channel primarily due to the HCP's event attendance history and event attendance recency.
HCP1338,55.64,61.58,60.39,Medium,0.8965,0.9726,0.1346,0.728,Sales Rep,We recommend reaching out via Sales Rep (72.8% likelihood). The model selected this channel primarily due to the HCP's completed rep visits and preference for sales reps.
HCP1339,78.98,61.85,65.28,High,0.9795,0.9814,0.217,0.648,Sales Rep,"Since this HCP is highly engaged overall, Sales Rep is the ideal next step (64.8% likelihood), driven largely by their completed rep visits and average website session duration."
HCP1340,35.33,54.91,50.99,Low,0.9564,0.9478,0.1078,0.5788,Website,"To build momentum with this lower-engagement HCP, Website is the safest bet (94.8% likelihood), which strongly aligns with their web content viewing frequency and longest website session."
HCP1341,69.06,55.29,58.04,Medium,0.9847,0.755,0.3162,0.5213,Email,We recommend reaching out via Email (98.5% likelihood). The model selected this channel primarily due to the HCP's historical email volume and email recency.
HCP1342,52.72,55.92,55.28,Medium,0.9826,0.7332,0.0942,0.7151,Sales Rep,We recommend reaching out via Sales Rep (71.5% likelihood). The model selected this channel primarily due to the HCP's completed rep visits and total event attendance duration.
HCP1343,27.16,59.49,53.02,Medium,0.773,0.9734,0.0944,0.7364,Sales Rep,We recommend reaching out via Sales Rep (73.6% likelihood). The model selected this channel primarily due to the HCP's sales rep interaction recency and completed rep visit recency.
HCP1344,42.53,60.08,56.57,Medium,0.9804,0.7786,0.6076,0.4118,Webinar,We recommend reaching out via Webinar (60.8% likelihood). The model selected this channel primarily due to the HCP's event registration recency and event attendance recency.
HCP1345,25.77,67.19,58.91,Medium,0.9393,0.9762,0.5803,0.5216,Webinar,We recommend reaching out via Webinar (58.0% likelihood). The model selected this channel primarily due to the HCP's event registration recency and event attendance recency.
HCP1346,26.58,67.9,59.64,Medium,0.8497,0.971,0.4075,0.6941,Sales Rep,We recommend reaching out via Sales Rep (69.4% likelihood). The model selected this channel primarily due to the HCP's sales rep interaction recency and completed rep visit recency.
HCP1347,49.0,71.64,67.11,High,0.983,0.9128,0.6291,0.617,Webinar,"Since this HCP is highly engaged overall, Webinar is the ideal next step (62.9% likelihood), driven largely by their event registration recency and event attendance recency."
HCP1348,37.15,68.01,61.84,High,0.9509,0.7289,0.5098,0.7158,Webinar,"Since this HCP is highly engaged overall, Webinar is the ideal next step (51.0% likelihood), driven largely by their event attendance history and event attendance rate."
HCP1349,18.96,62.91,54.12,Medium,0.9474,0.8584,0.3381,0.6531,Sales Rep,We recommend reaching out via Sales Rep (65.3% likelihood). The model selected this channel primarily due to the HCP's completed rep visits and website recency.
HCP1350,22.42,70.71,61.06,High,0.9576,0.7873,0.4615,0.7887,Sales Rep,"Since this HCP is highly engaged overall, Sales Rep is the ideal next step (78.9% likelihood), driven largely by their completed rep visits and sales rep interaction recency."
HCP1351,38.73,68.16,62.27,High,0.9681,0.9574,0.4425,0.6514,Webinar,"Since this HCP is highly engaged overall, Webinar is the ideal next step (44.3% likelihood), driven largely by their event registration recency and event attendance history."
HCP1352,33.42,59.15,54.0,Medium,0.7896,0.9452,0.2849,0.595,Website,We recommend reaching out via Website (94.5% likelihood). The model selected this channel primarily due to the HCP's web content viewing frequency and total website duration.
HCP1353,56.6,55.74,55.91,Medium,0.917,0.9261,0.3078,0.4704,Website,We recommend reaching out via Website (92.6% likelihood). The model selected this channel primarily due to the HCP's web content viewing frequency and total website duration.
HCP1354,62.75,56.78,57.98,Medium,0.9754,0.9799,0.622,0.2192,Webinar,We recommend reaching out via Webinar (62.2% likelihood). The model selected this channel primarily due to the HCP's event attendance history and event attendance recency.
HCP1355,44.69,45.1,45.02,Low,0.9239,0.7186,0.0946,0.4664,Email,"To build momentum with this lower-engagement HCP, Email is the safest bet (92.4% likelihood), which strongly aligns with their historical email volume and event poll participation."
HCP1356,44.7,68.03,63.36,High,0.9805,0.6847,0.6691,0.6114,Webinar,"Since this HCP is highly engaged overall, Webinar is the ideal next step (66.9% likelihood), driven largely by their event attendance history and event attendance recency."
HCP1357,39.35,57.95,54.23,Medium,0.9648,0.7177,0.2737,0.6434,Sales Rep,We recommend reaching out via Sales Rep (64.3% likelihood). The model selected this channel primarily due to the HCP's completed rep visits and sales rep interaction recency.
HCP1358,49.2,53.05,52.28,Medium,0.9834,0.8994,0.2652,0.4318,Email,We recommend reaching out via Email (98.3% likelihood). The model selected this channel primarily due to the HCP's historical email volume and email open rate.
HCP1359,43.8,58.07,55.21,Medium,0.976,0.6064,0.2644,0.7062,Sales Rep,We recommend reaching out via Sales Rep (70.6% likelihood). The model selected this channel primarily due to the HCP's completed rep visits and average website session duration.
HCP1360,34.57,49.82,46.77,Low,0.9443,0.9221,0.0954,0.4768,Website,"To build momentum with this lower-engagement HCP, Website is the safest bet (92.2% likelihood), which strongly aligns with their web content viewing frequency and total website duration."
HCP1361,47.92,62.63,59.69,Medium,0.9236,0.9624,0.1313,0.7551,Sales Rep,We recommend reaching out via Sales Rep (75.5% likelihood). The model selected this channel primarily due to the HCP's completed rep visits and total event attendance duration.
HCP1362,36.53,50.83,47.97,Low,0.9819,0.8551,0.2262,0.4282,Email,"To build momentum with this lower-engagement HCP, Email is the safest bet (98.2% likelihood), which strongly aligns with their historical email volume and email open rate."
HCP1363,37.51,48.5,46.31,Low,0.7846,0.9138,0.3942,0.2639,Webinar,"To build momentum with this lower-engagement HCP, Webinar is the safest bet (39.4% likelihood), which strongly aligns with their event attendance history and event attendance recency."
HCP1364,44.2,67.14,62.55,High,0.9853,0.9639,0.2665,0.7503,Sales Rep,"Since this HCP is highly engaged overall, Sales Rep is the ideal next step (75.0% likelihood), driven largely by their completed rep visits and total time spent with reps."
HCP1365,44.19,76.94,70.39,High,0.8861,0.9278,0.6395,0.7585,Webinar,"Since this HCP is highly engaged overall, Webinar is the ideal next step (63.9% likelihood), driven largely by their event attendance history and event registration recency."
HCP1366,78.35,63.56,66.52,High,0.9819,0.9815,0.3837,0.5649,Webinar,"Since this HCP is highly engaged overall, Webinar is the ideal next step (38.4% likelihood), driven largely by their event attendance history and event registration recency."
HCP1367,33.29,51.73,48.04,Low,0.9172,0.7344,0.5742,0.266,Webinar,"To build momentum with this lower-engagement HCP, Webinar is the safest bet (57.4% likelihood), which strongly aligns with their event attendance history and event attendance rate."
HCP1368,42.26,55.29,52.69,Medium,0.9796,0.9317,0.3975,0.3735,Webinar,We recommend reaching out via Webinar (39.7% likelihood). The model selected this channel primarily due to the HCP's event attendance history and event attendance recency.
HCP1369,75.27,60.12,63.15,High,0.9451,0.9821,0.3652,0.5018,Website,"Since this HCP is highly engaged overall, Website is the ideal next step (98.2% likelihood), driven largely by their web content viewing frequency and video completion rate."
HCP1370,54.4,58.54,57.71,Medium,0.981,0.9275,0.5923,0.3104,Webinar,We recommend reaching out via Webinar (59.2% likelihood). The model selected this channel primarily due to the HCP's event registration recency and event attendance recency.
HCP1371,30.26,53.64,48.97,Low,0.9304,0.727,0.094,0.6745,Sales Rep,"To build momentum with this lower-engagement HCP, Sales Rep is the safest bet (67.4% likelihood), which strongly aligns with their sales rep interaction recency and completed rep visit recency."
HCP1372,37.33,54.94,51.42,Low,0.98,0.8977,0.0952,0.6083,Sales Rep,"To build momentum with this lower-engagement HCP, Sales Rep is the safest bet (60.8% likelihood), which strongly aligns with their completed rep visits and website engagement recency."
HCP1373,23.37,56.99,50.26,Low,0.8915,0.7323,0.5231,0.4434,Webinar,"To build momentum with this lower-engagement HCP, Webinar is the safest bet (52.3% likelihood), which strongly aligns with their event registration recency and event attendance history."
HCP1374,24.03,36.85,34.29,Low,0.9571,0.5308,0.1334,0.3166,Email,"To build momentum with this lower-engagement HCP, Email is the safest bet (95.7% likelihood), which strongly aligns with their email open rate and email open frequency."
HCP1375,11.54,69.76,58.12,Medium,0.8371,0.6992,0.5343,0.7844,Webinar,We recommend reaching out via Webinar (53.4% likelihood). The model selected this channel primarily due to the HCP's event registration recency and event attendance history.
HCP1376,39.16,76.07,68.69,High,0.9778,0.9004,0.6011,0.7563,Webinar,"Since this HCP is highly engaged overall, Webinar is the ideal next step (60.1% likelihood), driven largely by their event registration recency and event attendance recency."
HCP1377,39.12,56.28,52.85,Medium,0.9717,0.9432,0.5847,0.2539,Webinar,We recommend reaching out via Webinar (58.5% likelihood). The model selected this channel primarily due to the HCP's event registration recency and event attendance recency.
HCP1378,47.15,63.87,60.53,Medium,0.8376,0.8996,0.2478,0.7518,Sales Rep,We recommend reaching out via Sales Rep (75.2% likelihood). The model selected this channel primarily due to the HCP's completed rep visits and total event attendance duration.
HCP1379,45.29,68.18,63.6,High,0.8902,0.9243,0.4693,0.6678,Webinar,"Since this HCP is highly engaged overall, Webinar is the ideal next step (46.9% likelihood), driven largely by their event attendance rate and event registration recency."
HCP1380,76.28,67.09,68.93,High,0.9799,0.9794,0.4835,0.5799,Webinar,"Since this HCP is highly engaged overall, Webinar is the ideal next step (48.3% likelihood), driven largely by their event attendance history and event registration recency."
HCP1381,42.06,60.25,56.61,Medium,0.9848,0.9426,0.099,0.7146,Sales Rep,We recommend reaching out via Sales Rep (71.5% likelihood). The model selected this channel primarily due to the HCP's completed rep visits and rep visit completion rate.
HCP1382,37.09,43.14,41.93,Low,0.8455,0.9768,0.1183,0.29,Website,"To build momentum with this lower-engagement HCP, Website is the safest bet (97.7% likelihood), which strongly aligns with their web content viewing frequency and website activity volume."
HCP1383,43.59,56.54,53.95,Medium,0.9768,0.9752,0.0961,0.6097,Website,We recommend reaching out via Website (97.5% likelihood). The model selected this channel primarily due to the HCP's web content viewing frequency and video completion rate.
HCP1384,74.12,71.84,72.3,High,0.9583,0.9752,0.5876,0.6282,Webinar,"Since this HCP is highly engaged overall, Webinar is the ideal next step (58.8% likelihood), driven largely by their event registration recency and event attendance recency."
HCP1385,32.77,76.52,67.77,High,0.9816,0.9726,0.6209,0.7155,Webinar,"Since this HCP is highly engaged overall, Webinar is the ideal next step (62.1% likelihood), driven largely by their event registration recency and event attendance recency."
HCP1386,20.12,60.56,52.47,Medium,0.9698,0.7864,0.0949,0.8073,Sales Rep,We recommend reaching out via Sales Rep (80.7% likelihood). The model selected this channel primarily due to the HCP's sales rep interaction recency and completed rep visits.
HCP1387,52.47,52.63,52.59,Medium,0.9845,0.8623,0.1488,0.5267,Email,We recommend reaching out via Email (98.5% likelihood). The model selected this channel primarily due to the HCP's historical email volume and email recency.
HCP1388,48.1,63.65,60.54,Medium,0.8797,0.973,0.2575,0.6917,Sales Rep,We recommend reaching out via Sales Rep (69.2% likelihood). The model selected this channel primarily due to the HCP's sales rep interaction recency and completed rep visit recency.
HCP1389,46.99,61.87,58.9,Medium,0.9331,0.935,0.6239,0.3781,Webinar,We recommend reaching out via Webinar (62.4% likelihood). The model selected this channel primarily due to the HCP's event registration recency and event attendance recency.
HCP1390,46.17,52.3,51.07,Low,0.8637,0.8794,0.4445,0.3185,Webinar,"To build momentum with this lower-engagement HCP, Webinar is the safest bet (44.4% likelihood), which strongly aligns with their event registration recency and event attendance history."
HCP1391,61.01,64.49,63.8,High,0.9761,0.9625,0.538,0.4835,Webinar,"Since this HCP is highly engaged overall, Webinar is the ideal next step (53.8% likelihood), driven largely by their event attendance history and event poll participation."
HCP1392,40.46,56.24,53.09,Medium,0.8096,0.7829,0.1295,0.7151,Sales Rep,We recommend reaching out via Sales Rep (71.5% likelihood). The model selected this channel primarily due to the HCP's completed rep visits and total event attendance duration.
HCP1393,46.86,58.02,55.79,Medium,0.8167,0.7984,0.2152,0.6857,Sales Rep,We recommend reaching out via Sales Rep (68.6% likelihood). The model selected this channel primarily due to the HCP's completed rep visits and total time spent with reps.
HCP1394,71.58,65.32,66.57,High,0.848,0.9827,0.2492,0.7427,Sales Rep,"Since this HCP is highly engaged overall, Sales Rep is the ideal next step (74.3% likelihood), driven largely by their completed rep visits and days meeting with reps."
HCP1395,38.03,62.37,57.5,Medium,0.9847,0.9258,0.0947,0.7792,Sales Rep,We recommend reaching out via Sales Rep (77.9% likelihood). The model selected this channel primarily due to the HCP's sales rep interaction recency and completed rep visits.
HCP1396,27.57,63.86,56.6,Medium,0.9549,0.814,0.2511,0.7625,Sales Rep,We recommend reaching out via Sales Rep (76.2% likelihood). The model selected this channel primarily due to the HCP's sales rep interaction recency and completed rep visit recency.
HCP1397,40.85,76.68,69.51,High,0.9059,0.9361,0.6568,0.7299,Webinar,"Since this HCP is highly engaged overall, Webinar is the ideal next step (65.7% likelihood), driven largely by their event registration recency and event attendance history."
HCP1398,38.41,56.67,53.02,Medium,0.8348,0.8188,0.2255,0.6296,Sales Rep,We recommend reaching out via Sales Rep (63.0% likelihood). The model selected this channel primarily due to the HCP's completed rep visits and total event attendance duration.
HCP1399,40.29,64.07,59.31,Medium,0.9287,0.9734,0.265,0.6841,Sales Rep,We recommend reaching out via Sales Rep (68.4% likelihood). The model selected this channel primarily due to the HCP's sales rep interaction recency and completed rep visit recency.
HCP1400,52.38,64.6,62.15,High,0.9765,0.9511,0.3713,0.6168,Sales Rep,"Since this HCP is highly engaged overall, Sales Rep is the ideal next step (61.7% likelihood), driven largely by their completed rep visits and total time spent with reps."
HCP1401,25.98,48.92,44.33,Low,0.7095,0.7299,0.6116,0.222,Webinar,"To build momentum with this lower-engagement HCP, Webinar is the safest bet (61.2% likelihood), which strongly aligns with their event registration recency and event attendance recency."
HCP1402,42.63,46.21,45.5,Low,0.9104,0.8898,0.0956,0.4111,Website,"To build momentum with this lower-engagement HCP, Website is the safest bet (89.0% likelihood), which strongly aligns with their preference for email and web download rate."
HCP1403,52.12,63.2,60.98,High,0.9675,0.9669,0.3459,0.5952,Website,"Since this HCP is highly engaged overall, Website is the ideal next step (96.7% likelihood), driven largely by their web content viewing frequency and video completion rate."
HCP1404,54.57,73.15,69.44,High,0.9616,0.9382,0.4967,0.7467,Webinar,"Since this HCP is highly engaged overall, Webinar is the ideal next step (49.7% likelihood), driven largely by their event attendance history and event attendance rate."
HCP1405,30.15,67.36,59.92,Medium,0.935,0.6965,0.558,0.6836,Webinar,We recommend reaching out via Webinar (55.8% likelihood). The model selected this channel primarily due to the HCP's event registration recency and event attendance history.
HCP1406,55.42,64.48,62.67,High,0.9558,0.9668,0.1653,0.7657,Sales Rep,"Since this HCP is highly engaged overall, Sales Rep is the ideal next step (76.6% likelihood), driven largely by their completed rep visits and email open rate."
HCP1407,13.81,34.94,30.72,Low,0.9053,0.5233,0.0942,0.315,Email,"To build momentum with this lower-engagement HCP, Email is the safest bet (90.5% likelihood), which strongly aligns with their email recency and historical email volume."
HCP1408,16.64,73.25,61.93,High,0.9842,0.9577,0.3967,0.8089,Sales Rep,"Since this HCP is highly engaged overall, Sales Rep is the ideal next step (80.9% likelihood), driven largely by their sales rep interaction recency and completed rep visits."
HCP1409,30.39,43.7,41.04,Low,0.6597,0.794,0.2826,0.3186,Website,"To build momentum with this lower-engagement HCP, Website is the safest bet (79.4% likelihood), which strongly aligns with their average rep meeting duration and website activity volume."
HCP1410,53.43,71.74,68.08,High,0.9709,0.9804,0.5514,0.6469,Webinar,"Since this HCP is highly engaged overall, Webinar is the ideal next step (55.1% likelihood), driven largely by their event attendance history and event attendance recency."
HCP1411,40.04,46.06,44.86,Low,0.9423,0.7664,0.1464,0.423,Email,"To build momentum with this lower-engagement HCP, Email is the safest bet (94.2% likelihood), which strongly aligns with their historical email volume and email click rate."
HCP1412,23.2,57.25,50.44,Low,0.9793,0.9774,0.5974,0.2496,Webinar,"To build momentum with this lower-engagement HCP, Webinar is the safest bet (59.7% likelihood), which strongly aligns with their event registration recency and event attendance recency."
HCP1413,46.74,48.09,47.82,Low,0.9804,0.8218,0.1265,0.4514,Email,"To build momentum with this lower-engagement HCP, Email is the safest bet (98.0% likelihood), which strongly aligns with their historical email volume and email open rate."
HCP1414,30.74,52.74,48.34,Low,0.819,0.9109,0.1395,0.5538,Website,"To build momentum with this lower-engagement HCP, Website is the safest bet (91.1% likelihood), which strongly aligns with their web content viewing frequency and web content viewing frequency."
HCP1415,18.04,42.67,37.74,Low,0.8994,0.5607,0.0945,0.4907,Email,"To build momentum with this lower-engagement HCP, Email is the safest bet (89.9% likelihood), which strongly aligns with their historical email volume and completed rep visits."
HCP1416,35.89,59.06,54.43,Medium,0.9515,0.7887,0.1137,0.759,Sales Rep,We recommend reaching out via Sales Rep (75.9% likelihood). The model selected this channel primarily due to the HCP's completed rep visits and total event attendance duration.
HCP1417,71.4,61.45,63.44,High,0.9829,0.7973,0.645,0.4082,Webinar,"Since this HCP is highly engaged overall, Webinar is the ideal next step (64.5% likelihood), driven largely by their event attendance history and event registration recency."
HCP1418,27.14,73.46,64.2,High,0.8891,0.9389,0.5782,0.7112,Webinar,"Since this HCP is highly engaged overall, Webinar is the ideal next step (57.8% likelihood), driven largely by their event registration recency and event attendance recency."
HCP1419,41.3,66.04,61.09,High,0.9553,0.9775,0.1203,0.8331,Sales Rep,"Since this HCP is highly engaged overall, Sales Rep is the ideal next step (83.3% likelihood), driven largely by their completed rep visits and sales rep interaction recency."
HCP1420,54.47,64.67,62.63,High,0.9833,0.9544,0.6421,0.4121,Webinar,"Since this HCP is highly engaged overall, Webinar is the ideal next step (64.2% likelihood), driven largely by their event registration recency and event attendance recency."
HCP1421,58.28,61.09,60.53,Medium,0.8514,0.9769,0.2883,0.6097,Website,We recommend reaching out via Website (97.7% likelihood). The model selected this channel primarily due to the HCP's web content viewing frequency and website activity volume.
HCP1422,42.71,71.18,65.49,High,0.9752,0.9527,0.5491,0.6476,Webinar,"Since this HCP is highly engaged overall, Webinar is the ideal next step (54.9% likelihood), driven largely by their event registration recency and event attendance recency."
HCP1423,55.14,43.9,46.14,Low,0.9192,0.9636,0.0945,0.3149,Website,"To build momentum with this lower-engagement HCP, Website is the safest bet (96.4% likelihood), which strongly aligns with their web content viewing frequency and video completion rate."
HCP1424,38.53,41.71,41.07,Low,0.9686,0.8174,0.119,0.3025,Email,"To build momentum with this lower-engagement HCP, Email is the safest bet (96.9% likelihood), which strongly aligns with their historical email volume and email open rate."
HCP1425,54.14,48.03,49.26,Low,0.9459,0.861,0.0948,0.4628,Email,"To build momentum with this lower-engagement HCP, Email is the safest bet (94.6% likelihood), which strongly aligns with their historical email volume and email open frequency."
HCP1426,35.79,45.13,43.26,Low,0.8933,0.8,0.1135,0.4199,Email,"To build momentum with this lower-engagement HCP, Email is the safest bet (89.3% likelihood), which strongly aligns with their email recency and email open rate."
HCP1427,56.79,60.79,59.99,Medium,0.9772,0.9642,0.1048,0.7147,Sales Rep,We recommend reaching out via Sales Rep (71.5% likelihood). The model selected this channel primarily due to the HCP's completed rep visits and sales rep interaction recency.
HCP1428,32.85,53.01,48.98,Low,0.9011,0.9804,0.4095,0.3025,Webinar,"To build momentum with this lower-engagement HCP, Webinar is the safest bet (41.0% likelihood), which strongly aligns with their event attendance history and event attendance recency."
HCP1429,53.81,54.88,54.66,Medium,0.9692,0.9673,0.1281,0.5499,Website,We recommend reaching out via Website (96.7% likelihood). The model selected this channel primarily due to the HCP's web content viewing frequency and event registration recency.
HCP1430,26.89,59.34,52.85,Medium,0.908,0.5843,0.5958,0.5177,Webinar,We recommend reaching out via Webinar (59.6% likelihood). The model selected this channel primarily due to the HCP's event registration recency and event attendance history.
HCP1431,36.81,61.57,56.62,Medium,0.919,0.7529,0.3068,0.7031,Sales Rep,We recommend reaching out via Sales Rep (70.3% likelihood). The model selected this channel primarily due to the HCP's completed rep visits and average website session duration.
HCP1432,30.1,46.25,43.02,Low,0.8049,0.8885,0.1155,0.424,Website,"To build momentum with this lower-engagement HCP, Website is the safest bet (88.9% likelihood), which strongly aligns with their web content viewing frequency and preference for email."
HCP1433,38.0,64.02,58.81,Medium,0.8858,0.9618,0.2549,0.7068,Sales Rep,We recommend reaching out via Sales Rep (70.7% likelihood). The model selected this channel primarily due to the HCP's completed rep visits and total event attendance duration.
HCP1434,26.97,56.67,50.73,Low,0.9791,0.8302,0.0964,0.6844,Sales Rep,"To build momentum with this lower-engagement HCP, Sales Rep is the safest bet (68.4% likelihood), which strongly aligns with their completed rep visits and average website session duration."
HCP1435,61.65,62.69,62.48,High,0.8522,0.9803,0.321,0.6233,Sales Rep,"Since this HCP is highly engaged overall, Sales Rep is the ideal next step (62.3% likelihood), driven largely by their completed rep visits and total event attendance duration."
HCP1436,31.32,53.36,48.95,Low,0.9172,0.9454,0.0944,0.5611,Website,"To build momentum with this lower-engagement HCP, Website is the safest bet (94.5% likelihood), which strongly aligns with their web content viewing frequency and website activity volume."
HCP1437,60.91,69.23,67.57,High,0.8068,0.9097,0.4285,0.7529,Sales Rep,"Since this HCP is highly engaged overall, Sales Rep is the ideal next step (75.3% likelihood), driven largely by their completed rep visits and average website session duration."
HCP1438,37.34,59.17,54.8,Medium,0.6686,0.8943,0.242,0.6834,Sales Rep,We recommend reaching out via Sales Rep (68.3% likelihood). The model selected this channel primarily due to the HCP's sales rep interaction recency and completed rep visit recency.
HCP1439,5.21,73.58,59.91,Medium,0.9367,0.8424,0.5435,0.7764,Webinar,We recommend reaching out via Webinar (54.4% likelihood). The model selected this channel primarily due to the HCP's event registration recency and event attendance recency.
HCP1440,40.42,61.55,57.32,Medium,0.9578,0.8329,0.3144,0.6471,Sales Rep,We recommend reaching out via Sales Rep (64.7% likelihood). The model selected this channel primarily due to the HCP's sales rep interaction recency and completed rep visit recency.
HCP1441,55.64,52.42,53.06,Medium,0.9827,0.8924,0.3679,0.3426,Webinar,We recommend reaching out via Webinar (36.8% likelihood). The model selected this channel primarily due to the HCP's event attendance history and event registration recency.
HCP1442,44.62,52.13,50.63,Low,0.9102,0.6814,0.1233,0.6424,Sales Rep,"To build momentum with this lower-engagement HCP, Sales Rep is the safest bet (64.2% likelihood), which strongly aligns with their completed rep visits and completed rep visits."
HCP1443,52.27,52.01,52.06,Low,0.9822,0.7698,0.2361,0.4926,Email,"To build momentum with this lower-engagement HCP, Email is the safest bet (98.2% likelihood), which strongly aligns with their historical email volume and email open rate."
HCP1444,54.5,65.4,63.22,High,0.9301,0.9628,0.1236,0.8285,Sales Rep,"Since this HCP is highly engaged overall, Sales Rep is the ideal next step (82.8% likelihood), driven largely by their sales rep interaction recency and completed rep visits."
HCP1445,31.42,72.1,63.96,High,0.9851,0.7784,0.5338,0.7666,Webinar,"Since this HCP is highly engaged overall, Webinar is the ideal next step (53.4% likelihood), driven largely by their event registration recency and event attendance history."
HCP1446,53.46,70.03,66.71,High,0.9625,0.9816,0.3975,0.7211,Sales Rep,"Since this HCP is highly engaged overall, Sales Rep is the ideal next step (72.1% likelihood), driven largely by their completed rep visits and sales rep interaction recency."
HCP1447,51.75,60.14,58.46,Medium,0.9837,0.832,0.7387,0.2877,Webinar,We recommend reaching out via Webinar (73.9% likelihood). The model selected this channel primarily due to the HCP's event attendance history and event registration recency.
HCP1448,45.1,44.92,44.96,Low,0.8117,0.9226,0.0947,0.3879,Website,"To build momentum with this lower-engagement HCP, Website is the safest bet (92.3% likelihood), which strongly aligns with their web content viewing frequency and video completion rate."
HCP1449,52.55,63.43,61.26,High,0.9725,0.9297,0.2888,0.6613,Sales Rep,"Since this HCP is highly engaged overall, Sales Rep is the ideal next step (66.1% likelihood), driven largely by their completed rep visits and total time spent with reps."
HCP1450,39.94,44.24,43.38,Low,0.8921,0.9058,0.0943,0.3593,Website,"To build momentum with this lower-engagement HCP, Website is the safest bet (90.6% likelihood), which strongly aligns with their web content viewing frequency and website activity volume."
HCP1451,55.14,67.78,65.25,High,0.9575,0.9444,0.229,0.8112,Sales Rep,"Since this HCP is highly engaged overall, Sales Rep is the ideal next step (81.1% likelihood), driven largely by their completed rep visits and sales rep interaction recency."
HCP1452,64.22,77.37,74.74,High,0.9548,0.9584,0.5907,0.7733,Webinar,"Since this HCP is highly engaged overall, Webinar is the ideal next step (59.1% likelihood), driven largely by their event registration recency and event attendance recency."
HCP1453,43.36,41.51,41.88,Low,0.8918,0.8875,0.0938,0.3007,Website,"To build momentum with this lower-engagement HCP, Website is the safest bet (88.8% likelihood), which strongly aligns with their web content viewing frequency and video completion rate."
HCP1454,41.01,71.83,65.67,High,0.9859,0.8823,0.6623,0.6115,Webinar,"Since this HCP is highly engaged overall, Webinar is the ideal next step (66.2% likelihood), driven largely by their event registration recency and event attendance recency."
HCP1455,20.06,41.42,37.15,Low,0.9798,0.7827,0.0944,0.3284,Email,"To build momentum with this lower-engagement HCP, Email is the safest bet (98.0% likelihood), which strongly aligns with their historical email volume and email open rate."
HCP1456,41.41,60.24,56.47,Medium,0.8867,0.9805,0.4393,0.4646,Webinar,We recommend reaching out via Webinar (43.9% likelihood). The model selected this channel primarily due to the HCP's event attendance history and event attendance recency.
HCP1457,51.62,56.77,55.74,Medium,0.919,0.8193,0.3096,0.5478,Email,We recommend reaching out via Email (91.9% likelihood). The model selected this channel primarily due to the HCP's completed rep visits and email click rate.
HCP1458,41.24,45.64,44.76,Low,0.8634,0.9436,0.1187,0.3642,Website,"To build momentum with this lower-engagement HCP, Website is the safest bet (94.4% likelihood), which strongly aligns with their web content viewing frequency and longest website session."
HCP1459,51.67,70.99,67.12,High,0.9852,0.9789,0.4868,0.6739,Webinar,"Since this HCP is highly engaged overall, Webinar is the ideal next step (48.7% likelihood), driven largely by their event attendance history and event registration recency."
HCP1460,42.94,52.86,50.88,Low,0.9754,0.9176,0.4639,0.271,Webinar,"To build momentum with this lower-engagement HCP, Webinar is the safest bet (46.4% likelihood), which strongly aligns with their event attendance history and event attendance rate."
HCP1461,54.04,52.08,52.47,Medium,0.9833,0.956,0.2409,0.3976,Website,We recommend reaching out via Website (95.6% likelihood). The model selected this channel primarily due to the HCP's web content viewing frequency and video completion rate.
HCP1462,28.69,55.13,49.84,Low,0.9199,0.8398,0.1373,0.6253,Sales Rep,"To build momentum with this lower-engagement HCP, Sales Rep is the safest bet (62.5% likelihood), which strongly aligns with their sales rep interaction recency and completed rep visit recency."
HCP1463,27.14,42.98,39.81,Low,0.8466,0.608,0.0941,0.4883,Email,"To build momentum with this lower-engagement HCP, Email is the safest bet (84.7% likelihood), which strongly aligns with their historical email volume and email open frequency."
HCP1464,52.13,59.65,58.15,Medium,0.9737,0.9785,0.4904,0.3909,Webinar,We recommend reaching out via Webinar (49.0% likelihood). The model selected this channel primarily due to the HCP's event registration recency and event attendance rate.
HCP1465,35.74,55.18,51.3,Low,0.6895,0.9741,0.1302,0.6225,Sales Rep,"To build momentum with this lower-engagement HCP, Sales Rep is the safest bet (62.2% likelihood), which strongly aligns with their completed rep visits and sales rep interaction recency."
HCP1466,55.88,53.59,54.05,Medium,0.7764,0.958,0.5667,0.2417,Webinar,We recommend reaching out via Webinar (56.7% likelihood). The model selected this channel primarily due to the HCP's event registration recency and event attendance recency.
HCP1467,80.52,57.17,61.84,High,0.9815,0.9781,0.1607,0.5745,Website,"Since this HCP is highly engaged overall, Website is the ideal next step (97.8% likelihood), driven largely by their web content viewing frequency and website activity volume."
HCP1468,46.02,64.5,60.81,High,0.985,0.8702,0.4027,0.6291,Webinar,"Since this HCP is highly engaged overall, Webinar is the ideal next step (40.3% likelihood), driven largely by their event attendance history and event registration recency."
HCP1469,70.77,72.39,72.07,High,0.9287,0.9817,0.3801,0.8018,Sales Rep,"Since this HCP is highly engaged overall, Sales Rep is the ideal next step (80.2% likelihood), driven largely by their completed rep visits and sales rep interaction recency."
HCP1470,30.9,71.8,63.62,High,0.956,0.7337,0.6404,0.709,Webinar,"Since this HCP is highly engaged overall, Webinar is the ideal next step (64.0% likelihood), driven largely by their event registration recency and event attendance recency."
HCP1471,24.74,44.0,40.15,Low,0.9833,0.9484,0.105,0.3012,Website,"To build momentum with this lower-engagement HCP, Website is the safest bet (94.8% likelihood), which strongly aligns with their web content viewing frequency and video completion rate."
HCP1472,39.69,45.79,44.57,Low,0.7641,0.8002,0.3673,0.2782,Webinar,"To build momentum with this lower-engagement HCP, Webinar is the safest bet (36.7% likelihood), which strongly aligns with their event registration recency and event attendance history."
HCP1473,36.42,65.89,60.0,Medium,0.9724,0.7289,0.5924,0.5955,Webinar,We recommend reaching out via Webinar (59.2% likelihood). The model selected this channel primarily due to the HCP's event registration recency and event attendance recency.
HCP1474,44.96,70.84,65.66,High,0.9683,0.886,0.6267,0.6159,Webinar,"Since this HCP is highly engaged overall, Webinar is the ideal next step (62.7% likelihood), driven largely by their event attendance history and event attendance recency."
HCP1475,21.05,68.9,59.33,Medium,0.9743,0.7293,0.5446,0.7057,Webinar,We recommend reaching out via Webinar (54.5% likelihood). The model selected this channel primarily due to the HCP's event registration recency and event attendance history.
HCP1476,41.32,51.95,49.82,Low,0.9176,0.7704,0.0952,0.6126,Sales Rep,"To build momentum with this lower-engagement HCP, Sales Rep is the safest bet (61.3% likelihood), which strongly aligns with their completed rep visits and total time spent with reps."
HCP1477,61.64,62.27,62.14,High,0.9809,0.8559,0.6433,0.401,Webinar,"Since this HCP is highly engaged overall, Webinar is the ideal next step (64.3% likelihood), driven largely by their event attendance history and event registration recency."
HCP1478,28.87,67.68,59.92,Medium,0.9791,0.758,0.6411,0.5874,Webinar,We recommend reaching out via Webinar (64.1% likelihood). The model selected this channel primarily due to the HCP's event registration recency and event attendance recency.
HCP1479,44.24,79.0,72.05,High,0.9679,0.9782,0.6804,0.7337,Webinar,"Since this HCP is highly engaged overall, Webinar is the ideal next step (68.0% likelihood), driven largely by their event registration recency and event attendance recency."
HCP1480,15.76,36.68,32.5,Low,0.8091,0.6185,0.0943,0.3348,Email,"To build momentum with this lower-engagement HCP, Email is the safest bet (80.9% likelihood), which strongly aligns with their historical email volume and email open rate."
HCP1481,31.49,74.31,65.74,High,0.7258,0.9629,0.5558,0.7779,Webinar,"Since this HCP is highly engaged overall, Webinar is the ideal next step (55.6% likelihood), driven largely by their event registration recency and event attendance history."
HCP1482,17.41,64.79,55.31,Medium,0.9682,0.8519,0.6214,0.4856,Webinar,We recommend reaching out via Webinar (62.1% likelihood). The model selected this channel primarily due to the HCP's event registration recency and event attendance recency.
HCP1483,0.0,53.91,43.13,Low,0.9307,0.682,0.0935,0.7039,Sales Rep,"To build momentum with this lower-engagement HCP, Sales Rep is the safest bet (70.4% likelihood), which strongly aligns with their completed rep visits and sales rep interaction recency."
HCP1484,37.25,70.5,63.85,High,0.9803,0.9599,0.6978,0.5141,Webinar,"Since this HCP is highly engaged overall, Webinar is the ideal next step (69.8% likelihood), driven largely by their event registration recency and event attendance recency."
HCP1485,62.96,69.17,67.93,High,0.9836,0.9792,0.5745,0.563,Webinar,"Since this HCP is highly engaged overall, Webinar is the ideal next step (57.4% likelihood), driven largely by their event registration recency and event attendance history."
HCP1486,56.41,70.82,67.94,High,0.9716,0.9721,0.5748,0.6103,Webinar,"Since this HCP is highly engaged overall, Webinar is the ideal next step (57.5% likelihood), driven largely by their event attendance history and event attendance rate."
HCP1487,45.29,52.95,51.42,Low,0.9823,0.9616,0.3169,0.3597,Website,"To build momentum with this lower-engagement HCP, Website is the safest bet (96.2% likelihood), which strongly aligns with their web content viewing frequency and video completion rate."
HCP1488,37.28,41.16,40.39,Low,0.9733,0.929,0.0945,0.2505,Website,"To build momentum with this lower-engagement HCP, Website is the safest bet (92.9% likelihood), which strongly aligns with their web content viewing frequency and total website duration."
HCP1489,38.04,67.8,61.85,High,0.9834,0.9679,0.2204,0.7999,Sales Rep,"Since this HCP is highly engaged overall, Sales Rep is the ideal next step (80.0% likelihood), driven largely by their sales rep interaction recency and completed rep visit recency."
HCP1490,29.29,55.36,50.15,Low,0.9618,0.8867,0.6156,0.2386,Webinar,"To build momentum with this lower-engagement HCP, Webinar is the safest bet (61.6% likelihood), which strongly aligns with their event attendance history and event attendance recency."
HCP1491,21.7,58.94,51.49,Low,0.9376,0.97,0.094,0.6835,Sales Rep,"To build momentum with this lower-engagement HCP, Sales Rep is the safest bet (68.4% likelihood), which strongly aligns with their completed rep visits and sales rep interaction recency."
HCP1492,42.06,52.77,50.63,Low,0.984,0.8921,0.0946,0.5562,Email,"To build momentum with this lower-engagement HCP, Email is the safest bet (98.4% likelihood), which strongly aligns with their historical email volume and email open rate."
HCP1493,42.75,43.1,43.03,Low,0.9046,0.9025,0.1267,0.305,Website,"To build momentum with this lower-engagement HCP, Website is the safest bet (90.3% likelihood), which strongly aligns with their web content viewing frequency and email open rate."
HCP1494,28.47,50.97,46.47,Low,0.8883,0.8551,0.4492,0.2878,Webinar,"To build momentum with this lower-engagement HCP, Webinar is the safest bet (44.9% likelihood), which strongly aligns with their event registration recency and event attendance history."
HCP1495,46.6,44.25,44.72,Low,0.9612,0.7846,0.0947,0.4026,Email,"To build momentum with this lower-engagement HCP, Email is the safest bet (96.1% likelihood), which strongly aligns with their historical email volume and email recency."
HCP1496,54.06,74.88,70.71,High,0.9857,0.9604,0.6825,0.6334,Webinar,"Since this HCP is highly engaged overall, Webinar is the ideal next step (68.3% likelihood), driven largely by their event registration recency and event attendance history."
HCP1497,52.19,52.3,52.28,Medium,0.9522,0.967,0.0952,0.5145,Website,We recommend reaching out via Website (96.7% likelihood). The model selected this channel primarily due to the HCP's web content viewing frequency and video completion rate.
HCP1498,44.13,60.9,57.55,Medium,0.9389,0.8365,0.134,0.7692,Sales Rep,We recommend reaching out via Sales Rep (76.9% likelihood). The model selected this channel primarily due to the HCP's completed rep visits and total event attendance duration.
HCP1499,34.76,44.34,42.42,Low,0.8851,0.9621,0.242,0.2246,Website,"To build momentum with this lower-engagement HCP, Website is the safest bet (96.2% likelihood), which strongly aligns with their web content viewing frequency and web content viewing frequency."
HCP1500,60.45,61.71,61.46,High,0.9823,0.933,0.217,0.6678,Sales Rep,"Since this HCP is highly engaged overall, Sales Rep is the ideal next step (66.8% likelihood), driven largely by their completed rep visits and sales rep interaction recency."
HCP1501,16.2,51.89,44.75,Low,0.8262,0.5467,0.4539,0.4769,Webinar,"To build momentum with this lower-engagement HCP, Webinar is the safest bet (45.4% likelihood), which strongly aligns with their event registration recency and event attendance history."
HCP1502,38.67,57.71,53.9,Medium,0.9852,0.8991,0.4443,0.4137,Webinar,We recommend reaching out via Webinar (44.4% likelihood). The model selected this channel primarily due to the HCP's event attendance history and event attendance recency.
HCP1503,46.95,57.23,55.17,Medium,0.9564,0.699,0.0944,0.7713,Sales Rep,We recommend reaching out via Sales Rep (77.1% likelihood). The model selected this channel primarily due to the HCP's completed rep visits and sales rep interaction recency.
HCP1504,35.06,38.05,37.45,Low,0.7569,0.672,0.0945,0.3553,Email,"To build momentum with this lower-engagement HCP, Email is the safest bet (75.7% likelihood), which strongly aligns with their email open frequency and days active on email."
HCP1505,39.52,76.71,69.27,High,0.9838,0.969,0.6039,0.7344,Webinar,"Since this HCP is highly engaged overall, Webinar is the ideal next step (60.4% likelihood), driven largely by their event registration recency and event attendance history."
HCP1506,51.03,66.71,63.57,High,0.9705,0.9665,0.363,0.6696,Sales Rep,"Since this HCP is highly engaged overall, Sales Rep is the ideal next step (67.0% likelihood), driven largely by their sales rep interaction recency and completed rep visit recency."
HCP1507,22.05,45.14,40.52,Low,0.8621,0.8057,0.2629,0.3129,Email,"To build momentum with this lower-engagement HCP, Email is the safest bet (86.2% likelihood), which strongly aligns with their email recency and email open rate."
HCP1508,39.31,48.68,46.81,Low,0.9061,0.8246,0.0951,0.5069,Email,"To build momentum with this lower-engagement HCP, Email is the safest bet (90.6% likelihood), which strongly aligns with their email open rate and email engagement recency."
HCP1509,42.07,54.43,51.96,Low,0.8936,0.959,0.3011,0.4321,Website,"To build momentum with this lower-engagement HCP, Website is the safest bet (95.9% likelihood), which strongly aligns with their web content viewing frequency and video completion rate."
HCP1510,39.18,51.9,49.36,Low,0.9722,0.5667,0.4838,0.4082,Webinar,"To build momentum with this lower-engagement HCP, Webinar is the safest bet (48.4% likelihood), which strongly aligns with their event attendance history and event registration recency."
HCP1511,52.18,71.3,67.48,High,0.9729,0.978,0.7488,0.4888,Webinar,"Since this HCP is highly engaged overall, Webinar is the ideal next step (74.9% likelihood), driven largely by their event registration recency and event registration recency."
HCP1512,13.67,40.17,34.87,Low,0.6411,0.5598,0.0943,0.4934,Sales Rep,"To build momentum with this lower-engagement HCP, Sales Rep is the safest bet (49.3% likelihood), which strongly aligns with their completed rep visits and total time spent with reps."
HCP1513,34.86,41.98,40.56,Low,0.8059,0.6713,0.2349,0.3362,Email,"To build momentum with this lower-engagement HCP, Email is the safest bet (80.6% likelihood), which strongly aligns with their days active on email and email open frequency."
HCP1514,50.52,69.23,65.49,High,0.9619,0.9682,0.5304,0.6084,Webinar,"Since this HCP is highly engaged overall, Webinar is the ideal next step (53.0% likelihood), driven largely by their event registration recency and event attendance recency."
HCP1515,38.11,55.27,51.84,Low,0.9767,0.7337,0.1041,0.6927,Sales Rep,"To build momentum with this lower-engagement HCP, Sales Rep is the safest bet (69.3% likelihood), which strongly aligns with their completed rep visits and average website session duration."
HCP1516,28.11,60.96,54.39,Medium,0.9455,0.6398,0.5417,0.5614,Webinar,We recommend reaching out via Webinar (54.2% likelihood). The model selected this channel primarily due to the HCP's event attendance history and event attendance rate.
HCP1517,31.8,58.96,53.53,Medium,0.7605,0.7002,0.2452,0.75,Sales Rep,We recommend reaching out via Sales Rep (75.0% likelihood). The model selected this channel primarily due to the HCP's completed rep visits and average website session duration.
HCP1518,66.17,62.92,63.57,High,0.9854,0.981,0.2689,0.6345,Sales Rep,"Since this HCP is highly engaged overall, Sales Rep is the ideal next step (63.5% likelihood), driven largely by their completed rep visits and average website session duration."
HCP1519,65.66,68.94,68.29,High,0.963,0.9492,0.302,0.7817,Sales Rep,"Since this HCP is highly engaged overall, Sales Rep is the ideal next step (78.2% likelihood), driven largely by their completed rep visits and email open rate."
HCP1520,28.38,42.65,39.79,Low,0.8868,0.7468,0.0948,0.4,Email,"To build momentum with this lower-engagement HCP, Email is the safest bet (88.7% likelihood), which strongly aligns with their email open rate and email open frequency."
HCP1521,39.05,43.06,42.26,Low,0.7572,0.9028,0.1185,0.3469,Website,"To build momentum with this lower-engagement HCP, Website is the safest bet (90.3% likelihood), which strongly aligns with their web content viewing frequency and event registration recency."
HCP1522,46.85,46.35,46.45,Low,0.9554,0.8432,0.3465,0.2385,Email,"To build momentum with this lower-engagement HCP, Email is the safest bet (95.5% likelihood), which strongly aligns with their email recency and email open rate."
HCP1523,28.01,59.59,53.27,Medium,0.9826,0.9741,0.4072,0.4517,Webinar,We recommend reaching out via Webinar (40.7% likelihood). The model selected this channel primarily due to the HCP's event registration recency and event attendance history.
HCP1524,46.53,63.76,60.32,Medium,0.982,0.9619,0.5853,0.4286,Webinar,We recommend reaching out via Webinar (58.5% likelihood). The model selected this channel primarily due to the HCP's event registration recency and event attendance history.
HCP1525,60.7,69.96,68.11,High,0.985,0.9739,0.3159,0.7788,Sales Rep,"Since this HCP is highly engaged overall, Sales Rep is the ideal next step (77.9% likelihood), driven largely by their completed rep visits and preference for sales reps."
HCP1526,33.68,70.91,63.46,High,0.9098,0.9493,0.5257,0.6764,Webinar,"Since this HCP is highly engaged overall, Webinar is the ideal next step (52.6% likelihood), driven largely by their event attendance history and event attendance rate."
HCP1527,58.64,67.53,65.75,High,0.959,0.9607,0.6545,0.4773,Webinar,"Since this HCP is highly engaged overall, Webinar is the ideal next step (65.4% likelihood), driven largely by their event registration recency and event attendance recency."
HCP1528,57.23,75.63,71.95,High,0.9771,0.9338,0.5618,0.7582,Webinar,"Since this HCP is highly engaged overall, Webinar is the ideal next step (56.2% likelihood), driven largely by their event attendance history and event attendance rate."
HCP1529,33.72,59.44,54.3,Medium,0.8521,0.9711,0.0942,0.7168,Sales Rep,We recommend reaching out via Sales Rep (71.7% likelihood). The model selected this channel primarily due to the HCP's sales rep interaction recency and completed rep visit recency.
HCP1530,43.86,36.85,38.26,Low,0.9111,0.6585,0.0944,0.2935,Email,"To build momentum with this lower-engagement HCP, Email is the safest bet (91.1% likelihood), which strongly aligns with their historical email volume and email open rate."
HCP1531,60.68,61.98,61.72,High,0.9847,0.9802,0.1037,0.7355,Sales Rep,"Since this HCP is highly engaged overall, Sales Rep is the ideal next step (73.6% likelihood), driven largely by their completed rep visits and email open rate."
HCP1532,44.52,43.63,43.81,Low,0.9735,0.9536,0.1309,0.2724,Website,"To build momentum with this lower-engagement HCP, Website is the safest bet (95.4% likelihood), which strongly aligns with their web content viewing frequency and longest website session."
HCP1533,55.15,66.96,64.6,High,0.9856,0.9618,0.2352,0.7704,Sales Rep,"Since this HCP is highly engaged overall, Sales Rep is the ideal next step (77.0% likelihood), driven largely by their completed rep visits and sales rep interaction recency."
HCP1534,60.03,53.11,54.5,Medium,0.9576,0.9803,0.1486,0.4869,Website,We recommend reaching out via Website (98.0% likelihood). The model selected this channel primarily due to the HCP's web content viewing frequency and video completion rate.
HCP1535,75.67,74.25,74.54,High,0.9271,0.9796,0.7628,0.5626,Webinar,"Since this HCP is highly engaged overall, Webinar is the ideal next step (76.3% likelihood), driven largely by their event registration recency and event registration recency."
HCP1536,37.15,58.93,54.57,Medium,0.9464,0.7378,0.4017,0.5664,Webinar,We recommend reaching out via Webinar (40.2% likelihood). The model selected this channel primarily due to the HCP's event attendance history and event attendance rate.
HCP1537,34.07,60.6,55.29,Medium,0.9852,0.9226,0.0942,0.7368,Sales Rep,We recommend reaching out via Sales Rep (73.7% likelihood). The model selected this channel primarily due to the HCP's completed rep visits and completed rep visits.
HCP1538,54.37,66.58,64.14,High,0.9395,0.9787,0.4445,0.6069,Webinar,"Since this HCP is highly engaged overall, Webinar is the ideal next step (44.4% likelihood), driven largely by their event attendance history and event poll participation."
HCP1539,45.38,56.96,54.64,Medium,0.977,0.6803,0.345,0.5809,Email,We recommend reaching out via Email (97.7% likelihood). The model selected this channel primarily due to the HCP's historical email volume and event poll participation.
HCP1540,51.26,65.82,62.91,High,0.9637,0.958,0.241,0.7449,Sales Rep,"Since this HCP is highly engaged overall, Sales Rep is the ideal next step (74.5% likelihood), driven largely by their sales rep interaction recency and completed rep visit recency."
HCP1541,31.07,72.31,64.06,High,0.9804,0.9723,0.5021,0.6999,Webinar,"Since this HCP is highly engaged overall, Webinar is the ideal next step (50.2% likelihood), driven largely by their event registration recency and event attendance recency."
HCP1542,45.24,61.48,58.24,Medium,0.9078,0.9772,0.1269,0.7263,Sales Rep,We recommend reaching out via Sales Rep (72.6% likelihood). The model selected this channel primarily due to the HCP's completed rep visits and average website session duration.
HCP1543,17.13,56.81,48.88,Low,0.8034,0.849,0.1312,0.6966,Sales Rep,"To build momentum with this lower-engagement HCP, Sales Rep is the safest bet (69.7% likelihood), which strongly aligns with their completed rep visits and total time spent with reps."
HCP1544,22.91,70.19,60.74,Medium,0.9086,0.9123,0.4823,0.7098,Webinar,We recommend reaching out via Webinar (48.2% likelihood). The model selected this channel primarily due to the HCP's event registration recency and event attendance history.
HCP1545,29.88,62.45,55.94,Medium,0.9407,0.933,0.0939,0.7893,Sales Rep,We recommend reaching out via Sales Rep (78.9% likelihood). The model selected this channel primarily due to the HCP's sales rep interaction recency and completed rep visits.
HCP1546,22.99,76.96,66.16,High,0.9326,0.9691,0.6363,0.729,Webinar,"Since this HCP is highly engaged overall, Webinar is the ideal next step (63.6% likelihood), driven largely by their event registration recency and event attendance recency."
HCP1547,73.24,73.07,73.1,High,0.9784,0.9827,0.4127,0.7812,Sales Rep,"Since this HCP is highly engaged overall, Sales Rep is the ideal next step (78.1% likelihood), driven largely by their completed rep visits and email open rate."
HCP1548,43.94,51.78,50.21,Low,0.7881,0.9778,0.271,0.4054,Website,"To build momentum with this lower-engagement HCP, Website is the safest bet (97.8% likelihood), which strongly aligns with their web content viewing frequency and website activity volume."
HCP1549,91.77,68.5,73.15,High,0.9794,0.9824,0.4688,0.6248,Webinar,"Since this HCP is highly engaged overall, Webinar is the ideal next step (46.9% likelihood), driven largely by their event attendance history and event registration recency."
HCP1550,51.86,62.83,60.64,Medium,0.7301,0.905,0.28,0.7256,Sales Rep,We recommend reaching out via Sales Rep (72.6% likelihood). The model selected this channel primarily due to the HCP's completed rep visits and total time spent with reps.
HCP1551,63.63,64.52,64.34,High,0.9833,0.9208,0.4302,0.584,Webinar,"Since this HCP is highly engaged overall, Webinar is the ideal next step (43.0% likelihood), driven largely by their event attendance history and event attendance rate."
HCP1552,49.41,53.3,52.52,Medium,0.9593,0.9732,0.3023,0.3794,Website,We recommend reaching out via Website (97.3% likelihood). The model selected this channel primarily due to the HCP's web content viewing frequency and web content viewing frequency.
HCP1553,72.6,80.76,79.13,High,0.9797,0.9698,0.633,0.8144,Webinar,"Since this HCP is highly engaged overall, Webinar is the ideal next step (63.3% likelihood), driven largely by their event attendance history and event registration recency."
HCP1554,71.02,55.82,58.86,Medium,0.943,0.9816,0.0955,0.5973,Website,We recommend reaching out via Website (98.2% likelihood). The model selected this channel primarily due to the HCP's web content viewing frequency and video completion rate.
HCP1555,39.02,46.36,44.89,Low,0.9838,0.9609,0.0944,0.3618,Website,"To build momentum with this lower-engagement HCP, Website is the safest bet (96.1% likelihood), which strongly aligns with their web content viewing frequency and web content viewing frequency."
HCP1556,34.11,57.21,52.59,Medium,0.8064,0.8405,0.656,0.3165,Webinar,We recommend reaching out via Webinar (65.6% likelihood). The model selected this channel primarily due to the HCP's event registration recency and event attendance recency.
HCP1557,51.96,60.79,59.02,Medium,0.9836,0.8503,0.2099,0.6912,Sales Rep,We recommend reaching out via Sales Rep (69.1% likelihood). The model selected this channel primarily due to the HCP's completed rep visits and sales rep interaction recency.
HCP1558,34.97,65.52,59.41,Medium,0.9696,0.9283,0.644,0.4484,Webinar,We recommend reaching out via Webinar (64.4% likelihood). The model selected this channel primarily due to the HCP's event registration recency and event attendance recency.
HCP1559,24.75,49.64,44.66,Low,0.9109,0.6943,0.0956,0.5943,Sales Rep,"To build momentum with this lower-engagement HCP, Sales Rep is the safest bet (59.4% likelihood), which strongly aligns with their completed rep visits and website recency."
HCP1560,59.03,70.62,68.3,High,0.9803,0.9764,0.312,0.7982,Sales Rep,"Since this HCP is highly engaged overall, Sales Rep is the ideal next step (79.8% likelihood), driven largely by their completed rep visits and email open rate."
HCP1561,42.07,42.16,42.14,Low,0.9625,0.658,0.2396,0.3047,Email,"To build momentum with this lower-engagement HCP, Email is the safest bet (96.2% likelihood), which strongly aligns with their email recency and historical email volume."
HCP1562,15.18,53.67,45.97,Low,0.7879,0.6664,0.466,0.4621,Webinar,"To build momentum with this lower-engagement HCP, Webinar is the safest bet (46.6% likelihood), which strongly aligns with their event registration recency and event attendance history."
HCP1563,37.56,67.69,61.67,High,0.9791,0.747,0.5529,0.6593,Webinar,"Since this HCP is highly engaged overall, Webinar is the ideal next step (55.3% likelihood), driven largely by their event registration recency and event attendance recency."
HCP1564,82.81,66.01,69.37,High,0.969,0.9831,0.228,0.7456,Sales Rep,"Since this HCP is highly engaged overall, Sales Rep is the ideal next step (74.6% likelihood), driven largely by their completed rep visits and average website session duration."
HCP1565,36.42,62.05,56.92,Medium,0.8729,0.9673,0.6534,0.3594,Webinar,We recommend reaching out via Webinar (65.3% likelihood). The model selected this channel primarily due to the HCP's event registration recency and event attendance history.
HCP1566,47.79,66.13,62.47,High,0.9677,0.8255,0.6061,0.5441,Webinar,"Since this HCP is highly engaged overall, Webinar is the ideal next step (60.6% likelihood), driven largely by their event attendance history and event attendance recency."
HCP1567,58.73,59.62,59.44,Medium,0.9708,0.9113,0.4013,0.4913,Webinar,We recommend reaching out via Webinar (40.1% likelihood). The model selected this channel primarily due to the HCP's event attendance history and event registration recency.
HCP1568,57.15,61.62,60.72,Medium,0.9785,0.9534,0.482,0.4575,Webinar,We recommend reaching out via Webinar (48.2% likelihood). The model selected this channel primarily due to the HCP's event attendance history and event attendance recency.
HCP1569,48.38,68.57,64.53,High,0.9476,0.8321,0.507,0.681,Webinar,"Since this HCP is highly engaged overall, Webinar is the ideal next step (50.7% likelihood), driven largely by their event attendance history and event registration recency."
HCP1570,18.27,62.27,53.47,Medium,0.9779,0.9783,0.0938,0.7526,Sales Rep,We recommend reaching out via Sales Rep (75.3% likelihood). The model selected this channel primarily due to the HCP's sales rep interaction recency and completed rep visit recency.
HCP1571,30.83,53.41,48.89,Low,0.9729,0.9312,0.2494,0.4393,Website,"To build momentum with this lower-engagement HCP, Website is the safest bet (93.1% likelihood), which strongly aligns with their web content viewing frequency and longest website session."
HCP1572,58.8,79.14,75.07,High,0.9838,0.9804,0.6587,0.7484,Webinar,"Since this HCP is highly engaged overall, Webinar is the ideal next step (65.9% likelihood), driven largely by their event registration recency and event attendance recency."
HCP1573,75.71,59.31,62.59,High,0.9168,0.9821,0.1262,0.6679,Sales Rep,"Since this HCP is highly engaged overall, Sales Rep is the ideal next step (66.8% likelihood), driven largely by their sales rep interaction recency and completed rep visit recency."
HCP1574,30.48,61.24,55.09,Medium,0.9254,0.8799,0.4721,0.5058,Webinar,We recommend reaching out via Webinar (47.2% likelihood). The model selected this channel primarily due to the HCP's event registration recency and event attendance history.
HCP1575,74.03,59.73,62.59,High,0.9106,0.9761,0.2036,0.6249,Sales Rep,"Since this HCP is highly engaged overall, Sales Rep is the ideal next step (62.5% likelihood), driven largely by their completed rep visits and email open rate."
HCP1576,76.67,73.93,74.48,High,0.9842,0.9804,0.4341,0.7865,Sales Rep,"Since this HCP is highly engaged overall, Sales Rep is the ideal next step (78.7% likelihood), driven largely by their completed rep visits and average website session duration."
HCP1577,58.46,66.28,64.72,High,0.9798,0.9764,0.2572,0.731,Sales Rep,"Since this HCP is highly engaged overall, Sales Rep is the ideal next step (73.1% likelihood), driven largely by their completed rep visits and completed rep visits."
HCP1578,68.94,52.55,55.83,Medium,0.9778,0.9555,0.3905,0.2988,Webinar,We recommend reaching out via Webinar (39.0% likelihood). The model selected this channel primarily due to the HCP's event attendance history and event attendance rate.
HCP1579,58.15,53.77,54.64,Medium,0.9832,0.9781,0.1051,0.5305,Website,We recommend reaching out via Website (97.8% likelihood). The model selected this channel primarily due to the HCP's web content viewing frequency and video completion rate.
HCP1580,33.54,47.76,44.92,Low,0.8542,0.8185,0.259,0.3771,Website,"To build momentum with this lower-engagement HCP, Website is the safest bet (81.8% likelihood), which strongly aligns with their preference for email and total website duration."
HCP1581,24.61,65.64,57.43,Medium,0.8814,0.7195,0.6181,0.5972,Webinar,We recommend reaching out via Webinar (61.8% likelihood). The model selected this channel primarily due to the HCP's event registration recency and event attendance recency.
HCP1582,54.03,58.82,57.86,Medium,0.9847,0.8459,0.2269,0.6312,Sales Rep,We recommend reaching out via Sales Rep (63.1% likelihood). The model selected this channel primarily due to the HCP's completed rep visits and average website session duration.
HCP1583,51.61,47.38,48.23,Low,0.9796,0.9573,0.1987,0.3119,Website,"To build momentum with this lower-engagement HCP, Website is the safest bet (95.7% likelihood), which strongly aligns with their web content viewing frequency and video completion rate."
HCP1584,53.34,66.95,64.22,High,0.9433,0.9706,0.2758,0.7457,Sales Rep,"Since this HCP is highly engaged overall, Sales Rep is the ideal next step (74.6% likelihood), driven largely by their completed rep visits and average website session duration."
HCP1585,52.15,70.81,67.08,High,0.9828,0.9551,0.3234,0.8045,Sales Rep,"Since this HCP is highly engaged overall, Sales Rep is the ideal next step (80.4% likelihood), driven largely by their completed rep visits and email open rate."
HCP1586,34.97,50.28,47.21,Low,0.922,0.863,0.2637,0.3972,Email,"To build momentum with this lower-engagement HCP, Email is the safest bet (92.2% likelihood), which strongly aligns with their email open rate and email click rate."
HCP1587,33.24,59.32,54.1,Medium,0.9638,0.8053,0.5214,0.4483,Webinar,We recommend reaching out via Webinar (52.1% likelihood). The model selected this channel primarily due to the HCP's event attendance history and event attendance rate.
HCP1588,51.67,49.33,49.8,Low,0.8916,0.9789,0.2935,0.3008,Website,"To build momentum with this lower-engagement HCP, Website is the safest bet (97.9% likelihood), which strongly aligns with their web content viewing frequency and video completion rate."
HCP1589,48.8,59.25,57.16,Medium,0.9829,0.7386,0.587,0.4259,Webinar,We recommend reaching out via Webinar (58.7% likelihood). The model selected this channel primarily due to the HCP's event attendance history and event attendance recency.
HCP1590,39.98,72.92,66.33,High,0.9483,0.9786,0.4519,0.7576,Sales Rep,"Since this HCP is highly engaged overall, Sales Rep is the ideal next step (75.8% likelihood), driven largely by their completed rep visits and sales rep interaction recency."
HCP1591,38.61,50.69,48.28,Low,0.9824,0.7245,0.0944,0.5887,Email,"To build momentum with this lower-engagement HCP, Email is the safest bet (98.2% likelihood), which strongly aligns with their historical email volume and email open rate."
HCP1592,48.67,58.41,56.46,Medium,0.861,0.844,0.1178,0.7346,Sales Rep,We recommend reaching out via Sales Rep (73.5% likelihood). The model selected this channel primarily due to the HCP's completed rep visits and total event attendance duration.
HCP1593,43.18,49.2,48.0,Low,0.9688,0.7619,0.0946,0.5361,Email,"To build momentum with this lower-engagement HCP, Email is the safest bet (96.9% likelihood), which strongly aligns with their historical email volume and email open rate."
HCP1594,37.12,42.2,41.18,Low,0.985,0.7816,0.0948,0.3469,Email,"To build momentum with this lower-engagement HCP, Email is the safest bet (98.5% likelihood), which strongly aligns with their historical email volume and email open rate."
HCP1595,22.25,60.48,52.84,Medium,0.9334,0.9522,0.0938,0.7322,Sales Rep,We recommend reaching out via Sales Rep (73.2% likelihood). The model selected this channel primarily due to the HCP's sales rep interaction recency and completed rep visit recency.
HCP1596,31.19,54.37,49.73,Low,0.9859,0.8832,0.0944,0.6003,Sales Rep,"To build momentum with this lower-engagement HCP, Sales Rep is the safest bet (60.0% likelihood), which strongly aligns with their completed rep visits and completed rep visits."
HCP1597,60.08,70.46,68.38,High,0.9845,0.9823,0.2578,0.8308,Sales Rep,"Since this HCP is highly engaged overall, Sales Rep is the ideal next step (83.1% likelihood), driven largely by their sales rep interaction recency and completed rep visits."
HCP1598,22.14,56.34,49.5,Low,0.84,0.743,0.0948,0.7559,Sales Rep,"To build momentum with this lower-engagement HCP, Sales Rep is the safest bet (75.6% likelihood), which strongly aligns with their sales rep interaction recency and completed rep visit recency."
HCP1599,80.14,65.19,68.18,High,0.9806,0.9824,0.1389,0.7893,Sales Rep,"Since this HCP is highly engaged overall, Sales Rep is the ideal next step (78.9% likelihood), driven largely by their completed rep visits and sales rep interaction recency."
HCP1600,63.92,65.53,65.2,High,0.9622,0.9797,0.2987,0.6837,Sales Rep,"Since this HCP is highly engaged overall, Sales Rep is the ideal next step (68.4% likelihood), driven largely by their completed rep visits and email open rate."
HCP1601,43.7,55.0,52.74,Medium,0.9818,0.8235,0.3087,0.4863,Email,We recommend reaching out via Email (98.2% likelihood). The model selected this channel primarily due to the HCP's historical email volume and email open rate.
HCP1602,31.46,51.62,47.59,Low,0.9505,0.8098,0.0961,0.576,Sales Rep,"To build momentum with this lower-engagement HCP, Sales Rep is the safest bet (57.6% likelihood), which strongly aligns with their completed rep visits and completed rep visits."
HCP1603,40.93,48.16,46.72,Low,0.8871,0.8824,0.1289,0.4444,Website,"To build momentum with this lower-engagement HCP, Website is the safest bet (88.2% likelihood), which strongly aligns with their web download rate and preference for email."
HCP1604,56.69,63.99,62.53,High,0.9615,0.9693,0.1279,0.7787,Sales Rep,"Since this HCP is highly engaged overall, Sales Rep is the ideal next step (77.9% likelihood), driven largely by their completed rep visits and email open rate."
HCP1605,28.5,59.05,52.94,Medium,0.9393,0.9111,0.563,0.3635,Webinar,We recommend reaching out via Webinar (56.3% likelihood). The model selected this channel primarily due to the HCP's event registration recency and event attendance history.
HCP1606,64.42,64.38,64.39,High,0.9834,0.9714,0.3919,0.584,Webinar,"Since this HCP is highly engaged overall, Webinar is the ideal next step (39.2% likelihood), driven largely by their event attendance history and event attendance rate."
HCP1607,52.87,58.93,57.71,Medium,0.9023,0.9743,0.4984,0.3866,Webinar,We recommend reaching out via Webinar (49.8% likelihood). The model selected this channel primarily due to the HCP's event registration recency and event attendance rate.
HCP1608,35.36,62.76,57.28,Medium,0.9625,0.976,0.5803,0.4051,Webinar,We recommend reaching out via Webinar (58.0% likelihood). The model selected this channel primarily due to the HCP's event registration recency and event attendance history.
HCP1609,41.91,58.54,55.22,Medium,0.9824,0.6558,0.6284,0.4187,Webinar,We recommend reaching out via Webinar (62.8% likelihood). The model selected this channel primarily due to the HCP's event attendance history and event attendance rate.
HCP1610,53.04,53.78,53.63,Medium,0.92,0.9787,0.2959,0.4031,Website,We recommend reaching out via Website (97.9% likelihood). The model selected this channel primarily due to the HCP's web content viewing frequency and video completion rate.
HCP1611,41.81,50.82,49.02,Low,0.9765,0.9259,0.2523,0.3742,Email,"To build momentum with this lower-engagement HCP, Email is the safest bet (97.7% likelihood), which strongly aligns with their historical email volume and email recency."
HCP1612,19.84,65.54,56.4,Medium,0.945,0.5736,0.4095,0.8083,Sales Rep,We recommend reaching out via Sales Rep (80.8% likelihood). The model selected this channel primarily due to the HCP's sales rep interaction recency and completed rep visits.
HCP1613,47.57,48.21,48.08,Low,0.7775,0.741,0.3702,0.3627,Webinar,"To build momentum with this lower-engagement HCP, Webinar is the safest bet (37.0% likelihood), which strongly aligns with their event attendance history and event attendance recency."
HCP1614,25.0,47.87,43.29,Low,0.9532,0.866,0.1204,0.4351,Email,"To build momentum with this lower-engagement HCP, Email is the safest bet (95.3% likelihood), which strongly aligns with their email open rate and historical email volume."
HCP1615,15.32,58.76,50.07,Low,0.8389,0.7992,0.0945,0.7888,Sales Rep,"To build momentum with this lower-engagement HCP, Sales Rep is the safest bet (78.9% likelihood), which strongly aligns with their sales rep interaction recency and completed rep visit recency."
HCP1616,38.57,48.11,46.2,Low,0.9515,0.8428,0.0941,0.4729,Email,"To build momentum with this lower-engagement HCP, Email is the safest bet (95.2% likelihood), which strongly aligns with their historical email volume and email open rate."
HCP1617,63.23,55.84,57.32,Medium,0.9836,0.9814,0.3189,0.4202,Website,We recommend reaching out via Website (98.1% likelihood). The model selected this channel primarily due to the HCP's web content viewing frequency and event registration recency.
HCP1618,53.26,66.33,63.72,High,0.9854,0.9812,0.6458,0.437,Webinar,"Since this HCP is highly engaged overall, Webinar is the ideal next step (64.6% likelihood), driven largely by their event registration recency and event attendance recency."
HCP1619,55.71,70.1,67.22,High,0.9816,0.9641,0.416,0.713,Sales Rep,"Since this HCP is highly engaged overall, Sales Rep is the ideal next step (71.3% likelihood), driven largely by their completed rep visits and sales rep interaction recency."
HCP1620,36.85,65.08,59.43,Medium,0.9616,0.8364,0.6127,0.5088,Webinar,We recommend reaching out via Webinar (61.3% likelihood). The model selected this channel primarily due to the HCP's event registration recency and event attendance recency.
HCP1621,60.4,74.69,71.83,High,0.9778,0.9453,0.5437,0.7423,Webinar,"Since this HCP is highly engaged overall, Webinar is the ideal next step (54.4% likelihood), driven largely by their event registration recency and event attendance recency."
HCP1622,44.44,79.11,72.18,High,0.9867,0.9783,0.6564,0.7497,Webinar,"Since this HCP is highly engaged overall, Webinar is the ideal next step (65.6% likelihood), driven largely by their event registration recency and event attendance history."
HCP1623,37.51,45.61,43.99,Low,0.7482,0.5773,0.5692,0.2376,Webinar,"To build momentum with this lower-engagement HCP, Webinar is the safest bet (56.9% likelihood), which strongly aligns with their event registration recency and event attendance recency."
HCP1624,36.34,50.29,47.5,Low,0.8415,0.9749,0.0953,0.488,Website,"To build momentum with this lower-engagement HCP, Website is the safest bet (97.5% likelihood), which strongly aligns with their web content viewing frequency and web content viewing frequency."
HCP1625,42.97,71.31,65.65,High,0.985,0.8931,0.5778,0.6568,Webinar,"Since this HCP is highly engaged overall, Webinar is the ideal next step (57.8% likelihood), driven largely by their event registration recency and event attendance recency."
HCP1626,42.51,69.6,64.18,High,0.9192,0.974,0.6447,0.5396,Webinar,"Since this HCP is highly engaged overall, Webinar is the ideal next step (64.5% likelihood), driven largely by their event registration recency and event attendance recency."
HCP1627,45.42,64.53,60.71,Medium,0.9254,0.9646,0.2089,0.743,Sales Rep,We recommend reaching out via Sales Rep (74.3% likelihood). The model selected this channel primarily due to the HCP's sales rep interaction recency and completed rep visit recency.
HCP1628,58.94,49.62,51.48,Low,0.9244,0.9533,0.095,0.4614,Website,"To build momentum with this lower-engagement HCP, Website is the safest bet (95.3% likelihood), which strongly aligns with their web content viewing frequency and video completion rate."
HCP1629,44.21,51.56,50.09,Low,0.782,0.8838,0.2948,0.4305,Website,"To build momentum with this lower-engagement HCP, Website is the safest bet (88.4% likelihood), which strongly aligns with their web content viewing frequency and web download rate."
HCP1630,54.8,69.84,66.84,High,0.987,0.9792,0.5553,0.5933,Webinar,"Since this HCP is highly engaged overall, Webinar is the ideal next step (55.5% likelihood), driven largely by their event attendance history and event attendance recency."
HCP1631,67.7,64.85,65.42,High,0.9754,0.981,0.2868,0.6717,Sales Rep,"Since this HCP is highly engaged overall, Sales Rep is the ideal next step (67.2% likelihood), driven largely by their completed rep visits and total time spent with reps."
HCP1632,59.57,58.41,58.65,Medium,0.9818,0.9659,0.0948,0.6608,Sales Rep,We recommend reaching out via Sales Rep (66.1% likelihood). The model selected this channel primarily due to the HCP's completed rep visits and average website session duration.
HCP1633,44.79,62.72,59.14,Medium,0.966,0.9717,0.252,0.6518,Sales Rep,We recommend reaching out via Sales Rep (65.2% likelihood). The model selected this channel primarily due to the HCP's completed rep visits and average website session duration.
HCP1634,24.01,68.54,59.63,Medium,0.7968,0.7619,0.522,0.7418,Webinar,We recommend reaching out via Webinar (52.2% likelihood). The model selected this channel primarily due to the HCP's event registration recency and event attendance history.
HCP1635,35.64,60.89,55.84,Medium,0.8316,0.9614,0.5157,0.4469,Webinar,We recommend reaching out via Webinar (51.6% likelihood). The model selected this channel primarily due to the HCP's event registration recency and event attendance recency.
HCP1636,49.11,63.7,60.79,High,0.9786,0.8836,0.6402,0.426,Webinar,"Since this HCP is highly engaged overall, Webinar is the ideal next step (64.0% likelihood), driven largely by their event registration recency and event attendance recency."
HCP1637,28.1,64.12,56.91,Medium,0.9563,0.6145,0.6526,0.5672,Webinar,We recommend reaching out via Webinar (65.3% likelihood). The model selected this channel primarily due to the HCP's event attendance history and event attendance recency.
HCP1638,47.54,71.48,66.69,High,0.9184,0.9736,0.5776,0.6375,Webinar,"Since this HCP is highly engaged overall, Webinar is the ideal next step (57.8% likelihood), driven largely by their event registration recency and event attendance recency."
HCP1639,35.65,72.64,65.24,High,0.8615,0.8918,0.6385,0.6759,Webinar,"Since this HCP is highly engaged overall, Webinar is the ideal next step (63.8% likelihood), driven largely by their event registration recency and event attendance recency."
HCP1640,62.05,69.22,67.79,High,0.984,0.9798,0.5427,0.5876,Webinar,"Since this HCP is highly engaged overall, Webinar is the ideal next step (54.3% likelihood), driven largely by their event attendance history and event attendance rate."
HCP1641,48.2,61.02,58.46,Medium,0.948,0.8644,0.5556,0.4397,Webinar,We recommend reaching out via Webinar (55.6% likelihood). The model selected this channel primarily due to the HCP's event registration recency and event attendance history.
HCP1642,35.69,59.24,54.53,Medium,0.98,0.9254,0.6336,0.2981,Webinar,We recommend reaching out via Webinar (63.4% likelihood). The model selected this channel primarily due to the HCP's event registration recency and event attendance recency.
HCP1643,56.86,76.0,72.18,High,0.9846,0.9789,0.5808,0.7289,Webinar,"Since this HCP is highly engaged overall, Webinar is the ideal next step (58.1% likelihood), driven largely by their event registration recency and event attendance history."
HCP1644,55.45,52.2,52.85,Medium,0.7103,0.9326,0.1546,0.5452,Website,We recommend reaching out via Website (93.3% likelihood). The model selected this channel primarily due to the HCP's web content viewing frequency and website activity volume.
HCP1645,30.33,51.05,46.91,Low,0.9416,0.8039,0.0943,0.5683,Email,"To build momentum with this lower-engagement HCP, Email is the safest bet (94.2% likelihood), which strongly aligns with their historical email volume and completed rep visits."
HCP1646,28.66,53.71,48.7,Low,0.9396,0.9729,0.5072,0.241,Webinar,"To build momentum with this lower-engagement HCP, Webinar is the safest bet (50.7% likelihood), which strongly aligns with their event registration recency and event attendance history."
HCP1647,50.19,61.31,59.09,Medium,0.9429,0.9256,0.5968,0.3867,Webinar,We recommend reaching out via Webinar (59.7% likelihood). The model selected this channel primarily due to the HCP's event registration recency and event attendance history.
HCP1648,27.68,60.25,53.74,Medium,0.9057,0.7698,0.4446,0.5615,Webinar,We recommend reaching out via Webinar (44.5% likelihood). The model selected this channel primarily due to the HCP's event attendance history and event attendance recency.
HCP1649,51.12,80.37,74.52,High,0.9824,0.9779,0.6766,0.7672,Webinar,"Since this HCP is highly engaged overall, Webinar is the ideal next step (67.7% likelihood), driven largely by their event registration recency and event attendance recency."
HCP1650,33.14,59.84,54.5,Medium,0.9788,0.9598,0.2831,0.559,Website,We recommend reaching out via Website (96.0% likelihood). The model selected this channel primarily due to the HCP's web content viewing frequency and web content viewing frequency.
HCP1651,43.05,76.07,69.46,High,0.9684,0.9536,0.4988,0.8087,Webinar,"Since this HCP is highly engaged overall, Webinar is the ideal next step (49.9% likelihood), driven largely by their event registration recency and event attendance history."
HCP1652,30.3,71.0,62.86,High,0.868,0.9728,0.4229,0.7544,Sales Rep,"Since this HCP is highly engaged overall, Sales Rep is the ideal next step (75.4% likelihood), driven largely by their sales rep interaction recency and completed rep visits."
HCP1653,20.03,72.56,62.05,High,0.9659,0.951,0.4161,0.7848,Sales Rep,"Since this HCP is highly engaged overall, Sales Rep is the ideal next step (78.5% likelihood), driven largely by their sales rep interaction recency and completed rep visit recency."
HCP1654,34.26,73.2,65.41,High,0.9841,0.9196,0.4806,0.7636,Webinar,"Since this HCP is highly engaged overall, Webinar is the ideal next step (48.1% likelihood), driven largely by their event attendance history and event attendance recency."
HCP1655,60.09,77.42,73.95,High,0.9536,0.9794,0.5227,0.8154,Webinar,"Since this HCP is highly engaged overall, Webinar is the ideal next step (52.3% likelihood), driven largely by their event attendance history and event attendance recency."
HCP1656,49.62,70.65,66.45,High,0.9801,0.9798,0.4579,0.688,Webinar,"Since this HCP is highly engaged overall, Webinar is the ideal next step (45.8% likelihood), driven largely by their event attendance history and event attendance rate."
HCP1657,46.15,63.55,60.07,Medium,0.9819,0.9163,0.2401,0.7052,Sales Rep,We recommend reaching out via Sales Rep (70.5% likelihood). The model selected this channel primarily due to the HCP's sales rep interaction recency and completed rep visit recency.
HCP1658,67.3,62.14,63.17,High,0.9863,0.9663,0.344,0.5658,Website,"Since this HCP is highly engaged overall, Website is the ideal next step (96.6% likelihood), driven largely by their web content viewing frequency and longest website session."
HCP1659,35.08,43.2,41.58,Low,0.9647,0.964,0.1309,0.2587,Website,"To build momentum with this lower-engagement HCP, Website is the safest bet (96.4% likelihood), which strongly aligns with their web content viewing frequency and website recency."
HCP1660,40.14,60.94,56.78,Medium,0.9788,0.833,0.096,0.7902,Sales Rep,We recommend reaching out via Sales Rep (79.0% likelihood). The model selected this channel primarily due to the HCP's sales rep interaction recency and completed rep visit recency.
HCP1661,51.11,54.52,53.84,Medium,0.9535,0.9373,0.3242,0.4129,Website,We recommend reaching out via Website (93.7% likelihood). The model selected this channel primarily due to the HCP's web content viewing frequency and website activity volume.
HCP1662,60.74,69.33,67.62,High,0.9851,0.9565,0.4783,0.6501,Webinar,"Since this HCP is highly engaged overall, Webinar is the ideal next step (47.8% likelihood), driven largely by their event attendance history and event attendance recency."
HCP1663,48.59,52.26,51.53,Low,0.9802,0.9787,0.3442,0.314,Website,"To build momentum with this lower-engagement HCP, Website is the safest bet (97.9% likelihood), which strongly aligns with their web content viewing frequency and video completion rate."
HCP1664,79.85,69.24,71.36,High,0.9658,0.9829,0.3118,0.7642,Sales Rep,"Since this HCP is highly engaged overall, Sales Rep is the ideal next step (76.4% likelihood), driven largely by their completed rep visits and total time spent with reps."
HCP1665,43.84,72.1,66.45,High,0.9733,0.9668,0.6414,0.5948,Webinar,"Since this HCP is highly engaged overall, Webinar is the ideal next step (64.1% likelihood), driven largely by their event registration recency and event attendance recency."
HCP1666,40.16,63.29,58.67,Medium,0.9693,0.9213,0.2615,0.6833,Sales Rep,We recommend reaching out via Sales Rep (68.3% likelihood). The model selected this channel primarily due to the HCP's completed rep visits and total time spent with reps.
HCP1667,16.73,52.4,45.27,Low,0.8215,0.7179,0.6576,0.2525,Webinar,"To build momentum with this lower-engagement HCP, Webinar is the safest bet (65.8% likelihood), which strongly aligns with their event registration recency and event attendance history."
HCP1668,30.12,44.61,41.71,Low,0.8604,0.9345,0.0962,0.3607,Website,"To build momentum with this lower-engagement HCP, Website is the safest bet (93.5% likelihood), which strongly aligns with their email open rate and web content viewing frequency."
HCP1669,69.39,66.05,66.72,High,0.984,0.9829,0.135,0.8126,Sales Rep,"Since this HCP is highly engaged overall, Sales Rep is the ideal next step (81.3% likelihood), driven largely by their sales rep interaction recency and completed rep visits."
HCP1670,46.49,59.94,57.25,Medium,0.9717,0.9505,0.6555,0.2887,Webinar,We recommend reaching out via Webinar (65.6% likelihood). The model selected this channel primarily due to the HCP's event registration recency and event attendance recency.
HCP1671,23.92,71.43,61.93,High,0.7474,0.8758,0.6251,0.6922,Webinar,"Since this HCP is highly engaged overall, Webinar is the ideal next step (62.5% likelihood), driven largely by their event registration recency and event attendance recency."
HCP1672,48.65,57.57,55.79,Medium,0.9805,0.9318,0.5573,0.3102,Webinar,We recommend reaching out via Webinar (55.7% likelihood). The model selected this channel primarily due to the HCP's event attendance history and event poll participation.
HCP1673,53.29,75.98,71.44,High,0.9818,0.8692,0.5758,0.7877,Webinar,"Since this HCP is highly engaged overall, Webinar is the ideal next step (57.6% likelihood), driven largely by their event registration recency and event attendance recency."
HCP1674,52.38,45.16,46.6,Low,0.9737,0.8925,0.1245,0.3459,Email,"To build momentum with this lower-engagement HCP, Email is the safest bet (97.4% likelihood), which strongly aligns with their email open rate and email click rate."
HCP1675,41.84,58.05,54.81,Medium,0.9864,0.9076,0.6052,0.297,Webinar,We recommend reaching out via Webinar (60.5% likelihood). The model selected this channel primarily due to the HCP's event registration recency and event attendance recency.
HCP1676,44.44,49.62,48.58,Low,0.9098,0.7572,0.0938,0.564,Sales Rep,"To build momentum with this lower-engagement HCP, Sales Rep is the safest bet (56.4% likelihood), which strongly aligns with their completed rep visits and total event attendance duration."
HCP1677,30.15,59.98,54.02,Medium,0.8025,0.8767,0.1318,0.7618,Sales Rep,We recommend reaching out via Sales Rep (76.2% likelihood). The model selected this channel primarily due to the HCP's sales rep interaction recency and completed rep visits.
HCP1678,47.77,68.65,64.47,High,0.9792,0.9395,0.5734,0.5716,Webinar,"Since this HCP is highly engaged overall, Webinar is the ideal next step (57.3% likelihood), driven largely by their event attendance history and event attendance rate."
HCP1679,53.26,41.09,43.53,Low,0.9729,0.8552,0.126,0.2621,Email,"To build momentum with this lower-engagement HCP, Email is the safest bet (97.3% likelihood), which strongly aligns with their email recency and historical email volume."
HCP1680,73.02,67.88,68.91,High,0.9841,0.982,0.4026,0.6579,Webinar,"Since this HCP is highly engaged overall, Webinar is the ideal next step (40.3% likelihood), driven largely by their event attendance history and event attendance recency."
HCP1681,46.19,62.73,59.42,Medium,0.9454,0.9779,0.5068,0.4629,Webinar,We recommend reaching out via Webinar (50.7% likelihood). The model selected this channel primarily due to the HCP's event registration recency and event attendance history.
HCP1682,47.6,58.91,56.65,Medium,0.7926,0.9648,0.1381,0.6886,Sales Rep,We recommend reaching out via Sales Rep (68.9% likelihood). The model selected this channel primarily due to the HCP's completed rep visits and average website session duration.
HCP1683,18.02,68.86,58.69,Medium,0.9332,0.8746,0.5869,0.6107,Webinar,We recommend reaching out via Webinar (58.7% likelihood). The model selected this channel primarily due to the HCP's event attendance history and event attendance recency.
HCP1684,21.52,53.0,46.71,Low,0.806,0.783,0.0945,0.6611,Sales Rep,"To build momentum with this lower-engagement HCP, Sales Rep is the safest bet (66.1% likelihood), which strongly aligns with their sales rep interaction recency and completed rep visit recency."
HCP1685,38.72,72.36,65.63,High,0.9842,0.9746,0.4835,0.7131,Webinar,"Since this HCP is highly engaged overall, Webinar is the ideal next step (48.4% likelihood), driven largely by their event attendance history and event attendance recency."
HCP1686,34.67,72.45,64.9,High,0.9802,0.9787,0.4352,0.7505,Sales Rep,"Since this HCP is highly engaged overall, Sales Rep is the ideal next step (75.1% likelihood), driven largely by their completed rep visits and email open rate."
HCP1687,25.7,53.12,47.63,Low,0.9113,0.9671,0.2912,0.3981,Website,"To build momentum with this lower-engagement HCP, Website is the safest bet (96.7% likelihood), which strongly aligns with their web content viewing frequency and total website duration."
HCP1688,37.2,64.25,58.84,Medium,0.849,0.9406,0.6804,0.4134,Webinar,We recommend reaching out via Webinar (68.0% likelihood). The model selected this channel primarily due to the HCP's event registration recency and event attendance history.
HCP1689,80.29,68.26,70.67,High,0.9754,0.9793,0.2932,0.7532,Sales Rep,"Since this HCP is highly engaged overall, Sales Rep is the ideal next step (75.3% likelihood), driven largely by their completed rep visits and average website session duration."
HCP1690,21.23,48.04,42.68,Low,0.7567,0.7277,0.0942,0.5773,Sales Rep,"To build momentum with this lower-engagement HCP, Sales Rep is the safest bet (57.7% likelihood), which strongly aligns with their completed rep visits and completed rep visits."
HCP1691,49.14,77.0,71.43,High,0.9856,0.9795,0.6282,0.7177,Webinar,"Since this HCP is highly engaged overall, Webinar is the ideal next step (62.8% likelihood), driven largely by their event registration recency and event attendance recency."
HCP1692,38.32,77.64,69.77,High,0.9823,0.8753,0.6133,0.7977,Webinar,"Since this HCP is highly engaged overall, Webinar is the ideal next step (61.3% likelihood), driven largely by their event registration recency and event attendance recency."
HCP1693,43.45,66.86,62.18,High,0.9825,0.9756,0.6704,0.4352,Webinar,"Since this HCP is highly engaged overall, Webinar is the ideal next step (67.0% likelihood), driven largely by their event registration recency and event attendance history."
HCP1694,26.92,45.98,42.17,Low,0.8791,0.7204,0.094,0.499,Email,"To build momentum with this lower-engagement HCP, Email is the safest bet (87.9% likelihood), which strongly aligns with their historical email volume and email open frequency."
HCP1695,37.33,49.31,46.91,Low,0.7425,0.8655,0.203,0.4621,Website,"To build momentum with this lower-engagement HCP, Website is the safest bet (86.6% likelihood), which strongly aligns with their web content viewing frequency and preference for email."
HCP1696,67.03,66.94,66.96,High,0.9757,0.9712,0.3009,0.7183,Sales Rep,"Since this HCP is highly engaged overall, Sales Rep is the ideal next step (71.8% likelihood), driven largely by their completed rep visits and unique email campaigns."
HCP1697,58.77,57.36,57.64,Medium,0.9814,0.9724,0.2433,0.52,Website,We recommend reaching out via Website (97.2% likelihood). The model selected this channel primarily due to the HCP's web content viewing frequency and video completion rate.
HCP1698,48.79,59.91,57.69,Medium,0.7746,0.9526,0.634,0.3525,Webinar,We recommend reaching out via Webinar (63.4% likelihood). The model selected this channel primarily due to the HCP's event registration recency and event attendance recency.
HCP1699,52.26,60.75,59.05,Medium,0.9185,0.8686,0.326,0.6104,Sales Rep,We recommend reaching out via Sales Rep (61.0% likelihood). The model selected this channel primarily due to the HCP's sales rep interaction recency and completed rep visit recency.
HCP1700,47.04,68.93,64.55,High,0.8873,0.9451,0.4356,0.7022,Webinar,"Since this HCP is highly engaged overall, Webinar is the ideal next step (43.6% likelihood), driven largely by their event attendance history and event registration recency."
HCP1701,65.48,68.98,68.28,High,0.8698,0.9125,0.39,0.7582,Sales Rep,"Since this HCP is highly engaged overall, Sales Rep is the ideal next step (75.8% likelihood), driven largely by their sales rep interaction recency and completed rep visit recency."
HCP1702,41.91,73.84,67.45,High,0.986,0.8573,0.636,0.6938,Webinar,"Since this HCP is highly engaged overall, Webinar is the ideal next step (63.6% likelihood), driven largely by their event registration recency and event attendance recency."
HCP1703,96.55,66.23,72.3,High,0.9813,0.9821,0.2417,0.7382,Sales Rep,"Since this HCP is highly engaged overall, Sales Rep is the ideal next step (73.8% likelihood), driven largely by their completed rep visits and total event attendance duration."
HCP1704,30.52,62.21,55.87,Medium,0.9791,0.8351,0.3419,0.6365,Sales Rep,We recommend reaching out via Sales Rep (63.6% likelihood). The model selected this channel primarily due to the HCP's sales rep interaction recency and completed rep visit recency.
HCP1705,27.65,31.06,30.38,Low,0.699,0.5831,0.0951,0.2389,Email,"To build momentum with this lower-engagement HCP, Email is the safest bet (69.9% likelihood), which strongly aligns with their email open rate and email open frequency."
HCP1706,23.98,66.18,57.74,Medium,0.9009,0.5361,0.676,0.6543,Webinar,We recommend reaching out via Webinar (67.6% likelihood). The model selected this channel primarily due to the HCP's event registration recency and event registration recency.
HCP1707,14.17,54.17,46.17,Low,0.9371,0.8213,0.0937,0.639,Sales Rep,"To build momentum with this lower-engagement HCP, Sales Rep is the safest bet (63.9% likelihood), which strongly aligns with their sales rep interaction recency and completed rep visit recency."
HCP1708,24.66,56.48,50.12,Low,0.9693,0.9222,0.2981,0.4851,Email,"To build momentum with this lower-engagement HCP, Email is the safest bet (96.9% likelihood), which strongly aligns with their historical email volume and email open rate."
HCP1709,45.1,50.46,49.39,Low,0.9828,0.966,0.3113,0.2993,Website,"To build momentum with this lower-engagement HCP, Website is the safest bet (96.6% likelihood), which strongly aligns with their web content viewing frequency and web content viewing frequency."
HCP1710,23.84,50.94,45.52,Low,0.864,0.6885,0.1297,0.6159,Sales Rep,"To build momentum with this lower-engagement HCP, Sales Rep is the safest bet (61.6% likelihood), which strongly aligns with their completed rep visit recency and sales rep interaction recency."
HCP1711,68.29,60.79,62.29,High,0.9106,0.9816,0.1255,0.7073,Sales Rep,"Since this HCP is highly engaged overall, Sales Rep is the ideal next step (70.7% likelihood), driven largely by their completed rep visits and average website session duration."
HCP1712,63.09,61.26,61.63,High,0.9839,0.9552,0.1415,0.7019,Sales Rep,"Since this HCP is highly engaged overall, Sales Rep is the ideal next step (70.2% likelihood), driven largely by their sales rep interaction recency and completed rep visit recency."
HCP1713,32.26,61.08,55.31,Medium,0.9232,0.9341,0.0944,0.7583,Sales Rep,We recommend reaching out via Sales Rep (75.8% likelihood). The model selected this channel primarily due to the HCP's completed rep visits and total event attendance duration.
HCP1714,45.58,63.75,60.11,Medium,0.9657,0.7495,0.5768,0.5449,Webinar,We recommend reaching out via Webinar (57.7% likelihood). The model selected this channel primarily due to the HCP's event attendance history and event attendance rate.
HCP1715,37.91,40.24,39.77,Low,0.9783,0.5663,0.3313,0.2298,Email,"To build momentum with this lower-engagement HCP, Email is the safest bet (97.8% likelihood), which strongly aligns with their historical email volume and email click rate."
HCP1716,40.85,64.11,59.46,Medium,0.984,0.9068,0.515,0.5171,Webinar,We recommend reaching out via Webinar (51.5% likelihood). The model selected this channel primarily due to the HCP's event registration recency and event attendance history.
HCP1717,37.02,54.33,50.87,Low,0.9719,0.8925,0.0947,0.598,Sales Rep,"To build momentum with this lower-engagement HCP, Sales Rep is the safest bet (59.8% likelihood), which strongly aligns with their completed rep visits and completed rep visits."
HCP1718,55.79,47.75,49.36,Low,0.9572,0.9336,0.1209,0.397,Website,"To build momentum with this lower-engagement HCP, Website is the safest bet (93.4% likelihood), which strongly aligns with their web content viewing frequency and website activity volume."
HCP1719,52.52,56.64,55.82,Medium,0.9498,0.9723,0.1427,0.5854,Website,We recommend reaching out via Website (97.2% likelihood). The model selected this channel primarily due to the HCP's web content viewing frequency and event registration recency.
HCP1720,42.61,63.37,59.22,Medium,0.9817,0.9271,0.1186,0.7862,Sales Rep,We recommend reaching out via Sales Rep (78.6% likelihood). The model selected this channel primarily due to the HCP's sales rep interaction recency and completed rep visit recency.
HCP1721,54.78,65.33,63.22,High,0.9493,0.9802,0.597,0.4581,Webinar,"Since this HCP is highly engaged overall, Webinar is the ideal next step (59.7% likelihood), driven largely by their event attendance history and event attendance rate."
HCP1722,29.69,72.44,63.89,High,0.9768,0.8222,0.4917,0.7869,Webinar,"Since this HCP is highly engaged overall, Webinar is the ideal next step (49.2% likelihood), driven largely by their event attendance history and event attendance recency."
HCP1723,26.67,62.88,55.63,Medium,0.9242,0.8186,0.3113,0.698,Sales Rep,We recommend reaching out via Sales Rep (69.8% likelihood). The model selected this channel primarily due to the HCP's completed rep visits and sales rep interaction recency.
HCP1724,51.22,68.26,64.85,High,0.9736,0.9495,0.4695,0.6362,Webinar,"Since this HCP is highly engaged overall, Webinar is the ideal next step (46.9% likelihood), driven largely by their event attendance history and event poll participation."
HCP1725,9.27,33.69,28.81,Low,0.9224,0.594,0.094,0.2441,Email,"To build momentum with this lower-engagement HCP, Email is the safest bet (92.2% likelihood), which strongly aligns with their email open rate and email click rate."
HCP1726,74.12,68.29,69.45,High,0.9228,0.9806,0.334,0.7357,Sales Rep,"Since this HCP is highly engaged overall, Sales Rep is the ideal next step (73.6% likelihood), driven largely by their completed rep visits and preference for sales reps."
HCP1727,33.34,67.72,60.84,High,0.9705,0.6875,0.5953,0.6601,Webinar,"Since this HCP is highly engaged overall, Webinar is the ideal next step (59.5% likelihood), driven largely by their event attendance history and event attendance recency."
HCP1728,52.27,56.83,55.92,Medium,0.9801,0.9517,0.1963,0.5526,Website,We recommend reaching out via Website (95.2% likelihood). The model selected this channel primarily due to the HCP's web content viewing frequency and longest website session.
HCP1729,46.34,59.66,57.0,Medium,0.9829,0.953,0.4454,0.4353,Webinar,We recommend reaching out via Webinar (44.5% likelihood). The model selected this channel primarily due to the HCP's event registration recency and event attendance history.
HCP1730,53.49,61.49,59.89,Medium,0.9796,0.9715,0.1042,0.7285,Sales Rep,We recommend reaching out via Sales Rep (72.9% likelihood). The model selected this channel primarily due to the HCP's completed rep visits and email open rate.
HCP1731,30.64,36.97,35.71,Low,0.8044,0.7605,0.0943,0.2723,Email,"To build momentum with this lower-engagement HCP, Email is the safest bet (80.4% likelihood), which strongly aligns with their email open frequency and email open rate."
HCP1732,42.73,63.36,59.23,Medium,0.9804,0.9617,0.2474,0.6725,Sales Rep,We recommend reaching out via Sales Rep (67.2% likelihood). The model selected this channel primarily due to the HCP's sales rep interaction recency and completed rep visit recency.
HCP1733,58.57,71.3,68.75,High,0.9808,0.9599,0.4002,0.7572,Sales Rep,"Since this HCP is highly engaged overall, Sales Rep is the ideal next step (75.7% likelihood), driven largely by their completed rep visits and total time spent with reps."
HCP1734,7.08,49.5,41.02,Low,0.785,0.7657,0.5816,0.2223,Webinar,"To build momentum with this lower-engagement HCP, Webinar is the safest bet (58.2% likelihood), which strongly aligns with their event registration recency and event attendance recency."
HCP1735,58.02,58.59,58.48,Medium,0.9782,0.96,0.2504,0.5525,Website,We recommend reaching out via Website (96.0% likelihood). The model selected this channel primarily due to the HCP's web content viewing frequency and total website duration.
HCP1736,49.95,56.34,55.06,Medium,0.8767,0.9174,0.1247,0.637,Sales Rep,We recommend reaching out via Sales Rep (63.7% likelihood). The model selected this channel primarily due to the HCP's completed rep visits and completed rep visits.
HCP1737,19.01,35.69,32.36,Low,0.9427,0.6604,0.1094,0.2444,Email,"To build momentum with this lower-engagement HCP, Email is the safest bet (94.3% likelihood), which strongly aligns with their email open rate and email open frequency."
HCP1738,73.93,64.87,66.68,High,0.9748,0.9813,0.1932,0.7426,Sales Rep,"Since this HCP is highly engaged overall, Sales Rep is the ideal next step (74.3% likelihood), driven largely by their completed rep visits and digital vs field preference."
HCP1739,26.4,61.84,54.75,Medium,0.9269,0.7465,0.6279,0.4701,Webinar,We recommend reaching out via Webinar (62.8% likelihood). The model selected this channel primarily due to the HCP's event registration recency and event attendance recency.
HCP1740,49.62,42.67,44.06,Low,0.9803,0.8323,0.1409,0.2999,Email,"To build momentum with this lower-engagement HCP, Email is the safest bet (98.0% likelihood), which strongly aligns with their email open rate and historical email volume."
HCP1741,40.93,61.14,57.1,Medium,0.9663,0.9474,0.3117,0.5794,Website,We recommend reaching out via Website (94.7% likelihood). The model selected this channel primarily due to the HCP's web content viewing frequency and video completion rate.
HCP1742,41.51,51.4,49.42,Low,0.9569,0.756,0.1161,0.5807,Sales Rep,"To build momentum with this lower-engagement HCP, Sales Rep is the safest bet (58.1% likelihood), which strongly aligns with their completed rep visits and total event attendance duration."
HCP1743,10.51,37.83,32.36,Low,0.8838,0.687,0.0939,0.3108,Email,"To build momentum with this lower-engagement HCP, Email is the safest bet (88.4% likelihood), which strongly aligns with their historical email volume and email open frequency."
HCP1744,57.85,60.62,60.07,Medium,0.9049,0.9797,0.3458,0.5401,Website,We recommend reaching out via Website (98.0% likelihood). The model selected this channel primarily due to the HCP's web content viewing frequency and website activity volume.
HCP1745,60.38,66.84,65.55,High,0.9832,0.9815,0.2459,0.75,Sales Rep,"Since this HCP is highly engaged overall, Sales Rep is the ideal next step (75.0% likelihood), driven largely by their completed rep visits and total time spent with reps."
HCP1746,46.08,71.75,66.61,High,0.9803,0.9771,0.4681,0.709,Webinar,"Since this HCP is highly engaged overall, Webinar is the ideal next step (46.8% likelihood), driven largely by their event attendance history and event registration recency."
HCP1747,58.4,56.58,56.95,Medium,0.9818,0.9777,0.2866,0.4654,Website,We recommend reaching out via Website (97.8% likelihood). The model selected this channel primarily due to the HCP's web content viewing frequency and email open rate.
HCP1748,44.57,38.2,39.48,Low,0.7412,0.7883,0.0951,0.3042,Website,"To build momentum with this lower-engagement HCP, Website is the safest bet (78.8% likelihood), which strongly aligns with their web content viewing frequency and historical email volume."
HCP1749,48.45,51.6,50.97,Low,0.9644,0.9774,0.2921,0.3411,Website,"To build momentum with this lower-engagement HCP, Website is the safest bet (97.7% likelihood), which strongly aligns with their web content viewing frequency and video completion rate."
HCP1750,32.82,42.34,40.44,Low,0.7475,0.9082,0.0956,0.3458,Website,"To build momentum with this lower-engagement HCP, Website is the safest bet (90.8% likelihood), which strongly aligns with their web content viewing frequency and longest website session."
HCP1751,28.05,61.6,54.89,Medium,0.9671,0.9318,0.5778,0.399,Webinar,We recommend reaching out via Webinar (57.8% likelihood). The model selected this channel primarily due to the HCP's event registration recency and event attendance history.
HCP1752,26.13,59.97,53.2,Medium,0.9298,0.8594,0.5164,0.4498,Webinar,We recommend reaching out via Webinar (51.6% likelihood). The model selected this channel primarily due to the HCP's event attendance history and event attendance rate.
HCP1753,54.65,45.96,47.7,Low,0.9567,0.6504,0.1049,0.5059,Email,"To build momentum with this lower-engagement HCP, Email is the safest bet (95.7% likelihood), which strongly aligns with their historical email volume and email open rate."
HCP1754,13.41,60.61,51.17,Low,0.7885,0.9428,0.0937,0.7766,Sales Rep,"To build momentum with this lower-engagement HCP, Sales Rep is the safest bet (77.7% likelihood), which strongly aligns with their sales rep interaction recency and completed rep visits."
HCP1755,66.08,72.81,71.46,High,0.986,0.9766,0.5363,0.6832,Webinar,"Since this HCP is highly engaged overall, Webinar is the ideal next step (53.6% likelihood), driven largely by their event attendance history and event attendance recency."
HCP1756,21.7,43.2,38.9,Low,0.8827,0.8954,0.2424,0.2298,Website,"To build momentum with this lower-engagement HCP, Website is the safest bet (89.5% likelihood), which strongly aligns with their preference for email and web content viewing frequency."
HCP1757,36.28,53.18,49.8,Low,0.7778,0.5929,0.3534,0.5736,Webinar,"To build momentum with this lower-engagement HCP, Webinar is the safest bet (35.3% likelihood), which strongly aligns with their event attendance history and event poll participation."
HCP1758,48.98,52.42,51.73,Low,0.9834,0.9348,0.0956,0.5255,Email,"To build momentum with this lower-engagement HCP, Email is the safest bet (98.3% likelihood), which strongly aligns with their email open rate and email recency."
HCP1759,47.02,44.09,44.68,Low,0.9057,0.8081,0.2358,0.2949,Email,"To build momentum with this lower-engagement HCP, Email is the safest bet (90.6% likelihood), which strongly aligns with their email open rate and email click rate."
HCP1760,62.84,61.19,61.52,High,0.9304,0.9196,0.158,0.7189,Sales Rep,"Since this HCP is highly engaged overall, Sales Rep is the ideal next step (71.9% likelihood), driven largely by their completed rep visits and preference for sales reps."
HCP1761,76.92,73.81,74.43,High,0.9829,0.9821,0.5099,0.726,Webinar,"Since this HCP is highly engaged overall, Webinar is the ideal next step (51.0% likelihood), driven largely by their event attendance history and event attendance rate."
HCP1762,55.95,63.75,62.19,High,0.9746,0.981,0.227,0.6893,Sales Rep,"Since this HCP is highly engaged overall, Sales Rep is the ideal next step (68.9% likelihood), driven largely by their completed rep visits and total event attendance duration."
HCP1763,75.4,62.66,65.21,High,0.9771,0.9782,0.0944,0.7623,Sales Rep,"Since this HCP is highly engaged overall, Sales Rep is the ideal next step (76.2% likelihood), driven largely by their completed rep visits and sales rep interaction recency."
HCP1764,65.8,82.44,79.11,High,0.9821,0.9814,0.7119,0.7908,Webinar,"Since this HCP is highly engaged overall, Webinar is the ideal next step (71.2% likelihood), driven largely by their event attendance history and event attendance recency."
HCP1765,65.62,74.74,72.92,High,0.9853,0.9727,0.5056,0.7568,Webinar,"Since this HCP is highly engaged overall, Webinar is the ideal next step (50.6% likelihood), driven largely by their event attendance history and event attendance recency."
HCP1766,44.1,61.15,57.74,Medium,0.9815,0.9736,0.4688,0.4449,Webinar,We recommend reaching out via Webinar (46.9% likelihood). The model selected this channel primarily due to the HCP's event attendance history and total event attendance duration.
HCP1767,30.98,54.72,49.97,Low,0.8704,0.9728,0.4662,0.3143,Webinar,"To build momentum with this lower-engagement HCP, Webinar is the safest bet (46.6% likelihood), which strongly aligns with their event registration recency and event attendance history."
HCP1768,22.14,72.24,62.22,High,0.9747,0.9485,0.633,0.6133,Webinar,"Since this HCP is highly engaged overall, Webinar is the ideal next step (63.3% likelihood), driven largely by their event registration recency and event attendance history."
HCP1769,45.98,65.4,61.52,High,0.8327,0.8378,0.3419,0.7515,Sales Rep,"Since this HCP is highly engaged overall, Sales Rep is the ideal next step (75.2% likelihood), driven largely by their completed rep visits and total time spent with reps."
HCP1770,53.91,48.03,49.21,Low,0.979,0.8324,0.2203,0.3746,Email,"To build momentum with this lower-engagement HCP, Email is the safest bet (97.9% likelihood), which strongly aligns with their historical email volume and email open rate."
HCP1771,32.59,54.66,50.25,Low,0.8469,0.9559,0.5853,0.2379,Webinar,"To build momentum with this lower-engagement HCP, Webinar is the safest bet (58.5% likelihood), which strongly aligns with their event attendance history and event attendance recency."
HCP1772,37.09,71.17,64.36,High,0.7756,0.9497,0.5469,0.7004,Webinar,"Since this HCP is highly engaged overall, Webinar is the ideal next step (54.7% likelihood), driven largely by their event attendance history and event attendance rate."
HCP1773,35.82,58.96,54.33,Medium,0.948,0.96,0.095,0.6857,Sales Rep,We recommend reaching out via Sales Rep (68.6% likelihood). The model selected this channel primarily due to the HCP's sales rep interaction recency and completed rep visit recency.
HCP1774,43.2,56.15,53.56,Medium,0.8849,0.8082,0.4815,0.4172,Webinar,We recommend reaching out via Webinar (48.2% likelihood). The model selected this channel primarily due to the HCP's event attendance history and event attendance rate.
HCP1775,65.44,59.82,60.95,High,0.9837,0.9043,0.1285,0.7012,Sales Rep,"Since this HCP is highly engaged overall, Sales Rep is the ideal next step (70.1% likelihood), driven largely by their completed rep visits and email open rate."
HCP1776,23.65,56.33,49.79,Low,0.8246,0.7893,0.1025,0.7305,Sales Rep,"To build momentum with this lower-engagement HCP, Sales Rep is the safest bet (73.0% likelihood), which strongly aligns with their sales rep interaction recency and completed rep visit recency."
HCP1777,50.21,75.01,70.05,High,0.9374,0.9588,0.5432,0.7541,Webinar,"Since this HCP is highly engaged overall, Webinar is the ideal next step (54.3% likelihood), driven largely by their event attendance history and event registration recency."
HCP1778,44.29,50.98,49.65,Low,0.9282,0.8323,0.4138,0.3161,Webinar,"To build momentum with this lower-engagement HCP, Webinar is the safest bet (41.4% likelihood), which strongly aligns with their event attendance history and event attendance rate."
HCP1779,36.6,76.23,68.31,High,0.8535,0.9734,0.6008,0.7552,Webinar,"Since this HCP is highly engaged overall, Webinar is the ideal next step (60.1% likelihood), driven largely by their event registration recency and event attendance recency."
HCP1780,17.88,54.59,47.25,Low,0.8034,0.8011,0.5294,0.3663,Webinar,"To build momentum with this lower-engagement HCP, Webinar is the safest bet (52.9% likelihood), which strongly aligns with their event registration recency and event attendance history."
HCP1781,71.66,66.83,67.79,High,0.9853,0.9788,0.2162,0.7728,Sales Rep,"Since this HCP is highly engaged overall, Sales Rep is the ideal next step (77.3% likelihood), driven largely by their sales rep interaction recency and completed rep visit recency."
HCP1782,61.86,51.97,53.95,Medium,0.9822,0.8872,0.3791,0.3257,Webinar,We recommend reaching out via Webinar (37.9% likelihood). The model selected this channel primarily due to the HCP's event attendance history and event poll participation.
HCP1783,39.02,60.5,56.2,Medium,0.9421,0.9324,0.2279,0.6398,Sales Rep,We recommend reaching out via Sales Rep (64.0% likelihood). The model selected this channel primarily due to the HCP's sales rep interaction recency and completed rep visit recency.
HCP1784,22.91,69.25,59.98,Medium,0.9137,0.9553,0.5906,0.5823,Webinar,We recommend reaching out via Webinar (59.1% likelihood). The model selected this channel primarily due to the HCP's event registration recency and event attendance recency.
HCP1785,40.29,60.59,56.53,Medium,0.9758,0.9501,0.2609,0.6,Website,We recommend reaching out via Website (95.0% likelihood). The model selected this channel primarily due to the HCP's web content viewing frequency and preference for email.
HCP1786,18.24,55.13,47.75,Low,0.9328,0.5717,0.0948,0.788,Sales Rep,"To build momentum with this lower-engagement HCP, Sales Rep is the safest bet (78.8% likelihood), which strongly aligns with their sales rep interaction recency and completed rep visit recency."
HCP1787,41.82,60.1,56.44,Medium,0.966,0.9481,0.1365,0.6845,Sales Rep,We recommend reaching out via Sales Rep (68.5% likelihood). The model selected this channel primarily due to the HCP's completed rep visits and total event attendance duration.
HCP1788,71.47,62.77,64.51,High,0.9763,0.9379,0.497,0.4834,Webinar,"Since this HCP is highly engaged overall, Webinar is the ideal next step (49.7% likelihood), driven largely by their event attendance history and event attendance recency."
HCP1789,22.96,72.41,62.52,High,0.9436,0.7535,0.6364,0.7204,Webinar,"Since this HCP is highly engaged overall, Webinar is the ideal next step (63.6% likelihood), driven largely by their event registration recency and event attendance recency."
HCP1790,47.53,61.46,58.67,Medium,0.9824,0.9755,0.6673,0.3026,Webinar,We recommend reaching out via Webinar (66.7% likelihood). The model selected this channel primarily due to the HCP's event registration recency and event attendance recency.
HCP1791,35.88,46.82,44.63,Low,0.8469,0.7775,0.1225,0.4781,Email,"To build momentum with this lower-engagement HCP, Email is the safest bet (84.7% likelihood), which strongly aligns with their email open frequency and email click rate."
HCP1792,20.25,72.34,61.92,High,0.9838,0.7846,0.6326,0.6957,Webinar,"Since this HCP is highly engaged overall, Webinar is the ideal next step (63.3% likelihood), driven largely by their event registration recency and event attendance recency."
HCP1793,41.1,64.36,59.71,Medium,0.9773,0.8997,0.2245,0.7465,Sales Rep,We recommend reaching out via Sales Rep (74.6% likelihood). The model selected this channel primarily due to the HCP's sales rep interaction recency and completed rep visits.
HCP1794,65.57,62.06,62.76,High,0.9861,0.9196,0.4037,0.5423,Webinar,"Since this HCP is highly engaged overall, Webinar is the ideal next step (40.4% likelihood), driven largely by their event attendance history and event questions asked."
HCP1795,40.95,51.18,49.14,Low,0.9619,0.6482,0.223,0.5478,Email,"To build momentum with this lower-engagement HCP, Email is the safest bet (96.2% likelihood), which strongly aligns with their historical email volume and email open rate."
HCP1796,21.06,59.26,51.62,Low,0.9763,0.939,0.0947,0.697,Sales Rep,"To build momentum with this lower-engagement HCP, Sales Rep is the safest bet (69.7% likelihood), which strongly aligns with their completed rep visits and website recency."
HCP1797,28.88,66.41,58.9,Medium,0.747,0.702,0.5881,0.6813,Webinar,We recommend reaching out via Webinar (58.8% likelihood). The model selected this channel primarily due to the HCP's event registration recency and event attendance recency.
HCP1798,46.9,45.63,45.88,Low,0.9794,0.9557,0.0945,0.347,Website,"To build momentum with this lower-engagement HCP, Website is the safest bet (95.6% likelihood), which strongly aligns with their web content viewing frequency and total website duration."
HCP1799,37.97,82.27,73.41,High,0.9844,0.9546,0.6726,0.8288,Webinar,"Since this HCP is highly engaged overall, Webinar is the ideal next step (67.3% likelihood), driven largely by their event registration recency and event registration recency."
HCP1800,40.33,52.87,50.36,Low,0.973,0.8926,0.0943,0.5615,Email,"To build momentum with this lower-engagement HCP, Email is the safest bet (97.3% likelihood), which strongly aligns with their email open rate and email click rate."
HCP1801,50.3,48.84,49.13,Low,0.9791,0.9628,0.0955,0.4231,Website,"To build momentum with this lower-engagement HCP, Website is the safest bet (96.3% likelihood), which strongly aligns with their web content viewing frequency and video completion rate."
HCP1802,60.17,75.59,72.51,High,0.9828,0.9697,0.5553,0.7427,Webinar,"Since this HCP is highly engaged overall, Webinar is the ideal next step (55.5% likelihood), driven largely by their event attendance history and event attendance recency."
HCP1803,36.83,76.13,68.27,High,0.9705,0.9555,0.5594,0.7633,Webinar,"Since this HCP is highly engaged overall, Webinar is the ideal next step (55.9% likelihood), driven largely by their event registration recency and event attendance recency."
HCP1804,42.81,55.86,53.25,Medium,0.9626,0.9596,0.1073,0.5955,Website,We recommend reaching out via Website (96.0% likelihood). The model selected this channel primarily due to the HCP's web content viewing frequency and email open rate.
HCP1805,61.12,61.29,61.26,High,0.9631,0.9703,0.1273,0.7108,Sales Rep,"Since this HCP is highly engaged overall, Sales Rep is the ideal next step (71.1% likelihood), driven largely by their completed rep visits and average website session duration."
HCP1806,66.7,64.62,65.04,High,0.9854,0.9834,0.6501,0.3899,Webinar,"Since this HCP is highly engaged overall, Webinar is the ideal next step (65.0% likelihood), driven largely by their event attendance history and event registration recency."
HCP1807,35.82,36.15,36.08,Low,0.9223,0.714,0.0956,0.2445,Email,"To build momentum with this lower-engagement HCP, Email is the safest bet (92.2% likelihood), which strongly aligns with their days active on email and email open frequency."
HCP1808,38.2,48.35,46.32,Low,0.7474,0.9066,0.3283,0.3224,Website,"To build momentum with this lower-engagement HCP, Website is the safest bet (90.7% likelihood), which strongly aligns with their web content viewing frequency and total website duration."
HCP1809,29.76,67.05,59.59,Medium,0.7886,0.9752,0.5586,0.5726,Webinar,We recommend reaching out via Webinar (55.9% likelihood). The model selected this channel primarily due to the HCP's event attendance history and event attendance recency.
HCP1810,48.96,56.91,55.32,Medium,0.8507,0.9015,0.0944,0.6886,Sales Rep,We recommend reaching out via Sales Rep (68.9% likelihood). The model selected this channel primarily due to the HCP's sales rep interaction recency and completed rep visit recency.
HCP1811,11.93,57.16,48.11,Low,0.9081,0.8514,0.5183,0.3876,Webinar,"To build momentum with this lower-engagement HCP, Webinar is the safest bet (51.8% likelihood), which strongly aligns with their event attendance history and event attendance recency."
HCP1812,39.27,57.54,53.88,Medium,0.9129,0.9731,0.1181,0.6351,Sales Rep,We recommend reaching out via Sales Rep (63.5% likelihood). The model selected this channel primarily due to the HCP's completed rep visits and sales rep interaction recency.
HCP1813,41.09,76.44,69.37,High,0.9719,0.9618,0.5893,0.745,Webinar,"Since this HCP is highly engaged overall, Webinar is the ideal next step (58.9% likelihood), driven largely by their event registration recency and event attendance recency."
HCP1814,35.22,68.21,61.61,High,0.9264,0.8804,0.4607,0.6878,Webinar,"Since this HCP is highly engaged overall, Webinar is the ideal next step (46.1% likelihood), driven largely by their event attendance history and event attendance rate."
HCP1815,70.88,52.4,56.09,Medium,0.9863,0.9654,0.0961,0.5085,Website,We recommend reaching out via Website (96.5% likelihood). The model selected this channel primarily due to the HCP's web content viewing frequency and website activity volume.
HCP1816,40.26,74.64,67.77,High,0.9085,0.9508,0.5534,0.7485,Webinar,"Since this HCP is highly engaged overall, Webinar is the ideal next step (55.3% likelihood), driven largely by their event registration recency and event attendance history."
HCP1817,46.72,52.88,51.65,Low,0.8622,0.8836,0.4795,0.3049,Webinar,"To build momentum with this lower-engagement HCP, Webinar is the safest bet (48.0% likelihood), which strongly aligns with their event attendance history and event registration recency."
HCP1818,51.13,70.55,66.66,High,0.9833,0.9494,0.5687,0.6166,Webinar,"Since this HCP is highly engaged overall, Webinar is the ideal next step (56.9% likelihood), driven largely by their event registration recency and event attendance history."
HCP1819,21.93,64.23,55.77,Medium,0.9273,0.8261,0.6867,0.4459,Webinar,We recommend reaching out via Webinar (68.7% likelihood). The model selected this channel primarily due to the HCP's event registration recency and event registration recency.
HCP1820,58.92,55.82,56.44,Medium,0.9328,0.7726,0.2078,0.6203,Sales Rep,We recommend reaching out via Sales Rep (62.0% likelihood). The model selected this channel primarily due to the HCP's completed rep visits and average website session duration.
HCP1821,68.91,65.79,66.41,High,0.9824,0.9818,0.2402,0.7281,Sales Rep,"Since this HCP is highly engaged overall, Sales Rep is the ideal next step (72.8% likelihood), driven largely by their completed rep visits and preference for sales reps."
HCP1822,40.08,54.38,51.52,Low,0.9763,0.716,0.2077,0.6016,Sales Rep,"To build momentum with this lower-engagement HCP, Sales Rep is the safest bet (60.2% likelihood), which strongly aligns with their completed rep visits and average website session duration."
HCP1823,33.56,40.6,39.19,Low,0.9396,0.8534,0.13,0.2558,Email,"To build momentum with this lower-engagement HCP, Email is the safest bet (94.0% likelihood), which strongly aligns with their historical email volume and email recency."
HCP1824,12.19,61.29,51.47,Low,0.6996,0.868,0.4695,0.5712,Webinar,"To build momentum with this lower-engagement HCP, Webinar is the safest bet (46.9% likelihood), which strongly aligns with their event registration recency and event attendance history."
HCP1825,18.69,77.95,66.1,High,0.9832,0.9656,0.5995,0.7705,Webinar,"Since this HCP is highly engaged overall, Webinar is the ideal next step (59.9% likelihood), driven largely by their event attendance history and event attendance recency."
HCP1826,47.61,72.3,67.37,High,0.9738,0.9791,0.6306,0.6016,Webinar,"Since this HCP is highly engaged overall, Webinar is the ideal next step (63.1% likelihood), driven largely by their event registration recency and event attendance recency."
HCP1827,55.92,70.87,67.88,High,0.9407,0.9618,0.4937,0.6853,Webinar,"Since this HCP is highly engaged overall, Webinar is the ideal next step (49.4% likelihood), driven largely by their event attendance history and event registration recency."
HCP1828,60.57,68.66,67.05,High,0.9803,0.9801,0.3244,0.7382,Sales Rep,"Since this HCP is highly engaged overall, Sales Rep is the ideal next step (73.8% likelihood), driven largely by their completed rep visits and sales rep interaction recency."
HCP1829,42.91,64.23,59.96,Medium,0.8878,0.8554,0.2463,0.7713,Sales Rep,We recommend reaching out via Sales Rep (77.1% likelihood). The model selected this channel primarily due to the HCP's completed rep visits and average website session duration.
HCP1830,35.84,51.27,48.18,Low,0.9813,0.7361,0.2384,0.4895,Email,"To build momentum with this lower-engagement HCP, Email is the safest bet (98.1% likelihood), which strongly aligns with their email open rate and email recency."
HCP1831,39.91,55.72,52.56,Medium,0.9811,0.9285,0.1239,0.5907,Email,We recommend reaching out via Email (98.1% likelihood). The model selected this channel primarily due to the HCP's email open rate and historical email volume.
HCP1832,40.67,52.06,49.78,Low,0.8747,0.6892,0.4699,0.3858,Webinar,"To build momentum with this lower-engagement HCP, Webinar is the safest bet (47.0% likelihood), which strongly aligns with their event attendance history and event attendance rate."
HCP1833,40.67,73.47,66.91,High,0.9326,0.747,0.6503,0.7424,Webinar,"Since this HCP is highly engaged overall, Webinar is the ideal next step (65.0% likelihood), driven largely by their event registration recency and event attendance recency."
HCP1834,28.55,72.34,63.59,High,0.9787,0.8363,0.5693,0.7188,Webinar,"Since this HCP is highly engaged overall, Webinar is the ideal next step (56.9% likelihood), driven largely by their event registration recency and event attendance history."
HCP1835,63.57,78.98,75.9,High,0.9821,0.9197,0.649,0.7824,Webinar,"Since this HCP is highly engaged overall, Webinar is the ideal next step (64.9% likelihood), driven largely by their event attendance history and event registration recency."
HCP1836,25.8,54.72,48.93,Low,0.8724,0.8758,0.0949,0.6407,Sales Rep,"To build momentum with this lower-engagement HCP, Sales Rep is the safest bet (64.1% likelihood), which strongly aligns with their completed rep visits and total time spent with reps."
HCP1837,40.85,71.69,65.52,High,0.9834,0.9482,0.6396,0.5926,Webinar,"Since this HCP is highly engaged overall, Webinar is the ideal next step (64.0% likelihood), driven largely by their event registration recency and event attendance history."
HCP1838,32.73,43.26,41.15,Low,0.9088,0.9121,0.1082,0.3171,Website,"To build momentum with this lower-engagement HCP, Website is the safest bet (91.2% likelihood), which strongly aligns with their web content viewing frequency and video completion rate."
HCP1839,38.71,48.37,46.44,Low,0.9692,0.9149,0.0947,0.4385,Email,"To build momentum with this lower-engagement HCP, Email is the safest bet (96.9% likelihood), which strongly aligns with their email open rate and email recency."
HCP1840,67.1,59.2,60.78,High,0.9835,0.9285,0.138,0.6664,Sales Rep,"Since this HCP is highly engaged overall, Sales Rep is the ideal next step (66.6% likelihood), driven largely by their completed rep visits and sales rep interaction recency."
HCP1841,28.19,68.25,60.24,Medium,0.9825,0.9673,0.3278,0.7312,Sales Rep,We recommend reaching out via Sales Rep (73.1% likelihood). The model selected this channel primarily due to the HCP's completed rep visits and sales rep interaction recency.
HCP1842,60.21,44.57,47.7,Low,0.9774,0.9695,0.1537,0.2699,Website,"To build momentum with this lower-engagement HCP, Website is the safest bet (96.9% likelihood), which strongly aligns with their web content viewing frequency and website activity volume."
HCP1843,40.24,58.5,54.85,Medium,0.9427,0.9643,0.0938,0.6744,Sales Rep,We recommend reaching out via Sales Rep (67.4% likelihood). The model selected this channel primarily due to the HCP's completed rep visits and total event attendance duration.
HCP1844,73.16,60.65,63.15,High,0.9843,0.9733,0.4824,0.4216,Webinar,"Since this HCP is highly engaged overall, Webinar is the ideal next step (48.2% likelihood), driven largely by their event attendance history and event registration recency."
HCP1845,26.23,50.64,45.76,Low,0.9174,0.6512,0.5383,0.3075,Webinar,"To build momentum with this lower-engagement HCP, Webinar is the safest bet (53.8% likelihood), which strongly aligns with their event registration recency and event attendance history."
HCP1846,44.06,61.31,57.86,Medium,0.9489,0.9303,0.5684,0.404,Webinar,We recommend reaching out via Webinar (56.8% likelihood). The model selected this channel primarily due to the HCP's event attendance history and event attendance rate.
HCP1847,25.1,55.28,49.25,Low,0.9482,0.8362,0.2951,0.5056,Email,"To build momentum with this lower-engagement HCP, Email is the safest bet (94.8% likelihood), which strongly aligns with their email open rate and historical email volume."
HCP1848,58.35,47.02,49.28,Low,0.945,0.9826,0.2098,0.2905,Website,"To build momentum with this lower-engagement HCP, Website is the safest bet (98.3% likelihood), which strongly aligns with their web content viewing frequency and video completion rate."
HCP1849,34.19,68.89,61.95,High,0.9118,0.8413,0.5888,0.6319,Webinar,"Since this HCP is highly engaged overall, Webinar is the ideal next step (58.9% likelihood), driven largely by their event attendance history and event attendance recency."
HCP1850,37.58,61.15,56.43,Medium,0.8643,0.9741,0.128,0.7296,Sales Rep,We recommend reaching out via Sales Rep (73.0% likelihood). The model selected this channel primarily due to the HCP's sales rep interaction recency and completed rep visit recency.
HCP1851,49.0,54.33,53.27,Medium,0.9718,0.7527,0.1277,0.6433,Sales Rep,We recommend reaching out via Sales Rep (64.3% likelihood). The model selected this channel primarily due to the HCP's completed rep visits and average website session duration.
HCP1852,44.27,78.55,71.7,High,0.9796,0.9797,0.6537,0.7387,Webinar,"Since this HCP is highly engaged overall, Webinar is the ideal next step (65.4% likelihood), driven largely by their event registration recency and event attendance history."
HCP1853,67.29,52.04,55.09,Medium,0.9134,0.9717,0.264,0.3889,Website,We recommend reaching out via Website (97.2% likelihood). The model selected this channel primarily due to the HCP's web content viewing frequency and website activity volume.
HCP1854,35.35,41.6,40.35,Low,0.9454,0.7534,0.1739,0.2964,Email,"To build momentum with this lower-engagement HCP, Email is the safest bet (94.5% likelihood), which strongly aligns with their email recency and historical email volume."
HCP1855,70.24,72.21,71.82,High,0.9817,0.9788,0.4326,0.7461,Sales Rep,"Since this HCP is highly engaged overall, Sales Rep is the ideal next step (74.6% likelihood), driven largely by their sales rep interaction recency and completed rep visit recency."
HCP1856,58.54,59.82,59.57,Medium,0.9097,0.981,0.2118,0.6189,Website,We recommend reaching out via Website (98.1% likelihood). The model selected this channel primarily due to the HCP's web content viewing frequency and video completion rate.
HCP1857,46.58,57.19,55.06,Medium,0.9727,0.8889,0.2524,0.5527,Email,We recommend reaching out via Email (97.3% likelihood). The model selected this channel primarily due to the HCP's email open rate and historical email volume.
HCP1858,44.11,57.95,55.18,Medium,0.9815,0.979,0.5618,0.2924,Webinar,We recommend reaching out via Webinar (56.2% likelihood). The model selected this channel primarily due to the HCP's event registration recency and event attendance history.
HCP1859,50.01,52.82,52.26,Medium,0.9679,0.9593,0.1206,0.5084,Website,We recommend reaching out via Website (95.9% likelihood). The model selected this channel primarily due to the HCP's web content viewing frequency and web content viewing frequency.
HCP1860,54.88,49.66,50.71,Low,0.9373,0.9543,0.2068,0.375,Website,"To build momentum with this lower-engagement HCP, Website is the safest bet (95.4% likelihood), which strongly aligns with their web content viewing frequency and video completion rate."
HCP1861,47.18,62.89,59.75,Medium,0.9857,0.9764,0.5532,0.4228,Webinar,We recommend reaching out via Webinar (55.3% likelihood). The model selected this channel primarily due to the HCP's event attendance history and event attendance recency.
HCP1862,22.02,53.71,47.37,Low,0.9673,0.7385,0.3804,0.4463,Webinar,"To build momentum with this lower-engagement HCP, Webinar is the safest bet (38.0% likelihood), which strongly aligns with their event attendance history and event attendance recency."
HCP1863,29.13,45.29,42.06,Low,0.7538,0.643,0.4109,0.3141,Webinar,"To build momentum with this lower-engagement HCP, Webinar is the safest bet (41.1% likelihood), which strongly aligns with their event attendance history and event attendance recency."
HCP1864,41.23,67.36,62.14,High,0.8208,0.9553,0.3415,0.7451,Sales Rep,"Since this HCP is highly engaged overall, Sales Rep is the ideal next step (74.5% likelihood), driven largely by their sales rep interaction recency and completed rep visits."
HCP1865,35.66,59.24,54.52,Medium,0.8776,0.8271,0.1962,0.7009,Sales Rep,We recommend reaching out via Sales Rep (70.1% likelihood). The model selected this channel primarily due to the HCP's completed rep visits and total event attendance duration.
HCP1866,61.04,64.63,63.92,High,0.8893,0.979,0.4199,0.5891,Webinar,"Since this HCP is highly engaged overall, Webinar is the ideal next step (42.0% likelihood), driven largely by their event attendance history and event attendance rate."
HCP1867,34.28,46.95,44.42,Low,0.8106,0.6987,0.0945,0.5509,Sales Rep,"To build momentum with this lower-engagement HCP, Sales Rep is the safest bet (55.1% likelihood), which strongly aligns with their completed rep visits and total time spent with reps."
HCP1868,40.66,47.63,46.24,Low,0.9748,0.9621,0.1941,0.3206,Website,"To build momentum with this lower-engagement HCP, Website is the safest bet (96.2% likelihood), which strongly aligns with their web content viewing frequency and website recency."
HCP1869,46.65,56.92,54.87,Medium,0.9025,0.7913,0.2137,0.6415,Sales Rep,We recommend reaching out via Sales Rep (64.2% likelihood). The model selected this channel primarily due to the HCP's completed rep visits and average website session duration.
HCP1870,41.22,67.84,62.52,High,0.8698,0.9602,0.2291,0.8266,Sales Rep,"Since this HCP is highly engaged overall, Sales Rep is the ideal next step (82.7% likelihood), driven largely by their sales rep interaction recency and completed rep visits."
HCP1871,50.04,61.34,59.08,Medium,0.8914,0.9706,0.1476,0.7146,Sales Rep,We recommend reaching out via Sales Rep (71.5% likelihood). The model selected this channel primarily due to the HCP's completed rep visits and total time spent with reps.
HCP1872,31.56,71.86,63.8,High,0.9779,0.7939,0.5628,0.7329,Webinar,"Since this HCP is highly engaged overall, Webinar is the ideal next step (56.3% likelihood), driven largely by their event registration recency and event attendance history."
HCP1873,41.87,52.29,50.21,Low,0.9042,0.9689,0.4617,0.2504,Webinar,"To build momentum with this lower-engagement HCP, Webinar is the safest bet (46.2% likelihood), which strongly aligns with their event attendance history and event attendance recency."
HCP1874,63.45,68.84,67.76,High,0.9837,0.9473,0.5767,0.5689,Webinar,"Since this HCP is highly engaged overall, Webinar is the ideal next step (57.7% likelihood), driven largely by their event attendance history and event registration recency."
HCP1875,20.47,64.23,55.48,Medium,0.7455,0.7156,0.5437,0.6539,Webinar,We recommend reaching out via Webinar (54.4% likelihood). The model selected this channel primarily due to the HCP's event registration recency and event attendance history.
HCP1876,43.0,58.54,55.43,Medium,0.9832,0.9645,0.4276,0.4148,Webinar,We recommend reaching out via Webinar (42.8% likelihood). The model selected this channel primarily due to the HCP's event attendance history and event attendance recency.
HCP1877,34.7,48.95,46.1,Low,0.9716,0.9562,0.1249,0.4091,Website,"To build momentum with this lower-engagement HCP, Website is the safest bet (95.6% likelihood), which strongly aligns with their web content viewing frequency and preference for email."
HCP1878,46.32,52.42,51.2,Low,0.8346,0.8051,0.1207,0.6088,Sales Rep,"To build momentum with this lower-engagement HCP, Sales Rep is the safest bet (60.9% likelihood), which strongly aligns with their completed rep visits and total event attendance duration."
HCP1879,49.78,72.42,67.89,High,0.9696,0.957,0.4117,0.7807,Sales Rep,"Since this HCP is highly engaged overall, Sales Rep is the ideal next step (78.1% likelihood), driven largely by their completed rep visits and total time spent with reps."
HCP1880,32.62,72.8,64.76,High,0.9815,0.8888,0.5624,0.7084,Webinar,"Since this HCP is highly engaged overall, Webinar is the ideal next step (56.2% likelihood), driven largely by their event registration recency and event attendance recency."
HCP1881,26.03,53.1,47.69,Low,0.8629,0.6617,0.1213,0.69,Sales Rep,"To build momentum with this lower-engagement HCP, Sales Rep is the safest bet (69.0% likelihood), which strongly aligns with their completed rep visits and sales rep interaction recency."
HCP1882,35.5,48.19,45.65,Low,0.9731,0.8002,0.0951,0.49,Email,"To build momentum with this lower-engagement HCP, Email is the safest bet (97.3% likelihood), which strongly aligns with their email open rate and email open frequency."
HCP1883,38.64,42.3,41.57,Low,0.8552,0.6358,0.0937,0.4556,Email,"To build momentum with this lower-engagement HCP, Email is the safest bet (85.5% likelihood), which strongly aligns with their email open rate and email click rate."
HCP1884,69.36,64.93,65.82,High,0.9683,0.9791,0.6341,0.4161,Webinar,"Since this HCP is highly engaged overall, Webinar is the ideal next step (63.4% likelihood), driven largely by their event attendance history and event attendance recency."
HCP1885,65.67,73.79,72.16,High,0.9678,0.98,0.6564,0.6205,Webinar,"Since this HCP is highly engaged overall, Webinar is the ideal next step (65.6% likelihood), driven largely by their event registration recency and event attendance recency."
HCP1886,55.29,53.61,53.94,Medium,0.9727,0.8741,0.1199,0.57,Email,We recommend reaching out via Email (97.3% likelihood). The model selected this channel primarily due to the HCP's historical email volume and email open rate.
HCP1887,27.99,60.31,53.84,Medium,0.9832,0.8523,0.0942,0.7651,Sales Rep,We recommend reaching out via Sales Rep (76.5% likelihood). The model selected this channel primarily due to the HCP's completed rep visits and sales rep interaction recency.
HCP1888,43.39,45.27,44.89,Low,0.8236,0.8014,0.1382,0.4216,Website,"To build momentum with this lower-engagement HCP, Website is the safest bet (80.1% likelihood), which strongly aligns with their video completion rate and email click rate."
HCP1889,12.63,36.81,31.97,Low,0.9822,0.7502,0.0947,0.2285,Email,"To build momentum with this lower-engagement HCP, Email is the safest bet (98.2% likelihood), which strongly aligns with their historical email volume and email open rate."
HCP1890,60.25,74.01,71.26,High,0.9628,0.9701,0.4941,0.754,Webinar,"Since this HCP is highly engaged overall, Webinar is the ideal next step (49.4% likelihood), driven largely by their event attendance history and event registration recency."
HCP1891,27.11,60.13,53.52,Medium,0.9855,0.7259,0.5157,0.5071,Webinar,We recommend reaching out via Webinar (51.6% likelihood). The model selected this channel primarily due to the HCP's event registration recency and event attendance history.
HCP1892,42.9,65.34,60.86,High,0.9861,0.9665,0.254,0.7133,Sales Rep,"Since this HCP is highly engaged overall, Sales Rep is the ideal next step (71.3% likelihood), driven largely by their sales rep interaction recency and completed rep visit recency."
HCP1893,54.89,65.71,63.55,High,0.9826,0.729,0.2787,0.8236,Sales Rep,"Since this HCP is highly engaged overall, Sales Rep is the ideal next step (82.4% likelihood), driven largely by their sales rep interaction recency and completed rep visits."
HCP1894,35.75,66.95,60.71,Medium,0.9394,0.9086,0.6688,0.4829,Webinar,We recommend reaching out via Webinar (66.9% likelihood). The model selected this channel primarily due to the HCP's event registration recency and event attendance recency.
HCP1895,44.19,53.18,51.39,Low,0.9601,0.8326,0.1118,0.5894,Sales Rep,"To build momentum with this lower-engagement HCP, Sales Rep is the safest bet (58.9% likelihood), which strongly aligns with their completed rep visits and completed rep visits."
HCP1896,23.93,73.51,63.59,High,0.9592,0.9113,0.6371,0.6643,Webinar,"Since this HCP is highly engaged overall, Webinar is the ideal next step (63.7% likelihood), driven largely by their event registration recency and event attendance recency."
HCP1897,33.81,41.79,40.2,Low,0.879,0.6353,0.1369,0.4047,Email,"To build momentum with this lower-engagement HCP, Email is the safest bet (87.9% likelihood), which strongly aligns with their historical email volume and website recency."
HCP1898,28.56,65.08,57.77,Medium,0.8652,0.618,0.6169,0.639,Webinar,We recommend reaching out via Webinar (61.7% likelihood). The model selected this channel primarily due to the HCP's event registration recency and event attendance recency.
HCP1899,57.87,76.53,72.79,High,0.9682,0.9685,0.6448,0.7032,Webinar,"Since this HCP is highly engaged overall, Webinar is the ideal next step (64.5% likelihood), driven largely by their event registration recency and event attendance recency."
HCP1900,42.49,76.09,69.37,High,0.9563,0.9527,0.6202,0.7216,Webinar,"Since this HCP is highly engaged overall, Webinar is the ideal next step (62.0% likelihood), driven largely by their event attendance history and event attendance recency."
HCP1901,26.27,67.33,59.12,Medium,0.9851,0.8878,0.2439,0.8102,Sales Rep,We recommend reaching out via Sales Rep (81.0% likelihood). The model selected this channel primarily due to the HCP's sales rep interaction recency and completed rep visit recency.
HCP1902,33.39,56.28,51.7,Low,0.9818,0.6069,0.5375,0.4549,Webinar,"To build momentum with this lower-engagement HCP, Webinar is the safest bet (53.8% likelihood), which strongly aligns with their event attendance history and event attendance recency."
HCP1903,32.71,51.69,47.89,Low,0.9599,0.6352,0.0953,0.6632,Sales Rep,"To build momentum with this lower-engagement HCP, Sales Rep is the safest bet (66.3% likelihood), which strongly aligns with their completed rep visits and rep visit completion rate."
HCP1904,50.89,55.24,54.37,Medium,0.9806,0.8632,0.4576,0.361,Webinar,We recommend reaching out via Webinar (45.8% likelihood). The model selected this channel primarily due to the HCP's event attendance history and total event attendance duration.
HCP1905,47.68,53.92,52.67,Medium,0.9859,0.838,0.3427,0.4256,Email,We recommend reaching out via Email (98.6% likelihood). The model selected this channel primarily due to the HCP's historical email volume and email open rate.
HCP1906,54.35,63.33,61.53,High,0.9396,0.981,0.5935,0.4127,Webinar,"Since this HCP is highly engaged overall, Webinar is the ideal next step (59.3% likelihood), driven largely by their event attendance history and event attendance rate."
HCP1907,43.53,67.85,62.99,High,0.9808,0.9472,0.4649,0.6288,Webinar,"Since this HCP is highly engaged overall, Webinar is the ideal next step (46.5% likelihood), driven largely by their event attendance history and event attendance rate."
HCP1908,42.66,40.76,41.14,Low,0.8861,0.944,0.0969,0.253,Website,"To build momentum with this lower-engagement HCP, Website is the safest bet (94.4% likelihood), which strongly aligns with their web content viewing frequency and website recency."
HCP1909,35.35,45.87,43.77,Low,0.8747,0.7799,0.1175,0.45,Email,"To build momentum with this lower-engagement HCP, Email is the safest bet (87.5% likelihood), which strongly aligns with their historical email volume and email open rate."
HCP1910,30.73,64.97,58.12,Medium,0.983,0.9008,0.2518,0.7393,Sales Rep,We recommend reaching out via Sales Rep (73.9% likelihood). The model selected this channel primarily due to the HCP's sales rep interaction recency and completed rep visit recency.
HCP1911,57.29,75.09,71.53,High,0.9849,0.9733,0.6594,0.6499,Webinar,"Since this HCP is highly engaged overall, Webinar is the ideal next step (65.9% likelihood), driven largely by their event registration recency and event attendance history."
HCP1912,32.07,43.48,41.2,Low,0.6735,0.8828,0.0942,0.4065,Website,"To build momentum with this lower-engagement HCP, Website is the safest bet (88.3% likelihood), which strongly aligns with their web content viewing frequency and average website session duration."
HCP1913,25.13,61.12,53.92,Medium,0.773,0.9154,0.1915,0.7334,Sales Rep,We recommend reaching out via Sales Rep (73.3% likelihood). The model selected this channel primarily due to the HCP's sales rep interaction recency and completed rep visit recency.
HCP1914,52.32,74.84,70.34,High,0.9793,0.9286,0.4653,0.813,Sales Rep,"Since this HCP is highly engaged overall, Sales Rep is the ideal next step (81.3% likelihood), driven largely by their sales rep interaction recency and completed rep visit recency."
HCP1915,42.19,62.92,58.78,Medium,0.8315,0.958,0.271,0.6829,Sales Rep,We recommend reaching out via Sales Rep (68.3% likelihood). The model selected this channel primarily due to the HCP's completed rep visits and sales rep interaction recency.
HCP1916,45.35,68.13,63.58,High,0.96,0.8816,0.5223,0.6308,Webinar,"Since this HCP is highly engaged overall, Webinar is the ideal next step (52.2% likelihood), driven largely by their event registration recency and event attendance recency."
HCP1917,65.79,72.12,70.86,High,0.9808,0.9647,0.4636,0.7279,Webinar,"Since this HCP is highly engaged overall, Webinar is the ideal next step (46.4% likelihood), driven largely by their event registration recency and event attendance history."
HCP1918,33.74,48.3,45.39,Low,0.9633,0.5461,0.1287,0.5971,Sales Rep,"To build momentum with this lower-engagement HCP, Sales Rep is the safest bet (59.7% likelihood), which strongly aligns with their completed rep visits and email click rate."
HCP1919,49.77,53.48,52.74,Medium,0.9673,0.953,0.2324,0.4443,Website,We recommend reaching out via Website (95.3% likelihood). The model selected this channel primarily due to the HCP's web content viewing frequency and email open rate.
HCP1920,52.28,63.13,60.96,High,0.9852,0.9686,0.1238,0.7548,Sales Rep,"Since this HCP is highly engaged overall, Sales Rep is the ideal next step (75.5% likelihood), driven largely by their completed rep visits and total event attendance duration."
HCP1921,43.56,68.86,63.8,High,0.9785,0.7446,0.4931,0.7347,Webinar,"Since this HCP is highly engaged overall, Webinar is the ideal next step (49.3% likelihood), driven largely by their event attendance history and event registration recency."
HCP1922,29.22,45.68,42.39,Low,0.667,0.934,0.0943,0.4376,Website,"To build momentum with this lower-engagement HCP, Website is the safest bet (93.4% likelihood), which strongly aligns with their web content viewing frequency and sales rep interaction recency."
HCP1923,43.98,61.56,58.04,Medium,0.9113,0.8638,0.2434,0.6967,Sales Rep,We recommend reaching out via Sales Rep (69.7% likelihood). The model selected this channel primarily due to the HCP's sales rep interaction recency and completed rep visit recency.
HCP1924,35.46,53.08,49.56,Low,0.9775,0.8228,0.1339,0.5709,Email,"To build momentum with this lower-engagement HCP, Email is the safest bet (97.8% likelihood), which strongly aligns with their historical email volume and email open rate."
HCP1925,23.07,57.22,50.39,Low,0.7334,0.9086,0.1162,0.7056,Sales Rep,"To build momentum with this lower-engagement HCP, Sales Rep is the safest bet (70.6% likelihood), which strongly aligns with their sales rep interaction recency and completed rep visit recency."
HCP1926,31.49,72.0,63.9,High,0.9762,0.947,0.5691,0.6555,Webinar,"Since this HCP is highly engaged overall, Webinar is the ideal next step (56.9% likelihood), driven largely by their event attendance history and event attendance recency."
HCP1927,49.27,77.27,71.67,High,0.9821,0.9787,0.5957,0.75,Webinar,"Since this HCP is highly engaged overall, Webinar is the ideal next step (59.6% likelihood), driven largely by their event attendance history and event attendance rate."
HCP1928,34.03,58.05,53.25,Medium,0.8114,0.8176,0.107,0.7594,Sales Rep,We recommend reaching out via Sales Rep (75.9% likelihood). The model selected this channel primarily due to the HCP's sales rep interaction recency and completed rep visits.
HCP1929,64.39,60.09,60.95,High,0.9516,0.9348,0.2184,0.6331,Sales Rep,"Since this HCP is highly engaged overall, Sales Rep is the ideal next step (63.3% likelihood), driven largely by their completed rep visits and average website session duration."
HCP1930,41.37,43.37,42.97,Low,0.9809,0.6461,0.187,0.3758,Email,"To build momentum with this lower-engagement HCP, Email is the safest bet (98.1% likelihood), which strongly aligns with their email open rate and historical email volume."
HCP1931,75.9,50.14,55.3,Medium,0.9808,0.9605,0.2819,0.3167,Website,We recommend reaching out via Website (96.0% likelihood). The model selected this channel primarily due to the HCP's web content viewing frequency and video completion rate.
HCP1932,44.89,58.82,56.03,Medium,0.9745,0.9517,0.11,0.6685,Sales Rep,We recommend reaching out via Sales Rep (66.8% likelihood). The model selected this channel primarily due to the HCP's completed rep visits and average website session duration.
HCP1933,58.7,75.01,71.75,High,0.9118,0.9803,0.5055,0.778,Webinar,"Since this HCP is highly engaged overall, Webinar is the ideal next step (50.6% likelihood), driven largely by their event registration recency and event attendance recency."
HCP1934,68.49,62.14,63.41,High,0.9777,0.9823,0.5027,0.441,Webinar,"Since this HCP is highly engaged overall, Webinar is the ideal next step (50.3% likelihood), driven largely by their event attendance history and event attendance recency."
HCP1935,60.23,70.75,68.64,High,0.968,0.9752,0.3529,0.7744,Sales Rep,"Since this HCP is highly engaged overall, Sales Rep is the ideal next step (77.4% likelihood), driven largely by their sales rep interaction recency and completed rep visit recency."
HCP1936,17.12,59.23,50.81,Low,0.9818,0.8912,0.1064,0.7099,Sales Rep,"To build momentum with this lower-engagement HCP, Sales Rep is the safest bet (71.0% likelihood), which strongly aligns with their sales rep interaction recency and completed rep visit recency."
HCP1937,29.41,50.95,46.64,Low,0.7596,0.7527,0.6284,0.236,Webinar,"To build momentum with this lower-engagement HCP, Webinar is the safest bet (62.8% likelihood), which strongly aligns with their event attendance history and event attendance recency."
HCP1938,63.53,42.57,46.76,Low,0.9079,0.6903,0.1567,0.3746,Email,"To build momentum with this lower-engagement HCP, Email is the safest bet (90.8% likelihood), which strongly aligns with their historical email volume and sales rep interaction recency."
HCP1939,37.43,47.73,45.67,Low,0.9533,0.8682,0.0949,0.4497,Email,"To build momentum with this lower-engagement HCP, Email is the safest bet (95.3% likelihood), which strongly aligns with their email open rate and total time spent with reps."
HCP1940,47.8,56.52,54.78,Medium,0.9806,0.9679,0.2474,0.4983,Website,We recommend reaching out via Website (96.8% likelihood). The model selected this channel primarily due to the HCP's web content viewing frequency and video completion rate.
HCP1941,52.79,66.19,63.51,High,0.9818,0.9638,0.6842,0.4141,Webinar,"Since this HCP is highly engaged overall, Webinar is the ideal next step (68.4% likelihood), driven largely by their event registration recency and event attendance history."
HCP1942,40.25,42.51,42.06,Low,0.8966,0.6238,0.1174,0.4387,Email,"To build momentum with this lower-engagement HCP, Email is the safest bet (89.7% likelihood), which strongly aligns with their historical email volume and email recency."
HCP1943,26.79,48.94,44.51,Low,0.9803,0.9341,0.1055,0.4324,Email,"To build momentum with this lower-engagement HCP, Email is the safest bet (98.0% likelihood), which strongly aligns with their historical email volume and email open rate."
HCP1944,33.51,70.89,63.42,High,0.9756,0.9665,0.4855,0.681,Webinar,"Since this HCP is highly engaged overall, Webinar is the ideal next step (48.5% likelihood), driven largely by their event registration recency and event attendance history."
HCP1945,42.04,49.74,48.2,Low,0.9766,0.9673,0.0952,0.4444,Website,"To build momentum with this lower-engagement HCP, Website is the safest bet (96.7% likelihood), which strongly aligns with their web content viewing frequency and sales rep interaction recency."
HCP1946,31.87,73.64,65.28,High,0.9546,0.9407,0.5345,0.7311,Webinar,"Since this HCP is highly engaged overall, Webinar is the ideal next step (53.5% likelihood), driven largely by their event attendance history and event attendance rate."
HCP1947,20.33,68.59,58.94,Medium,0.9803,0.824,0.6013,0.6067,Webinar,We recommend reaching out via Webinar (60.1% likelihood). The model selected this channel primarily due to the HCP's event registration recency and event attendance history.
HCP1948,54.3,72.53,68.88,High,0.916,0.9191,0.5252,0.7307,Webinar,"Since this HCP is highly engaged overall, Webinar is the ideal next step (52.5% likelihood), driven largely by their event attendance history and event registration recency."
HCP1949,64.67,55.49,57.32,Medium,0.9808,0.9791,0.0959,0.5806,Website,We recommend reaching out via Website (97.9% likelihood). The model selected this channel primarily due to the HCP's web content viewing frequency and email open rate.
HCP1950,44.54,70.0,64.91,High,0.9609,0.9039,0.7014,0.5318,Webinar,"Since this HCP is highly engaged overall, Webinar is the ideal next step (70.1% likelihood), driven largely by their event registration recency and event attendance history."
HCP1951,50.54,53.0,52.51,Medium,0.9833,0.9413,0.2033,0.4561,Website,We recommend reaching out via Website (94.1% likelihood). The model selected this channel primarily due to the HCP's web content viewing frequency and website activity volume.
HCP1952,6.0,56.3,46.24,Low,0.9413,0.6235,0.0938,0.7902,Sales Rep,"To build momentum with this lower-engagement HCP, Sales Rep is the safest bet (79.0% likelihood), which strongly aligns with their sales rep interaction recency and completed rep visit recency."
HCP1953,38.82,64.17,59.1,Medium,0.9065,0.9025,0.6231,0.459,Webinar,We recommend reaching out via Webinar (62.3% likelihood). The model selected this channel primarily due to the HCP's event registration recency and event attendance recency.
HCP1954,16.4,55.89,47.99,Low,0.8452,0.7765,0.1206,0.7072,Sales Rep,"To build momentum with this lower-engagement HCP, Sales Rep is the safest bet (70.7% likelihood), which strongly aligns with their sales rep interaction recency and completed rep visits."
HCP1955,60.45,64.76,63.9,High,0.9839,0.8685,0.5126,0.5543,Webinar,"Since this HCP is highly engaged overall, Webinar is the ideal next step (51.3% likelihood), driven largely by their event attendance history and event attendance rate."
HCP1956,61.34,49.37,51.76,Low,0.974,0.9773,0.1179,0.4136,Website,"To build momentum with this lower-engagement HCP, Website is the safest bet (97.7% likelihood), which strongly aligns with their web content viewing frequency and website activity volume."
HCP1957,40.15,60.66,56.56,Medium,0.9041,0.9661,0.0944,0.7367,Sales Rep,We recommend reaching out via Sales Rep (73.7% likelihood). The model selected this channel primarily due to the HCP's completed rep visits and sales rep interaction recency.
HCP1958,24.51,55.95,49.66,Low,0.8402,0.8283,0.1056,0.6955,Sales Rep,"To build momentum with this lower-engagement HCP, Sales Rep is the safest bet (69.5% likelihood), which strongly aligns with their sales rep interaction recency and completed rep visit recency."
HCP1959,27.75,40.0,37.55,Low,0.7682,0.6494,0.2619,0.2869,Email,"To build momentum with this lower-engagement HCP, Email is the safest bet (76.8% likelihood), which strongly aligns with their email recency and email open rate."
HCP1960,48.15,51.75,51.03,Low,0.9109,0.9762,0.0944,0.5072,Website,"To build momentum with this lower-engagement HCP, Website is the safest bet (97.6% likelihood), which strongly aligns with their web content viewing frequency and email open rate."
HCP1961,24.38,72.03,62.5,High,0.9761,0.9687,0.594,0.6269,Webinar,"Since this HCP is highly engaged overall, Webinar is the ideal next step (59.4% likelihood), driven largely by their event registration recency and event attendance history."
HCP1962,17.41,41.38,36.58,Low,0.7252,0.6341,0.0943,0.4653,Sales Rep,"To build momentum with this lower-engagement HCP, Sales Rep is the safest bet (46.5% likelihood), which strongly aligns with their completed rep visits and average website session duration."
HCP1963,63.1,56.74,58.01,Medium,0.9824,0.9816,0.2229,0.515,Website,We recommend reaching out via Website (98.2% likelihood). The model selected this channel primarily due to the HCP's web content viewing frequency and video completion rate.
HCP1964,43.4,67.25,62.48,High,0.981,0.9782,0.5702,0.5193,Webinar,"Since this HCP is highly engaged overall, Webinar is the ideal next step (57.0% likelihood), driven largely by their event registration recency and event attendance recency."
HCP1965,59.21,76.19,72.79,High,0.9851,0.9784,0.6911,0.6508,Webinar,"Since this HCP is highly engaged overall, Webinar is the ideal next step (69.1% likelihood), driven largely by their event attendance history and event registration recency."
HCP1966,35.28,52.81,49.31,Low,0.9087,0.9543,0.0951,0.5447,Website,"To build momentum with this lower-engagement HCP, Website is the safest bet (95.4% likelihood), which strongly aligns with their web content viewing frequency and web download rate."
HCP1967,62.69,61.7,61.9,High,0.9776,0.9567,0.0945,0.7487,Sales Rep,"Since this HCP is highly engaged overall, Sales Rep is the ideal next step (74.9% likelihood), driven largely by their completed rep visits and email open rate."
HCP1968,40.96,59.96,56.16,Medium,0.9647,0.7355,0.3362,0.638,Sales Rep,We recommend reaching out via Sales Rep (63.8% likelihood). The model selected this channel primarily due to the HCP's completed rep visits and website recency.
HCP1969,37.67,43.46,42.3,Low,0.7376,0.7184,0.1348,0.4419,Website,"To build momentum with this lower-engagement HCP, Website is the safest bet (71.8% likelihood), which strongly aligns with their video completion rate and website recency."
HCP1970,19.27,52.67,45.99,Low,0.744,0.9181,0.0949,0.6005,Sales Rep,"To build momentum with this lower-engagement HCP, Sales Rep is the safest bet (60.1% likelihood), which strongly aligns with their sales rep interaction recency and completed rep visit recency."
HCP1971,51.53,64.09,61.58,High,0.9831,0.8173,0.2438,0.765,Sales Rep,"Since this HCP is highly engaged overall, Sales Rep is the ideal next step (76.5% likelihood), driven largely by their completed rep visits and total time spent with reps."
HCP1972,41.2,55.39,52.56,Medium,0.884,0.9513,0.1071,0.6079,Sales Rep,We recommend reaching out via Sales Rep (60.8% likelihood). The model selected this channel primarily due to the HCP's completed rep visits and completed rep visits.
HCP1973,38.04,66.63,60.91,High,0.9763,0.9817,0.2745,0.7249,Sales Rep,"Since this HCP is highly engaged overall, Sales Rep is the ideal next step (72.5% likelihood), driven largely by their completed rep visits and average website session duration."
HCP1974,63.16,62.4,62.55,High,0.9049,0.9807,0.5426,0.4364,Webinar,"Since this HCP is highly engaged overall, Webinar is the ideal next step (54.3% likelihood), driven largely by their event attendance history and event attendance rate."
HCP1975,60.73,57.04,57.78,Medium,0.9597,0.9593,0.1404,0.6012,Website,We recommend reaching out via Website (95.9% likelihood). The model selected this channel primarily due to the HCP's web content viewing frequency and website activity volume.
HCP1976,32.17,68.65,61.36,High,0.9381,0.7561,0.6093,0.6468,Webinar,"Since this HCP is highly engaged overall, Webinar is the ideal next step (60.9% likelihood), driven largely by their event registration recency and event attendance recency."
HCP1977,63.2,76.77,74.06,High,0.9301,0.9719,0.5026,0.8239,Webinar,"Since this HCP is highly engaged overall, Webinar is the ideal next step (50.3% likelihood), driven largely by their event attendance history and event poll participation."
HCP1978,24.48,56.05,49.74,Low,0.7643,0.9578,0.4729,0.3766,Webinar,"To build momentum with this lower-engagement HCP, Webinar is the safest bet (47.3% likelihood), which strongly aligns with their event attendance history and event attendance recency."
HCP1979,43.08,47.13,46.32,Low,0.7985,0.8386,0.2045,0.406,Website,"To build momentum with this lower-engagement HCP, Website is the safest bet (83.9% likelihood), which strongly aligns with their video completion rate and website activity volume."
HCP1980,38.4,52.76,49.89,Low,0.9765,0.8195,0.124,0.5722,Email,"To build momentum with this lower-engagement HCP, Email is the safest bet (97.7% likelihood), which strongly aligns with their historical email volume and email recency."
HCP1981,65.77,58.92,60.29,Medium,0.9547,0.941,0.0946,0.6928,Sales Rep,We recommend reaching out via Sales Rep (69.3% likelihood). The model selected this channel primarily due to the HCP's completed rep visits and total time spent with reps.
HCP1982,52.32,57.96,56.83,Medium,0.8954,0.8866,0.0952,0.7104,Sales Rep,We recommend reaching out via Sales Rep (71.0% likelihood). The model selected this channel primarily due to the HCP's completed rep visits and total event attendance duration.
HCP1983,30.76,62.99,56.55,Medium,0.7829,0.9735,0.094,0.8218,Sales Rep,We recommend reaching out via Sales Rep (82.2% likelihood). The model selected this channel primarily due to the HCP's completed rep visits and sales rep interaction recency.
HCP1984,53.91,79.72,74.56,High,0.9741,0.9241,0.7117,0.7537,Webinar,"Since this HCP is highly engaged overall, Webinar is the ideal next step (71.2% likelihood), driven largely by their event registration recency and event attendance history."
HCP1985,42.78,41.48,41.74,Low,0.8819,0.7586,0.1395,0.3326,Email,"To build momentum with this lower-engagement HCP, Email is the safest bet (88.2% likelihood), which strongly aligns with their historical email volume and email click rate."
HCP1986,24.66,45.9,41.65,Low,0.6917,0.8072,0.4649,0.2224,Webinar,"To build momentum with this lower-engagement HCP, Webinar is the safest bet (46.5% likelihood), which strongly aligns with their event registration recency and event attendance history."
HCP1987,44.42,73.7,67.84,High,0.9424,0.8136,0.6519,0.7111,Webinar,"Since this HCP is highly engaged overall, Webinar is the ideal next step (65.2% likelihood), driven largely by their event attendance history and event registration recency."
HCP1988,60.92,66.72,65.56,High,0.9494,0.9333,0.4546,0.6232,Webinar,"Since this HCP is highly engaged overall, Webinar is the ideal next step (45.5% likelihood), driven largely by their event attendance history and event poll participation."
HCP1989,24.66,35.56,33.38,Low,0.7528,0.5949,0.1144,0.3175,Email,"To build momentum with this lower-engagement HCP, Email is the safest bet (75.3% likelihood), which strongly aligns with their email open frequency and days active on email."
HCP1990,44.82,49.24,48.36,Low,0.9818,0.8191,0.2541,0.3855,Email,"To build momentum with this lower-engagement HCP, Email is the safest bet (98.2% likelihood), which strongly aligns with their email open rate and historical email volume."
HCP1991,55.78,57.0,56.75,Medium,0.9842,0.9689,0.1114,0.6109,Website,We recommend reaching out via Website (96.9% likelihood). The model selected this channel primarily due to the HCP's web content viewing frequency and event registration recency.
HCP1992,25.05,48.95,44.17,Low,0.9133,0.872,0.0956,0.4877,Website,"To build momentum with this lower-engagement HCP, Website is the safest bet (87.2% likelihood), which strongly aligns with their web content viewing frequency and preference for email."
HCP1993,30.95,62.7,56.35,Medium,0.7328,0.8386,0.5877,0.5243,Webinar,We recommend reaching out via Webinar (58.8% likelihood). The model selected this channel primarily due to the HCP's event registration recency and event attendance recency.
HCP1994,50.72,56.12,55.04,Medium,0.9845,0.911,0.483,0.3391,Webinar,We recommend reaching out via Webinar (48.3% likelihood). The model selected this channel primarily due to the HCP's event attendance history and event attendance rate.
HCP1995,51.49,43.85,45.38,Low,0.8522,0.9527,0.1514,0.2933,Website,"To build momentum with this lower-engagement HCP, Website is the safest bet (95.3% likelihood), which strongly aligns with their web content viewing frequency and video completion rate."
HCP1996,38.51,67.9,62.02,High,0.9671,0.9525,0.4601,0.6344,Webinar,"Since this HCP is highly engaged overall, Webinar is the ideal next step (46.0% likelihood), driven largely by their event attendance history and event attendance rate."
HCP1997,26.21,56.14,50.16,Low,0.9487,0.6485,0.5052,0.4632,Webinar,"To build momentum with this lower-engagement HCP, Webinar is the safest bet (50.5% likelihood), which strongly aligns with their event registration recency and event attendance recency."
HCP1998,17.89,35.58,32.04,Low,0.9627,0.655,0.0941,0.2507,Email,"To build momentum with this lower-engagement HCP, Email is the safest bet (96.3% likelihood), which strongly aligns with their email open rate and email recency."
HCP1999,38.66,52.94,50.08,Low,0.8054,0.7491,0.2133,0.5875,Sales Rep,"To build momentum with this lower-engagement HCP, Sales Rep is the safest bet (58.8% likelihood), which strongly aligns with their completed rep visits and total event attendance duration."
HCP2000,45.26,50.45,49.41,Low,0.773,0.9316,0.3802,0.3171,Webinar,"To build momentum with this lower-engagement HCP, Webinar is the safest bet (38.0% likelihood), which strongly aligns with their event attendance history and event attendance recency."
